<?xml version='1.0' encoding='utf-8'?>
<!DOCTYPE asf SYSTEM "http://ns.adobe.com/asf/asf_1_0.dtd" >
<asf xmlns="http://ns.adobe.com/asf" locale="uk_UA" version="1.0">
	<set name="install">
		<str name="next" translate="yes">
			<val>ДАЛІ</val>
		</str>
		<str name="back" translate="yes">
			<val>НАЗАД</val>
		</str>
		<str name="exit" translate="yes">
			<val>ВИЙТИ</val>
		</str>
		<str name="quit" translate="yes">
			<val>ВИХІД</val>
		</str>
		<str name="stop" translate="yes">
			<val>ЗУПИНИТИ</val>
		</str>
		<str name="continue" translate="yes">
			<val>ПРОДОВЖИТИ</val>
		</str>
		<str name="cancel" translate="yes">
			<val>СКАСУВАТИ</val>
		</str>
		<str name="tryAgain" translate="yes">
			<val>СПРОБУВАТИ ЩЕ РАЗ</val>
		</str>
		<str name="decline" translate="yes">
			<val>ВІДХИЛИТИ</val>
		</str>
		<str name="accept" translate="yes">
			<val>ПРИЙНЯТИ</val>
		</str>			
		<str name="create" translate="yes">
			<val>СТВОРИТИ ADOBE ID</val>
		</str>			
		<str name="info" translate="yes">
			<val>Додаткова інформація</val>
		</str>
		<str name="done" translate="yes">
			<val>ГОТОВО</val>
		</str>
		<str name="install" translate="yes">
			<val>ВСТАНОВЛЕННЯ</val>
		</str>			
		<str name="uninstall" translate="yes">
			<val>ВИДАЛИТИ З ПК</val>
		</str>			
		<str name="btnOK" translate="yes">
			<val>OK</val>
		</str>
		<str name="yes" translate="yes">
			<val>ТАК</val>
		</str>
		<str name="no" translate="yes">
			<val>НІ</val>
		</str>
		<str name="subscriptionEdition" translate="no">
			<val>Subscription Edition</val>
		</str>
	</set>
	
	<set name="welcome">
		<str name="welcome" translate="yes">
			<val>Ласкаво просимо!</val>
		</str>
		<str name="product" translate="yes">
			<val>Майстер устан. для {0}</val>
		</str>
		<str name="view" translate="yes">
			<val>Переглянути в:</val>
		</str>
		<str name="license" translate="yes">
			<val>Ліцензійна угода Adobe щодо ПЗ</val>
		</str>
		<str name="sure" translate="yes">
			<val>Вийти?</val>
		</str>
		<str name="AppTitleInstall" translate="yes">
			<val>Майстер встановлення для {0}</val>
		</str>
		<str name="AppTitleUninstall" translate="yes">
			<val>Майстер видалення з ПК для {0}</val>
		</str>
	</set>
	
	<set name="serial">
		<str name="welcome" translate="yes">
			<val>Введіть серійний номер</val>
		</str>
		<str name="serial" translate="yes">
			<val>Надайте серійний номер.</val>
		</str>
		<str name="trial" translate="yes">
			<val>Установити пробну версію цього продукту.</val>
		</str>
		<str name="lang" translate="yes">
			<val>Мова:</val>
		</str>
		<str name="license" translate="yes">
			<val>Цей серійний номер використовується для: {0}</val>
		</str>
		<str name="selectLang" translate="yes">
			<val>Вибрати мову</val>
		</str>
		<str name="locateTT" translate="yes">
			<val>Серійний номер указано на упаковці DVD-диска, у ліцензійному сертифікаті Adobe Open Options (лише для оптових закупок) чи в електронному листі від магазину Adobe (лише для завантаження).</val>
		</str>
		<str name="invalid" translate="yes">
			<val>Введений серійний номер недійсний для цього продукту.</val>
		</str>
		<str name="also" translate="yes">
			<val>Після встановлення можна також ввести серійний номер.</val>
		</str>
		<str name="agree" translate="yes">
			<val>Згідно з ліцензійною угодою щодо програмного забезпечення, його буде автоматично активовано через Інтернет. Докладнішу інформацію див. на веб-сторінці {0}www.adobe.com/ua/activation{1}.</val>
		</str>
		<str name="agreeLink" translate="yes">
			<val>http://www.adobe.com/go/activation_ua</val>
		</str>
		<str name="progressMessage" translate="yes">
			<val>Перевірка інформації про вашу підписку...</val>
		</str>
	</set>
	
	<set name="options">
		<str name="title" translate="yes">
			<val>Параметри встановлення</val>
		</str>
		<str name="unTitle" translate="yes">
			<val>Параметри видалення</val>
		</str>
		<str name="unInstruct" translate="yes">
			<val>Під час видалення продукту з комп’ютера можна також деактивувати серійний номер.</val>
		</str>
		<str name="total" translate="yes">
			<val>Загальне встановлення:</val>
		</str>
		<str name="all" translate="yes">
			<val>Усі компоненти</val>
		</str>
		<str name="loc" translate="yes">
			<val>Місце:</val>
		</str>
		<str name="deactivate" translate="yes">
			<val>Деактивувати</val>
		</str>
		<str name="deactivateTooltip1" translate="yes">
			<val>Виконавши деактивацію, можна активувати продукт Adobe на іншому комп’ютері, якщо діяти згідно з ліцензійною угодою програмного забезпечення. Перш ніж виконати деактивацію, потрібно впевнитися, що встановлено підключення до Інтернету.</val>
		</str>
		<str name="deactivateTooltip2" translate="yes">
			<val>Неможливо виконати деактивацію окремих компонентів у ліцензованому продукті Adobe. Якщо треба встановити продукт Adobe і активувати його на іншому комп’ютері, спершу потрібно видалити й повністю деактивувати продукт на цьому комп’ютері.</val>
		</str>
		<str name="remove" translate="yes">
			<val>Видалити настройки</val>
		</str>
		<str name="select" translate="yes">
			<val>Натисніть назву продукту, щоб налаштувати параметри</val>
		</str>
		<str name="include" translate="yes">
			<val>Містить:</val>
		</str>
		<str name="decimalSeparator" translate="yes">
			<val>.</val>
		</str>
		<str name="commaSeparator" translate="yes">
			<val>,</val>
		</str>
		<str name="browse" translate="yes">
			<val>Змінити місце встановлення</val>
		</str>
		<str name="reqs" translate="yes">
			 <val>Мінімальні системні вимоги не дотримані. {0}Додаткова інформація…{1}</val>
		</str>
		<str name="more" translate="yes">
			<val>Більше</val>
		</str>		
		<str name="morelink" translate="yes">
			<val>http://www.adobe.com/go/cs_systemreqs_ua</val>
		</str>
		<str name="infolink" translate="yes">
			<val>http://www.adobe.com/go/cs_shared_components_ua</val>
		</str>
		<str name="available" translate="yes">
			<val>доступно</val>
		</str>
		<str name="recommend" translate="yes">
			<val>Рекомендовано:</val>
		</str>	
		<str name="required" translate="yes">
			<val>Потрібно:</val>
		</str>
		<str name="GB" translate="yes">
			<val>Гб</val>
		</str>
		<str name="MB" translate="yes">
			<val>Мб</val>
		</str>
		<str name="KB" translate="yes">
			<val>Кб</val>
		</str>
		<str name="already" translate="yes">
			<val>Уже встановлено</val>
		</str>
		
		<str name="again" translate="yes">
			<val>Якщо вибрати компоненти з наведеного нижче списку для повторної інсталяції, їх буде встановлено в поточних папках.</val>
		</str>		
		<str name="uninstall" translate="yes">
			<val>ВИДАЛИТИ З ПК</val>
		</str>
		<str name="install" translate="yes">
			<val>ВСТАНОВЛЕННЯ</val>
		</str>
		<str name="requirementError" translate="yes">
			<val>Не витримано мінімальні системні вимоги</val>
		</str>
		<str name="conflictError" translate="yes">
			<val>Попередню версію цього продукту вже встановлено</val>
		</str>
		<str name="upgradedError" translate="yes">
			<val>Новішу версію цього продукту вже встановлено</val>
		</str>
		<str name="langNotPresent" translate="yes">
			<val>Не доступно для вибраної мови</val>
		</str>
		<str name="dependenciesNotEnabled" translate="yes">
			<val>Потрібні компоненти вимкнено</val>
		</str>
		<str name="avail" translate="yes">
			<val>Місце на диску:</val>
		</str>
		<str name="drive" translate="yes">
			<val>Диск {0}</val>
		</str>
		<str name="sure" translate="yes">
			<val>Скасувати видалення?</val>
		</str>
		<str name="browseErrorCaseSensitive" translate="yes">
			<val>Диски із чутливою до регістру файловою системою не підтримуються.</val>
		</str>
		<str name="browseErrorMappedNetwork" translate="yes">
			<val>Установка на підключених мережних дисках не підтримується.</val>
		</str>
		<str name="browseErrorRemovableDrive" translate="yes">
			<val>Установка на знімній флеш-пам’яті не підтримується.</val>
		</str>
		<str name="browseErrorTooLong" translate="yes">
			<val>Для установки вибрано занадто довгий шлях.</val>
		</str>
		<str name="browseErrorLockedPath" translate="yes">
			<val>Установлення в заблокованій папці не підтримується.</val>
		</str>
		<str name="browseErrorGeneric" translate="yes">
			<val>Не вдається встановити у вибраному розташуванні.</val>
		</str>
		<str name="browseErrorRootDrive" translate="yes">
			<val>Установка в кореневій папці диска не підтримується.</val>
		</str>
		<str name="diskSpaceTooltip" translate="yes">
			<val>Недостатньо місця на диску для завершення цієї установки.</val>
		</str>
		<str name="diskSpaceOverlayError" translate="yes">
			<val>Розмір вибраних параметрів перевищує доступне місце на жорсткому диску. Виберіть жорсткий диск із достатнім обсягом вільного місця та запустіть програму установки повторно.</val>
		</str>
		<str name="uninstallSubscriptionMessage" translate="yes">
			<val>Видалення програм не змінює ваші підписки. Щоб змінити стан підписки, відвідайте диспетчер підписки. {0}Змініть стан підписки{1}.</val>
		</str>
		<str name="uninstallSubscriptionMessageLink" translate="no">
			<val>http://www.adobe.com/go/subscriptionedition</val>
		</str>
	</set>

	<set name="progress">
		<str name="title" translate="yes">
			<val>Хід установлення</val>
		</str>
		<str name="doneErrors" translate="yes">
			<val>Стан установлення</val>
		</str>
		<str name="curr" translate="yes">
			<val>Триває встановлення...</val>
		</str> 
		<str name="unTitle" translate="yes">
			<val>Хід видалення з ПК</val>
		</str>
		<str name="unCurr" translate="yes">
			<val>Триває видалення...</val>
		</str> 
		<str name="cancelling" translate="yes">
			<val>Скасування встановлення...</val>
		</str>
		<str name="removingCache" translate="yes">
			<val>Видалення кешу...</val>
		</str> 
		<str name="disc" translate="yes">
			<val>Диск</val>
		</str>		
		<str name="preparing" translate="yes"> 
			<val>Підготовка до встановлення...</val>
		</str>
		<str name="preparingun" translate="yes"> 
			<val>Підготовка до видалення...</val>
		</str>
		<str name="calculating" translate="yes"> 
			<val>Залишилося часу: обчислення...</val>
		</str>
		<str name="calculatingun" translate="yes"> 
			<val>Залишилося часу: обчислення...</val>
		</str>
		<str name="complete" translate="yes"> 
			<val>{0}% виконано</val>
		</str>
		<str name="remainTotal" translate="yes">
			<val>Залишилося приблизно {0} хв.</val>
		</str>
		<str name="unRemainTotal" translate="yes">
			<val>Залишилося часу: приблизно {0} хв.</val>
		</str>
		<str name="remainTotalOneMin" translate="yes">
			<val>Залишилося часу: приблизно {0} хв.</val>
		</str>
		<str name="unRemainTotalOneMin" translate="yes">
			<val>Залишилося часу: приблизно {0} хв.</val>
		</str>
		<str name="remainMin" translate="yes">
			<val>Залишилося часу: менше хвилини</val>
		</str>
		<str name="unRemainMin" translate="yes">
			<val>Залишилося часу: менше хвилини</val>
		</str>
		<str name="remainDisc" translate="yes">
			<val>До запуску наступного диска залишилося приблизно {0} хв.</val>
		</str>				
		<str name="sure" translate="yes">
			<val>Скасувати установку?</val>
		</str>
		<str name="incorrect" translate="yes">
			<val>Вставлено неправильний диск. Вставте потрібний диск і натисніть "Готово".</val>
		</str>
		<str name="insert" translate="yes">
			<val>Вставте диск {0}, щоб продовжити.</val>
		</str>
		<str name="errorClose" translate="yes">
			<val>Щоб продовжити, закрийте всі вказані нижче програми:</val>
		</str>
		<str name="contact" translate="yes">
			<val>Щоб отримати допомогу, зверніться до {0}служби підтримки користувачів{1}.</val>
		</str>
		<str name="supportLink" translate="no">
			<val>http://www.adobe.com/go/support_loganalyzer</val>
		</str>
		<str name="errorLater" translate="yes">
			<val>Щоб завершити встановлення під час перезавантаження комп’ютера, натисніть "Закінчити пізніше".</val>
		</str>
		<str name="finishLater" translate="yes">
			<val>Закінчити пізніше</val>
		</str>
		<str name="cancelMsg" translate="yes">
			<val>Установлення скасовано.</val>
		</str>
		<str name="partial" translate="yes">
			<val>Деякі програми успішно встановлено, однак під час встановлення решти з них сталися помилки.</val>
		</str>
		<str name="installProblems" translate="yes">
			<val>Виникли проблеми зі встановленням.</val>
		</str>
		<str name="requiredFailWarning" translate="yes">
			<val>Можливо, не вдалося встановити деякі необхідні компоненти. Це могло вплинути на функціональність установлених програм.</val>
		</str>
		<str name="helpTroubleshoot" translate="yes">
			<val>Щоб отримати допомогу у вирішенні проблеми, зверніться до розділу {0}Усунення неполадок{1}.</val>
		</str>
		<str name="troubleshootTips" translate="yes">
			<val>Ці поради з усунення неполадок можуть допомогти у вирішенні проблеми:</val>
		</str>
		<str name="tipOne" translate="yes">
			<val>1. Перезавантажте комп’ютер.</val>
		</str>
		<str name="tipTwo" translate="yes">
			<val>2. Закрийте всі програми, включно з елементами, які завантажуються автоматично, програмами перевірки на віруси та брандмауерами.</val>
		</str>
		<str name="tipThree" translate="yes">
			<val>З. апустіть програму встановлення та повторно встановіть програму.</val>
		</str>
		<str name="errorLogText" translate="yes">
			<val>Якщо проблема не зникне, наведений нижче файл журналу помилки може допомогти виявити проблему.</val>
		</str>
		<str name="customerSupport" translate="yes">
			<val>Зверніться до {0}служби підтримки{1} та надайте докладнішу інформацію.</val>
		</str>
		
		<str name="completely" translate="yes">
			<val>Ці програми можуть використовуватися.</val>
		</str>
		<str name="incomplete" translate="yes">
			<val>Ці програми потрібно повторно встановити.</val>
		</str>
		<str name="installed" translate="yes">
			<val>Встановлено:</val>
		</str>
		<str name="notInstalled" translate="yes">
			<val>Не встановлено:</val>
		</str>
		<str name="haserrors" translate="yes">
			<val>Під час установлення сталися певні помилки.</val>
		</str>
		<str name="restart" translate="yes">
			<val>Перезапустіть систему й установіть повторно.</val>
		</str>
		<str name="timeRemaining" translate="yes">
			<val>Залишилося часу</val>
		</str>
		<str name="unDoneTitle" translate="yes">
			<val>Стан видалення</val>
		</str>
		<str name="unDoneWarning" translate="yes">
			<val>Деякі програми видалено успішно, однак під час видалення решти з них сталися помилки.</val>
		</str>
		<str name="unComplete" translate="yes">
			<val>Ці програми видалено:</val>
		</str>
		<str name="unIncomplete" translate="yes">
			<val>Ці програми видалити не вдалося:</val>
		</str>
		<str name="unInstruct" translate="yes">
			<val>Перезавантажте комп’ютер і повторіть спробу видалення. Якщо після цього проблему не буде вирішено, завантажте й запустіть {0}інструмент видалення Adobe Creative Suite{1}.</val>
		</str>
		<str name="unPointWarning" translate="yes">
			<val>Під час видалення сталися помилки.</val>
		</str>		
		<str name="cleanScriptLink" translate="no">
			<val>http://www.adobe.com/go/cscleanertool</val>
		</str>
		<str name="deactivateWarning" translate="yes">
			<val>Щоб деактивувати, потрібно підключитися до Інтернету. Інакше зніміть позначку "Деактивувати" в попередньому екрані.</val>
		</str>
		<str name="deactivateFailureWarning" translate="yes">
			<val>Не вдалося виконати деактивацію. Можна продовжити видалення продукту, але ви не зможете активувати його на іншому комп’ютері, не виконавши деактивацію.</val>
		</str>		
	</set>	 

	<set name="thanks">
		<str name="title" translate="yes">
			<val>Дякуємо!</val>
		</str>
		<str name="titleInsStatus" translate="yes">
			<val>Стан установлення</val>
		</str>
		
		<str name="subtitle" translate="yes">
			<val>Установлення завершено. Виконайте наведені нижче дії, щоб скористатися всіма перевагами ПЗ.</val>
		</str>
		<str name="subtitle1" translate="yes">
			<val>Установку завершено.</val>
		</str>
		<str name="subtitle2" translate="yes">
			<val>Виконайте наведені нижче дії, щоб скористатися всіма перевагами програмного забезпечення.</val>
		</str>
		<str name="subtitleSubsClaimFail" translate="yes">
			<val>Не вдалося оформити підписку на {0}</val>
		</str>
	
		
		<str name="unSubtitle" translate="yes">
			<val>Наведені нижче програми успішно видалено.</val>
		</str>

		<str name="unSubtitleNoProductList" translate="yes">
			<val>Видалення завершено.</val>
		</str>

		<str name="appsInstalledHeading" translate="yes">
			<val>Установлено наведені нижче продукти</val>
		</str>
		<str name="appInstalledHeading" translate="yes">
			<val>Установлено наведений нижче продукт</val>
		</str>

		<str name="services" translate="yes">
			<val>Початок роботи: Програми та служби Adobe</val>
		</str>
		<str name="noservices" translate="yes">
			<val>Початок роботи. Продукти Adobe</val>
		</str>
		<str name="successWithServices" translate="yes">
			<val>Ми використали вказаний Adobe ID для реєстрації програмного забезпечення та надання доступу до служб Adobe CS Live.</val>
		</str>
		<str name="successWithoutServices" translate="yes">
			<val>Вказавши Adobe ID, ви зареєстрували програмне забезпечення.</val>
		</str>
		<str name="emailVerify" translate="yes">
			<val>Щоб розпочати використання служб Adobe CS Live, потрібно підтвердити адресу електронної пошти. Перевірте вхідні повідомлення.</val>
		</str>
		<str name="skippedWithServices" translate="yes">
			<val>Adobe ID необхідний для реєстрації програмного забезпечення та доступу до служб Adobe CS Live. Під час використання програмного забезпечення відображатиметься запит Adobe ID.</val>
		</str>
		<str name="skippedWithoutServices" translate="yes">
			<val>Adobe ID необхідний для реєстрації програмного забезпечення. Під час використання програмного забезпечення відображатиметься запит Adobe ID.</val>
		</str>
		<str name="trialAdobeIDtext" translate="yes">
			<val>Для використання пробної версії цього програмного забезпечення необхідний Adobe ID. Його потрібно вказати протягом 7 днів після першого запуску пробної версії.</val>
		</str>
		<str name="idinfo" translate="yes">
			<val>Ми використали ваш Adobe ID, щоб зареєструвати програмне забезпечення й налаштувати доступ до служб Adobe CS Live.</val>
		</str>	
		<str name="id" translate="yes">
			<val>Реєстрація продуктів відбувається за допомогою Adobe ID.</val>
		</str>
		<str name="provided" translate="yes">
			<val>Вказавши Adobe ID, ви зареєстрували програмне забезпечення.</val>
		</str>
		<str name="idservices" translate="yes">
			<val>За допомогою Adobe ID реєструється продукти та налаштовується безкоштовна підписка на служби Adobe CS Live.</val>
		</str>
		<str name="idis" translate="yes">
			<val>Ваш Adobe ID: {0}</val>
		</str>
		<str name="idnew" translate="yes">
			<val>Ваш Adobe ID: {0}</val>
		</str>
		
		<str name="email" translate="yes">
			<val>Надіслано електронний лист, щоб підтвердити цю адресу електронної пошти. Перш ніж використовувати програму Adobe CS Live, потрібно отримати підтвердження.</val>
		</str>
		<str name="videos" translate="yes">
			<val>Переглянути відеопосібники</val>
		</str>
		<str name="explore" translate="yes">
			<val>Ознайомитися із програмою Adobe CS LIVE</val>
		</str>
		<str name="videolink" translate="yes">
			<val>http://www.adobe.com/go/adobetv_howto</val>
		</str>		
		<str name="serviceslink" translate="yes">
			<val>http://www.adobe.com/go/cslive_ua</val>
		</str>	
	</set> 
	
	
	<set name="upgrade">
		<str name="title" translate="yes">
			<val>Введіть серійний номер оновлення</val>
		</str>
		<str name="instruct1" translate="yes">
			<val>Введено дійсний серійний номер, однак відповідний продукт знайти на комп’ютері неможливо.</val>
		</str>
		<str name="instruct2" translate="yes">
			<val>Щоб скористатися серійним номером, який був введений для оновлення, потрібно мати один із відповідних продуктів. Виберіть свій продукт і введіть його серійний номер.</val>
		</str>
		<str name="serial" translate="yes">
			<val>Серійний номер для цього продукту:</val>
		</str>
		<str name="trial" translate="yes">
			<val>УСТАНОВИТИ ПРОБНУ ВЕРСІЮ</val>
		</str>
		<str name="confirm" translate="yes">
			<val>Цей серійний номер підтверджує {0}.</val>
		</str>
		<str name="second" translate="yes">
			<val>Щоб виконати це оновлення, потрібно вибрати другий відповідний продукт. Виберіть другий продукт і введіть його серійний номер.</val>
		</str>
		<str name="selproduct" translate="yes">
			<val>Виберіть продукт</val>
		</str>
		<str name="nogood" translate="yes">
			<val>Цей серійний номер недійсний для відповідного продукту. Введіть інший серійний номер.</val>
		</str>
		<str name="account" translate="yes">
			<val>Якщо продукти зареєстровано раніше, можна перейти до {0}сторінки свого облікового запису{1}, щоб знайти існуючі серійні номери.</val>
		</str>
		<str name="support" translate="yes">
			<val>Щоб отримати допомогу, зверніться до {0}служби підтримки клієнтів{1}.</val>
		</str>
		<str name="supportlink" translate="no">
			<val>http://www.adobe.com/go/support_loganalyzer</val>
		</str>
		<str name="accountlink" translate="yes">
			<val>http://www.adobe.com/go/adobemembership_ua</val>
		</str>
	</set>
	
	<set name="upcode">
		<str name="header" translate="yes">
			<val>Введіть код оновлення.</val>
		</str>
		<str name="instruct1" translate="yes">
			<val>Надайте наведений нижче код на запит представника служби обслуговування.</val>
		</str>
		<str name="challenge" translate="yes">
			<val>Код запиту</val>
		</str>
		<str name="instruct2" translate="yes">
			<val>Введіть код, наданий представником служби обслуговування.</val>
		</str>
		<str name="support" translate="yes">
			<val>Код підтримки</val>
		</str>
		<str name="codeError" translate="yes">
			<val>Недійсний код підтримки</val>
		</str>
		
	</set>
	
	<set name="dvanote">
		<str name="header" translate="yes">
			<val>Важливе зауваження</val>
		</str>
		<str name="warning32bit" translate="yes">
			<val>Цей комп’ютер працює під керуванням 32-розрядної операційної системи. Програми Adobe Premiere Pro CS5.5, Adobe Premiere Pro CS5, After Effects CS5.5 та After Effects CS5 працюватимуть лише на 64-розрядних операційних системах. Для використання цих програм можна оновити операційну систему або встановити 32-розрядні версії CS4, які входять до комплекту. {0}Дізнайтеся докладніше{1} про розташування та встановлення різних версій CS4.</val>
		</str>
		<str name="learnMoreLink" translate="yes">
			<val>http://www.adobe.com/go/32bit_installation_ua</val>
		</str>
	</set>

	<set name="nav">
		<str name="welcome" translate="yes">
			<val>ЛАСКАВО ПРОСИМО</val>
		</str>
		<str name="serial" translate="yes">
			<val>СЕРІЙНИЙ НОМЕР</val>
		</str>
		<str name="id" translate="yes">
			<val>ADOBE ID</val>
		</str>
		<str name="options" translate="yes">
			<val>ПАРАМЕТРИ</val>
		</str>
		<str name="unoptions" translate="yes">
			<val>ПАРАМЕТРИ</val>
		</str>
		<str name="install" translate="yes">
			<val>ВСТАНОВЛЕННЯ</val>
		</str>
		<str name="uninstall" translate="yes">
			<val>ВИДАЛИТИ</val>
		</str>
		<str name="thanks" translate="yes">
			<val>ЗАВЕРШЕННЯ</val>
		</str>
	</set>
	
	
	<set name="systemReq">
		<str name="ram" translate="yes">
			<val>Рекомендовано оперативної пам’яті: {0}</val>
		</str>
		<str name="processor" translate="yes">
			<val>Рекомендовано процесор {0}</val>
		</str>
		<str name="osWin" translate="yes">
			<val>Рекомендовано Windows {0}</val>
		</str>
		<str name="osMac" translate="yes">
			<val>Рекомендовано Mac {0}</val>
		</str>
		<str name="screen" translate="yes">
			<val>Рекомендована роздільна здатність екрана: {0}</val>
		</str>
	</set>
	
	<set name="installErrorCode">
		<str name="code0" translate="yes">
			<val>Установлення виконано успішно</val>
		</str>
		<str name="code6" translate="yes">
			<val>Виконано з помилками</val>
		</str>
		<str name="code7in" translate="yes">
			<val>Інсталяцію виконати не вдалося</val>
		</str>
		<str name="code7un" translate="yes">
			<val>Деінсталяцію виконати не вдалося</val>
		</str>
		<str name="code8" translate="yes">
			<val>Виконано. Щоб завершити процес, потрібно перезавантажити комп’ютер</val>
		</str>
		<str name="code11" translate="yes">
			<val>Уже запущено інший екземпляр розгорнутої програми</val>
		</str>
		<str name="code14" translate="yes">
			<val>Щоб виконати установку, потрібно мати права адміністратора.</val>
		</str>
		<str name="code14un" translate="yes">
			<val>Щоб видалити установку, потрібно мати права адміністратора</val>
		</str>
		<str name="code19" translate="yes">
			<val>Запущено конфліктуючі процеси</val>
		</str>
		<str name="code24" translate="yes">
			<val>Установлення скасовано</val>
		</str>
		<str name="code15" translate="yes">
			<val>Неузгодженість у базі даних майстра встановлення. Перезавантажте комп’ютер і встановіть повторно.</val>
		</str>
		<str name="code31" translate="yes">
			<val>Розмір вибраних параметрів перевищує доступне місце на жорсткому диску. Виберіть жорсткий диск із достатнім обсягом вільного місця та запустіть програму установки повторно.</val>
		</str>
		<str name="code9999" translate="yes">
			<val>Сталася внутрішня помилка</val>
		</str>
		<str name="internalError" translate="yes">
			<val>Сталася помилка  майстра встановлення ({0}) під час установлення. Перезавантажте комп’ютер і спробуйте ще раз.</val>
		</str>
		<str name="uninternalError" translate="yes">
			<val>Сталася помилка  майстра встановлення ({0}) під час видалення. Перезавантажте комп’ютер і спробуйте ще раз.</val>
		</str>
	</set>
	
	<set name="prescreenResponse">
		<str name="header_NOT_ENABLED" translate="yes">
			<val>Термін дії підписки на {0} сплив.</val>
		</str>
		<str name="body_NOT_ENABLED" translate="yes">
			<val>Поновіть свою підписку або виберіть «Назад» і встановіть пробну версію продукту.</val>
		</str>
		<str name="footerLinkText_NOT_ENABLED" translate="yes">
			<val>Поновити підписку</val>
		</str>
		<str name="footerLink_NOT_ENABLED" translate="no">
			<val>http://www.adobe.com/go/subscriptionedition</val>
		</str>
		
		<str name="header_OFFLINE" translate="yes">
			<val>Не вдалося підключитися до Інтернету</val>
		</str>
		<str name="body_OFFLINE" translate="yes">
			<val>Для використання цього продукту потрібне належне інтернет-з'єднання. Перевірте параметри з'єднання та виберіть «Спробувати ще раз». Якщо проблеми продовжують виникати, зверніться до служби підтримки клієнтів або виберіть «Назад», щоб установити пробну версію цієї програми.</val>
		</str>
		<str name="footerLinkText_OFFLINE" translate="yes">
			<val>Звернутися до служби підтримки клієнтів</val>
		</str>
		<str name="footerLink_OFFLINE" translate="yes">
			<val>http://www.adobe.com/go/support_ua</val>
		</str>
		
		<str name="header_GENERIC_ERROR" translate="yes">
			<val>Не вдалося оформити підписку на {0}</val>
		</str>
		<str name="body_GENERIC_ERROR" translate="yes">
			<val>Щоб завершити установку, виберіть установку пробної версії продукту. Після установки та запуску програми вам буде запропоновано оформити підписку.</val>
		</str>
		<str name="footerLinkText_GENERIC_ERROR" translate="yes">
			<val>Звернутися до служби підтримки клієнтів</val>
		</str>
		<str name="footerLink_GENERIC_ERROR" translate="yes">
			<val>http://www.adobe.com/go/support_ua</val>
		</str>
	</set>
	
	<set name="subsClaimResponse">
		<str name="failureStatusHeading" translate="yes">
			<val>Не вдалося оформити підписку на {0}</val>
		</str>
		<str name="successStatusHeading" translate="yes">
			<val>Початок роботи. Продукти та служби Adobe</val>
		</str>
		
		<str name="adobeIDInfo" translate="yes">
			<val>Ми використали наданий Adobe ID для оформлення підписки на {0} та настроювання доступу до служб Adobe CS Live.</val>
		</str>
		
		<str name="idis" translate="yes">
			<val>Ваш Adobe ID: {0}</val>
		</str>
		<str name="idnew" translate="yes">
			<val>Ваш Adobe ID: {0}</val>
		</str>
		
		<str name="emailVerify" translate="yes">
			<val>Щоб розпочати використання служб Adobe CS Live, потрібно підтвердити адресу електронної пошти. Перевірте вхідні повідомлення.</val>
		</str>
		

		<str name="supLinkURL_EXCEPTION_DECODE_FAILED" translate="yes">
			<val>http://www.adobe.com/go/support_ua</val>
		</str>			
		<str name="supLinkURL_EXCEPTION_NO_SUCH_USER" translate="yes">
			<val>http://www.adobe.com/go/support_ua</val>
		</str>		
		<str name="supLinkURL_EXCEPTION_INVALID_DATA" translate="yes">
			<val>http://www.adobe.com/go/support_ua</val>
		</str>
		<str name="supLinkURL_EXCEPTION_SKU_LOOKUP_FAILED" translate="yes">
			<val>http://www.adobe.com/go/support_ua</val>
		</str>		
		<str name="supLinkURL_EXCEPTION_AUTHENTICATION_TIMEOUT" translate="yes">
			<val>http://www.adobe.com/go/support_ua</val>
		</str>
		<str name="supLinkURL_EXCEPTION_SNSERVER_TIMEOUT" translate="yes">
			<val>http://www.adobe.com/go/support_ua</val>
		</str>
		<str name="supLinkURL_EXCEPTION_INTERNAL_TIMEOUT" translate="yes">
			<val>http://www.adobe.com/go/support_ua</val>
		</str>
		<str name="supLinkURL_EXCEPTION_INTERNAL_SERVER_ERROR" translate="yes">
			<val>http://www.adobe.com/go/support_ua</val>
		</str>
		<str name="supLinkURL_EXCEPTION_SYSTEM_UNAVAILABLE_time" translate="yes">
			<val>http://www.adobe.com/go/support_ua</val>
		</str>
		<str name="supLinkURL_EXCEPTION_SYSTEM_UNAVAILABLE" translate="yes">
			<val>http://www.adobe.com/go/support_ua</val>
		</str>
		<str name="supLinkURL_EXCEPTION_COMPANY_CODE_MISMATCH" translate="yes">
			<val>http://www.adobe.com/go/subscription_learnmore_ua</val>
		</str>
		<str name="supLinkURL_EXCEPTION_SUBSCRIPTION_ALREADY_CLAIMED_DIFF_ADOBEID" translate="yes">
			<val>http://www.adobe.com/go/support_ua</val>
		</str>
		<str name="supLinkURL_ERROR_WITH_INFO" translate="yes">
			<val>http://www.adobe.com/go/support_ua</val>
		</str>
		<str name="supLinkURL_GENERIC" translate="yes">
			<val>http://www.adobe.com/go/support_ua</val>
		</str>
		
		
		<str name="supLinkLbl_EXCEPTION_DECODE_FAILED" translate="yes">
			<val>Звернутися до служби підтримки клієнтів</val>
		</str>			
		<str name="supLinkLbl_EXCEPTION_NO_SUCH_USER" translate="yes">
			<val>Звернутися до служби підтримки клієнтів</val>
		</str>		
		<str name="supLinkLbl_EXCEPTION_INVALID_DATA" translate="yes">
			<val>Звернутися до служби підтримки клієнтів</val>
		</str>
		<str name="supLinkLbl_EXCEPTION_SKU_LOOKUP_FAILED" translate="yes">
			<val>Звернутися до служби підтримки клієнтів</val>
		</str>		
		<str name="supLinkLbl_EXCEPTION_AUTHENTICATION_TIMEOUT" translate="yes">
			<val>Звернутися до служби підтримки клієнтів</val>
		</str>
		<str name="supLinkLbl_EXCEPTION_SNSERVER_TIMEOUT" translate="yes">
			<val>Звернутися до служби підтримки клієнтів</val>
		</str>
		<str name="supLinkLbl_EXCEPTION_INTERNAL_TIMEOUT" translate="yes">
			<val>Звернутися до служби підтримки клієнтів</val>
		</str>
		<str name="supLinkLbl_EXCEPTION_INTERNAL_SERVER_ERROR" translate="yes">
			<val>Звернутися до служби підтримки клієнтів</val>
		</str>
		<str name="supLinkLbl_EXCEPTION_SYSTEM_UNAVAILABLE_time" translate="yes">
			<val>Звернутися до служби підтримки клієнтів</val>
		</str>
		<str name="supLinkLbl_EXCEPTION_SYSTEM_UNAVAILABLE" translate="yes">
			<val>Звернутися до служби підтримки клієнтів</val>
		</str>
		<str name="supLinkLbl_EXCEPTION_SUBSCRIPTION_ALREADY_CLAIMED_DIFF_ADOBEID" translate="yes">
			<val>Звернутися до служби підтримки клієнтів</val>
		</str>
		<str name="supLinkLbl_EXCEPTION_COMPANY_CODE_MISMATCH" translate="yes">
			<val>Докладніше</val>
		</str>
		<str name="supLinkLbl_ERROR_WITH_INFO" translate="yes">
			<val>Звернутися до служби підтримки клієнтів</val>
		</str>
		<str name="supLinkLbl_GENERIC" translate="yes">
			<val>Звернутися до служби підтримки клієнтів</val>
		</str>
		
		
		<str name="code_EXCEPTION_DECODE_FAILED" translate="yes">
			<val>Після запуску продукту вам буде запропоновано оформити підписку.</val>
		</str>			
		<str name="code_EXCEPTION_NO_SUCH_USER" translate="yes">
			<val>Після запуску продукту вам буде запропоновано оформити підписку.</val>
		</str>		
		<str name="code_EXCEPTION_INVALID_DATA" translate="yes">
			<val>Після запуску продукту вам буде запропоновано оформити підписку.</val>
		</str>
		<str name="code_EXCEPTION_SKU_LOOKUP_FAILED" translate="yes">
			<val>Після запуску продукту вам буде запропоновано оформити підписку.</val>
		</str>		
		<str name="code_EXCEPTION_AUTHENTICATION_TIMEOUT" translate="yes">
			<val>Зачекайте кілька секунд і спробуйте ще раз. Після запуску продукту вам також буде запропоновано оформити підписку.</val>
		</str>
		<str name="code_EXCEPTION_SNSERVER_TIMEOUT" translate="yes">
			<val>Зачекайте кілька секунд і спробуйте ще раз. Після запуску продукту вам також буде запропоновано оформити підписку.</val>
		</str>
		<str name="code_EXCEPTION_INTERNAL_TIMEOUT" translate="yes">
			<val>Зачекайте кілька секунд і спробуйте ще раз. Після запуску продукту вам також буде запропоновано оформити підписку.</val>
		</str>
		<str name="code_EXCEPTION_INTERNAL_SERVER_ERROR" translate="yes">
			<val>Зачекайте кілька секунд і спробуйте ще раз. Після запуску продукту вам також буде запропоновано оформити підписку.</val>
		</str>
		<str name="code_EXCEPTION_SYSTEM_UNAVAILABLE_time" translate="yes">
			<val>Сервери наразі вимкнуто через заплановані технічні роботи. Просимо вибачення за затримку. Спробуйте ще раз о {0}. Після запуску продукту вам буде запропоновано оформити підписку.</val>
		</str>
		<str name="code_EXCEPTION_SYSTEM_UNAVAILABLE" translate="yes">
			<val>Сервери наразі вимкнуто через заплановані технічні роботи. Просимо вибачення за затримку. Після запуску продукту вам буде запропоновано оформити підписку.</val>
		</str>
		<str name="code_EXCEPTION_COMPANY_CODE_MISMATCH" translate="yes">
			<val>Країна придбання цього продукту не збігається з країною, указаною в обліковому записі Adobe. Після запуску продукту вам буде запропоновано ввійти з використанням іншого Adobe ID.</val>
		</str>
		<str name="code_EXCEPTION_SUBSCRIPTION_ALREADY_CLAIMED_DIFF_ADOBEID" translate="yes">
			<val>Відповідно до наших даних, цю підписку наразі призначено іншому Adobe ID. Вам буде запропоновано увійти із використанням іншого Adobe ID та пароля під час запуску продукту. Якщо ця проблема не зникне, зверніться до служби підтримки клієнтів.</val>
		</str>
		<str name="code_ESS_TIMEOUT" translate="yes">
			<val>Зачекайте кілька секунд і спробуйте ще раз. Після запуску продукту вам також буде запропоновано оформити підписку.</val>
		</str>
		
		<str name="code_ESS_FAILURE" translate="yes">
			<val>Зачекайте кілька секунд і спробуйте ще раз. Після запуску продукту вам також буде запропоновано оформити підписку.</val>
		</str>
		
		<str name="code_GENERIC" translate="yes">
			<val>Після запуску продукту вам буде запропоновано оформити підписку.</val>
		</str>
	</set>
	
	<set name="claimResponse">
		<str name="code_" translate="yes">
			<val></val>
		</str>
		<str name="code_NonSaas_FAILURE" translate="yes">
			<val>Цього разу не вдалося зареєструвати ваш продукт. Спробуйте ще раз пізніше.</val>
		</str>
		<str name="code_EXCEPTION_DECODE_FAILED" translate="yes">
			<val>Недійсний серійний номер. Не вдалося розпочати вашу підписку на CS Live.</val>
		</str>
		<str name="code_EXCEPTION_NO_SUCH_USER" translate="yes">
			<val>Не вдалося розпочати вашу підписку на Adobe CS Live. Повторіть ще раз пізніше.</val>
		</str>
		<str name="code_EXCEPTION_INVALID_DATA" translate="yes">
			<val>Не вдалося розпочати вашу підписку на Adobe CS Live. Повторіть ще раз пізніше.</val>
		</str>
		<str name="code_EXCEPTION_WCD_TIMEOUT" translate="yes">
			<val>Не вдалося розпочати вашу підписку на Adobe CS Live. Повторіть ще раз пізніше.</val>
		</str>
		<str name="code_EXCEPTION_AUTHENTICATION_TIMEOUT" translate="yes">
			<val>Не вдалося розпочати вашу підписку на Adobe CS Live. Повторіть ще раз пізніше.</val>
		</str>
		<str name="code_EXCEPTION_SNSERVER_TIMEOUT" translate="yes">
			<val>Не вдалося розпочати вашу підписку на Adobe CS Live. Повторіть ще раз пізніше.</val>
		</str>
		<str name="code_EXCEPTION_WCD_SESSION_TIMEOUT" translate="yes">
			<val>Не вдалося розпочати вашу підписку на Adobe CS Live. Повторіть ще раз пізніше.</val>
		</str>
		<str name="code_ESS_TIMEOUT" translate="yes">
			<val>Не вдалося розпочати вашу підписку на Adobe CS Live. Повторіть ще раз пізніше.</val>
		</str>
		<str name="code_ESS_FAILURE" translate="yes">
			<val>Не вдалося розпочати вашу підписку на Adobe CS Live. Повторіть ще раз пізніше.</val>
		</str>
		<str name="code_EXCEPTION_INTERNAL_TIMEOUT" translate="yes">
			<val>Не вдалося розпочати вашу підписку на Adobe CS Live. Повторіть ще раз пізніше.</val>
		</str>
		<str name="code_EXCEPTION_INTERNAL_SERVER_ERROR" translate="yes">
			<val>Не вдалося розпочати вашу підписку на Adobe CS Live. Повторіть ще раз пізніше.</val>
		</str>
		<str name="code_EXCEPTION_SUBSCRIPTION_ALREADY_CLAIMED" translate="yes">
			<val>Ви вже маєте підписку на Adobe CS Live. Для користування службами виконайте вхід до системи.</val>
		</str>
		<str name="code_EXCEPTION_CLAIM_ALREADY_PROCESSED" translate="yes">
			<val>Із цим серійним номером вже пов’язано підписку на Adobe CS Live. Для користування службами виконайте вхід до системи.</val>
		</str>
		<str name="code_EXCEPTION_SYSTEM_UNAVAILABLE_time" translate="yes">
			<val>На сервері реєстрацій Adobe виконуються технічні роботи, які планується завершити о {0}. Вибачаємося за незручності. Спробуйте ще раз о цю годину.</val>
		</str>
		<str name="code_EXCEPTION_SYSTEM_UNAVAILABLE" translate="yes">
			<val>На сервері реєстрацій Adobe виконуються технічні роботи. Вибачаємося за незручності. Спробуйте пізніше.</val>
		</str>
		<str name="code_EXCEPTION_SYSTEM_UNAVAILABLE_time_saas" translate="yes">
			<val>У службі Adobe CS Live виконуються технічні роботи, які планується завершити о {0}. Вибачаємося за незручності. Спробуйте ще раз о цю годину.</val>
		</str>
		<str name="code_EXCEPTION_SYSTEM_UNAVAILABLE_saas" translate="yes">
			<val>У службі Adobe CS Live виконуються технічні роботи. Вибачаємося за незручності. Спробуйте пізніше.</val>
		</str>
	</set>	
	
	<set name="alert">
		<str name="alertHeader" translate="yes">
			<val>Майстер інсталяції Adobe</val>
		</str>
		<str name="workflowCloseError" translate="yes">
			<val>Виникла проблема під час закривання нерозгорнутих робочих процесів. Закрийте їх і почніть нову інсталяцію, натиснувши "Установити".</val>
		</str>
		<str name="workflowNeedCloseMessage" translate="yes">
			<val>Запущено інші екземпляри програми Adobe Application Manager, які потрібно закрити, щоб продовжити.</val>
		</str>
		<str name="cancelMsg" translate="yes">
			<val>Скасувати?</val>
		</str>
		<str name="payloadDataError" translate="yes">
			<val>Не вдалося виконати ініціалізацію майстра встановлення</val>
		</str>
		<str name="payloadMappingError" translate="yes">
			<val>Не вдалося виконати ініціалізацію майстра встановлення</val>
		</str>
		<str name="driverSystemRequirementError" translate="yes">
			<val>Не витримано мінімальні системні вимоги для використання цього продукту.</val>
		</str>
		<str name="driverConflictError" translate="yes">
			<val>На цьому комп’ютері існує конфліктуюча або попередня версія продукту "{0}". Перш ніж установлювати з поточного носія, необхідно видалити конфліктуючу версію.</val>
		</str>
		<str name="eulaDeclineMsg" translate="yes">
			<val>Для продовження потрібно прийняти Ліцензійну угоду Adobe для кінцевого користувача. Дійсно відхилити її?</val>
		</str>
		<str name="authAdobeID" translate="yes">
			<val>Автентифікація Adobe ID...</val>
		</str>
		<str name="sharedComponentMsgInstall" translate="yes">
			<val>Установлення спільних компонентів. Зазвичай це триває кілька хвилин.</val>
		</str>
		<str name="sharedComponentMsgUninstall" translate="yes">
			<val>Видалення з ПК спільних компонентів. Зазвичай це триває кілька хвилин.</val>
		</str>
		<str name="diskPrompt" translate="yes">
			<val>Вставте диск з етикеткою {0} в дисковод {1}</val>
		</str>
		<str name="noDriverError" translate="yes">
			<val>Не вдається знайти змістову частину драйвера</val>
		</str>
		<str name="installerNotApplicable" translate="yes">
			<val>{0} можна встановити лише в 64-розрядній системі</val>
		</str>
		<str name="deactivateMessage" translate="yes">
			<val>Деактивація, зачікайте...</val>
		</str>
		<str name="deactivateFailMessage" translate="yes">
			<val>Продукт не вдається деактивувати.</val>
		</str>
		<str name="restartMessage" translate="yes">
			<val>Рекомендовано перезавантажити комп’ютер.</val>
		</str>
		
		<str name="connecting" translate="yes">
			<val>Підключення...</val>
		</str>
		
	</set>	
	
	
	<set name="isoToLanguage">
		<str name="ar_AE" translate="no"><val>العربية</val></str>
		<str name="en_GB" translate="no"><val>English (International)</val></str> 
		<str name="fr_CA" translate="no"><val>Français canadien</val></str>
		<str name="es_QM" translate="no"><val>Español (Middle East)</val></str>
		<str name="es_LA" translate="no"><val>Español de América Latina</val></str>
		<str name="es_NA" translate="no"><val>Español Norteamericano</val></str>
		<str name="bg_BG" translate="no"><val>Български</val></str>
		<str name="lv_LV" translate="no"><val>Latviešu</val></str>
		<str name="et_EE" translate="no"><val>Eesti</val></str>
		<str name="hr_HR" translate="no"><val>hrvatski</val></str>
		<str name="sl_SI" translate="no"><val>slovenščina</val></str>
		<str name="sk_SK" translate="no"><val>slovenčina</val></str>
		<str name="th_TH" translate="no"><val>ภาษาไทย</val></str> 
		<str name="vi_VN" translate="no"><val>Việt</val></str>
		<str name="en_XC" translate="no"><val>English (Central Europe)</val></str> 
		<str name="en_XM" translate="no"><val>English (Middle East)</val></str>
		<str name="fr_XM" translate="no"><val>Français Oriental Moyen</val></str>
		<str name="sq_AL" translate="no"><val>Shqip</val></str> 
		<str name="ar_SA" translate="no"><val>العربية</val></str>
		<str name="be_BY" translate="no"><val>Беларуская</val></str> 
		<str name="ca_ES" translate="no"><val>Català</val></str> 
		<str name="hi_IN" translate="no"><val>हिन्दी</val></str>
		<str name="is_IS" translate="no"><val>Íslenska</val></str> 
		<str name="lt_LT" translate="no"><val>Lietuvių</val></str>
		<str name="mk_MK" translate="no"><val>македонски</val></str>
		<str name="nn_NO" translate="no"><val>Norsk (Nynorsk)</val></str>
		<str name="pt_PT" translate="no"><val>Português de Portugal</val></str> 
		<str name="sh_YU" translate="no"><val>Srpsko-Hrvatski</val></str> 
		<str name="sr_YU" translate="no"><val>Cрпски</val></str> 
		<str name="kk_KZ" translate="no"><val>Қазақ</val></str>
		<str name="az_AZ" translate="no"><val>Azərbaycan dili</val></str> 
		<str name="es_MX" translate="no"><val>Español (América Latina)</val></str>
		<str name="no_NO" translate="no"><val>Norwegian</val></str> 
		<str name="cs_CZ" translate="no"><val>Česky</val></str>
		<str name="de_DE" translate="no"><val>Deutsch</val></str>
		<str name="el_GR" translate="no"><val>Ελληνικά</val></str>
		<str name="en_US" translate="no"><val>English (North America)</val></str> 
		<str name="es_ES" translate="no"><val>Español</val></str> 
		<str name="fr_FR" translate="no"><val>Français</val></str>
		<str name="he_IL" translate="no"><val>עברית</val></str> 
		<str name="hu_HU" translate="no"><val>Magyar</val></str> 
		<str name="it_IT" translate="no"><val>Italiano</val></str>
		<str name="ja_JP" translate="no"><val>日本語</val></str>
		<str name="ko_KR" translate="no"><val>한국어</val></str>
		<str name="nl_NL" translate="no"><val>Nederlands</val></str>
		<str name="pl_PL" translate="no"><val>Polski</val></str>
		<str name="ro_RO" translate="no"><val>Română</val></str>
		<str name="ru_RU" translate="no"><val>Pусский</val></str>
		<str name="sv_SE" translate="no"><val>Svenska</val></str>
		<str name="tr_TR" translate="no"><val>Türkçe</val></str>
		<str name="uk_UA" translate="no"><val>Українська</val></str>
		<str name="zh_CN" translate="no"><val>简体中文</val></str>
		<str name="zh_TW" translate="no"><val>繁體中文</val></str>
		<str name="da_DK" translate="no"><val>Dansk</val></str>
		<str name="fi_FI" translate="no"><val>Suomi</val></str>
		<str name="nb_NO" translate="no"><val>Norsk (Bokmål)</val></str> 
		<str name="pt_BR" translate="no"><val>Português do Brasil</val></str>
	</set>	
</asf>
