<?xml version='1.0' encoding='utf-8'?>
<!DOCTYPE asf SYSTEM "http://ns.adobe.com/asf/asf_1_0.dtd" >
<asf xmlns="http://ns.adobe.com/asf" locale="ja_JP" version="1.0">

	<set name="ButtonLabel">
		<str name="Yes" translate="yes">
			<val>はい</val>
		</str>
		<str name="No" translate="yes">
			<val>いいえ</val>
		</str>
		<str name="Accept" translate="yes">
			<val>同意する</val>
		</str>
		<str name="Install" translate="yes">
			<val>インストール</val>
		</str>
		<str name="Uninstall" translate="yes">
			<val>アンインストール</val>
		</str>
		<str name="OK" translate="yes">
			<val>OK</val>
		</str>
		<str name="Continue" translate="yes">
			<val>続行</val>
		</str>
		<str name="Back" translate="yes">
			<val>戻る</val>
		</str>
		<str name="Cancel" translate="yes">
			<val>キャンセル</val>
		</str>
        <str name="Close" translate="yes">
            <val>閉じる</val>
        </str>
		<str name="Quit" translate="yes">
			<val>終了</val>
		</str>
		<str name="SignIn" translate="yes">
			<val>サインイン</val>
		</str>
		<str name="SignInNow" translate="yes">
			<val>今すぐサインイン</val>
		</str>
		<str name="SignInLater" translate="yes">
			<val>後でサインイン</val>
		</str>
		<str name="StartAgain" translate="yes">
			<val>再開</val>
		</str>
		<str name="Retry" translate="yes">
			<val>再試行</val>
		</str>
		<str name="Verify" translate="yes">
			<val>確認</val>
		</str>
		<str name="ConnectLater" translate="yes">
			<val>後で接続</val>
		</str>
	</set>
	
	<set name="DialogueTitle">
		<str name="Quit" translate="yes">
			<val>終了</val>
		</str>
	</set>

	<set name="Welcome">
		<str name="Title" translate="yes">
			<val>ようこそ</val>
		</str>
		<str name="OptionOne" translate="yes">
			<val>シリアル番号でインストールする</val>
		</str>
		<str name="OptionOneInfo" translate="yes">
			<val>インストールにはシリアル番号が必要です。</val>
		</str>
		<str name="OptionTwo" translate="yes">
			<val>サブスクリプションを開始する</val>
		</str>
		<str name="OptionTwoInfo" translate="yes">
			<val>サブスクリプションを持っています。</val>
		</str>
		<str name="OptionThree" translate="yes">
			<val>体験版をインストールする</val>
		</str>
		<str name="OptionThreeInfo" translate="yes">
			<val>期間限定で {0} の体験版を試用します。</val>
		</str>
		<set name="MBLS">
			<str name="OptionOne" translate="yes">
				<val>インストール</val>
			</str>
			<str name="OptionOneInfo" translate="yes">
				<val>購入しました</val>
			</str>
			<str name="OptionTwo" translate="yes">
				<val>試用</val>
			</str>
			<str name="OptionTwoInfo" translate="yes">
				<val>期間限定で {0} の体験版を試用します</val>
			</str>
		</set>
	</set>
	
	<set name="EULA">
		<str name="Title" translate="yes">
			<val>アドビソフトウェア使用許諾契約書</val>
		</str>
		<str name="Para1" translate="yes">
			<val>本契約は、この製品を含め、{0} 製品のインストールと使用に適用されます。同意した契約内容は、www.adobe.com/go/myaccount_jp でご覧いただけます。</val>
		</str>
	</set>

	<set name="Register">
		<str name="Title" translate="yes">
			<val>サインインが必要です</val>
		</str>
		<set name="Trial">
			<str name="FirstTime" translate="yes">
				<val>{0} の体験版を開始するには、Adobe ID を使用してサインインしてください。</val>
			</str>
			<str name="Subsequent" translate="yes">
				<val>Adobe ID ({0}) を使用して体験版を登録します。</val>
			</str>
			<set name="TnC">
				<str name="Title" translate="yes">
					<val>体験版ソフトウェアの利用条件</val>
				</str>
				<str name="Paragraph1" translate="yes">
					<val>お客様に合わせてコンテンツをカスタマイズするために、任意で情報を提供していただく場合があります。このカスタマイズされたコンテンツは、体験版の画面にある「プライバシー設定」にアクセスしていつでも無効にできます。</val>
				</str>
				<str name="Paragraph2" translate="yes">
					<val>お客様の製品の使用についてアドビが収集するデータとその活用方法 (お客様の関心を販売活動にどのように生かすかなど) について詳しくは、{0}ここ{1}をクリックして{2}アドビのプライバシーポリシー{3}を参照してください。</val>
				</str>
			</set>
			<set name="EntitlementInTrial">
				<str name="Title" translate="yes">
					<val>有効なライセンスが見つかりました</val>
				</str>
				<str name="Para1" translate="yes">
					<val>体験版を選択しましたが、Adobe ID ({0}) でこのソフトウェアのフルバージョンにアクセスいただけます。インストール終了後、ライセンス認証されたソフトウェアの使用をお楽しみください。</val>
				</str>
				<str name="Para2" translate="yes">
					<val>「続行」を押すとインストールします。</val>
				</str>
				<str name="DiffAdobeID" translate="yes">
					<val>別の Adobe ID を持っている場合</val>
				</str>
			</set>						
		</set>
		<set name="Serial">
			<str name="Paragraph1" translate="yes">
				<val>{0} のシリアル番号を確認しました。</val>
			</str>
			<str name="Paragraph2" translate="yes">
				<val>この製品をインストールし、お持ちの Adobe ID で登録するには、サインインが必要です。Adobe ID を使用すると、お持ちのシリアル番号を簡単に参照できるほか、Adobe Creative Cloud や Adobe.com/jp コミュニティを利用できます。</val>
			</str>
			<str name="SubsequentParagraph3" translate="yes">
				<val>Adobe ID ({0}) を使用してサインインします。</val>
			</str>
		</set>
		<set name="MBLS">
			<str name="Paragraph1" translate="yes">
				<val>Adobe ID でサインインして、この製品をインストールしてください。Adobe ID を使用すると、アドビのオンラインサービスや Adobe.com コミュニティへのアクセスも簡単です。</val>
			</str>
			<set name="Offline">
				<str name="Title" translate="yes">
					<val>インターネットに接続して再試行してください</val>
				</str>
				<set name="Install">
					<str name="Paragraph1" translate="yes">
						<val>サブスクリプションを開始するにはインターネット接続が必要です。サブスクリプションをお持ちの場合は、インターネットに接続して「再試行」を選択してください。</val>
					</str>
					<str name="Paragraph2" translate="yes">
						<val>シリアル番号をお持ちで、インターネットに今すぐ接続できない場合は、「後で接続」を選択してください。7 日以内にシリアル番号を有効化する必要があります。有効化しないと、ソフトウェアを使用できなくなります。このコンピューターでインターネットに接続できない場合は、インターネットに接続できるデバイスを使用して {0} より詳細情報を入手できます。</val>
					</str>
				</set>
				<set name="Trial">
					<str name="Paragraph1" translate="yes">
						<val>コンピューターがオフラインになっているようで、接続エラーが発生しました。インターネットに接続して、もう一度実行してください。引き続きこの問題が発生する場合は、{0}カスタマーサポート{1}にお問い合わせください。</val>
					</str>
				</set>
			</set>
		</set>
		<str name="NotYou" translate="yes">
			<val>(Adobe ID が違う場合)</val>
		</str>
		<set name="Subscription">
			<set name="FirstTime">
				<str name="Paragraph" translate="yes">
					<val>Adobe ID でサインインして、サブスクリプションにアクセスします。</val>
				</str>
			</set>
			<set name="Subsequent">
				<str name="Title" translate="yes">
					<val>サブスクリプションの確認</val>
				</str>
				<str name="Paragraph" translate="yes">
					<val>ご利用の Adobe ID でサブスクリプションを確認してください : {0}。</val>
				</str>
				<str name="Paragraph2" translate="yes">
					<val>取得可能なアプリケーションを確認します。</val>
				</str>
			</set>
			<set name="EntitlementCallScrim">
				<str name="WaitAMoment" translate="yes">
					<val>お待ちください...</val>
				</str>
			</set>
			
			<set name="OfflineScrim">
				<str name="Title" translate="yes">
					<val>サブスクリプションを開始するには、インターネットに接続してください</val>
				</str>
				<str name="Message" translate="yes">
					<val>インターネットに接続していることを確認して、「再試行」をクリックしてください。引き続きこの問題が発生する場合は、{0}アドビカスタマーサービス{1}にお問い合わせください。</val>
				</str>
			</set>
			
			<set name="NoSubscriptionFound">
	        	<str name="Title" translate="yes">
	        		<val>サブスクリプションが見つかりません</val>
	        	</str>
	        	<str name="ParagraphOneText" translate="yes">
	        		<val>この Adobe ID に関連付けられている {0}{1}{2} サブスクリプションが見つかりませんでした。{3}新しいサブスクリプション{4}を購入するか、「戻る」をクリックして別の Adobe ID を入力してください。サブスクリプションを持っているのにアクセスできない場合は、{5}カスタマーサポート{6}にご連絡ください。</val>
	        	</str>
	        	<str name="ParagraphTwoText" translate="yes">
	        		<val>「{0}再開{1}」をクリックして、体験版でのインストールを選択するか、有効なシリアル番号でインストールすることもできます。</val>	
	        	</str>
	        </set>
		</set>
	</set>
	
	<set name="InstallOptions">
		<str name="Title" translate="yes">
			<val>オプション</val>
		</str>
		<str name="SelectAppInfo" translate="yes">
			<val>オプションをカスタマイズするには製品名をクリックしてください</val>
		</str>
		<str name="NoComponentInfo" translate="yes">
			<val>カスタマイズするコンポーネントはありません。</val>
		</str>
		<str name="Components" translate="yes">
			<val>{0} コンポーネント</val>
		</str>
		<str name="TotalInstall" translate="yes">
			<val>合計サイズ : {0}</val>
		</str>
		<str name="Language" translate="yes">
			<val>言語 :</val>
		</str>
		<str name="Location" translate="yes">
			<val>場所 :</val>
		</str>
		<str name="Available" translate="yes">
			<val>{0} 利用可能</val>
		</str>
		<str name="SpaceRequired" translate="yes">
			<val>必要な容量 : {0}</val>
		</str>
		<str name="SpaceWarning" translate="yes">
			<val>必要な容量 : {0}、利用可能な容量 : {1}</val>
		</str>
        <str name="InsufficientDiskSpace" translate="yes">
			<val>このインストールを完了するために必要なディスク容量がありません。</val>
        </str>
		<str name="DefaultDriveWarning" translate="yes">
			<val>{0} にインストールされるファイルもあります</val>
		</str>
		
		<set name="PayloadError">
			<str name="TrialInstall" translate="yes">
				<val>この製品は体験版としてインストールされます。</val>
			</str>
			<str name="LicensedInstall" translate="yes">
				<val>このソフトウェアのライセンス版がインストールされます。</val>
			</str>
			<str name="AlreadyInstalled" translate="yes">
				<val>この製品の前のバージョンが見つかりました。この製品は元の場所にインストールされます。</val>
			</str>
			<set name="SystemRequirements">
				<set name="OS">
					<str name="Header" translate="yes">
						<val>OS の要件を満たしていません。</val>
					</str>
					<str name="CurrentOS" translate="yes">
						<val>- 使用中の OS : {0} {1}</val>
					</str>
					<str name="MacRecommended" translate="yes">
						<val>- Mac OS {0} またはそれ以上を推奨します。</val>
					</str>
					<str name="MacServer" translate="yes">
						<val>- Mac Server を推奨します。</val>
					</str>
					<str name="WinNotRecommended" translate="yes">
						<val>- {0} は推奨しません。</val>
					</str>
					<str name="SPRecommended" translate="yes">
						<val>- Service Pack {0} を推奨します。</val>
					</str>
					<str name="64BitRecommended" translate="yes">
						<val>- 64-bit OS を推奨します。</val>
					</str>
					<str name="32BitRecommended" translate="yes">
						<val>- 32-bit OS を推奨します。</val>
					</str>
					<str name="MacRequired" translate="yes">
						<val>- Mac OS {0} 以降が必要です。</val>
					</str>
					<str name="MacServerRequired" translate="yes">
						<val>- Mac Server が必要です。</val>
					</str>
					<str name="WinNotRequired" translate="yes">
						<val>- {0} はサポートされていません。</val>
					</str>
					<str name="SPRequired" translate="yes">
						<val>- Service Pack {0} が必要です。</val>
					</str>
					<str name="64BitRequired" translate="yes">
						<val>- 64-bit OS が必要です。</val>
					</str>
					<str name="32BitRequired" translate="yes">
						<val>- 32-bit OS が必要です。</val>
					</str>
				</set>
				<str name="RAM" translate="yes">
					<val>{0} の RAM を推奨します。</val>
				</str>
				<str name="CPU" translate="yes">
					<val>CPU 要件を満たしていません。</val>
				</str>
				<str name="ScreenResolution" translate="yes">
					<val>{0}x{1} 以上の画面解像度を推奨します。</val>
				</str>
				<str name="Footer" translate="yes">
					<val>詳しくは警告アイコンをクリックしてください。</val>
				</str>
			</set>
			<str name="Conflicting" translate="yes">
				<val>{0} と競合するバージョンまたはプレリリースバージョンが、このコンピューター上にあります。競合するバージョンがある場合は、インストールする前に現在のメディアから削除する必要があります。</val>
			</str>
			<str name="AlreadyUpgraded" translate="yes">
				<val>同じ製品の新しいバージョンが既にインストールされています</val>
			</str>
			<str name="Language" translate="yes">
				<val>選択されている言語では使用できません</val>
			</str>
			<str name="RequiredDisabled" translate="yes">
				<val>必須コンポーネントが無効になっています</val>
			</str>
		</set>
		
		<set name="InstallPathError">
			<str name="LongPath" translate="yes">
				<val>選択したインストールパスは長すぎます。</val>
			</str>
			<str name="RootDrive" translate="yes">
				<val>ルートディレクトリにはインストールできません。</val>
			</str>
			<str name="RemovableDrive" translate="yes">
				<val>取り外し可能なフラッシュドライブにはインストールできません。</val>
			</str>
			<str name="MappedDrive" translate="yes">
				<val>マップされたネットワークドライブにはインストールできません。</val>
			</str>
			<str name="CaseSensitive" translate="yes">
				<val>大文字と小文字が区別されるボリュームにはインストールできません。</val>
			</str>
			<str name="LockedPath" translate="yes">
				<val>ロックされた場所にはインストールできません。</val>
			</str>
			<str name="Generic" translate="yes">
				<val>選択した場所にインストールできません。</val>
			</str>
		</set>
		
		<set name="WorkflowNeedClose">
			<str name="Title" translate="yes">
				<val>警告</val>
			</str>
			<str name="Message" translate="yes">
				<val>Adobe Application Manager の別のインスタンスが動作していますが、終了する必要があります。続行するにはインスタンスを終了してください。</val>
			</str>
		</set>
	</set>
	
	<set name="UninstallOptions">
		<str name="Title" translate="yes">
			<val>アンインストールオプション</val>
		</str>
		<str name="RemovePreferences" translate="yes">
			<val>環境設定を削除</val>
		</str>
		<str name="ToolTipInfo" translate="yes">
			<val>選択した製品に関する通知、警告、レポート、その他の環境設定を削除します。</val>
		</str>
	</set>
	
	<set name="Progress">
		<str name="MinutesRemaining" translate="yes">
			<val>残り時間は約 {0} 分 です</val>
		</str>
		<str name="MinuteRemaining" translate="yes">
			<val>残り時間は約 {0} 分です</val>
		</str>
		<str name="LTMinuteRemaining" translate="yes">
			<val>残り時間は 1 分未満です</val>
		</str>
		<str name="PctComplete" translate="yes">
			<val>({0}% 完了)</val>
		</str>
		
		<set name="ConflictingProcess">
			<str name="Title" translate="yes">
				<val>続行するには、次のアプリケーションを終了してください。</val>
			</str>
			<str name="SubText1" translate="yes">
				<val>(アプリケーションを終了した後もこのメッセージが表示される場合は、アプリケーションのプロセスがバックグラウンドで動作し続けている可能性があります。バックグラウンドプロセスの終了方法について詳しくは、{0}こちらを参照してください{1})</val>
			</str>
			<str name="BackgroundProcessesLink" translate="yes">
				<val>http://www.adobe.com/go/learn_bgprocesses_jp</val>
			</str>
			<str name="SubText2" translate="yes">
				<val>終了するアプリケーションのリスト :</val>
			</str>
		</set>
		
		<set name="DiskPrompt">
			<str name="Title" translate="yes">
				<val>続行するにはディスク {0} を挿入してください。</val>
			</str>
		</set>
		
		<set name="Install">
			<str name="Title" translate="yes">
				<val>インストール</val>
			</str>
			<str name="Preparing" translate="yes">
				<val>インストールの準備中...</val>
			</str>
			<str name="Currently" translate="yes">
				<val>{0} をインストール中</val>
			</str>
			<str name="Confirmation" translate="yes">
				<val>インストールをキャンセルしますか？</val>
			</str>
			
			<str name="AdministratorPrivileges" translate="yes">
				<val>インストールするには管理者権限が必要です。管理者としてログインしてください。</val>
			</str>
		</set>
		<set name="Uninstall">
			<str name="Title" translate="yes">
				<val>アンインストール</val>
			</str>
			<str name="Preparing" translate="yes">
				<val>アンインストールの準備中...</val>
			</str>
			<str name="Currently" translate="yes">
				<val>{0} をアンインストール中</val>
			</str>
			<str name="Confirmation" translate="yes">
				<val>アンインストールをキャンセルしますか？</val>
			</str>
			
			<str name="AdministratorPrivileges" translate="yes">
				<val>アンインストールするには管理者権限が必要です。管理者としてログインしてください。</val>
			</str>
		</set>
	</set>
	
	<set name="Success">
		<set name="Install">
			<str name="Title" translate="yes">
				<val>インストール完了</val>
			</str>
			<str name="MyAdobeLink" translate="yes">
				<val>http://www.adobe.com/go/adobemembership_jp</val>
			</str>
			<str name="Link1Text" translate="yes">
				<val>マイアドビ</val>
			</str>
			<str name="Link1" translate="yes">
				<val>http://www.adobe.com/go/adobemembership_jp</val>
			</str>
			<str name="Link2Text" translate="yes">
				<val>ビデオチュートリアル</val>
			</str>
			<str name="Link2" translate="yes">
				<val>http://www.adobe.com/go/adobetv_howto_jp</val>
			</str>
			<str name="AdditionalInfo" translate="yes">
				<val>このアプリケーション、またはアドビ純正ソフトウェアを管理するには、{0} にアクセスしてください。</val>
			</str>
			<str name="BtnLblLaunchNow" translate="yes">
				<val>今すぐ起動</val>
			</str>
			<str name="BtnLblClose" translate="yes">
				<val>閉じる</val>
			</str>
			<set name="PP">
				<str name="CompletedText" translate="yes">
					<val>{0} は正常にインストールされ、使用できるようになりました。</val>
				</str>
				<str name="RestartText" translate="yes">
				<val>使用する前にシステムを再起動することをお勧めします。</val>
				</str>
			</set>
			<set name="Suite">
				<str name="CompletedText" translate="yes">
					<val>次のアプリケーションを使用できるようになりました。</val>
				</str>
				<str name="RestartText" translate="yes">
				<val>これらの一部のものについては、システムを再起動してから使用することをお勧めします。</val>
				</str>
			</set>
		</set>
		
		<set name="Uninstall">
			<str name="Title" translate="yes">
				<val>アンインストール完了</val>
			</str>
			<str name="RestartText" translate="yes">
				<val>システムを再起動してください。</val>
			</str>
			<set name="PP">
				<str name="CompletedText" translate="yes">
					<val>{0} は正常にアンインストールされました。</val>
				</str>
			</set>
			<set name="Suite">
				<str name="CompletedText" translate="yes">
					<val>次のアプリケーションが正常にアンインストールされました。</val>
				</str>
			</set>
		</set>
	</set>
	
    <set name="DoneWithError">
	    <set name="Install">
	        <str name="Title" translate="yes">
	            <val>インストール完了</val>
	        </str>
	        <str name="CompleteText" translate="yes">
	            <val>インストールが完了し、次のアプリケーションが使用できるようになりました。</val>
	        </str>
	        <str name="IncompleteWarning" translate="yes">
	            <val>次の製品の一部のアイテムは、正常にインストールできませんでした。</val>
	        </str>
			<set name="PP">
				<str name="RestartText" translate="yes">
					<val>使用する前にシステムを再起動することをお勧めします。</val>
				</str>
			</set>
			<set name="Suite">
				<str name="RestartText" translate="yes">
					<val>これらの一部のものについては、システムを再起動してから使用することをお勧めします。</val>
				</str>
			</set>
			<set name="Cancelled">
		        <str name="Title" translate="yes">
		            <val>インストールのキャンセル</val>
		        </str>
		        <str name="CompleteText" translate="yes">
	            	<val>「キャンセル」を押す前に次のアプリケーションがインストールされました。これらのアプリケーションは手動でアンインストールできます。</val>
		        </str>
	        </set>
            <str name="DiskSpaceText" translate="yes">
                <val>ディスク容量が不足しています。空き領域を確保してから、もう一度インストールを実行してください。</val>
            </str>
		</set>
	    <set name="Uninstall">
	        <str name="Title" translate="yes">
	            <val>アンインストール完了</val>
	        </str>
	        <str name="CompleteText" translate="yes">
	            <val>次のアプリケーションが正常にアンインストールされました</val>
	        </str>
	        <str name="IncompleteWarning" translate="yes">
	            <val>一部のコンポーネントは、正常にアンインストールできませんでした。</val>
	        </str>
	        <str name="CleanerToolText" translate="yes">
            	<val>{0}Cleaner ツール{1}をダウンロードして実行することで、完全なクリーンアップを行うことができます。</val>
        </str>
	    </set>
    </set>

    <set name="Failure">
	    <set name="Install">
	        <str name="Title" translate="yes">
	            <val>インストール失敗</val>
	        </str>
	        <str name="WarningText" translate="yes">
	            <val>インストール中にエラーが発生しました。</val>
	        </str>
			<str name="InitializeTroubleshootingTips" translate="yes">
			    <val>トラブルシューティングのヒント : {0}1. コンピューターを再起動します。{0}2. スタートアップアイテム、ウイルスチェック、ファイアウォールソフトウェアを含め、すべてのアプリケーションを終了します。{0}3. インストーラーを起動し、アプリケーションを再インストールします。</val>
            </str>
			<str name="TroubleshootingTips" translate="yes">
			    <val>トラブルシューティングのヒント : {0}1. コンピューターを再起動します。{0}2. スタートアップアイテム、ウイルスチェック、ファイアウォールソフトウェアを含め、すべてのアプリケーションを終了します。{0}3. このウィンドウを閉じてから、もう一度インストーラーを起動し、アプリケーションを再インストールします。</val>
            </str>
	        
	        <set name="Cancelled">
		        <str name="Title" translate="yes">
		            <val>インストールのキャンセル</val>
		        </str>
		        <str name="WarningText" translate="yes">
		            <val>インストールがキャンセルされました。後でもう一度実行してください。</val>
		        </str>
	        </set>
	        
	        <set name="AGVFailure">
		        <str name="WarningText" translate="yes">
		            <val>アドビ純正ソフトウェアの確認エラー</val>
		        </str>
		        <str name="ParagraphOneText" translate="yes">
					<val>インストール対象の製品はアドビ純正ソフトウェアではなく、不正コピーのようです。{0}不正コピーについて通知{1}していただくか、{2}カスタマーサポート{3}にお問い合わせください。</val>
		        </str>
		        <str name="ReportPiracyLink" translate="yes">
		            <val>http://www.adobe.com/go/reportpiracy_jp</val>
		        </str>
	        </set>
	        
	        <set name="SyncFail">
	            <str name="WarningText" translate="yes">
	                <val>インストーラーのデータベースに不整合があります。コンピューターを再起動してもう一度インストールを実行してください。</val>
	            </str>
	        </set>
	        
	        <set name="MSIRunning">
	            <str name="ParagraphOneText" translate="yes">
	                <val>この製品をインストールする前に現在実行している別のインストーラーを終了する必要があります。別のインストーラーを終了してください。</val>
	            </str>
	        </set>
	        
	        <set name="DiskSpace">
	            <str name="ParagraphOneText" translate="yes">
	                <val>ディスク容量が不足しています。空き領域を確保してから、もう一度インストールを実行してください。</val>
	            </str>
	        </set>
	    </set>
	    
	    <set name="Uninstall">
	        <str name="Title" translate="yes">
	            <val>アンインストール失敗</val>
	        </str>
	        <str name="WarningText" translate="yes">
	            <val>アンインストール中にエラーが発生しました。</val>
	        </str>
			<str name="InitializeTroubleshootingTips" translate="yes">
			    <val>トラブルシューティングのヒント : {0}1. コンピューターを再起動します。{0}2. スタートアップアイテム、ウイルスチェック、ファイアウォールソフトウェアを含め、すべてのアプリケーションを終了します。{0}3. もう一度アンインストールを実行します。</val>
            </str>
	        <str name="TroubleshootingTips" translate="yes">
			    <val>トラブルシューティングのヒント : {0}1. コンピューターを再起動します。{0}2. スタートアップアイテム、ウイルスチェック、ファイアウォールソフトウェアを含め、すべてのアプリケーションを終了します。{0}3. もう一度アンインストールを実行します。</val>
            </str>
            <str name="CleanerToolText" translate="yes">
            	<val>{0}Cleaner ツール{1}をダウンロードして実行することもできます。</val>
        	</str>
        	<str name="MSIRunning" translate="yes">
	            <val>現在動作している別のインストーラーが終了するまで、この製品のアンインストールを実行することはできません。別のインストーラーを終了してください。</val>
	        </str> 	        
	    </set>
	    
        <set name="InitializationFailed">
            <str name="Paragraph1" translate="yes">
                <val>初期化できませんでした。ファイルが見つからないことが原因の可能性があります。</val>
            </str>
        </set>
        
        <set name="ConflictingPayload">
            <str name="Paragraph1" translate="yes">
                <val>{0} と競合するバージョンまたはプレリリースバージョンが、このコンピューター上にあります。競合するバージョンがある場合は、インストールする前に現在のメディアから削除する必要があります。</val>
            </str>
        </set>
        
        <set name="x64BitOn32Bit">
            <str name="Paragraph1" translate="yes">
                <val>この製品は 64 bit システムにのみインストールできます。</val>
            </str>
        </set>
    </set>
    
	<set name="Common">
		<str name="DefaultProductName" translate="yes">
			<val>アドビ製品</val>
		</str>
		<str name="QuitConfirmation" translate="yes">
            <val>終了しますか？</val>
        </str>
		
        <str name="ErrorSummaryText" translate="yes">
            <val>{0}エラーの概要{1}ファイルが、問題の特定に役立つ可能性があります。</val>
        </str>
        <str name="CustomerSupportText" translate="yes">
            <val>引き続き問題が発生する場合は、{0}カスタマーサポート{1}にお問い合わせください。</val>
        </str>
        <str name="CustomerSupportLink" translate="yes">
            <val>http://www.adobe.com/go/customer_support_jp</val>
        </str>
        <str name="NewSubscriptionLink" translate="yes">
        	<val>http://www.adobe.com/go/products_jp</val>
        </str>
        <str name="CleanerToolLink" translate="yes">
            <val>http://www.adobe.com/go/cscleanertool_jp</val>
        </str>
        
        <str name="SystemRequirementsLink" translate="yes">
            <val>http://www.adobe.com/go/cs_systemreqs_jp</val>
        </str>

		<str name="PrivacyPortalLink" translate="yes">
			<val>http://www.adobe.com/go/adobe_privacy_portal_jp</val>
		</str>
		
		<str name="PrivacyPolicyLink" translate="yes">
			<val>http://www.adobe.com/go/privacy_jp</val>
		</str>
		<str name="GetActivated" translate="yes">
			<val>http://www.adobe.com/go/getactivated_jp</val>
		</str>
		<str name="GB" translate="yes">
			<val>GB</val>
		</str>
		<str name="MB" translate="yes">
			<val>MB</val>
		</str>
		<str name="KB" translate="yes">
			<val>KB</val>
		</str>
		<str name="decimalSeparator" translate="yes">
			<val><![CDATA[ . ]]></val>
		</str>
		<str name="commaSeparator" translate="yes">
			<val>、</val>
		</str>
	</set>
	
	<set name="OSName">
		<str name="6.2.1" translate="no"><val>Windows Server 2012</val></str>
		<str name="6.2.0" translate="no"><val>Windows 8</val></str>
		<str name="Win8" translate="no"><val>Windows 8</val></str>
		<str name="Win7" translate="no"><val>Windows 7</val></str>
		<str name="Server2008R2" translate="no"><val>Windows Server 2008 R2</val></str>
		<str name="Vista" translate="no"><val>Windows Vista</val></str>
		<str name="Server2008" translate="no"><val>Windows Server 2008</val></str>
		<str name="Server2003" translate="no"><val>Windows Server 2003</val></str>
		<str name="XP" translate="no"><val>Windows XP</val></str>
		<str name="2000" translate="no"><val>Windows 2000</val></str>
		<str name="ME" translate="no"><val>Windows ME</val></str>
		<str name="98" translate="no"><val>Windows 98</val></str>
		<str name="NT4.0" translate="no"><val>Windows NT 4.0</val></str>
		<str name="95" translate="no"><val>Windows 95</val></str>
		<str name="UNKNOWN" translate="no"><val>Windows</val></str>
	</set>
	
	<set name="isoToLanguage">
		<str name="en_US" translate="no"><val>English (North America)</val></str>
		<str name="en_GB" translate="no"><val>English (International)</val></str>
		<str name="en_INT" translate="no"><val>English (International)</val></str>
		<str name="en_AE" translate="no"><val>English يدعم العربية</val></str>
		<str name="en_IL" translate="no"><val>English תומך עברית</val></str>
		<str name="en_XC" translate="no"><val>English (Central Europe)</val></str>
		<str name="en_XM" translate="no"><val>English (Middle East)</val></str>
		
		<str name="fr_FR" translate="no"><val>Français</val></str>
		<str name="fr_CA" translate="no"><val>Français (Canada)</val></str>
		<str name="fr_MA" translate="no"><val>Français (Maroc)</val></str>
		<str name="fr_XM" translate="no"><val>Français (Moyen-Orient)</val></str>
		
		<str name="es_ES" translate="no"><val>Español</val></str>
		<str name="es_MX" translate="no"><val>Español (América Latina)</val></str>
		<str name="es_LA" translate="no"><val>Español de América Latina</val></str>
		<str name="es_NA" translate="no"><val>Español Norteamericano</val></str>
		<str name="es_QM" translate="no"><val>Español (Middle East)</val></str>
		
		<str name="ar_AE" translate="no"><val>العربية</val></str>
		<str name="bg_BG" translate="no"><val>Български</val></str>
		<str name="lv_LV" translate="no"><val>Latviešu</val></str>
		<str name="et_EE" translate="no"><val>Eesti</val></str>
		<str name="hr_HR" translate="no"><val>hrvatski</val></str>
		<str name="sl_SI" translate="no"><val>slovenščina</val></str>
		<str name="sk_SK" translate="no"><val>slovenčina</val></str>
		<str name="th_TH" translate="no"><val>ภาษาไทย</val></str>
		<str name="vi_VN" translate="no"><val>Việt</val></str>
		<str name="sq_AL" translate="no"><val>Shqip</val></str>
		<str name="ar_SA" translate="no"><val>العربية</val></str>
		<str name="be_BY" translate="no"><val>Беларуская</val></str>
		<str name="ca_ES" translate="no"><val>Català</val></str>
		<str name="hi_IN" translate="no"><val>हिन्दी</val></str>
		<str name="is_IS" translate="no"><val>Íslenska</val></str>
		<str name="lt_LT" translate="no"><val>Lietuvių</val></str>
		<str name="mk_MK" translate="no"><val>македонски</val></str>
		<str name="nn_NO" translate="no"><val>Norsk (Nynorsk)</val></str>
		<str name="pt_PT" translate="no"><val>Português de Portugal</val></str>
		<str name="sh_YU" translate="no"><val>Srpsko-Hrvatski</val></str>
		<str name="sr_YU" translate="no"><val>Cрпски</val></str>
		<str name="kk_KZ" translate="no"><val>Қазақ</val></str>
		<str name="az_AZ" translate="no"><val>Azərbaycan dili</val></str>
		<str name="no_NO" translate="no"><val>Norwegian</val></str>
		<str name="cs_CZ" translate="no"><val>česky</val></str>
		<str name="de_DE" translate="no"><val>Deutsch</val></str>
		<str name="el_GR" translate="no"><val>Ελληνικά</val></str>
		<str name="he_IL" translate="no"><val>עברית</val></str>
		<str name="hu_HU" translate="no"><val>magyar</val></str>
		<str name="it_IT" translate="no"><val>Italiano</val></str>
		<str name="ja_JP" translate="no"><val>日本語</val></str>
		<str name="ko_KR" translate="no"><val>한국어</val></str>
		<str name="nl_NL" translate="no"><val>Nederlands</val></str>
		<str name="pl_PL" translate="no"><val>polski</val></str>
		<str name="ro_RO" translate="no"><val>Română</val></str>
		<str name="ru_RU" translate="no"><val>русский</val></str>
		<str name="sv_SE" translate="no"><val>Svenska</val></str>
		<str name="tr_TR" translate="no"><val>Türkçe</val></str>
		<str name="uk_UA" translate="no"><val>українська</val></str>
		<str name="zh_CN" translate="no"><val>简体中文</val></str>
		<str name="zh_TW" translate="no"><val>繁體中文</val></str>
		<str name="da_DK" translate="no"><val>Dansk</val></str>
		<str name="fi_FI" translate="no"><val>suomi</val></str>
		<str name="nb_NO" translate="no"><val>Norsk (Bokmål)</val></str>
		<str name="pt_BR" translate="no"><val>Português do Brasil</val></str>
	</set>

</asf>
