<?xml version='1.0' encoding='utf-8'?>
<!DOCTYPE asf SYSTEM "http://ns.adobe.com/asf/asf_1_0.dtd" >
<asf xmlns="http://ns.adobe.com/asf" locale="cs_CZ" version="1.0">
	<set name="ButtonLabel">
		<str name="Quit" translate="yes">
			<val>Konec</val>
		</str>
		<str name="Yes" translate="yes">
			<val>Ano</val>
		</str>
		<str name="Cancel" translate="yes">
			<val>Zrušit</val>
		</str>
		<str name="Browse" translate="yes">
			<val>Procházet</val>
		</str>
		<str name="Retry" translate="yes">
			<val>Zkusit znovu</val>
		</str>
		<str name="Pause" translate="yes">
			<val>Pauza</val>
		</str>
		<str name="Resume" translate="yes">
			<val>Obnovit</val>
		</str>
		<str name="No" translate="yes">
			<val>Ne</val>
		</str>
		<str name="save" translate="yes">
			<val>Uložit</val>
		</str>
		<str name="decline" translate="yes">
			<val>Odmítnout</val>
		</str>
		<str name="accept" translate="yes">
			<val>Přijmout</val>
		</str>
		<str name="cancelInstall" translate="yes">
			<val>Zrušit instalaci</val>
		</str>
		<str name="continue" translate="yes">
			<val>Pokračovat</val>
		</str>
	</set>
	<set name="downloadScreen">
		<str name="title" translate="yes">
			<val>Stáhnout</val>
		</str>
	</set>
	<set name="Updates">
		<str name="regularUp" translate="yes">
			<val>Běžné aktualizace</val>
		</str>
		<str name="regularUpWithReboot" translate="yes">
			<val>Běžné aktualizace. (Je vyžadován restart)</val>
		</str>
		<str name="Update" translate="yes">
			<val>Aktualizace</val>
		</str>
		<str name="UpToDate" translate="yes">
			<val>Aktuální</val>
		</str>
		<str name="newFeatures" translate="yes">
			<val>Nové funkce!</val>
		</str>
		<str name="newFeaturesWtihReboot" translate="yes">
			<val>Nové funkce</val>
		</str>
		<str name="RestartReq" translate="yes">
			<val>(Je vyžadován restart)</val>
		</str>
		<str name="securityUp" translate="yes">
			<val>Aktualizace zabezpečení.</val>
		</str>
		<str name="securityUpWithReboot" translate="yes">
			<val>Aktualizace zabezpečení. (Je vyžadován restart)</val>
		</str>
		<str name="Updates" translate="yes">
			<val>Aktualizace</val>
		</str>
		<str name="UpdatesCount" translate="yes">
			<val>Aktualizace({0})</val>
		</str>
		<str name="Updating" translate="yes">
			<val>Probíhá aktualizace...</val>
		</str>
		<str name="UpdateFail" translate="yes">
			<val>Aktualizace se nezdařila</val>
		</str>
		<str name="Updated" translate="yes">
			<val>Aktualizováno</val>
		</str>
		<str name="UpdateAll" translate="yes">
			<val>Aktualizovat vše</val>
		</str>
		<str name="finishingUp" translate="yes">
			<val>Probíhá dokončení...</val>
		</str>
		<str name="UpdateWait" translate="yes">
			<val>Čeká se na aktualizaci</val>
		</str>
		<str name="NoNewUpdate" translate="yes">
			<val>Vše je v pořádku. Žádné nové aktualizace.</val>
		</str>
		<str name="UpdatingAll" translate="yes">
			<val>Probíhá aktualizace všech aplikací...</val>
		</str>
		<str name="CancellingUpdate" translate="yes">
			<val>Aktualizace se ruší...</val>
		</str>
		<str name="CancelUpdate" translate="yes">
			<val>Zrušit aktualizaci</val>
		</str>
	</set>
	<set name="EulaScreen">
		<str name="title" translate="yes">
			<val>Uživatelská smlouva k softwaru Adobe</val>
		</str>
	</set>
	<set name="NavigationPanel">
		<str name="preferences" translate="yes">
			<val>Moje předvolby</val>
		</str>
		<str name="OnlyPreferences" translate="yes">
			<val>Předvolby</val>
		</str>
		<str name="help" translate="yes">
			<val>Nápověda</val>
		</str>
		<str name="signOut" translate="yes">
			<val>Odhlásit se</val>
		</str>
		<str name="allApps" translate="yes">
			<val>Vše</val>
		</str>
		<str name="allAppsCount" translate="yes">
			<val>Vše ({0})</val>
		</str>
		<str name="newApps" translate="yes">
			<val>Nové aplikace ({0})</val>
		</str>
	</set>

	<set name="PreferenceScreen">
		<str name="title" translate="yes">
			<val>Předvolby</val>
		</str>
		<str name="installOptions" translate="yes">
			<val>Možnosti instalace</val>
		</str>
		<str name="language" translate="yes">
			<val>Jazyk:</val>
		</str>
		<str name="installLocation" translate="yes">
			<val>Umístění instalace:</val>
		</str>
		<str name="useDefaultInstallLocation" translate="yes">
			<val>Použít výchozí umístění…</val>
		</str>
		<str name="usingDefaultInstallLocation" translate="yes">
			<val>Výchozí umístění…</val>
		</str>
		<str name="defaultOptions" translate="yes">
			<val>Vždy používejte výchozí možnosti instalace.</val>
		</str>
		<str name="reportsTitle" translate="yes">
			<val>Zprávy</val>
		</str>
		<str name="analyticsReport" translate="yes">
			<val>Zašlete nám zprávy o stavu instalace a pomožte tak společnosti Adobe vylepšit postupy stahování a instalace.</val>
		</str>
	</set>
	<set name="PreferencePathError">
			<str name="LongPath" translate="yes">
				<val>Vybraná instalační cesta je příliš dlouhá.</val>
			</str>
			<str name="RootDrive" translate="yes">
				<val>Instalace do kořenového adresáře není podporována.</val>
			</str>
			<str name="RemovableDrive" translate="yes">
				<val>Instalace na vyměnitelný disk flash není podporována.</val>
			</str>
			<str name="MappedDrive" translate="yes">
				<val>Instalace na mapovanou síťovou jednotku není podporována.</val>
			</str>
			<str name="CaseSensitive" translate="yes">
				<val>Instalace do svazků rozlišujících malá a velká písmena není podporována.</val>
			</str>
			<str name="LockedPath" translate="yes">
				<val>Instalace do uzamčeného umístění není podporována.</val>
			</str>
			<str name="Generic" translate="yes">
				<val>Nelze nainstalovat do vybraného umístění.</val>
			</str>
		</set>
	<set name="networkErrors">
		<str name="networkDisconnect" translate="yes">
			<val>Připojte se k internetu a poté to zkuste znovu.</val>
		</str>
	</set>
	<set name="fileSystemError">
		<str name="fileWriteError" translate="yes">
			<val>Do umístění {0} nelze zapisovat. Chcete-li pokračovat, vyberte jinou složku.</val>
		</str>
		<str name="writePermissionError" translate="yes">
			<val>Nemáte oprávnění k zápisu do umístění {0}. Povolte zápis do této složky a zkuste to znovu.</val>
		</str>
	</set>
	<set name="Progress">
		<str name="extractionProgress" translate="yes">
			<val>Extrahování...</val>
		</str>
		<str name="extractionWait" translate="yes">
			<val>Čeká se na vyjmutí...</val>
		</str>
		<str name="downloading" translate="yes">
			<val>Probíhá stahování...</val>
		</str>
		<str name="percentComplete" translate="yes">
			<val>{0} % dokončeno</val>
		</str>
		<str name="percentDownloaded" translate="yes">
			<val>{0} % staženo</val>
		</str>
		<str name="percentInstalled" translate="yes">
			<val>{0} % nainstalováno</val>
		</str>
		<str name="percentMbOfMb" translate="yes">
			<val>Probíhá stahování: {0} MB z {1} MB</val>
		</str>
		<str name="percentMbOfGb" translate="yes">
			<val>Probíhá stahování: {0} MB z {1} GB</val>
		</str>
		<str name="percentGbOfGb" translate="yes">
			<val>Probíhá stahování: {0} GB z {1} GB</val>
		</str>
		<str name="minutesRemaining" translate="yes">
			<val>Zbývá přibližně {0} min.</val>
		</str>
		<str name="minuteRemaining" translate="yes">
			<val>Zbývá přibližně {0} min.</val>
		</str>
		<str name="lessThanMinute" translate="yes">
			<val>Méně než minuta.</val>
		</str>
		<str name="calculatingTime" translate="yes">
			<val>Probíhá výpočet zbývajícího času.</val>
		</str>
		<str name="downloadWait" translate="yes">
			<val>Čeká se na stažení...</val>
		</str>
		<str name="downloadCancel" translate="yes">
			<val>Stahování se ruší...</val>
		</str>
		<str name="install" translate="yes">
			<val>Instalovat</val>
		</str>
		<str name="try" translate="yes">
			<val>Vyzkoušet</val>
		</str>
		<str name="installing" translate="yes">
			<val>Probíhá instalace...</val>
		</str>
		<str name="installWait" translate="yes">
			<val>Čeká se na instalaci...</val>
		</str>
		<str name="installCancel" translate="yes">
			<val>Instalace se ruší...</val>
		</str>
		<str name="installComplete" translate="yes">
			<val>Instalace byla dokončena</val>
		</str>
		<str name="closing" translate="yes">
			<val>Ukončuje se...</val>
		</str>
		<str name="alreadyInstalled" translate="yes">
			<val>Nainstalováno</val>
		</str>
		<str name="trialDaysRemaining" translate="yes">
			<val>Zbývající počet dnů zkušební verze: {0}</val>
		</str>
		<str name="trialDayRemaining" translate="yes">
			<val>Zbývá {0} den zkušební verze</val>
		</str>
		<str name="appLaunch" translate="yes">
			<val>Spustit</val>
		</str>
	</set>

	<set name="UpdateErrors">
		<str name="fileWriteError" translate="yes">
			<val>Nelze zapisovat do souboru/složky. Instalaci ukončete a opakujte po vypnutí antiviru, nebo se obraťte na {0}podporu zákazníků{1}.</val>
		</str>
		<str name="genericInstallFailure" translate="yes">
			<val>Při instalaci aktualizace se vyskytla chyba. Po chvíli akci opakujte nebo se obraťte na {0}podporu zákazníků{1}.</val>
		</str>
		<str name="updaterNotRunning" translate="yes">
			<val>Zdá se, že není spuštěn program pro instalaci záplaty. Instalaci nyní ukončete a pokus opakujte později.</val>
		</str>
		<str name="updateNotApplicable" translate="yes">
			<val>Tuto aktualizaci nelze v případě předprodejní či beta verze produktu použít.</val>
		</str>
		<str name="unableToApplySassafras" translate="yes">
			<val>Nelze aktualizovat hlavní produkty. Další informace získáte od správce Sassafras.</val>
		</str>
		<str name="conflictingProcessErrTitle" translate="yes">
			<val>Aktualizace {0}</val>
		</str>
		<str name="patchModeSyncErrorTitle" translate="yes">
			<val>Došlo k potížím!</val>
		</str>
		<str name="appMovedErrTitle" translate="yes">
			<val>Aplikace nenalezena. Pokud byla přesunuta do koše nebo na jiný svazek, obnovte ji. V opačném případě ji znovu nainstalujte.</val>
		</str>
		<str name="adminPriviledgeUpdateErr" translate="yes">
			<val>Aktualizace vyžaduje oprávnění správce. Pokus opakujte, nebo aktualizaci přerušte a pokračujte v ní později.</val>
		</str>
		<str name="aamuAlreadyRunningErr" translate="yes">
			<val>Nástroj Adobe Application Manager je již spuštěn. Před použitím aktualizací zavřete ostatní výskyty aplikace, nebo se obraťte na {0}podporu zákazníků{1}.</val>
		</str>
	</set>

	<set name="DownloadErrors">
		<str name="retryingTitle" translate="yes">
			<val>Probíhá opakovaný pokus...</val>
		</str>
		<str name="commonDownloadErrTitle" translate="yes">
			<val>Chyba stahování</val>
		</str>
		<str name="commonDownloadErr" translate="yes">
			<val>Při stahování došlo k chybě. Klikněte na tlačítko Zkusit znovu nebo se obraťte na {0}podporu zákazníků{1}.</val>
		</str>
		<str name="fatalDownloadErr" translate="yes">
			<val>Došlo k chybě stahování. Obraťte se na {0}podporu zákazníků{1}.</val>
		</str>
		<str name="genericWriteErr" translate="yes">
			<val>Při získávání přístupu k pevnému disku došlo k chybě. Klikněte na možnost Zkusit znovu nebo se obraťte na {0}podporu zákazníků{1}.</val>
		</str>
		<str name="diskSpaceError" translate="yes">
			<val>Nedostatek místa na disku. Uvolněte místo na disku {0} a zkuste to znovu.</val>
		</str>
		<str name="writeError" translate="yes">
			<val>Při zápisu do dočasného umístění souboru došlo k chybě. Pokud problém přetrvává, obraťte se na {0}podporu zákazníků{1}.</val>
		</str>
		<str name="InvalidFile" translate="yes">
			<val>Stažený soubor je pravděpodobně poškozen. Klikněte na tlačítko Zrušit, počkejte několik minut a zkuste to znovu.</val>
		</str>
		<str name="networkUnavailable" translate="yes">
			<val>Servery společnosti Adobe nejsou k dispozici. Ověřte své připojení k Internetu a nastavení brány firewall a pokus opakujte.</val>
		</str>
		<str name="networkUnavailableRetry" translate="yes">
			<val>Server neodpovídá. Zkontrolujte nastavení internetu a brány firewall a poté klikněte na tlačítko Zkusit znovu.</val>
		</str>
		<str name="maxPathErr" translate="yes">
			<val>Cesta pro stažení je příliš dlouhá. Obraťte se na {0}podporu zákazníků{1}.</val>
		</str>
		<str name="pathUnavailable" translate="yes">
			<val>Cesta pro stažení je nedostupná. Zkuste to znovu. Pokud problém přetrvává, obraťte se na {0}podporu zákazníků{1}.</val>
		</str>
		<str name="pathUnavailableFatal" translate="yes">
			<val>Cesta pro stažení je nedostupná. Ukončete aplikaci a zkuste to znovu. Pokud problém přetrvává, obraťte se na {0}podporu zákazníků{1}.</val>
		</str>
	</set>

	<set name="PreferenceErrors">
		<str name="maxPathErr" translate="yes">
			<val>Instalační cesta je příliš dlouhá. V předvolbách vyberte jiné umístění instalace a zkuste to znovu.</val>
		</str>
		<str name="rootPathErr" translate="yes">
			<val>Do kořenové cesty nelze instalovat.</val>
		</str>
		<str name="flashPathErr" translate="yes">
			<val>Na vyměnitelný disk nelze instalovat.</val>
		</str>
		<str name="networkPathErr" translate="yes">
			<val>Na síťovou jednotku nelze instalovat.</val>
		</str>
		<str name="caseSensitivePathErr" translate="yes">
			<val>Na jednotku rozlišující malá a velká písmena nelze instalovat.</val>
		</str>
		<str name="GenericErr" translate="yes">
			<val>Došlo k chybě instalační cesty. V předvolbách vyberte jiné umístění instalace a zkuste to znovu.</val>
		</str>
	</set>
	
	<set name="InstallErrors">
		<str name="installFailed" translate="yes">
			<val>Instalace se nezdařila</val>
		</str>
		<str name="InitializeFailed" translate="yes">
			<val>Instalace produktu se nezdařila. Klepnutím na možnost Zkusit znovu stahování opakujte.</val>
		</str>
		<str name="conflictErr" translate="yes">
			<val>V počítači je nainstalována konfliktní nebo předběžná verze softwaru {0}. Chcete-li pokračovat, ukončete aplikaci a předchozí verzi odinstalujte.</val>
		</str>
		<str name="betaVersionErr" translate="yes">
			<val>V počítači je nainstalována beta verze tohoto produktu. Dříve, než budete pokračovat, tuto verzi ukončete a odinstalujte; kontaktujte {0}podporu zákazníků{1}.</val>
		</str>
		<str name="msiRunningErr" translate="yes">
			<val>Právě probíhá jiná instalace. Vyčkejte, než skončí, a zkuste to znovu.</val>
		</str>
		<str name="aamRunningErr" translate="yes">
			<val>Nástroj Application Manager je již spuštěn. Vyčkejte, než se ukončí, a zkuste to znovu.</val>
		</str>
		<str name="adminPriviledgeErr" translate="yes">
			<val>Instalace vyžaduje oprávnění správce. Pokus opakujte, nebo instalaci přerušte a pokračujte v ní později.</val>
		</str>
		<str name="applicationList" translate="yes">
			<val>- {0}</val>
		</str>
		<str name="LockedPathErr" translate="yes">
			<val>Složka {0} je uzamčena. V předvolbách vyberte jiné umístění instalace nebo odemkněte složku a zkuste to znovu.</val>
		</str>
		<str name="accessPermissionErr" translate="yes">
			<val>Nemáte oprávnění k zápisu do složky {0}. V předvolbách vyberte jiné umístění instalace nebo si zajistěte oprávnění k zápisu a zkuste to znovu.</val>
		</str>
		<str name="installPathErr" translate="yes">
			<val>Došlo k chybě instalační cesty. V předvolbách vyberte jiné umístění instalace a zkuste to znovu.</val>
		</str>
		<str name="systemReqErr" translate="yes">
			<val>Systémové požadavky nejsou splněny. Více podrobností naleznete v článku {0}Minimální systémové požadavky{1}.</val>
		</str>
		<str name="diskSpaceErr" translate="yes">
			<val>Nedostatek místa na disku. V předvolbách vyberte jiné umístění instalace nebo uvolněte místo na disku a zkuste to znovu.</val>
		</str>
		<str name="conflictingProcessErr" translate="yes">
			<val>Chcete-li pokračovat, zavřete následující aplikace:</val>
		</str>
		<str name="conflictingProcessErrTitle" translate="yes">
			<val>{0} Instalace</val>
		</str>
		<str name="SyncFailureError" translate="yes">
			<val>Při instalaci se vyskytla chyba. Restartujte systém a zkuste to znovu.</val>
		</str>
		<str name="criticalInstallErr" translate="yes">
			<val>Při instalaci došlo k chybám. {0}Více podrobností{1}.</val>
		</str>
		<str name="recommendedInstallErr" translate="yes">
			<val>Instalace byla dokončena, ale některé doporučené komponenty se nenainstalovaly správně. {0}Více podrobností{1}.</val>
		</str>
		<str name="mediadbSyncErr" translate="yes">
			<val>Instalace byla dokončena, ale některé komponenty se nenainstalovaly správně. {0}Více podrobností{1}.</val>
		</str>
		<str name="aamCorruptErr" translate="yes">
			<val>Nástroj Adobe Application Manager je poškozen a je nutné jej znovu nainstalovat. Nástroj {0}stáhněte{1}, nebo se obraťte na {2}podporu zákazníků{3}.</val>
		</str>
		<str name="doneWithError" translate="yes">
			<val>Instalace byla dokončena, ale některé volitelné komponenty se nenainstalovaly správně. {0}Více podrobností{1}.</val>
		</str>
		<str name="relaunchAAM" translate="yes">
			<val>Došlo k potížím. Problém by mělo být možné napravit ukončením nástroje Adobe Application Manager a opakováním dané akce.</val>
		</str>
	</set>

	<set name="ExtractionErrors">
		<str name="badPathErr" translate="yes">
			<val>Vyjmutí stažených souborů se nezdařilo. Klepnutím na možnost Zkusit znovu stahování opakujte.</val>
		</str>
		<str name="diskSpaceErr" translate="yes">
			<val>Na disku je nedostatek místa k extrahování souborů. Uvolněte místo na disku {0} a zkuste to znovu.</val>
		</str>
		<str name="writePermissionErr" translate="yes">
			<val>Složka {0} nebyla nalezena nebo je chráněna. Vytvořte cestu, ujistěte se, že máte oprávnění k zápisu, a zkuste to znovu.</val>
		</str>
		<str name="maxPathErr" translate="yes">
			<val>Extrahování souborů do dočasné složky se nezdařilo. Obraťte se na {1}podporu zákazníků{2}.</val>
		</str>
		<str name="genericExtractionErr" translate="yes">
			<val>Extrahování souborů se nezdařilo. Klepnutím na možnost Zkusit znovu je stáhněte znovu nebo se obraťte na {0}podporu zákazníků{1}.</val>
		</str>
	</set>
	<set name="CommonErrors">
		<str name="errorBracket" translate="yes">
			<val> ({0})</val>
		</str>
	</set>

	<set name="authProxy">
		<str name="authTitle" translate="yes">
			<val>Ještě jedna věc...</val>
		</str>
		<str name="authDesc" translate="yes">
			<val>Je třeba zadat uživatelské jméno a heslo proxy. K této situaci dochází, pokud je aktivní brána firewall.</val>
		</str>
		<str name="userName" translate="yes">
			<val>Uživatelské jméno:</val>
		</str>
		<str name="password" translate="yes">
			<val>Heslo:</val>
		</str>
		<str name="rememberCredentials" translate="yes">
			<val>Zapamatovat si údaje mé proxy.</val>
		</str>

	</set>

	<set name="Common">
		<str name="GB" translate="yes">
			<val>GB</val>
		</str>
		<str name="launching" translate="yes">
			<val>Spouštění...</val>
		</str>
		<str name="QuitConfirmation" translate="yes">
			<val>Opravdu chcete skončit? Všechna aktivní stahování a instalace budou zrušeny.</val>
		</str>
		<str name="SingleQuitConfirmation" translate="yes">
			<val>Opravdu chcete tuto instalaci zrušit?</val>
		</str>
		<str name="SingleUpdateQuitConfirmation" translate="yes">
			<val>Opravdu chcete tuto aktualizaci zrušit?</val>
		</str>
		<str name="ErrorSummaryText" translate="yes">
			<val>Soubor {0}souhrn chyb{1} vám může pomoci určit problém.</val>
		</str>
		<str name="CustomerSupportText" translate="yes">
			<val>Pokud problémy přetrvají, požádejte o pomoc oddělení {0}podpory zákazníků{1}.</val>
		</str>
		<str name="CustomerSupportLink" translate="yes">
			<val>http://www.adobe.com/go/support_cz</val>
		</str>
		<str name="goSupportLink" translate="yes">
			<val>http://www.adobe.com/go/customer_support_cz</val>
		</str>
		<str name="sysReqLink" translate="yes">
			<val>http://www.adobe.com/go/cc_techspecs_cz</val>
		</str>
		<str name="aamDownloadLink" translate="yes">
			<val>http://www.adobe.com/go/applicationmanager_cz</val>
		</str>
		<str name="MB" translate="yes">
			<val>MB</val>
		</str>
		<str name="KB" translate="yes">
			<val>kB</val>
		</str>
		<str name="of" translate="yes">
			<val>z</val>
		</str>
		<str name="decimalSeparator" translate="yes">
			<val>,</val>
		</str>
		<str name="langFallbackStr" translate="yes">
			<val>(V {0})</val>
		</str>
		<str name="commaSeparator" translate="yes">
			<val>,</val>
		</str>
		<str name="upgradeConfirmation" translate="yes">
			<val>Instalací zkušební verze aplikace {0} zároveň odinstalujete předchozí verze aplikace {1}.</val>
		</str>
		<str name="upgradeConfirmationTitle" translate="yes">
			<val>Poznámka...</val>
		</str>
	</set>
	
	<set name="isoToLanguage">
		<str name="ar_AE" translate="no"><val>العربية</val></str>
		<str name="en_GB" translate="no"><val>English (International)</val></str> 
		<str name="fr_CA" translate="no"><val>Français canadien</val></str>
		<str name="es_QM" translate="no"><val>Español (Middle East)</val></str>
		<str name="es_LA" translate="no"><val>Español de América Latina</val></str>
		<str name="es_NA" translate="no"><val>Español Norteamericano</val></str>
		<str name="bg_BG" translate="no"><val>Български</val></str>
		<str name="lv_LV" translate="no"><val>Latviešu</val></str>
		<str name="et_EE" translate="no"><val>Eesti</val></str>
		<str name="hr_HR" translate="no"><val>hrvatski</val></str>
		<str name="sl_SI" translate="no"><val>slovenščina</val></str>
		<str name="sk_SK" translate="no"><val>slovenčina</val></str>
		<str name="th_TH" translate="no"><val>ภาษาไทย</val></str> 
		<str name="vi_VN" translate="no"><val>Việt</val></str>
		<str name="en_XC" translate="no"><val>English (Central Europe)</val></str> 
		<str name="en_XM" translate="no"><val>English (Middle East)</val></str>
		<str name="fr_XM" translate="no"><val>Français Oriental Moyen</val></str>
		<str name="sq_AL" translate="no"><val>Shqip</val></str> 
		<str name="ar_SA" translate="no"><val>العربية</val></str>
		<str name="be_BY" translate="no"><val>Беларуская</val></str> 
		<str name="ca_ES" translate="no"><val>Català</val></str> 
		<str name="hi_IN" translate="no"><val>हिन्दी</val></str>
		<str name="is_IS" translate="no"><val>Íslenska</val></str> 
		<str name="lt_LT" translate="no"><val>Lietuvių</val></str>
		<str name="mk_MK" translate="no"><val>македонски</val></str>
		<str name="nn_NO" translate="no"><val>Norsk (Nynorsk)</val></str>
		<str name="pt_PT" translate="no"><val>Português de Portugal</val></str> 
		<str name="sh_YU" translate="no"><val>Srpsko-Hrvatski</val></str> 
		<str name="sr_YU" translate="no"><val>Cрпски</val></str> 
		<str name="kk_KZ" translate="no"><val>Қазақ</val></str>
		<str name="az_AZ" translate="no"><val>Azərbaycan dili</val></str> 
		<str name="es_MX" translate="no"><val>Español (América Latina)</val></str>
		<str name="no_NO" translate="no"><val>Norwegian</val></str> 
		<str name="cs_CZ" translate="no"><val>Česky</val></str>
		<str name="de_DE" translate="no"><val>Deutsch</val></str>
		<str name="el_GR" translate="no"><val>Ελληνικά</val></str>
		<str name="en_US" translate="no"><val>English (North America)</val></str> 
		<str name="es_ES" translate="no"><val>Español</val></str> 
		<str name="fr_FR" translate="no"><val>Français</val></str>
		<str name="he_IL" translate="no"><val>עברית</val></str> 
		<str name="hu_HU" translate="no"><val>Magyar</val></str> 
		<str name="it_IT" translate="no"><val>Italiano</val></str>
		<str name="ja_JP" translate="no"><val>日本語</val></str>
		<str name="ko_KR" translate="no"><val>한국어</val></str>
		<str name="nl_NL" translate="no"><val>Nederlands</val></str>
		<str name="pl_PL" translate="no"><val>Polski</val></str>
		<str name="ro_RO" translate="no"><val>Română</val></str>
		<str name="ru_RU" translate="no"><val>Pусский</val></str>
		<str name="sv_SE" translate="no"><val>Svenska</val></str>
		<str name="tr_TR" translate="no"><val>Türkçe</val></str>
		<str name="uk_UA" translate="no"><val>Українська</val></str>
		<str name="zh_CN" translate="no"><val>简体中文</val></str>
		<str name="zh_TW" translate="no"><val>繁體中文</val></str>
		<str name="da_DK" translate="no"><val>Dansk</val></str>
		<str name="fi_FI" translate="no"><val>Suomi</val></str>
		<str name="nb_NO" translate="no"><val>Norsk (Bokmål)</val></str> 
		<str name="pt_BR" translate="no"><val>Português do Brasil</val></str>
		<str name="en_AE" translate="no"><val>English يدعم العربية</val></str> 
		<str name="en_IL" translate="no"><val>English תומך עברית</val></str> 
		<str name="fr_MA" translate="no"><val>Français (Maroc)</val></str>
    </set>
	
	<set name="isoToFallbackLanguage">
		<str name="ar_AE" translate="no"><val>العربية</val></str>
		<str name="en_GB" translate="yes"><val>angličtině</val></str> 
		<str name="fr_CA" translate="no"><val>Français canadien</val></str>
		<str name="es_QM" translate="no"><val>Español</val></str>
		<str name="es_LA" translate="no"><val>Español de América Latina</val></str>
		<str name="es_NA" translate="no"><val>Español Norteamericano</val></str>
		<str name="bg_BG" translate="no"><val>Български</val></str>
		<str name="lv_LV" translate="no"><val>Latviešu</val></str>
		<str name="et_EE" translate="no"><val>Eesti</val></str>
		<str name="hr_HR" translate="no"><val>hrvatski</val></str>
		<str name="sl_SI" translate="no"><val>slovenščina</val></str>
		<str name="sk_SK" translate="no"><val>slovenčina</val></str>
		<str name="th_TH" translate="no"><val>ภาษาไทย</val></str> 
		<str name="vi_VN" translate="no"><val>Việt</val></str>
		<str name="en_XC" translate="yes"><val>angličtině</val></str> 
		<str name="en_XM" translate="yes"><val>angličtině</val></str>
		<str name="fr_XM" translate="no"><val>Français Oriental Moyen</val></str>
		<str name="sq_AL" translate="no"><val>Shqip</val></str> 
		<str name="ar_SA" translate="no"><val>العربية</val></str>
		<str name="be_BY" translate="no"><val>Беларуская</val></str> 
		<str name="ca_ES" translate="no"><val>Català</val></str> 
		<str name="hi_IN" translate="no"><val>हिन्दी</val></str>
		<str name="is_IS" translate="no"><val>Íslenska</val></str> 
		<str name="lt_LT" translate="no"><val>Lietuvių</val></str>
		<str name="mk_MK" translate="no"><val>македонски</val></str>
		<str name="nn_NO" translate="no"><val>Norsk</val></str>
		<str name="pt_PT" translate="no"><val>Português de Portugal</val></str> 
		<str name="sh_YU" translate="no"><val>Srpsko-Hrvatski</val></str> 
		<str name="sr_YU" translate="no"><val>Cрпски</val></str> 
		<str name="kk_KZ" translate="no"><val>Қазақ</val></str>
		<str name="az_AZ" translate="no"><val>Azərbaycan dili</val></str> 
		<str name="es_MX" translate="no"><val>Español</val></str>
		<str name="no_NO" translate="no"><val>Norwegian</val></str> 
		<str name="cs_CZ" translate="no"><val>Česky</val></str>
		<str name="de_DE" translate="no"><val>Deutsch</val></str>
		<str name="el_GR" translate="no"><val>Ελληνικά</val></str>
		<str name="en_US" translate="yes"><val>angličtině</val></str> 
		<str name="es_ES" translate="no"><val>Español</val></str> 
		<str name="fr_FR" translate="no"><val>Français</val></str>
		<str name="he_IL" translate="no"><val>עברית</val></str> 
		<str name="hu_HU" translate="no"><val>Magyar</val></str> 
		<str name="it_IT" translate="no"><val>Italiano</val></str>
		<str name="ja_JP" translate="no"><val>日本語</val></str>
		<str name="ko_KR" translate="no"><val>한국어</val></str>
		<str name="nl_NL" translate="no"><val>Nederlands</val></str>
		<str name="pl_PL" translate="no"><val>Polski</val></str>
		<str name="ro_RO" translate="no"><val>Română</val></str>
		<str name="ru_RU" translate="no"><val>Pусский</val></str>
		<str name="sv_SE" translate="no"><val>Svenska</val></str>
		<str name="tr_TR" translate="no"><val>Türkçe</val></str>
		<str name="uk_UA" translate="no"><val>Українська</val></str>
		<str name="zh_CN" translate="yes"><val>简体中文</val></str>
		<str name="zh_TW" translate="yes"><val>繁體中文</val></str>
		<str name="da_DK" translate="no"><val>Dansk</val></str>
		<str name="fi_FI" translate="no"><val>Suomi</val></str>
		<str name="nb_NO" translate="no"><val>Norsk</val></str> 
		<str name="pt_BR" translate="no"><val>Português do Brasil</val></str>
		<str name="en_AE" translate="no"><val>English يدعم العربية</val></str> 
		<str name="en_IL" translate="no"><val>English תומך עברית</val></str> 
		<str name="fr_MA" translate="no"><val>Français</val></str>
    </set>
	
	<set name="register">
		<set name="subscription">
			<str name="title" translate="yes">
				<val>Je vyžadováno přihlášení</val>
			</str>			
			<str name="message" translate="yes">
				<val>Chcete-li tento produkt používat a zaregistrovat k identifikátoru Adobe ID, je třeba se přihlásit. Identifikátor Adobe ID umožňuje snadný přístup k sériovým číslům, službě Adobe Creative Cloud a komunitě na stránkách Adobe.com.</val>
			</str>
			<str name="userEmail" translate="yes">
				<val>Budete přihlášeni pomocí identifikátoru Adobe ID: {0}.</val>
			</str>
			<str name="notYou" translate="yes">
				<val>(Nejedná se o váš identifikátor Adobe ID?)</val>
			</str>
			<str name="signInNow" translate="yes">
				<val>Přihlásit se nyní</val>
			</str>
			<str name="signIn" translate="yes">
				<val>Přihlásit se</val>
			</str>
			<str name="back" translate="yes">
				<val>Zpět</val>
			</str>
		</set>
	</set>
	<set name="AdobeIdScreen">
		<str name="signinHeader" translate="yes">
			<val>Přihlaste se pomocí svého identifikátoru Adobe ID</val>
		</str>
		<str name="signinSubheader" translate="yes">
			<val>Chceme si být jisti, že získáte všechny správné aplikace</val>
		</str>
		<str name="username" translate="yes">
			<val>Adobe ID:</val>
		</str>
		<str name="password" translate="yes">
			<val>Heslo:</val>
		</str>
		<str name="cancel" translate="yes">
			<val>Zrušit</val>
		</str>
		<str name="Quit" translate="yes">
			<val>Konec</val>
		</str>
		<str name="createAdobeID" translate="yes">
			<val>Vytvořit identifikátor Adobe ID</val>
		</str>
		<str name="forgotYourPassword" translate="yes">
			<val>Zapomněli jste heslo?</val>
		</str>
		<str name="usernameSample" translate="yes">
			<val>jnovak@domena.cz</val>
		</str>
		<str name="save" translate="yes">
			<val>Přihlásit se</val>
		</str>
		<str name="createAdobeIDURL" translate="yes">
			<val>/go/adobemembership_cz</val>
		</str>
		<str name="forgotYourPasswordURL" translate="yes">
			<val>/go/forgetpassword_cz</val>
		</str>
	</set>
	<set name="AdobeIdScreenErrors">
	    <str name="doesNotExist" translate="yes">
			<val>Neznámý identifikátor Adobe ID</val>
		</str>
		<str name="invalidCredentials" translate="yes">
			<val>Identifikátor Adobe ID a heslo nesouhlasí.</val>
		</str>
		<str name="loginDeny" translate="yes">
			<val>Překročili jste maximální počet pokusů o přihlášení. Ukončete aplikaci a zkuste to znovu.</val>
		</str>
		<str name="malformedAdobeId" translate="yes">
			<val>Identifikátor Adobe ID je neplatný.</val>
		</str>
		<str name="networkError" translate="yes">
			<val>Kontaktování společnosti Adobe se nezdařilo. Připojte se k internetu a zkuste to znovu.</val>
		</str>
		<str name="internalError" translate="yes">
			<val>Došlo k interní chybě. Nelze se přihlásit.</val>
		</str>
	</set>
	<set name="OptinDialog">
	    <str name="title" translate="yes">
			<val>Říkali jsme si, že vám dáme vědět.</val>
		</str>
		<str name="optinText" translate="yes">
			<val>Stažením zkušební verze tohoto produktu souhlasíte tím, že my a společnosti, které s námi spolupracují, můžeme využívat vaše údaje a poskytovat vám reklamní materiál prostřednictvím e-mailu, pošty nebo telefonicky, a to v souladu s našimi &lt;a href='{0}'&gt;zásadami ochrany osobních údajů&lt;/a&gt;. Zasílání dalších e-mailů je možné zrušit klepnutím na odkaz pro zrušení odběru, který naleznete v libovolném z e-mailů, které od nás obdržíte.</val>
		</str>
		<str name="privacyLink" translate="yes">
			<val>http://www.adobe.com/go/privacy_cz</val>
		</str>
		<str name="adobeLink" translate="yes">
			<val>http://www.adobe.com/cz/</val>
		</str>
		<str name="cancel" translate="yes">
			<val>Zrušit</val>
		</str>
		<str name="ok" translate="yes">
			<val>OK</val>
		</str>
	</set>
	<set name="EligibleTrialistDialog">
	    <str name="title" translate="yes">
			<val>Okamžik vyčkejte...</val>
		</str>
		<str name="message" translate="yes">
			<val>Aplikace {1} se s ohledem na vámi vybraný jazyk {0} z předvoleb nainstaluje ve zkušební verzi. Než bude možné využívat plnou verzi produktu, upravte v nabídce předvoleb vybraný jazyk na jazyk, který je podporován.</val>
		</str>
		<str name="installTrial" translate="yes">
			<val>Nainstalovat zkušební verzi</val>
		</str>
		<str name="cancel" translate="yes">
			<val>Zrušit</val>
		</str>
		<str name="changePrefs" translate="yes">
			<val>Změna předvoleb</val>
		</str>
	</set>
	<set name="LanguageSelectionDialog">
	    <str name="sl_title" translate="yes">
			<val>Změna jazyka</val>
		</str>
		<str name="sl_message" translate="yes">
			<val>Upravte své {0}Předvolby{1} jazyka z možnosti {2} {3}na {4}{5}, aby vám bylo možné posílat novinky o aktualizacích pro vámi zakoupený produkt {6}{7}{8}.</val>
		</str>
		<str name="changeNow" translate="yes">
			<val>Změnit nyní</val>
		</str>
		<str name="changeLater" translate="yes">
			<val>Změnit později</val>
		</str>
		<str name="ml_title" translate="yes">
			<val>Výběr jazyka</val>
		</str>
		<str name="ml_message" translate="yes">
			<val>Před instalací produktu zvolte preferovaný jazyk.</val>
		</str>
		<str name="ml_info" translate="yes">
			<val>Vaše volba se v nabídce {0}Předvolby{1} zároveň nastaví jako výchozí jazyk, který lze později opět změnit.</val>
		</str>
		<str name="continue" translate="yes">
			<val>Pokračovat</val>
		</str>
	</set>
</asf>
