<?xml version='1.0' encoding='utf-8'?>
<!DOCTYPE asf SYSTEM "http://ns.adobe.com/asf/asf_1_0.dtd" >
<asf xmlns="http://ns.adobe.com/asf" locale="nl_NL" version="1.0">
	
	<set name="common">
		<str name="windowTitle" translate="yes">
			<val>Adobe-product</val>
		</str>
		<str name="day" translate="yes">
			<val>dag</val>
		</str>
		<str name="days" translate="yes">
			<val>dagen</val>
		</str>
	</set>
	
	<set name="eula">
		<str name="eula" translate="yes">
			<val>Softwarelicentieovereenkomst van Adobe</val>
		</str>
		<str name="accept" translate="yes">
			<val>Accepteren</val>
		</str>
		<str name="quit" translate="yes">
			<val>Afsluiten</val>
		</str>		
	</set>

	<set name="register">
		<set name="trial">
			<set name="online">
				<str name="title" translate="yes">
					<val>Aanmelden is vereist</val>
				</str>
				<str name="message" translate="yes">
					<val>Meld u aan met uw Adobe-id om uw proefversie van {0} te gebruiken.</val>
				</str>
				<str name="message_device" translate="yes">
					<val>De proefversie wordt nu geregistreerd voor uw Adobe-id: {0}.</val>
				</str>
				<str name="notYou" translate="yes">
					<val>(Is dit niet uw Adobe-id?)</val>
				</str>
				<str name="signInNow" translate="yes">
					<val>Nu aanmelden</val>
				</str>
				<str name="signIn" translate="yes">
					<val>Aanmelden</val>
				</str>
				<str name="termTitle" translate="yes">
					<val>Voorwaarden voor proefversies van de software.</val>
				</str>
				<str name="termPara1" translate="yes">
					<val>Mogelijk vragen we u optionele informatie op te geven zodat we de inhoud specifiek op u kunnen afstemmen. U kunt deze aangepaste inhoud op elk moment uitschakelen bij de privacyinstellingen in het scherm voor uw ervaringen met de proefversie.</val>
				</str>
				<str name="termPara2" translate="yes">
					<val>Voor meer informatie over de gegevens die we verzamelen over uw gebruik van het product en de wijze waarop Adobe deze gegevens gebruikt, inclusief de wijze waarop wij inhoud afstemmen op uw interesses, klikt u {0}hier{1} en raadpleegt u het {2}Onlineprivacybeleid van Adobe{3}.</val>
				</str>
				<str name="privacyPortalLink" translate="yes">
					<val>http://www.adobe.com/go/adobe_privacy_portal_nl</val>
				</str>
				<str name="privacyPolicyLink" translate="yes">
					<val>http://www.adobe.com/go/privacy_nl</val>
				</str>
			</set>
		</set>
		
		<set name="subscription">
			<str name="title" translate="yes">
				<val>Aanmelden is vereist</val>
			</str>			
			<str name="message" translate="yes">
				<val>Aanmelding is vereist om dit product te installeren en te registeren met uw Adobe-id. Met uw Adobe-id hebt u eenvoudig toegang tot uw serienummers en tot Adobe Creative Cloud en de gemeenschap op Adobe.com.</val>
			</str>
			<str name="userEmail" translate="yes">
				<val>U wordt aangemeld met Adobe-id: {0}.</val>
			</str>
			<str name="notYou" translate="yes">
				<val>(Is dit niet uw Adobe-id?)</val>
			</str>
			<str name="signInNow" translate="yes">
				<val>Nu aanmelden</val>
			</str>
			<str name="signIn" translate="yes">
				<val>Aanmelden</val>
			</str>
			<str name="back" translate="yes">
				<val>Vorige</val>
			</str>
		</set>
		
		
		<set name="serial">
			<set name="grace">
				<str name="title" translate="yes">
					<val>Aanmelden is vereist</val>
				</str>			
				<str name="message" translate="yes">
					<val>U moet zich aanmelden met uw Adobe-id en {0} registreren binnen {1} om te voorkomen dat u de software niet meer kunt gebruiken.</val>
				</str>
				<str name="benefit" translate="yes">
					<val>Met uw Adobe-id hebt u eenvoudig toegang tot uw serienummers en tot Adobe Creative Cloud en de gemeenschap op Adobe.com.</val>
				</str>
				<str name="userEmail" translate="yes">
					<val>U wordt aangemeld met Adobe-id: {0}.</val>
				</str>
				<str name="notYou" translate="yes">
					<val>(Is dit niet uw Adobe-id?)</val>
				</str>
				<str name="signInNow" translate="yes">
					<val>Nu aanmelden</val>
				</str>
				<str name="signIn" translate="yes">
					<val>Aanmelden</val>
				</str>
				<str name="signInLater" translate="yes">
					<val>Later aanmelden</val>
				</str>
			</set>
			
			<set name="post_grace">
				<str name="title" translate="yes">
					<val>Aanmelden is vereist</val>
				</str>			
				<str name="message" translate="yes">
					<val>U moet zich aanmelden met uw Adobe-id en {0} registreren voordat u deze software opnieuw gebruikt.</val>
				</str>
				<str name="benefit" translate="yes">
					<val>Met uw Adobe-id hebt u eenvoudig toegang tot uw serienummers en tot Adobe Creative Cloud en de gemeenschap op Adobe.com.</val>
				</str>
				<str name="userEmail" translate="yes">
					<val>U wordt aangemeld met Adobe-id: {0}.</val>
				</str>
				<str name="notYou" translate="yes">
					<val>(Is dit niet uw Adobe-id?)</val>
				</str>
				<str name="signInNow" translate="yes">
					<val>Nu aanmelden</val>
				</str>
				<str name="signIn" translate="yes">
					<val>Aanmelden</val>
				</str>
				<str name="signInLater" translate="yes">
					<val>Later aanmelden</val>
				</str>
			</set>
		
			<set name="post_bonus">
				<str name="title" translate="yes">
					<val>Aanmelden is vereist</val>
				</str>			
				<str name="message" translate="yes">
					<val>U moet zich aanmelden met uw Adobe-id en de registratie voltooien als u {0} wilt gebruiken.</val>
				</str>
				<str name="benefit" translate="yes">
					<val>Met uw Adobe-id hebt u eenvoudig toegang tot uw serienummers en tot Adobe Creative Cloud en de gemeenschap op Adobe.com.</val>
				</str>
				<str name="userEmail" translate="yes">
					<val>U wordt aangemeld met Adobe-id: {0}.</val>
				</str>
				<str name="notYou" translate="yes">
					<val>(Is dit niet uw Adobe-id?)</val>
				</str>
				<str name="signInNow" translate="yes">
					<val>Nu aanmelden</val>
				</str>
				<str name="signIn" translate="yes">
					<val>Aanmelden</val>
				</str>
				<str name="quit" translate="yes">
					<val>Afsluiten</val>
				</str>
			</set>
		
			<set name="go_online_grace">
				<str name="title" translate="yes">
					<val>Aanmelden is vereist</val>
				</str>			
				<str name="message" translate="yes">
					<val>Maak verbinding met internet. U moet zich aanmelden met uw Adobe-id en {0} registreren binnen {1} om te voorkomen dat u de software niet meer kunt gebruiken.</val>
				</str>
				<str name="benefit" translate="yes">
					<val>Met uw Adobe-id hebt u eenvoudig toegang tot uw serienummers en tot Adobe Creative Cloud en de gemeenschap op Adobe.com.</val>
				</str>
				<str name="userEmail" translate="yes">
					<val>U wordt aangemeld met Adobe-id: {0}.</val>
				</str>
				<str name="notYou" translate="yes">
					<val>(Is dit niet uw Adobe-id?)</val>
				</str>
				<str name="noInternet" translate="yes">
					<val>Hebt u problemen met uw internetverbinding?</val>
				</str>
				<str name="signInNow" translate="yes">
					<val>Nu aanmelden</val>
				</str>
				<str name="signIn" translate="yes">
					<val>Aanmelden</val>
				</str>
				<str name="signInLater" translate="yes">
					<val>Later aanmelden</val>
				</str>
			</set>
		
			<set name="go_online_post_grace">
				<str name="title" translate="yes">
					<val>Aanmelden is vereist</val>
				</str>			
				<str name="message" translate="yes">
					<val>U moet zich aanmelden met uw Adobe-id en {0} registreren voordat u deze software opnieuw gebruikt.</val>
				</str>
				<str name="benefit" translate="yes">
					<val>Met uw Adobe-id hebt u eenvoudig toegang tot uw serienummers en tot Adobe Creative Cloud en de gemeenschap op Adobe.com.</val>
				</str>
				<str name="userEmail" translate="yes">
					<val>U wordt aangemeld met Adobe-id: {0}.</val>
				</str>
				<str name="notYou" translate="yes">
					<val>(Is dit niet uw Adobe-id?)</val>
				</str>
				<str name="noInternet" translate="yes">
					<val>Hebt u problemen met uw internetverbinding?</val>
				</str>
				<str name="signInNow" translate="yes">
					<val>Nu aanmelden</val>
				</str>
				<str name="signIn" translate="yes">
					<val>Aanmelden</val>
				</str>
				<str name="signInLater" translate="yes">
					<val>Later aanmelden</val>
				</str>
			</set>
		
			<set name="go_online_post_bonus">
				<str name="title" translate="yes">
					<val>Aanmelden is vereist</val>
				</str>			
				<str name="message" translate="yes">
					<val>U moet zich aanmelden met uw Adobe-id en de registratie voltooien als u {0} wilt gebruiken.</val>
				</str>
				<str name="benefit" translate="yes">
					<val>Met uw Adobe-id hebt u eenvoudig toegang tot uw serienummers en tot Adobe Creative Cloud en de gemeenschap op Adobe.com.</val>
				</str>
				<str name="userEmail" translate="yes">
					<val>U wordt aangemeld met Adobe-id: {0}.</val>
				</str>
				<str name="noInternet" translate="yes">
					<val>Hebt u problemen met uw internetverbinding?</val>
				</str>
				<str name="notYou" translate="yes">
					<val>(Is dit niet uw Adobe-id?)</val>
				</str>
				<str name="signInNow" translate="yes">
					<val>Nu aanmelden</val>
				</str>
				<str name="signIn" translate="yes">
					<val>Aanmelden</val>
				</str>
				<str name="quit" translate="yes">
					<val>Afsluiten</val>
				</str>
			</set>
		</set>
	</set>
	
	
	<set name="registerOptional">
		<set name="serial">
			<str name="title" translate="yes">
				<val>Product registreren</val>
			</str>			
			<str name="paragraphOneText" translate="yes">
				<val>Registreer {0} met uw Adobe-id.</val>
			</str>
			<str name="paragraphOneTextWithAdobeID" translate="yes">
				<val>Registreer {0} met uw Adobe-id:</val>
			</str>
			<str name="paragraphTwoHeader" translate="yes">
				<val>Wanneer u uw product registreert, profiteert u van het volgende:</val>
			</str>
			<str name="pointOne" translate="yes">
				<val>Toegang tot technische ondersteuning</val>
			</str>
			<str name="pointTwo" translate="yes">
				<val>Uw serienummer bijhouden</val>
			</str>
			<str name="pointThree" translate="yes">
				<val>Als een van de eersten updates en meldingen ontvangen over {0}</val>
			</str>
			<str name="pointFour" translate="yes">
				<val>U ontvangt ook een {0}gratis bonusvoordeel{1} als u zich registreert.</val>
			</str>
			<str name="complementaryBenefitsLink" translate="yes">
				<val>https://www.adobe.com/go/benefit_nl</val>
			</str>
			<str name="notYou" translate="yes">
				<val>(Bent u dit niet?)</val>
			</str>
			<str name="neverCheckBoxText" translate="yes">
				<val>Dit nooit meer weergeven</val>
			</str>
			<str name="registerNow" translate="yes">
				<val>Nu registreren</val>
			</str>
			<str name="skip" translate="yes">
				<val>Overslaan</val>
			</str>
		</set>
	</set>
	
	<set name="trialLaunch">
		<str name="title" translate="yes">
			<val>Proefversie {0}</val>
		</str>
		
		<set name="start">
			<str name="info" translate="yes">
				<val>U kunt dit product {0} dagen uitproberen.</val>
			</str>
			<str name="info_day" translate="yes">
				<val>U kunt dit product {0} dag uitproberen.</val>
			</str>
			<str name="additionalInfo" translate="yes">
				<val>U kunt {0} na afloop van de proefperiode blijven gebruiken als u de software aanschaft.</val>
			</str>
		</set>
		
		<set name="grace">
			<str name="info" translate="yes">
				<val>Uw proefversie verloopt over {0} dagen.</val>
			</str>
			<str name="info_day" translate="yes">
				<val>Uw proefversie verloopt over {0} dag.</val>
			</str>
			<str name="additionalInfo" translate="yes">
				<val>U kunt {0} na afloop van de proefperiode blijven gebruiken als u de software aanschaft.</val>
			</str>
		</set>
		
		<set name="bonus">
			<str name="info" translate="yes">
				<val>Proefversie voor de laatste keer starten</val>
			</str>
			<str name="additionalInfo" translate="yes">
				<val>Uw proefversie is verlopen, maar u kunt {0} nog één keer gebruiken.</val>
			</str>
			<str name="bonusInfo" translate="yes">
				<val>U kunt {0} blijven gebruiken als u de software aanschaft.</val>
			</str>
		</set>
		
		<set name="expired">
			<str name="info" translate="yes">
				<val>Uw proefversie is verlopen.</val>
			</str>
			<str name="additionalInfo" translate="yes">
				<val>U kunt {0} blijven gebruiken als u de software aanschaft.</val>
			</str>
		</set>
		
		<str name="daysRemaining" translate="yes">
			<val>dagen over</val>
		</str>
		<str name="dayRemaining" translate="yes">
			<val>dag over</val>
		</str>
		<str name="buy" translate="yes">
			<val>Nu kopen</val>
		</str>
		<str name="buyLink" translate="no">
			<val>http://www.adobe.com/go/buy</val>
		</str>
		<str name="continue" translate="yes">
			<val>Doorgaan met proefversie</val>
		</str>
		<str name="startTrial" translate="yes">
			<val>Proefversie starten</val>
		</str>
		<str name="enterSerial" translate="yes">
			<val>Licentie voor deze software aanschaffen</val>
		</str>		
	</set>
	
	<set name="deactivate">
		<str name="title" translate="yes">
			<val>Deactiveren</val>
		</str>
		<str name="title_Fail" translate="yes">
			<val>Deactivering is mislukt</val>
		</str>
		<str name="infoSubscription" translate="yes">
			<val>Door deactivering van de toepassing wijzigt u uw abonnement niet. Ga naar {0}Abonnementenbeheer{1} als u uw abonnement wilt aanpassen.</val>
		</str>
		<str name="infoSubscriptionCCMTeam" translate="yes">
			<val>Als u een toepassing deactiveert, wordt uw abonnement niet gewijzigd.</val>
		</str>
		<str name="message" translate="yes">
			<val>Door deactivering kunt u uw Adobe-producten op een andere computer activeren, op voorwaarde dat u zich aan de {0}Softwarelicentieovereenkomst{1} houdt. Zorg dat u verbinding hebt met internet voordat u een product deactiveert. U kunt het product weer activeren op deze computer door het serienummer opnieuw in te voeren.</val>
		</str>
		<str name="messageSubscription" translate="yes">
			<val>Door deactivering kunt u uw Adobe-producten op een andere computer activeren, op voorwaarde dat u zich aan de {0}Softwarelicentieovereenkomst{1} houdt. Zorg dat u verbinding hebt met internet voordat u een product deactiveert.</val>
		</str>
		<str name="deActivationMsgError" translate="yes">
			<val>Neem contact op met de {0}Klantenondersteuning{1} als dit probleem zich blijft voordoen. {2}</val>
		</str>
		<str name="customerSupportLink" translate="yes">
			<val>http://www.adobe.com/go/customer_support_nl</val>
		</str>
		<str name="eula_Link" translate="yes">
			<val>http://www.adobe.com/go/eulas_nl</val>
		</str>
		<str name="subscriptionManagerLinkForCC" translate="yes">
			<val> http://www.adobe.com/go/cc_manage_act_nl</val>
		</str>
		<str name="subscriptionManagerLinkForNonCC" translate="yes">
			<val>http://www.adobe.com/go/subscriptionedition_nl</val>
		</str>
		<str name="failure" translate="yes">
			<val>Deactivering is niet voltooid. Probeer het opnieuw.</val>
		</str>
		<str name="deactivate" translate="yes">
			<val>Deactiveren</val>
		</str>		
		<str name="cancel" translate="yes">
			<val>Annuleren</val>
		</str>
		<str name="continue" translate="yes">
			<val>Doorgaan</val>
		</str>
		
		<str name="offline" translate="yes">
			<val>Maak verbinding met internet en probeer het opnieuw</val>
		</str>		
		<str name="offlineMsg" translate="yes">
			<val>Kan niet deactiveren. Controleer of u verbinding hebt met internet en probeer het opnieuw. Neem contact op met de {0}Klantenondersteuning{1} als het probleem zich blijft voordoen.</val>
		</str>	
		<str name="customerSupportLink" translate="yes">
			<val>http://www.adobe.com/go/customer_support_nl</val>
		</str>
	</set>
	
	<set name="trialFailed">
		<str name="title" translate="yes">
			<val>Initialisatie van proefversie is mislukt</val>
		</str>
		<str name="warning" translate="yes">
			<val>De licentieverlening werkt niet meer.</val>
		</str>
		<str name="message" translate="yes">
			<val>Er is een probleem opgetreden met de licentie voor dit product. Installeer het product opnieuw en probeer het nogmaals. Als dit probleem zich blijft voordoen nadat u het product opnieuw hebt geïnstalleerd, moet u voor verdere ondersteuning contact opnemen met de {0}Klantenondersteuning{1}.</val>
		</str>
		<str name="customerSupportLink" translate="yes">
			<val>http://www.adobe.com/go/customer_support_nl</val>
		</str>
		<str name="close" translate="yes">
			<val>Sluiten</val>
		</str>
		<str name="enterSerial" translate="yes">
			<val>Licentie voor deze software aanschaffen</val>
		</str>
	</set>
	
	<set name="validateSerial">
		<str name="title" translate="yes">
			<val>Serienummer valideren</val>
		</str>
		
		<set name="grace">
			<str name="message" translate="yes">
				<val>Maak verbinding met internet om uw serienummer te valideren. U moet de validatie binnen {0} uitvoeren anders kunt u de software niet meer gebruiken.</val>
			</str>
		</set>
		
		<set name="post_grace">
			<str name="message" translate="yes">
				<val>Maak verbinding met internet om uw serienummer te valideren. De volgende keer dat u de software start, moet u verbinding maken met internet anders kunt u de software niet langer gebruiken.</val>
			</str>
		</set>
		
		<set name="post_bonus">
			<str name="message" translate="yes">
				<val>Maak verbinding met internet om uw serienummer te valideren. Zonder activering en validatie van het serienummer kunt u deze software niet gebruiken. Als u wilt doorgaan, moet u verbinding maken met internet.</val>
			</str>
		</set>
		
		<str name="noInternet" translate="yes">
			<val>Hebt u problemen met uw internetverbinding?</val>
		</str>
		<str name="validate" translate="yes">
			<val>Valideren</val>
		</str>
		<str name="connectLater" translate="yes">
			<val>Later verbinding maken</val>
		</str>
		<str name="quit" translate="yes">
			<val>Afsluiten</val>
		</str>
	</set>

	<set name="deactivateSuccess">
		<str name="title" translate="yes">
			<val>Deactivering is voltooid</val>
		</str>
		<str name="message" translate="yes">
			<val>U kunt {0} nu gebruiken op een andere computer. Als u {0} weer op deze computer wilt gebruiken, moet u opnieuw een geldig serienummer opgeven. U kunt ook Proberen selecteren en de Adobe-id invoeren die is gekoppeld aan uw abonnement.</val>
		</str>
		<str name="close" translate="yes">
			<val>Sluiten</val>
		</str>	
	</set>
	
	<set name="offlineScrim">
		<str name="title" translate="yes">
			<val>Maak verbinding met internet en probeer het opnieuw</val>
		</str>
		<str name="message" translate="yes">
			<val>De computer is offline. Een internetverbinding is vereist. Maak verbinding met internet en probeer het opnieuw. Neem contact op met de {0}Klantenservice{1} als dit probleem zich blijft voordoen.</val>
		</str>
		<str name="offlineActivationMsg" translate="yes">
			<val>Als u vanaf deze computer geen verbinding met internet kunt maken, gaat u naar {0} op een apparaat met internetverbinding voor meer informatie.</val>
		</str>
		<str name="offlineActivationLink" translate="yes">
			<val>http://www.adobe.com/go/getactivated_nl</val>
		</str>
		<str name="customerSupportLink" translate="yes">
			<val>http://www.adobe.com/go/customer_support_nl</val>
		</str>
		<str name="retry" translate="yes">
			<val>Opnieuw</val>
		</str>
		<str name="connectLater" translate="yes">
			<val>Later verbinding maken</val>
		</str>
		<str name="cancel" translate="yes">
			<val>Annuleren</val>
		</str>
	</set>
	
	<set name="dspEntitlementOfflineScrim">
		<str name="title" translate="yes">
			<val>Internetverbinding is vereist voor abonnementen</val>
		</str>
		<str name="message" translate="yes">
			<val>U hebt een internetverbinding nodig om een abonnement te starten. Als u een abonnement hebt, maakt u verbinding met internet en kiest u Opnieuw.</val>
		</str>
		<str name="serialInfo" translate="yes">
			<val>Als u een serienummer hebt, kiest u Serienummer invoeren om door te gaan.</val>
		</str>
		<str name="retry" translate="yes">
			<val>Opnieuw</val>
		</str>
		<str name="enterSerialNumber" translate="yes">
			<val>Serienummer invoeren</val>
		</str>
		<str name="cancel" translate="yes">
			<val>Vorige</val>
		</str>
	</set>
	
	<set name="screenLoading">
		<str name="loading" translate="yes">
			<val>Laden...</val>
		</str>
		<str name="validatingSerial" translate="yes">
			<val>Serienummer valideren. Dit kan een paar seconden duren...</val>
		</str>
	</set>
	
	<set name="overActivation">
		<str name="title" translate="yes">
			<val>Serienummer</val>
		</str>
		<str name="stepMessage" translate="yes">
			<val>Het serienummer {0} wordt al gebruikt op het maximaal toegestane aantal computers. U moet een andere computer binnen {1} dagen deactiveren als u dit product wilt gebruiken.</val>
		</str>
		<str name="stepMessageOneDay" translate="yes">
			<val>Het serienummer {0} wordt al gebruikt op het maximaal toegestane aantal computers. U moet een andere computer binnen 1 dag deactiveren als u dit product wilt gebruiken.</val>
		</str>
		<str name="stepMessageBonusLaunch" translate="yes">
			<val>Het serienummer {0} wordt al gebruikt op het maximaal toegestane aantal computers. U moet een andere computer deactiveren of een ander geldig serienummer opgeven als u {1} weer op deze computer wilt gebruiken.</val>
		</str>
		<str name="radioButton1" translate="yes">
			<val>Opnieuw activeren. Ik heb een van mijn andere computers al gedeactiveerd.</val>
		</str>
		<str name="radioButton2" translate="yes">
			<val>Een ander serienummer opgeven.</val>
		</str>
		<str name="continue" translate="yes">
			<val>Doorgaan</val>
		</str>
	</set>
	
	<set name="activationFailure">
		<str name="title" translate="yes">
			<val>Activering is mislukt</val>
		</str>
		<str name="activationStepError" translate="yes">
			<val>We kunnen {0} niet activeren</val>
		</str>
		<str name="activationMsgError" translate="yes">
			<val>Controleer de instellingen van uw internetverbinding en probeer het opnieuw. Neem contact op met de {0}Klantenondersteuning{1} als het probleem zich blijft voordoen. {2}</val>
		</str>
		<str name="customerSupportLink" translate="yes">
			<val>http://www.adobe.com/go/customer_support_nl</val>
		</str>
		<str name="close" translate="yes">
			<val>Sluiten</val>
		</str>
		<str name="retry" translate="yes">
			<val>Opnieuw</val>
		</str>
	</set>
	<set name="activationRequired">
		<str name="title" translate="yes">
			<val>Activering vereist</val>
		</str>
		<str name="activationMsgOneDay" translate="yes">
			<val>Maak verbinding met internet. U moet {0} binnen 1 dag activeren om te voorkomen dat u de software niet meer kunt gebruiken.</val>
		</str>
		<str name="activationMsg" translate="yes">
			<val>Maak verbinding met internet. U moet {0} binnen {1} dagen activeren om te voorkomen dat u de software niet meer kunt gebruiken.</val>
		</str>
		<str name="activationMsgBonus" translate="yes">
			<val>Maak verbinding met internet. U moet {0} vandaag activeren om te voorkomen dat u de software niet meer kunt gebruiken.</val>
		</str>
		<str name="activateLater" translate="yes">
			<val>Later activeren</val>
		</str>
		<str name="retry" translate="yes">
			<val>Nu activeren</val>
		</str>
	</set>
	
	<set name="confirmationDialog">
		<str name="title" translate="yes">
			<val>Afsluiten</val>
		</str>
		<str name="message" translate="yes">
			<val>Weet u zeker dat u wilt afsluiten?</val>
		</str>
		<str name="primaryButtonLabel" translate="yes">
			<val>Ja</val>
		</str>
		<str name="secondaryButtonLabel" translate="yes">
			<val>Nee</val>
		</str>
	</set>
	
	<set name="inAppTrials">
		<str name="loading" translate="yes">
			<val>Laden...</val>
		</str>
		<str name="title" translate="yes">
			<val>Proefversie {0}</val>
		</str>
		<str name="continue" translate="yes">
			<val>Doorgaan met proefversie</val>
		</str>
		<str name="startTrial" translate="yes">
			<val>Proefversie starten</val>
		</str>
		<str name="enterSerial" translate="yes">
			<val>Licentie voor deze software aanschaffen</val>
		</str>
		<str name="privacySettings" translate="yes">
			<val>Privacyinstellingen</val>
		</str>
		<str name="tutorialsList" translate="yes">
			<val>{0} van {1}</val>
		</str>
		<str name="videoLoadingError" translate="yes">
			<val>Fout bij laden van video.</val>
		</str>
		<str name="tryAgain" translate="yes">
			<val>Opnieuw</val>
		</str>
		<str name="exitFullScreen" translate="yes">
			<val>Druk op Esc om de modus Volledig scherm af te sluiten.</val>
		</str>
		<str name="okay" translate="yes">
			<val>OK</val>
		</str>
		<str name="cancel" translate="yes">
			<val>Annuleren</val>
		</str>
		<str name="privacyText" translate="yes">
			<val>Mogelijk vragen we u optionele informatie op te geven, zoals uw ervaringsniveau met de software, zodat we de inhoud specifiek op u kunnen afstemmen.</val>
		</str>
		<str name="privacyPolicyText" translate="yes">
			<val>Voor meer informatie over de gegevens die we verzamelen over uw gebruik van het product en de wijze waarop Adobe deze gegevens gebruikt, inclusief de wijze waarop wij inhoud afstemmen op uw interesses, {0}klikt u hier{1} en raadpleegt u het {2}Onlineprivacybeleid van Adobe{3}</val>
		</str>
		<str name="optInText" translate="yes">
			<val>Weergave van aangepaste inhoud voor proefversie uitschakelen. De volgende keer dat u de proefversie start, wordt er geen aangepaste inhoud weergegeven.</val>
		</str>
		<str name="privacyPortalLink" translate="yes">
			<val>http://www.adobe.com/go/adobe_privacy_portal_nl</val>
		</str>
		<str name="privacyPolicyLink" translate="yes">
			<val>http://www.adobe.com/go/privacy_nl</val>
		</str>		
		
	</set>
	
	<set name="noInternetConnection">
		<str name="title" translate="yes">
			<val>Geen internetverbinding</val>
		</str>
		<str name="para1" translate="yes">
			<val>We kunnen geen internetverbinding vinden op deze computer.</val>
		</str>
		<str name="para2" translate="yes">
			<val>Activering en registratie zijn vereist en moeten binnen {0} dagen worden uitgevoerd. Als deze computer beschikt over een internetverbinding, kunt u het proces binnen een paar minuten voltooien.</val>
		</str>
		<str name="para2_day" translate="yes">
			<val>Activering en registratie zijn vereist en moeten binnen 1 dag worden uitgevoerd. Als deze computer beschikt over een internetverbinding, kunt u het proces binnen een paar minuten voltooien.</val>
		</str>
		<str name="para2_end" translate="yes">
			<val>Activering en registratie zijn vereist en moeten worden uitgevoerd. Als deze computer beschikt over een internetverbinding, kunt u het proces binnen een paar minuten voltooien.</val>
		</str>
		<str name="para2_optional" translate="yes">
			<val>Activering is vereist en moet binnen {0} dagen worden uitgevoerd. Als deze computer beschikt over een internetverbinding, kunt u het proces binnen een paar minuten voltooien.</val>
		</str>
		<str name="para2_day_optional" translate="yes">
			<val>Activering is vereist en moet binnen 1 dag worden uitgevoerd. Als deze computer beschikt over een internetverbinding, kunt u het proces binnen een paar minuten voltooien.</val>
		</str>
		<str name="para2_end_optional" translate="yes">
			<val>Activering is vereist en moet worden uitgevoerd. Als deze computer beschikt over een internetverbinding, kunt u het proces binnen een paar minuten voltooien.</val>
		</str>
		<str name="para3" translate="yes">
			<val>Als deze computer nooit verbinding kan maken met internet, klikt u op Offlineactivering. U hebt een apparaat met internettoegang en het serienummer van het product nodig om de software offline te activeren.</val>
		</str>
		<str name="para3_optional" translate="yes">
			<val>Als deze computer nooit verbinding kan maken met internet, klikt u op Offlineactivering. U hebt een apparaat met internetverbinding en het serienummer van het product nodig om het proces voor offlineactivering te voltooien.</val>
		</str>
		<str name="hyperlinkText" translate="yes">
			<val>Deze computer heeft een internetverbinding. Ik weet niet waardoor het probleem wordt veroorzaakt.</val>
		</str>
		<str name="hyperlinkTooltipText" translate="yes">
			<val>Neem contact op met uw beheerder of de klantenondersteuning van Adobe.</val>
		</str>
		<str name="offlineActivate" translate="yes">
			<val>Offlineactivering</val>
		</str>
		<str name="back" translate="yes">
			<val>Vorige</val>
		</str>
	</set>
	
	<set name="offlineActivation">
		<str name="title" translate="yes">
			<val>Offlineactivering</val>
		</str>
		<set name="StepError">
			<str name="requestCodeExpired" translate="yes">
				<val>Aanvraagcode {0} is verlopen. Gebruik de volgende stappen om de offlineactivering te voltooien.</val>
			</str>
			<str name="requestCodeGenError" translate="yes">
				<val>Kan geen aanvraagcode genereren. Probeer het opnieuw.</val>
			</str>
		</set>
		<str name="para1" translate="yes">
			<val>1. Klik hieronder op Aanvraagcode genereren. Deze computerspecifieke code is 72 uur geldig. Als u het proces niet binnen 72 uur kunt voltooien, kunt u gewoon een nieuwe code aanvragen.</val>
		</str>
		<str name="para2" translate="yes">
			<val>2. Ga op uw apparaat met internettoegang naar Adobe.com/go/getactivated_nl.</val>
		</str>
		<str name="para3" translate="yes">
			<val>3. Voer de code uit stap 1 en uw serienummer in als u hierom wordt gevraagd op de site. Hiermee genereert u een antwoordcode.</val>
		</str>
		<str name="para4" translate="yes">
			<val>4. Voer de antwoordcode in op uw offlinecomputer en klik op Activeren.</val>
		</str>
		<str name="para5" translate="yes">
			<val>Klik op Vorige om uw software online te activeren.</val>
		</str>
		<str name="hyperlinkText" translate="yes">
			<val>Ik wil online gaan en de activering sneller uitvoeren.</val>
		</str>
		<str name="back" translate="yes">
			<val>Vorige</val>
		</str>
		<str name="activateLater" translate="yes">
			<val>Later activeren</val>
		</str>
		<str name="quit" translate="yes">
			<val>Afsluiten</val>
		</str>
		<str name="generateRequestCode" translate="yes">
			<val>Aanvraagcode genereren</val>
		</str>
		<str name="customerSupportLink" translate="yes">
			<val>http://www.adobe.com/go/customer_support_nl</val>
		</str>
	</set>
	
	<set name="offlineActivationCode">
		<str name="title" translate="yes">
			<val>Offlineactivering</val>
		</str>
		<set name="StepError">
			<str name="invalidResponseCode" translate="yes">
				<val>Ingevoerde antwoordcode is ongeldig. Voer de code opnieuw in.</val>
			</str>
			<str name="requestCodeExpired" translate="yes">
				<val>Aanvraagcode {0} is verlopen. Volg onderstaande stappen om de offlineactivering te voltooien.</val>
			</str>
			<str name="verifyError" translate="yes">
				<val>Kan de ingevoerde antwoordcode niet verifiëren. Probeer het opnieuw.</val>
			</str>
		</set>
		<str name="requestCode" translate="yes">
			<val>Aanvraagcode:</val>
		</str>
		<str name="para1" translate="yes">
			<val>U moet binnen {0} een antwoordcode ophalen via www.adobe.com/go/getactivated_nl en de code hieronder invoeren.</val>
		</str>
		<str name="responseCode" translate="yes">
			<val>Antwoordcode:</val>
		</str>
		<str name="hyperlinkText" translate="yes">
			<val>Ik wil online gaan en de activering sneller uitvoeren.</val>
		</str>
		<str name="back" translate="yes">
			<val>Vorige</val>
		</str>
		<str name="activateLater" translate="yes">
			<val>Later activeren</val>
		</str>
		<str name="quit" translate="yes">
			<val>Afsluiten</val>
		</str>
		<str name="activate" translate="yes">
			<val>Activeren</val>
		</str>
		<str name="hour" translate="yes">
			<val>uur</val>
		</str>
		<str name="hours" translate="yes">
			<val>uur</val>
		</str>
		<str name="customerSupportLink" translate="yes">
			<val>http://www.adobe.com/go/customer_support_nl</val>
		</str>
	</set>
	
	<set name="offlineActivationComplete">
		<str name="title" translate="yes">
			<val>Offlineactivering voltooid</val>
		</str>
		<str name="message" translate="yes">
			<val>{0} is geactiveerd en is klaar voor gebruik.</val>
		</str>
		<str name="close" translate="yes">
			<val>Sluiten</val>
		</str>
		<str name="launch" translate="yes">
			<val>Starten</val>
		</str>
	</set>
	
	<set name="unableToActivate">
		<str name="title" translate="yes">
			<val>Activering is mislukt</val>
		</str>
		<str name="warning" translate="yes">
			<val>We kunnen {0} niet activeren</val>
		</str>
		<str name="para1" translate="yes">
			<val>Productactivering is vereist als u dit product wilt gebruiken.</val>
		</str>
		<str name="para2" translate="yes">
			<val>U moet beschikken over een werkende internetverbinding om dit product te activeren. Controleer de verbindingsinstellingen en kies Opnieuw.</val>
		</str>
		<str name="tryAgain" translate="yes">
			<val>Opnieuw</val>
		</str>
		<str name="close" translate="yes">
			<val>Sluiten</val>
		</str>
		<str name="noInternet" translate="yes">
			<val>Hebt u problemen met uw internetverbinding?</val>
		</str>
	</set>
	
	<set name="dspSubscriptionActivated">
		<str name="title" translate="yes">
			<val>Abonnement geactiveerd</val>
		</str>
		<str name="message" translate="yes">
			<val>Hartelijk dank dat u zich hebt geabonneerd op {0}.</val>
		</str>
		<str name="close" translate="yes">
			<val>Sluiten</val>
		</str>
	</set>
	
	<set name="dspOverActivation">
		<str name="title" translate="yes">
			<val>Maximum aantal activeringen overschreden</val>
		</str>
		<str name="warning" translate="yes">
			<val>We kunnen {0} niet activeren.</val>
		</str>
		<str name="message" translate="yes">
			<val>Een abonnement voor dit product met deze Adobe-id is al actief op het maximaal toegestane aantal van twee apparaten. Kies Doorgaan als u de andere apparaten wilt deactiveren en uw abonnement op dit apparaat wilt activeren of kies Licentie voor deze software aanschaffen om u aan te melden met een andere Adobe-id.</val>
		</str>
		<str name="activationPolicy" translate="yes">
			<val>{0}Activeringsbeleid{1}</val>
		</str>
		<str name="activationPolicyLink" translate="yes">
			<val>http://www.adobe.com/go/activation_nl</val>
		</str>
		<str name="licenseThisSoftware" translate="yes">
			<val>Licentie voor deze software aanschaffen</val>
		</str>
		<str name="continue" translate="yes">
			<val>Doorgaan</val>
		</str>
	</set>
	
	<set name="dspAdobeIDMismatch">
		<str name="title" translate="yes">
			<val>Opnieuw proberen</val>
		</str>
		<str name="warning" translate="yes">
			<val>Adobe-id's komen niet overeen</val>
		</str>
		<str name="message" translate="yes">
			<val>De Adobe-id waarmee u zich hebt aangemeld, komt niet overeen met de Adobe-id die is gekoppeld aan dit abonnement. Meld u aan met de Adobe-id die is gekoppeld aan dit abonnement.</val>
		</str>
		<str name="back" translate="yes">
			<val>Vorige</val>
		</str>
		<str name="quit" translate="yes">
			<val>Afsluiten</val>
		</str>
	</set>
	
	<set name="dspSubscriptionExpired">
		<str name="title" translate="yes">
			<val>Abonnement verlengen</val>
		</str>
		<str name="message" translate="yes">
			<val>Ga naar {0}Abonnementenbeheer{1} om uw abonnement voor {2} te verlengen en uw product zonder onderbreking te blijven gebruiken. Als u zojuist uw abonnement hebt verlengd, wacht u vijftien minuten en probeert u het opnieuw.</val>
		</str>
		<str name="messageCCMTeamPara1" translate="yes">
			<val>Neem contact op met de beheerder om het abonnement te verlengen zodat u het product kunt blijven gebruiken.</val>
		</str>
		<str name="messageCCMTeamPara2" translate="yes">
			<val>Als uw abonnement al is verlengd, probeert u het over vijftien minuten opnieuw.</val>
		</str>
		<str name="signedInMessage" translate="yes">
			<val>U bent aangemeld met Adobe-id: {0}. Selecteer Licentie voor deze software aanschaffen als u zich wilt aanmelden met een andere Adobe-id.</val>
		</str>
		<str name="subscriptionManagerLinkForCC" translate="yes">
			<val> http://www.adobe.com/go/cc_manage_act_nl</val>
		</str>
		<str name="subscriptionManagerLinkForNonCC" translate="yes">
			<val>http://www.adobe.com/go/subscriptionedition_nl</val>
		</str>
		<str name="tryAgain" translate="yes">
			<val>Opnieuw proberen</val>
		</str>
		<str name="close" translate="yes">
			<val>Sluiten</val>
		</str>
		<str name="licenseThisSoftware" translate="yes">
			<val>Licentie voor deze software aanschaffen</val>
		</str>
	</set>
	
	<set name="dspCheckGenericError">
		<str name="title" translate="yes">
			<val>Opnieuw proberen</val>
		</str>
		<str name="warning" translate="yes">
			<val>Kan uw abonnement voor {0} niet starten.</val>
		</str>
		<str name="message" translate="yes">
			<val>Wacht even en probeer het opnieuw.</val>
		</str>
		<str name="tryAgain" translate="yes">
			<val>Opnieuw proberen</val>
		</str>
		<str name="quit" translate="yes">
			<val>Afsluiten</val>
		</str>
	</set>
	
	<set name="dspSubscriptionVerified">
		<str name="title" translate="yes">
			<val>Hartelijk dank</val>
		</str>
		<str name="message" translate="yes">
			<val>Uw abonnement voor {0} is nu actief. Klik op Doorgaan om uw product te gebruiken.</val>
		</str>
		<str name="continue" translate="yes">
			<val>Doorgaan</val>
		</str>
	</set>
	
	<set name="dspSubscriptionReactivation">
		<str name="title" translate="yes">
			<val>Aanmelden is vereist</val>
		</str>
		<str name="message" translate="yes">
			<val>Uit onze gegevens blijkt dat dit abonnement al actief is op een andere computer. U kunt {0} activeren op deze computer door u aan te melden met uw Adobe-id.</val>
		</str>
		<str name="signIn" translate="yes">
			<val>Aanmelden</val>
		</str>
		<str name="quit" translate="yes">
			<val>Afsluiten</val>
		</str>
	</set>
	
	<set name="dspReminder">
		<set name="ccInfoReminder">
			<str name="title" translate="yes">
				<val>Herinnering voor abonnement</val>
			</str>
			<str name="message" translate="yes">
				<val>Uw abonnement verloopt binnenkort.</val>
			</str>
			<str name="info" translate="yes">
				<val>Uit onze gegevens blijkt dat er geen creditcard is gekoppeld aan dit abonnementaccount. Ga naar {0}Abonnementenbeheer{1} en geef een creditcard op om uw abonnement voor {2} te verlengen en uw product zonder onderbreking te blijven gebruiken.</val>
			</str>
			<str name="infoCCMTeam" translate="yes">
				<val>Neem contact op met de beheerder om ervoor te zorgen dat u dit product kunt blijven gebruiken.</val>
			</str>
		</set>
		
		<set name="graceReminder">
			<str name="title" translate="yes">
				<val>Abonnement verlopen</val>
			</str>
			<str name="message" translate="yes">
				<val>Uw abonnement voor {0} is verlopen.</val>
			</str>
			<str name="info" translate="yes">
				<val>Ga naar {0}Abonnementenbeheer{1} om uw abonnement voor {2} te verlengen en uw product zonder onderbreking te blijven gebruiken. Er geldt een korte respijtperiode waarbinnen u uw abonnement kunt verlengen. Wanneer deze is verlopen, kunt u dit product niet langer gebruiken.</val>
			</str>
			<str name="infoCCMTeam" translate="yes">
				<val>Neem contact op met de beheerder om het abonnement te verlengen zodat u het product zonder onderbreking kunt blijven gebruiken. Er geldt een korte respijtperiode waarbinnen u uw abonnement kunt verlengen. Wanneer deze periode is verlopen, kunt u dit product niet langer gebruiken.</val>
			</str>
		</set>
		<set name="combinedSubIssueReminder">
			<str name="title" translate="yes">
				<val>We kunnen uw lidmaatschap niet verifiëren</val>
			</str>
			<str name="message" translate="yes">
				<val>U bent offline of er is een factureringsprobleem voor uw account. Ga online om uw account te beheren en uw factureringsgegevens te verifiëren. Neem contact op met de {0}Klantenondersteuning{1} bij problemen of vragen.</val>
			</str>
			<str name="messageCCMTeam1" translate="yes">
				<val>U bent offline of er is een factureringsprobleem voor uw teamaccount. Neem contact op met uw beheerder om het factureringsprobleem op te lossen.</val>
			</str>
			<str name="messageCCMTeam2" translate="yes">
				<val> Neem contact op met de {0}Klantenondersteuning{1} als u nog andere vragen hebt.</val>
			</str>
			<str name="offlineError" translate="yes">
				<val>Ga online zodat we het probleem kunnen oplossen of klik op Doorgaan om offline te blijven en later een herinnering van ons te ontvangen.</val>
			</str>
		</set>
		
		<str name="subscriptionManagerLinkForCC" translate="yes">
			<val> http://www.adobe.com/go/cc_manage_act_nl</val>
		</str>
		<str name="subscriptionManagerLinkForNonCC" translate="yes">
			<val>http://www.adobe.com/go/subscriptionedition_nl</val>
		</str>
		<str name="offline" translate="yes">
			<val>Kan geen verbinding maken met internet. Controleer de verbindingsinstellingen en kies Opnieuw proberen.</val>
		</str>
		<str name="subscriptionPolicy" translate="yes">
			<val>{0}Abonnementsbeleid{1}</val>
		</str>
		<str name="subscriptionPolicyLink" translate="yes">
			<val>http://www.adobe.com/go/subscription_policy_nl</val>
		</str>
		<str name="customerSupportLink" translate="yes">
			<val>http://www.adobe.com/go/customer_support_nl</val>
		</str>
		<str name="daysRemaining" translate="yes">
			<val>dagen over</val>
		</str>
		<str name="dayRemaining" translate="yes">
			<val>dag over</val>
		</str>
		<str name="continue" translate="yes">
			<val>Doorgaan</val>
		</str>
		<str name="tryAgain" translate="yes">
			<val>Opnieuw proberen</val>
		</str>
		<str name="retry" translate="yes">
			<val>Opnieuw</val>
		</str>
	</set>
	
	<set name="dspSuspended">
		<set name="activationSuspended">
			<str name="title" translate="yes">
				<val>Activering is mislukt</val>
			</str>
			<str name="warning" translate="yes">
				<val>We kunnen {0} niet activeren.</val>
			</str>
			<str name="message" translate="yes">
				<val>De datum op uw computer komt niet overeen met de datum op onze server. De datum op uw computer mag maximaal drie dagen afwijken van de datum op de Adobe-server ({0}).</val>
			</str>
			<str name="info" translate="yes">
				<val>Controleer de datuminstellingen op uw computer en probeer het opnieuw. Neem contact op met de {0}Klantenondersteuning{1} als het probleem zich blijft voordoen.</val>
			</str>
		</set>
		
		<set name="subscriptionSuspended">
			<str name="title" translate="yes">
				<val>Abonnement opgeschort</val>
			</str>
			<str name="warning" translate="yes">
				<val>Het abonnement voor {0} is opgeschort.</val>
			</str>
			<str name="message" translate="yes">
				<val>De datum op uw computer komt niet overeen met de datum op onze server. De datum op uw computer mag maximaal drie dagen afwijken van de datum op de Adobe-server ({0}).</val>
			</str>
			<str name="info" translate="yes">
				<val>Controleer de datuminstellingen op uw computer en probeer het opnieuw. Neem contact op met de {0}Klantenondersteuning{1} als het probleem zich blijft voordoen.</val>
			</str>
		</set>
		
		<set name="subscriptionWindback">
			<str name="title" translate="yes">
				<val>Abonnement opgeschort</val>
			</str>
			<str name="warning" translate="yes">
				<val>Het abonnement voor {0} is opgeschort.</val>
			</str>
			<str name="message" translate="yes">
				<val>De tijd en datum op uw computer zijn onjuist ingesteld. Stel de computerklok in op de huidige tijd en kies Opnieuw proberen. Neem contact op met de {0}Klantenondersteuning{1} als het probleem zich blijft voordoen.</val>
			</str>
		</set>
		
		<str name="customerSupportLink" translate="yes">
			<val>http://www.adobe.com/go/customer_support_nl</val>
		</str>
		<str name="activationPolicy" translate="yes">
			<val>{0}Activeringsbeleid weergeven{1}</val>
		</str>
		<str name="activationPolicyLink" translate="yes">
			<val>http://www.adobe.com/go/activation_nl</val>
		</str>
		<str name="subscriptionPolicy" translate="yes">
			<val>{0}Abonnementsbeleid{1}</val>
		</str>
		<str name="subscriptionPolicyLink" translate="yes">
			<val>http://www.adobe.com/go/subscription_policy_nl</val>
		</str>
		<str name="quit" translate="yes">
			<val>Afsluiten</val>
		</str>
		<str name="tryAgain" translate="yes">
			<val>Opnieuw proberen</val>
		</str>
	</set>
	
	<set name="dateTimeFormats">
		<str name="dateFormat_Long" translate="yes">
			<val>{1} {0} {2}</val>
		</str>
	</set>

	<set name="monthsFull">
		<str name="1" translate="yes">
			<val>jan.</val>
		</str>
		<str name="2" translate="yes">
			<val>feb.</val>
		</str>
		<str name="3" translate="yes">
			<val>mrt.</val>
		</str>
		<str name="4" translate="yes">
			<val>apr.</val>
		</str>
		<str name="5" translate="yes">
			<val>mei</val>
		</str>
		<str name="6" translate="yes">
			<val>jun.</val>
		</str>
		<str name="7" translate="yes">
			<val>jul.</val>
		</str>
		<str name="8" translate="yes">
			<val>aug.</val>
		</str>
		<str name="9" translate="yes">
			<val>sep.</val>
		</str>
		<str name="10" translate="yes">
			<val>okt.</val>
		</str>
		<str name="11" translate="yes">
			<val>nov.</val>
		</str>
		<str name="12" translate="yes">
			<val>dec.</val>
		</str>
	</set>
	
	<set name="dsp_IMSBusyScrim">
		<str name="WaitAMoment" translate="yes">
			<val>Een ogenblik geduld...</val>
		</str>
	</set>
	
	<set name="dspSubscriptionRevoked">
		<str name="title" translate="yes">
			<val>Abonnement opgeschort</val>
		</str>
		<str name="warning" translate="yes">
			<val>Het abonnement voor {0} is opgeschort.</val>
		</str>
		<str name="message" translate="yes">
			<val>Deze abonnementslicentie is niet langer geldig of is ingetrokken. Neem contact op met de {0}Klantenondersteuning{1}.</val>
		</str>
		<str name="subscriptionPolicy" translate="yes">
			<val>{0}Abonnementsbeleid{1}</val>
		</str>
		<str name="subscriptionPolicyLink" translate="yes">
			<val>http://www.adobe.com/go/subscription_policy_nl</val>
		</str>
		<str name="customerSupportLink" translate="yes">
			<val>http://www.adobe.com/go/customer_support_nl</val>
		</str>
		<str name="quit" translate="yes">
			<val>Afsluiten</val>
		</str>
	</set>
	
	<set name="isoToLanguage">
		<str name="ar_AE" translate="no"><val>العربية</val></str>
		<str name="en_GB" translate="no"><val>English (International)</val></str> 
		<str name="en_INT" translate="no"><val>English (International)</val></str> 
		<str name="fr_CA" translate="no"><val>Français canadien</val></str>
		<str name="es_QM" translate="no"><val>Español (Middle East)</val></str>
		<str name="es_LA" translate="no"><val>Español de América Latina</val></str>
		<str name="es_NA" translate="no"><val>Español Norteamericano</val></str>
		<str name="bg_BG" translate="no"><val>Български</val></str>
		<str name="lv_LV" translate="no"><val>Latviešu</val></str>
		<str name="et_EE" translate="no"><val>Eesti</val></str>
		<str name="hr_HR" translate="no"><val>hrvatski</val></str>
		<str name="sl_SI" translate="no"><val>slovenščina</val></str>
		<str name="sk_SK" translate="no"><val>Slovenčina</val></str>
		<str name="th_TH" translate="no"><val>ภาษาไทย</val></str> 
		<str name="vi_VN" translate="no"><val>Việt</val></str>
		<str name="en_XC" translate="no"><val>English (Central Europe)</val></str> 
		<str name="en_XM" translate="no"><val>English (Middle East)</val></str>
		<str name="fr_XM" translate="no"><val>Français Oriental Moyen</val></str>
		<str name="sq_AL" translate="no"><val>Shqip</val></str> 
		<str name="ar_SA" translate="no"><val>العربية</val></str>
		<str name="be_BY" translate="no"><val>Беларуская</val></str> 
		<str name="ca_ES" translate="no"><val>Català</val></str> 
		<str name="hi_IN" translate="no"><val>हिन्दी</val></str>
		<str name="is_IS" translate="no"><val>Íslenska</val></str> 
		<str name="lt_LT" translate="no"><val>Lietuvių</val></str>
		<str name="mk_MK" translate="no"><val>македонски</val></str>
		<str name="nn_NO" translate="no"><val>Norsk (Nynorsk)</val></str>
		<str name="pt_PT" translate="no"><val>Português de Portugal</val></str> 
		<str name="sh_YU" translate="no"><val>Srpsko-Hrvatski</val></str> 
		<str name="sr_YU" translate="no"><val>Cрпски</val></str> 
		<str name="kk_KZ" translate="no"><val>Қазақ</val></str>
		<str name="az_AZ" translate="no"><val>Azərbaycan dili</val></str> 
		<str name="es_MX" translate="no"><val>Español (América Latina)</val></str>
		<str name="no_NO" translate="no"><val>Norwegian</val></str> 
		<str name="cs_CZ" translate="no"><val>Česky</val></str>
		<str name="de_DE" translate="no"><val>Deutsch</val></str>
		<str name="el_GR" translate="no"><val>Ελληνικά</val></str>
		<str name="en_US" translate="no"><val>English (North America)</val></str> 
		<str name="es_ES" translate="no"><val>Español</val></str> 
		<str name="fr_FR" translate="no"><val>Français</val></str>
		<str name="he_IL" translate="no"><val>עברית</val></str> 
		<str name="hu_HU" translate="no"><val>Magyar</val></str> 
		<str name="it_IT" translate="no"><val>Italiano</val></str>
		<str name="ja_JP" translate="no"><val>日本語</val></str>
		<str name="ko_KR" translate="no"><val>한국어</val></str>
		<str name="nl_NL" translate="no"><val>Nederlands</val></str>
		<str name="pl_PL" translate="no"><val>Polski</val></str>
		<str name="ro_RO" translate="no"><val>Română</val></str>
		<str name="ru_RU" translate="no"><val>Pусский</val></str>
		<str name="sv_SE" translate="no"><val>Svenska</val></str>
		<str name="tr_TR" translate="no"><val>Türkçe</val></str>
		<str name="uk_UA" translate="no"><val>Українська</val></str>
		<str name="zh_CN" translate="no"><val>简体中文</val></str>
		<str name="zh_TW" translate="no"><val>繁體中文</val></str>
		<str name="da_DK" translate="no"><val>Dansk</val></str>
		<str name="fi_FI" translate="no"><val>Suomi</val></str>
		<str name="nb_NO" translate="no"><val>Norsk (Bokmål)</val></str> 
		<str name="pt_BR" translate="no"><val>Português do Brasil</val></str>
		<str name="en_AE" translate="no"><val>English يدعم العربية</val></str> 
		<str name="en_IL" translate="no"><val>English תומך עברית</val></str> 
		<str name="fr_MA" translate="no"><val>Français (Maroc)</val></str>
	</set>
		
</asf>
