<?xml version='1.0' encoding='utf-8'?>
<!DOCTYPE asf SYSTEM "http://ns.adobe.com/asf/asf_1_0.dtd" >
<asf xmlns="http://ns.adobe.com/asf" locale="fr_FR" version="1.0">
	<set name="ButtonLabel">
		<str name="Quit" translate="yes">
			<val>Quitter</val>
		</str>
		<str name="Yes" translate="yes">
			<val>Oui</val>
		</str>
		<str name="Cancel" translate="yes">
			<val>Annuler</val>
		</str>
		<str name="Browse" translate="yes">
			<val>Parcourir</val>
		</str>
		<str name="Retry" translate="yes">
			<val>Réessayer</val>
		</str>
		<str name="Pause" translate="yes">
			<val>Pause</val>
		</str>
		<str name="Resume" translate="yes">
			<val>Reprendre</val>
		</str>
		<str name="No" translate="yes">
			<val>Non</val>
		</str>
		<str name="save" translate="yes">
			<val>Enregistrer</val>
		</str>
		<str name="decline" translate="yes">
			<val>Refuser</val>
		</str>
		<str name="accept" translate="yes">
			<val>Accepter</val>
		</str>
		<str name="cancelInstall" translate="yes">
			<val>Annuler l’installation</val>
		</str>
		<str name="continue" translate="yes">
			<val>Continuer</val>
		</str>
	</set>
	<set name="downloadScreen">
		<str name="title" translate="yes">
			<val>Télécharger</val>
		</str>
	</set>
	<set name="Updates">
		<str name="regularUp" translate="yes">
			<val>Mises à jour classiques</val>
		</str>
		<str name="regularUpWithReboot" translate="yes">
			<val>Mises à jour classiques. (Redémarrage requis)</val>
		</str>
		<str name="Update" translate="yes">
			<val>Mettre à jour</val>
		</str>
		<str name="UpToDate" translate="yes">
			<val>A jour</val>
		</str>
		<str name="newFeatures" translate="yes">
			<val>Nouvelles fonctionnalités !</val>
		</str>
		<str name="newFeaturesWtihReboot" translate="yes">
			<val>Nouvelles fonctionnalités.</val>
		</str>
		<str name="RestartReq" translate="yes">
			<val>(Redémarrage obligatoire)</val>
		</str>
		<str name="securityUp" translate="yes">
			<val>Mises à jour de sécurité.</val>
		</str>
		<str name="securityUpWithReboot" translate="yes">
			<val>Mises à jour de sécurité. (Redémarrage requis)</val>
		</str>
		<str name="Updates" translate="yes">
			<val>Mises à jour</val>
		</str>
		<str name="UpdatesCount" translate="yes">
			<val>Mises à jour ({0})</val>
		</str>
		<str name="Updating" translate="yes">
			<val>Mise à jour en cours...</val>
		</str>
		<str name="UpdateFail" translate="yes">
			<val>Echec de la mise à jour</val>
		</str>
		<str name="Updated" translate="yes">
			<val>Mis à jour</val>
		</str>
		<str name="UpdateAll" translate="yes">
			<val>Tout mettre à jour</val>
		</str>
		<str name="finishingUp" translate="yes">
			<val>Finalisation en cours...</val>
		</str>
		<str name="UpdateWait" translate="yes">
			<val>En attente de mise à jour</val>
		</str>
		<str name="NoNewUpdate" translate="yes">
			<val>Tout est en ordre, aucune nouvelle mise à jour.</val>
		</str>
		<str name="UpdatingAll" translate="yes">
			<val>Mise à jour de toutes les applications...</val>
		</str>
		<str name="CancellingUpdate" translate="yes">
			<val>Annulation de la mise à jour...</val>
		</str>
		<str name="CancelUpdate" translate="yes">
			<val>Annuler la mise à jour</val>
		</str>
	</set>
	<set name="EulaScreen">
		<str name="title" translate="yes">
			<val>Contrat de l’utilisateur du logiciel Adobe</val>
		</str>
	</set>
	<set name="NavigationPanel">
		<str name="preferences" translate="yes">
			<val>Mes préférences</val>
		</str>
		<str name="OnlyPreferences" translate="yes">
			<val>Préférences</val>
		</str>
		<str name="help" translate="yes">
			<val>Aide</val>
		</str>
		<str name="signOut" translate="yes">
			<val>Déconnexion</val>
		</str>
		<str name="allApps" translate="yes">
			<val>Tout</val>
		</str>
		<str name="allAppsCount" translate="yes">
			<val>Tout ({0})</val>
		</str>
		<str name="newApps" translate="yes">
			<val>Nouvelles applications ({0})</val>
		</str>
	</set>

	<set name="PreferenceScreen">
		<str name="title" translate="yes">
			<val>Préférences</val>
		</str>
		<str name="installOptions" translate="yes">
			<val>Options d’installation</val>
		</str>
		<str name="language" translate="yes">
			<val>Langue :</val>
		</str>
		<str name="installLocation" translate="yes">
			<val>Emplacement d’installation :</val>
		</str>
		<str name="useDefaultInstallLocation" translate="yes">
			<val>Utiliser l’emplacement par défaut...</val>
		</str>
		<str name="usingDefaultInstallLocation" translate="yes">
			<val>Emplacement par défaut...</val>
		</str>
		<str name="defaultOptions" translate="yes">
			<val>Toujours utiliser les options d’installation par défaut</val>
		</str>
		<str name="reportsTitle" translate="yes">
			<val>Rapports</val>
		</str>
		<str name="analyticsReport" translate="yes">
			<val>Nous aider à améliorer votre expérience en termes de téléchargement et d’installation en transmettant à Adobe des rapports relatifs à l’état de l’installation</val>
		</str>
	</set>
	<set name="PreferencePathError">
			<str name="LongPath" translate="yes">
				<val>Le chemin d’installation choisi est trop long.</val>
			</str>
			<str name="RootDrive" translate="yes">
				<val>L’installation à un emplacement de lecteur racine n’est pas prise en charge.</val>
			</str>
			<str name="RemovableDrive" translate="yes">
				<val>L’installation sur un lecteur Flash amovible n’est pas prise en charge.</val>
			</str>
			<str name="MappedDrive" translate="yes">
				<val>L’installation sur un lecteur réseau mappé n’est pas prise en charge.</val>
			</str>
			<str name="CaseSensitive" translate="yes">
				<val>L’installation sur des volumes sensibles à la casse n’est pas prise en charge.</val>
			</str>
			<str name="LockedPath" translate="yes">
				<val>L’installation à un emplacement verrouillé n’est pas prise en charge.</val>
			</str>
			<str name="Generic" translate="yes">
				<val>Installation impossible à l’emplacement sélectionné.</val>
			</str>
		</set>
	<set name="networkErrors">
		<str name="networkDisconnect" translate="yes">
			<val>Connectez-vous à Internet, puis réessayez.</val>
		</str>
	</set>
	<set name="fileSystemError">
		<str name="fileWriteError" translate="yes">
			<val>Impossible d’écrire dans {0}. Sélectionnez un autre dossier pour continuer.</val>
		</str>
		<str name="writePermissionError" translate="yes">
			<val>Vous ne disposez pas des droits nécessaires pour écrire dans {0}. Activez les autorisations en écriture pour ce dossier et réessayez.</val>
		</str>
	</set>
	<set name="Progress">
		<str name="extractionProgress" translate="yes">
			<val>Extraction en cours...</val>
		</str>
		<str name="extractionWait" translate="yes">
			<val>Préparation de l’extraction...</val>
		</str>
		<str name="downloading" translate="yes">
			<val>Téléchargement en cours...</val>
		</str>
		<str name="percentComplete" translate="yes">
			<val>{0} % effectué(s)</val>
		</str>
		<str name="percentDownloaded" translate="yes">
			<val>{0} % téléchargé(s)</val>
		</str>
		<str name="percentInstalled" translate="yes">
			<val>{0} % installé(s)</val>
		</str>
		<str name="percentMbOfMb" translate="yes">
			<val>Téléchargement de {0} Mo sur {1} Mo</val>
		</str>
		<str name="percentMbOfGb" translate="yes">
			<val>Téléchargement de {0} Mo sur {1} Go</val>
		</str>
		<str name="percentGbOfGb" translate="yes">
			<val>Téléchargement de {0} Go sur {1} Go</val>
		</str>
		<str name="minutesRemaining" translate="yes">
			<val>environ {0} minutes restantes</val>
		</str>
		<str name="minuteRemaining" translate="yes">
			<val>environ {0} minute restante</val>
		</str>
		<str name="lessThanMinute" translate="yes">
			<val>moins d’une minute</val>
		</str>
		<str name="calculatingTime" translate="yes">
			<val>calcul du temps restant</val>
		</str>
		<str name="downloadWait" translate="yes">
			<val>Téléchargement en attente...</val>
		</str>
		<str name="downloadCancel" translate="yes">
			<val>Annulation du téléchargement...</val>
		</str>
		<str name="install" translate="yes">
			<val>Installer</val>
		</str>
		<str name="try" translate="yes">
			<val>Tester</val>
		</str>
		<str name="installing" translate="yes">
			<val>Installation en cours...</val>
		</str>
		<str name="installWait" translate="yes">
			<val>Préparation de l’installation...</val>
		</str>
		<str name="installCancel" translate="yes">
			<val>Abandon de l’installation...</val>
		</str>
		<str name="installComplete" translate="yes">
			<val>Installation terminée</val>
		</str>
		<str name="closing" translate="yes">
			<val>Fermeture en cours...</val>
		</str>
		<str name="alreadyInstalled" translate="yes">
			<val>Installé</val>
		</str>
		<str name="trialDaysRemaining" translate="yes">
			<val>Version d’évaluation, {0} jours restants</val>
		</str>
		<str name="trialDayRemaining" translate="yes">
			<val>Version d’évaluation, {0} jour restant</val>
		</str>
		<str name="appLaunch" translate="yes">
			<val>Lancer</val>
		</str>
	</set>

	<set name="UpdateErrors">
		<str name="fileWriteError" translate="yes">
			<val>Impossible d’écrire dans le fichier/dossier. Quittez le programme et réessayez après avoir désactivé l’antivirus, ou contactez le {0}service clientèle{1}.</val>
		</str>
		<str name="genericInstallFailure" translate="yes">
			<val>Une erreur s’est produite lors de l’installation de cette mise à jour. Veuillez réessayer ultérieurement ou contacter le {0}service clientèle{1}.</val>
		</str>
		<str name="updaterNotRunning" translate="yes">
			<val>Erreur de fonctionnement du programme d’installation des correctifs. Quittez et relancez la mise à jour ultérieurement.</val>
		</str>
		<str name="updateNotApplicable" translate="yes">
			<val>Cette mise à jour n’est pas applicable aux versions préliminaires/bêta de ce produit.</val>
		</str>
		<str name="unableToApplySassafras" translate="yes">
			<val>Impossible de mettre à jour les produits avec clé de licence. Contactez votre administrateur Sassafras pour en savoir plus.</val>
		</str>
		<str name="conflictingProcessErrTitle" translate="yes">
			<val>Mise à jour - {0}</val>
		</str>
		<str name="patchModeSyncErrorTitle" translate="yes">
			<val>Problème détecté !</val>
		</str>
		<str name="appMovedErrTitle" translate="yes">
			<val>Application introuvable. Si elle a été envoyée vers la corbeille ou déplacée vers un autre volume, restaurez-la. Sinon, réinstallez-la.</val>
		</str>
		<str name="adminPriviledgeUpdateErr" translate="yes">
			<val>Des droits d’administrateur sont requis pour la mise à jour. Veuillez réessayer ou cliquer sur Annuler pour remettre la mise à jour à plus tard.</val>
		</str>
		<str name="aamuAlreadyRunningErr" translate="yes">
			<val>Adobe Application Manager est déjà en cours d’exécution ; fermez toutes les autres instances du programme avant d’appliquer les mises à jour. En cas de problème, contactez le {0}service clientèle{1}.</val>
		</str>
	</set>

	<set name="DownloadErrors">
		<str name="retryingTitle" translate="yes">
			<val>Nouvelle tentative...</val>
		</str>
		<str name="commonDownloadErrTitle" translate="yes">
			<val>Erreur de téléchargement</val>
		</str>
		<str name="commonDownloadErr" translate="yes">
			<val>Erreur de téléchargement. Cliquez sur Réessayer pour recommencer ou contactez le {0}service clientèle{1}.</val>
		</str>
		<str name="fatalDownloadErr" translate="yes">
			<val>Erreur de téléchargement. Contactez le {0}service clientèle{1}.</val>
		</str>
		<str name="genericWriteErr" translate="yes">
			<val>Erreur d’accès au disque dur. Cliquez sur Réessayer pour recommencer ou contactez le {0}service clientèle{1}.</val>
		</str>
		<str name="diskSpaceError" translate="yes">
			<val>Espace disque insuffisant. Libérez de l’espace sur {0} et réessayez.</val>
		</str>
		<str name="writeError" translate="yes">
			<val>Erreur d’écriture dans l’emplacement temporaire. Si le problème persiste, contactez le {0}service clientèle{1}.</val>
		</str>
		<str name="InvalidFile" translate="yes">
			<val>Le téléchargement semble corrompu. Cliquez sur Annuler et patientez quelques minutes avant de réessayer.</val>
		</str>
		<str name="networkUnavailable" translate="yes">
			<val>Impossible d’accéder aux serveurs Adobe. Vérifiez votre connexion Internet et vos paramètres de pare-feu, puis réessayez.</val>
		</str>
		<str name="networkUnavailableRetry" translate="yes">
			<val>Aucune réponse du serveur. Vérifiez vos paramètres de pare-feu et de connexion à Internet, puis cliquez sur Réessayer.</val>
		</str>
		<str name="maxPathErr" translate="yes">
			<val>Chemin de téléchargement trop long. Contactez le {0}service clientèle{1}.</val>
		</str>
		<str name="pathUnavailable" translate="yes">
			<val>Chemin de téléchargement indisponible. Veuillez réessayer. Si le problème persiste, contactez le {0}service clientèle{1}.</val>
		</str>
		<str name="pathUnavailableFatal" translate="yes">
			<val>Chemin de téléchargement indisponible. Quittez et réessayez ultérieurement. Si le problème persiste, contactez le {0}service clientèle{1}.</val>
		</str>
	</set>

	<set name="PreferenceErrors">
		<str name="maxPathErr" translate="yes">
			<val>Chemin d’installation trop long. Sélectionnez un autre emplacement d’installation dans vos préférences et réessayez.</val>
		</str>
		<str name="rootPathErr" translate="yes">
			<val>Installation impossible à l’emplacement racine.</val>
		</str>
		<str name="flashPathErr" translate="yes">
			<val>Installation impossible sur un lecteur amovible.</val>
		</str>
		<str name="networkPathErr" translate="yes">
			<val>Installation impossible sur un lecteur réseau.</val>
		</str>
		<str name="caseSensitivePathErr" translate="yes">
			<val>Installation impossible sur un lecteur sensible à la casse.</val>
		</str>
		<str name="GenericErr" translate="yes">
			<val>Erreur au niveau du chemin d’installation. Sélectionnez un autre emplacement d’installation dans vos préférences et réessayez.</val>
		</str>
	</set>
	
	<set name="InstallErrors">
		<str name="installFailed" translate="yes">
			<val>Echec de l’installation</val>
		</str>
		<str name="InitializeFailed" translate="yes">
			<val>Installation du produit impossible. Cliquez sur Réessayer pour relancer le téléchargement.</val>
		</str>
		<str name="conflictErr" translate="yes">
			<val>Il existe une version préliminaire ou non compatible de l’application {0} sur cet ordinateur. Quittez le programme et désinstallez l’ancienne version avant de poursuivre l’installation.</val>
		</str>
		<str name="betaVersionErr" translate="yes">
			<val>Une version bêta de ce produit est présente sur cet ordinateur. Quittez et désinstallez cette version avant de continuer ; contactez le {0}Service clientèle{1}.</val>
		</str>
		<str name="msiRunningErr" translate="yes">
			<val>Un autre programme d’installation est déjà en cours d’exécution. Attendez la fin de son exécution et réessayez.</val>
		</str>
		<str name="aamRunningErr" translate="yes">
			<val>Application Manager est déjà en cours d’exécution. Attendez la fin de son exécution et réessayez.</val>
		</str>
		<str name="adminPriviledgeErr" translate="yes">
			<val>Des droits d’administrateur sont requis pour l’installation. Veuillez réessayer ou cliquer sur Annuler pour remettre l’installation à plus tard.</val>
		</str>
		<str name="applicationList" translate="yes">
			<val>- {0}</val>
		</str>
		<str name="LockedPathErr" translate="yes">
			<val>{0} est verrouillé. Sélectionnez un autre emplacement d’installation dans vos préférences ou déverrouillez le dossier, puis réessayez.</val>
		</str>
		<str name="accessPermissionErr" translate="yes">
			<val>{0} ne permet pas un accès en écriture. Sélectionnez un autre emplacement d’installation dans vos préférences ou octroyez un accès en écriture au dossier, puis réessayez.</val>
		</str>
		<str name="installPathErr" translate="yes">
			<val>Chemin d’installation erroné. Sélectionnez un autre emplacement d’installation dans vos préférences et réessayez.</val>
		</str>
		<str name="systemReqErr" translate="yes">
			<val>Le système ne dispose pas de la configuration requise. Pour en savoir plus, reportez-vous à la {0}configuration minimale requise{1}.</val>
		</str>
		<str name="diskSpaceErr" translate="yes">
			<val>Espace disque insuffisant. Sélectionnez un autre emplacement d’installation dans vos préférences ou libérez de l’espace sur le disque et relancez l’installation.</val>
		</str>
		<str name="conflictingProcessErr" translate="yes">
			<val>Fermez les applications suivantes pour continuer :</val>
		</str>
		<str name="conflictingProcessErrTitle" translate="yes">
			<val>{0} – Installation</val>
		</str>
		<str name="SyncFailureError" translate="yes">
			<val>Une erreur s’est produite au cours de l’installation. Redémarrez le système et réessayez.</val>
		</str>
		<str name="criticalInstallErr" translate="yes">
			<val>Des erreurs se sont produites lors de l’installation. {0}Plus de détails{1}.</val>
		</str>
		<str name="recommendedInstallErr" translate="yes">
			<val>Installation terminée malgré l’échec de l’installation de certains composants recommandés. {0}Plus de détails{1}.</val>
		</str>
		<str name="mediadbSyncErr" translate="yes">
			<val>Installation terminée malgré l’échec de l’installation de certains composants. {0}Plus de détails{1}.</val>
		</str>
		<str name="aamCorruptErr" translate="yes">
			<val>Adobe Application Manager est endommagé et doit être réinstallé. Vous pouvez {0}télécharger{1} à nouveau le logiciel ou contacter le {2}service clientèle{3}.</val>
		</str>
		<str name="doneWithError" translate="yes">
			<val>Installation terminée malgré l’échec de l’installation de certains composants facultatifs. {0}Plus de détails{1}.</val>
		</str>
		<str name="relaunchAAM" translate="yes">
			<val>Le système a rencontré une erreur. Veuillez fermer Adobe Application Manager et réessayer, cela devrait permettre de résoudre le problème.</val>
		</str>
	</set>

	<set name="ExtractionErrors">
		<str name="badPathErr" translate="yes">
			<val>Extraction des fichiers téléchargés impossible. Cliquez sur Réessayer pour relancer le téléchargement.</val>
		</str>
		<str name="diskSpaceErr" translate="yes">
			<val>Espace disque insuffisant pour extraire les fichiers. Libérez de l’espace sur {0} et réessayez.</val>
		</str>
		<str name="writePermissionErr" translate="yes">
			<val>{0} est manquant ou protégé. Créez le chemin, puis vérifiez que vous disposez des autorisations en écriture et réessayez.</val>
		</str>
		<str name="maxPathErr" translate="yes">
			<val>Extraction vers le répertoire temporaire impossible. Contactez le {1}service clientèle{2}.</val>
		</str>
		<str name="genericExtractionErr" translate="yes">
			<val>Extraction des fichiers impossible. Cliquez sur Réessayer pour relancer le téléchargement ou contactez le {0}service clientèle{1}.</val>
		</str>
	</set>
	<set name="CommonErrors">
		<str name="errorBracket" translate="yes">
			<val> ({0})</val>
		</str>
	</set>

	<set name="authProxy">
		<str name="authTitle" translate="yes">
			<val>Une dernière chose...</val>
		</str>
		<str name="authDesc" translate="yes">
			<val>Si vous travaillez derrière un pare-feu notamment, indiquez le nom d’utilisateur et le mot de passe pour le serveur proxy et continuez.</val>
		</str>
		<str name="userName" translate="yes">
			<val>Nom d’utilisateur :</val>
		</str>
		<str name="password" translate="yes">
			<val>Mot de passe :</val>
		</str>
		<str name="rememberCredentials" translate="yes">
			<val>Retenir les informations du serveur proxy</val>
		</str>

	</set>

	<set name="Common">
		<str name="GB" translate="yes">
			<val>Go</val>
		</str>
		<str name="launching" translate="yes">
			<val>Lancement en cours...</val>
		</str>
		<str name="QuitConfirmation" translate="yes">
			<val>Voulez-vous vraiment quitter le programme ? Tous les téléchargements et installations en cours seront abandonnés.</val>
		</str>
		<str name="SingleQuitConfirmation" translate="yes">
			<val>Voulez-vous vraiment annuler cette installation ?</val>
		</str>
		<str name="SingleUpdateQuitConfirmation" translate="yes">
			<val>Voulez-vous vraiment annuler cette mise à jour ?</val>
		</str>
		<str name="ErrorSummaryText" translate="yes">
			<val>Le fichier de {0}récapitulatif des erreurs{1} peut vous aider à identifier le problème.</val>
		</str>
		<str name="CustomerSupportText" translate="yes">
			<val>Si les problèmes persistent, contactez le {0}Service clientèle{1} pour obtenir de l’aide.</val>
		</str>
		<str name="CustomerSupportLink" translate="yes">
			<val>http://www.adobe.com/go/support_fr</val>
		</str>
		<str name="goSupportLink" translate="yes">
			<val>http://www.adobe.com/go/customer_support_fr</val>
		</str>
		<str name="sysReqLink" translate="yes">
			<val>http://www.adobe.com/go/cc_techspecs_fr</val>
		</str>
		<str name="aamDownloadLink" translate="yes">
			<val>http://www.adobe.com/go/applicationmanager_fr</val>
		</str>
		<str name="MB" translate="yes">
			<val>Mo</val>
		</str>
		<str name="KB" translate="yes">
			<val>Ko</val>
		</str>
		<str name="of" translate="yes">
			<val>sur</val>
		</str>
		<str name="decimalSeparator" translate="yes">
			<val>,</val>
		</str>
		<str name="langFallbackStr" translate="yes">
			<val>(en {0})</val>
		</str>
		<str name="commaSeparator" translate="yes">
			<val>,</val>
		</str>
		<str name="upgradeConfirmation" translate="yes">
			<val>L’installation de la version d’essai du logiciel {0} va entraîner la désinstallation des versions antérieures de {1}.</val>
		</str>
		<str name="upgradeConfirmationTitle" translate="yes">
			<val>Attention...</val>
		</str>
	</set>
	
	<set name="isoToLanguage">
		<str name="ar_AE" translate="no"><val>العربية</val></str>
		<str name="en_GB" translate="no"><val>English (International)</val></str> 
		<str name="fr_CA" translate="no"><val>Français canadien</val></str>
		<str name="es_QM" translate="no"><val>Español (Middle East)</val></str>
		<str name="es_LA" translate="no"><val>Español de América Latina</val></str>
		<str name="es_NA" translate="no"><val>Español Norteamericano</val></str>
		<str name="bg_BG" translate="no"><val>Български</val></str>
		<str name="lv_LV" translate="no"><val>Latviešu</val></str>
		<str name="et_EE" translate="no"><val>Eesti</val></str>
		<str name="hr_HR" translate="no"><val>hrvatski</val></str>
		<str name="sl_SI" translate="no"><val>slovenščina</val></str>
		<str name="sk_SK" translate="no"><val>slovenčina</val></str>
		<str name="th_TH" translate="no"><val>ภาษาไทย</val></str> 
		<str name="vi_VN" translate="no"><val>Việt</val></str>
		<str name="en_XC" translate="no"><val>English (Central Europe)</val></str> 
		<str name="en_XM" translate="no"><val>English (Middle East)</val></str>
		<str name="fr_XM" translate="no"><val>Français Oriental Moyen</val></str>
		<str name="sq_AL" translate="no"><val>Shqip</val></str> 
		<str name="ar_SA" translate="no"><val>العربية</val></str>
		<str name="be_BY" translate="no"><val>Беларуская</val></str> 
		<str name="ca_ES" translate="no"><val>Català</val></str> 
		<str name="hi_IN" translate="no"><val>हिन्दी</val></str>
		<str name="is_IS" translate="no"><val>Íslenska</val></str> 
		<str name="lt_LT" translate="no"><val>Lietuvių</val></str>
		<str name="mk_MK" translate="no"><val>македонски</val></str>
		<str name="nn_NO" translate="no"><val>Norsk (Nynorsk)</val></str>
		<str name="pt_PT" translate="no"><val>Português de Portugal</val></str> 
		<str name="sh_YU" translate="no"><val>Srpsko-Hrvatski</val></str> 
		<str name="sr_YU" translate="no"><val>Cрпски</val></str> 
		<str name="kk_KZ" translate="no"><val>Қазақ</val></str>
		<str name="az_AZ" translate="no"><val>Azərbaycan dili</val></str> 
		<str name="es_MX" translate="no"><val>Español (América Latina)</val></str>
		<str name="no_NO" translate="no"><val>Norwegian</val></str> 
		<str name="cs_CZ" translate="no"><val>Česky</val></str>
		<str name="de_DE" translate="no"><val>Deutsch</val></str>
		<str name="el_GR" translate="no"><val>Ελληνικά</val></str>
		<str name="en_US" translate="no"><val>English (North America)</val></str> 
		<str name="es_ES" translate="no"><val>Español</val></str> 
		<str name="fr_FR" translate="no"><val>Français</val></str>
		<str name="he_IL" translate="no"><val>עברית</val></str> 
		<str name="hu_HU" translate="no"><val>Magyar</val></str> 
		<str name="it_IT" translate="no"><val>Italiano</val></str>
		<str name="ja_JP" translate="no"><val>日本語</val></str>
		<str name="ko_KR" translate="no"><val>한국어</val></str>
		<str name="nl_NL" translate="no"><val>Nederlands</val></str>
		<str name="pl_PL" translate="no"><val>Polski</val></str>
		<str name="ro_RO" translate="no"><val>Română</val></str>
		<str name="ru_RU" translate="no"><val>Pусский</val></str>
		<str name="sv_SE" translate="no"><val>Svenska</val></str>
		<str name="tr_TR" translate="no"><val>Türkçe</val></str>
		<str name="uk_UA" translate="no"><val>Українська</val></str>
		<str name="zh_CN" translate="no"><val>简体中文</val></str>
		<str name="zh_TW" translate="no"><val>繁體中文</val></str>
		<str name="da_DK" translate="no"><val>Dansk</val></str>
		<str name="fi_FI" translate="no"><val>Suomi</val></str>
		<str name="nb_NO" translate="no"><val>Norsk (Bokmål)</val></str> 
		<str name="pt_BR" translate="no"><val>Português do Brasil</val></str>
		<str name="en_AE" translate="no"><val>English يدعم العربية</val></str> 
		<str name="en_IL" translate="no"><val>English תומך עברית</val></str> 
		<str name="fr_MA" translate="no"><val>Français (Maroc)</val></str>
    </set>
	
	<set name="isoToFallbackLanguage">
		<str name="ar_AE" translate="no"><val>العربية</val></str>
		<str name="en_GB" translate="yes"><val>anglais</val></str> 
		<str name="fr_CA" translate="no"><val>Français canadien</val></str>
		<str name="es_QM" translate="no"><val>Español</val></str>
		<str name="es_LA" translate="no"><val>Español de América Latina</val></str>
		<str name="es_NA" translate="no"><val>Español Norteamericano</val></str>
		<str name="bg_BG" translate="no"><val>Български</val></str>
		<str name="lv_LV" translate="no"><val>Latviešu</val></str>
		<str name="et_EE" translate="no"><val>Eesti</val></str>
		<str name="hr_HR" translate="no"><val>hrvatski</val></str>
		<str name="sl_SI" translate="no"><val>slovenščina</val></str>
		<str name="sk_SK" translate="no"><val>slovenčina</val></str>
		<str name="th_TH" translate="no"><val>ภาษาไทย</val></str> 
		<str name="vi_VN" translate="no"><val>Việt</val></str>
		<str name="en_XC" translate="yes"><val>anglais</val></str> 
		<str name="en_XM" translate="yes"><val>anglais</val></str>
		<str name="fr_XM" translate="no"><val>Français Oriental Moyen</val></str>
		<str name="sq_AL" translate="no"><val>Shqip</val></str> 
		<str name="ar_SA" translate="no"><val>العربية</val></str>
		<str name="be_BY" translate="no"><val>Беларуская</val></str> 
		<str name="ca_ES" translate="no"><val>Català</val></str> 
		<str name="hi_IN" translate="no"><val>हिन्दी</val></str>
		<str name="is_IS" translate="no"><val>Íslenska</val></str> 
		<str name="lt_LT" translate="no"><val>Lietuvių</val></str>
		<str name="mk_MK" translate="no"><val>македонски</val></str>
		<str name="nn_NO" translate="no"><val>Norsk</val></str>
		<str name="pt_PT" translate="no"><val>Português de Portugal</val></str> 
		<str name="sh_YU" translate="no"><val>Srpsko-Hrvatski</val></str> 
		<str name="sr_YU" translate="no"><val>Cрпски</val></str> 
		<str name="kk_KZ" translate="no"><val>Қазақ</val></str>
		<str name="az_AZ" translate="no"><val>Azərbaycan dili</val></str> 
		<str name="es_MX" translate="no"><val>Español</val></str>
		<str name="no_NO" translate="no"><val>Norwegian</val></str> 
		<str name="cs_CZ" translate="no"><val>Česky</val></str>
		<str name="de_DE" translate="no"><val>Deutsch</val></str>
		<str name="el_GR" translate="no"><val>Ελληνικά</val></str>
		<str name="en_US" translate="yes"><val>anglais</val></str> 
		<str name="es_ES" translate="no"><val>Español</val></str> 
		<str name="fr_FR" translate="no"><val>Français</val></str>
		<str name="he_IL" translate="no"><val>עברית</val></str> 
		<str name="hu_HU" translate="no"><val>Magyar</val></str> 
		<str name="it_IT" translate="no"><val>Italiano</val></str>
		<str name="ja_JP" translate="no"><val>日本語</val></str>
		<str name="ko_KR" translate="no"><val>한국어</val></str>
		<str name="nl_NL" translate="no"><val>Nederlands</val></str>
		<str name="pl_PL" translate="no"><val>Polski</val></str>
		<str name="ro_RO" translate="no"><val>Română</val></str>
		<str name="ru_RU" translate="no"><val>Pусский</val></str>
		<str name="sv_SE" translate="no"><val>Svenska</val></str>
		<str name="tr_TR" translate="no"><val>Türkçe</val></str>
		<str name="uk_UA" translate="no"><val>Українська</val></str>
		<str name="zh_CN" translate="yes"><val>简体中文</val></str>
		<str name="zh_TW" translate="yes"><val>繁體中文</val></str>
		<str name="da_DK" translate="no"><val>Dansk</val></str>
		<str name="fi_FI" translate="no"><val>Suomi</val></str>
		<str name="nb_NO" translate="no"><val>Norsk</val></str> 
		<str name="pt_BR" translate="no"><val>Português do Brasil</val></str>
		<str name="en_AE" translate="no"><val>English يدعم العربية</val></str> 
		<str name="en_IL" translate="no"><val>English תומך עברית</val></str> 
		<str name="fr_MA" translate="no"><val>Français</val></str>
    </set>
	
	<set name="register">
		<set name="subscription">
			<str name="title" translate="yes">
				<val>Connexion requise</val>
			</str>			
			<str name="message" translate="yes">
				<val>Vous devez vous connecter pour utiliser ce produit et l’enregistrer sous votre ID Adobe. Votre ID Adobe vous permet d’accéder facilement à vos numéros de série, ainsi qu’à Adobe Creative Cloud et à la communauté Adobe.com.</val>
			</str>
			<str name="userEmail" translate="yes">
				<val>Vous allez être connecté sous l’ID Adobe {0}.</val>
			</str>
			<str name="notYou" translate="yes">
				<val>(Autre ID Adobe ?)</val>
			</str>
			<str name="signInNow" translate="yes">
				<val>Se connecter maintenant</val>
			</str>
			<str name="signIn" translate="yes">
				<val>Se connecter</val>
			</str>
			<str name="back" translate="yes">
				<val>Retour</val>
			</str>
		</set>
	</set>
	<set name="AdobeIdScreen">
		<str name="signinHeader" translate="yes">
			<val>Connectez-vous à l’aide de votre ID Adobe.</val>
		</str>
		<str name="signinSubheader" translate="yes">
			<val>Nous allons vérifier que vous avez toutes les applications qu’il vous faut.</val>
		</str>
		<str name="username" translate="yes">
			<val>ID Adobe :</val>
		</str>
		<str name="password" translate="yes">
			<val>Mot de passe :</val>
		</str>
		<str name="cancel" translate="yes">
			<val>Annuler</val>
		</str>
		<str name="Quit" translate="yes">
			<val>Quitter</val>
		</str>
		<str name="createAdobeID" translate="yes">
			<val>Créer un ID Adobe</val>
		</str>
		<str name="forgotYourPassword" translate="yes">
			<val>Mot de passe oublié ?</val>
		</str>
		<str name="usernameSample" translate="yes">
			<val>john@doe.com</val>
		</str>
		<str name="save" translate="yes">
			<val>Connexion</val>
		</str>
		<str name="createAdobeIDURL" translate="yes">
			<val>/go/adobemembership_fr</val>
		</str>
		<str name="forgotYourPasswordURL" translate="yes">
			<val>/go/forgetpassword_fr</val>
		</str>
	</set>
	<set name="AdobeIdScreenErrors">
	    <str name="doesNotExist" translate="yes">
			<val>ID Adobe inexistant</val>
		</str>
		<str name="invalidCredentials" translate="yes">
			<val>L’ID Adobe et le mot de passe ne correspondent pas.</val>
		</str>
		<str name="loginDeny" translate="yes">
			<val>Vous avez atteint le nombre maximum de tentatives de connexion. Quittez et réessayez ultérieurement.</val>
		</str>
		<str name="malformedAdobeId" translate="yes">
			<val>ID Adobe non valide.</val>
		</str>
		<str name="networkError" translate="yes">
			<val>Impossible de contacter Adobe. Connectez-vous à Internet et réessayez.</val>
		</str>
		<str name="internalError" translate="yes">
			<val>Erreur interne. Connexion impossible.</val>
		</str>
	</set>
	<set name="OptinDialog">
	    <str name="title" translate="yes">
			<val>Notre rôle est de vous tenir informé.</val>
		</str>
		<str name="optinText" translate="yes">
			<val>En téléchargeant la version d’essai de ce produit, vous acceptez que nous, et toutes les sociétés qui nous assistent dans notre activité, puissions utiliser vos données personnelles et vous contacter par courrier postal, courrier électronique ou téléphone dans le cadre de communications marketing, conformément à notre &lt;a href='{0}'&gt;Politique de confidentialité&lt;/a&gt;. Vous pouvez choisir de ne plus être contacté par courrier électronique en cliquant sur le lien de désinscription figurant dans les courriers électroniques que nous vous envoyons. </val>
		</str>
		<str name="privacyLink" translate="yes">
			<val>http://www.adobe.com/go/privacy_fr</val>
		</str>
		<str name="adobeLink" translate="yes">
			<val>http://www.adobe.com/fr/</val>
		</str>
		<str name="cancel" translate="yes">
			<val>Annuler</val>
		</str>
		<str name="ok" translate="yes">
			<val>OK</val>
		</str>
	</set>
	<set name="EligibleTrialistDialog">
	    <str name="title" translate="yes">
			<val>Patientez quelques instants...</val>
		</str>
		<str name="message" translate="yes">
			<val>La langue définie dans les préférences {0} permet d’installer {1} en version d’évaluation. Pour accéder à la version complète, modifiez vos préférences et choisissez une langue autorisée.</val>
		</str>
		<str name="installTrial" translate="yes">
			<val>Installer la version d’évaluation</val>
		</str>
		<str name="cancel" translate="yes">
			<val>Annuler</val>
		</str>
		<str name="changePrefs" translate="yes">
			<val>Modifier les préférences</val>
		</str>
	</set>
	<set name="LanguageSelectionDialog">
	    <str name="sl_title" translate="yes">
			<val>Modifier la langue</val>
		</str>
		<str name="sl_message" translate="yes">
			<val>Veuillez modifier vos {0}préférences{1} linguistiques pour passer de : {2} {3}à : {4}{5} et recevoir des notifications sur les mises à jour du produit {6}{7}{8} que vous avez acheté.</val>
		</str>
		<str name="changeNow" translate="yes">
			<val>Modifier maintenant</val>
		</str>
		<str name="changeLater" translate="yes">
			<val>Modifier plus tard</val>
		</str>
		<str name="ml_title" translate="yes">
			<val>Sélectionner une langue</val>
		</str>
		<str name="ml_message" translate="yes">
			<val>Sélectionnez une langue pour installer votre produit.</val>
		</str>
		<str name="ml_info" translate="yes">
			<val>Ce choix s’appliquera également à la langue par défaut définie dans les {0}préférences{1}, que vous pourrez modifier ultérieurement.</val>
		</str>
		<str name="continue" translate="yes">
			<val>Continuer</val>
		</str>
	</set>
</asf>
