<?xml version='1.0' encoding='utf-8'?>
<!DOCTYPE asf SYSTEM "http://ns.adobe.com/asf/asf_1_0.dtd" >
<asf xmlns="http://ns.adobe.com/asf" locale="de_DE" version="1.0">
	
	<set name="common">
		<str name="windowTitle" translate="yes">
			<val>Adobe-Produkt</val>
		</str>
		<str name="day" translate="yes">
			<val>Tag</val>
		</str>
		<str name="days" translate="yes">
			<val>Tagen</val>
		</str>
	</set>
	
	<set name="eula">
		<str name="eula" translate="yes">
			<val>Adobe-Software-Lizenzvereinbarung</val>
		</str>
		<str name="accept" translate="yes">
			<val>Annehmen</val>
		</str>
		<str name="quit" translate="yes">
			<val>Beenden</val>
		</str>		
	</set>

	<set name="register">
		<set name="trial">
			<set name="online">
				<str name="title" translate="yes">
					<val>Anmeldung erforderlich</val>
				</str>
				<str name="message" translate="yes">
					<val>Melden Sie sich mit Ihrer Adobe-ID an, um die Testversion von {0} zu verwenden.</val>
				</str>
				<str name="message_device" translate="yes">
					<val>Die Testversion wird jetzt für Ihre Adobe-ID registriert: {0}.</val>
				</str>
				<str name="notYou" translate="yes">
					<val>(Nicht Ihre Adobe-ID?)</val>
				</str>
				<str name="signInNow" translate="yes">
					<val>Jetzt anmelden</val>
				</str>
				<str name="signIn" translate="yes">
					<val>Anmelden</val>
				</str>
				<str name="termTitle" translate="yes">
					<val>Nutzungsbedingungen für Testsoftware.</val>
				</str>
				<str name="termPara1" translate="yes">
					<val>Unter Umständen werden Sie gebeten, optionale Angaben zu machen, damit wir auf Sie zugeschnittene Inhalte bereitstellen können. Sie können diesen angepassten Inhalt jederzeit in den Datenschutzeinstellungen deaktivieren, die Sie über den Testversionsbildschirm erreichen.</val>
				</str>
				<str name="termPara2" translate="yes">
					<val>Informationen über die erfassten Daten zur Produktverwendung sowie zur Nutzung dieser Daten durch Adobe und zur Vermarktung der Angaben zu Ihren Interessen erhalten Sie, indem Sie {0}hier{1} klicken, sowie in der {2}Online-Datenschutzrichtlinie von Adobe{3}.</val>
				</str>
				<str name="privacyPortalLink" translate="yes">
					<val>http://www.adobe.com/go/adobe_privacy_portal_de</val>
				</str>
				<str name="privacyPolicyLink" translate="yes">
					<val>http://www.adobe.com/go/privacy_de</val>
				</str>
			</set>
		</set>
		
		<set name="subscription">
			<str name="title" translate="yes">
				<val>Anmeldung erforderlich</val>
			</str>			
			<str name="message" translate="yes">
				<val>Zum Verwenden und Registrieren dieses Produkts unter Ihrer Adobe-ID müssen Sie sich anmelden. Über Ihre Adobe-ID können Sie ganz einfach auf Ihre Seriennummern sowie auf die Adobe Creative Cloud und die Adobe.com-Community zugreifen.</val>
			</str>
			<str name="userEmail" translate="yes">
				<val>Sie werden angemeldet unter der Adobe-ID: {0}.</val>
			</str>
			<str name="notYou" translate="yes">
				<val>(Nicht Ihre Adobe-ID?)</val>
			</str>
			<str name="signInNow" translate="yes">
				<val>Jetzt anmelden</val>
			</str>
			<str name="signIn" translate="yes">
				<val>Anmelden</val>
			</str>
			<str name="back" translate="yes">
				<val>Zurück</val>
			</str>
		</set>
		
		
		<set name="serial">
			<set name="grace">
				<str name="title" translate="yes">
					<val>Anmeldung erforderlich</val>
				</str>			
				<str name="message" translate="yes">
					<val>Sie müssen sich innerhalb von {1} mit einer Adobe-ID anmelden und {0} registrieren. Andernfalls kann das Produkt nicht mehr verwendet werden.</val>
				</str>
				<str name="benefit" translate="yes">
					<val>Über Ihre Adobe-ID können Sie ganz einfach auf Ihre Seriennummern sowie auf Adobe Creative Cloud und die Adobe.com-Community zugreifen.</val>
				</str>
				<str name="userEmail" translate="yes">
					<val>Sie werden angemeldet unter der Adobe-ID: {0}.</val>
				</str>
				<str name="notYou" translate="yes">
					<val>(Nicht Ihre Adobe-ID?)</val>
				</str>
				<str name="signInNow" translate="yes">
					<val>Jetzt anmelden</val>
				</str>
				<str name="signIn" translate="yes">
					<val>Anmelden</val>
				</str>
				<str name="signInLater" translate="yes">
					<val>Später anmelden</val>
				</str>
			</set>
			
			<set name="post_grace">
				<str name="title" translate="yes">
					<val>Anmeldung erforderlich</val>
				</str>			
				<str name="message" translate="yes">
					<val>Vor der nächsten Verwendung von {0} müssen Sie sich mit Ihrer Adobe-ID anmelden, um diese Software zu registrieren.</val>
				</str>
				<str name="benefit" translate="yes">
					<val>Über Ihre Adobe-ID können Sie ganz einfach auf Ihre Seriennummern sowie auf Adobe Creative Cloud und die Adobe.com-Community zugreifen.</val>
				</str>
				<str name="userEmail" translate="yes">
					<val>Sie werden angemeldet unter der Adobe-ID: {0}.</val>
				</str>
				<str name="notYou" translate="yes">
					<val>(Nicht Ihre Adobe-ID?)</val>
				</str>
				<str name="signInNow" translate="yes">
					<val>Jetzt anmelden</val>
				</str>
				<str name="signIn" translate="yes">
					<val>Anmelden</val>
				</str>
				<str name="signInLater" translate="yes">
					<val>Später anmelden</val>
				</str>
			</set>
		
			<set name="post_bonus">
				<str name="title" translate="yes">
					<val>Anmeldung erforderlich</val>
				</str>			
				<str name="message" translate="yes">
					<val>Sie können {0} nicht verwenden, ohne sich zur Registrierung mit Ihrer Adobe-ID anzumelden.</val>
				</str>
				<str name="benefit" translate="yes">
					<val>Über Ihre Adobe-ID können Sie ganz einfach auf Ihre Seriennummern sowie auf Adobe Creative Cloud und die Adobe.com-Community zugreifen.</val>
				</str>
				<str name="userEmail" translate="yes">
					<val>Sie werden angemeldet unter der Adobe-ID: {0}.</val>
				</str>
				<str name="notYou" translate="yes">
					<val>(Nicht Ihre Adobe-ID?)</val>
				</str>
				<str name="signInNow" translate="yes">
					<val>Jetzt anmelden</val>
				</str>
				<str name="signIn" translate="yes">
					<val>Anmelden</val>
				</str>
				<str name="quit" translate="yes">
					<val>Beenden</val>
				</str>
			</set>
		
			<set name="go_online_grace">
				<str name="title" translate="yes">
					<val>Anmeldung erforderlich</val>
				</str>			
				<str name="message" translate="yes">
					<val>Stellen Sie eine Verbindung mit dem Internet her. Sie müssen sich innerhalb von {1} mit Ihrer Adobe-ID anmelden, um {0} zu registrieren. Andernfalls kann das Produkt nicht mehr verwendet werden.</val>
				</str>
				<str name="benefit" translate="yes">
					<val>Über Ihre Adobe-ID können Sie ganz einfach auf Ihre Seriennummern sowie auf Adobe Creative Cloud und die Adobe.com-Community zugreifen.</val>
				</str>
				<str name="userEmail" translate="yes">
					<val>Sie werden angemeldet unter der Adobe-ID: {0}.</val>
				</str>
				<str name="notYou" translate="yes">
					<val>(Nicht Ihre Adobe-ID?)</val>
				</str>
				<str name="noInternet" translate="yes">
					<val>Gibt es Probleme mit der Internetverbindung?</val>
				</str>
				<str name="signInNow" translate="yes">
					<val>Jetzt anmelden</val>
				</str>
				<str name="signIn" translate="yes">
					<val>Anmelden</val>
				</str>
				<str name="signInLater" translate="yes">
					<val>Später anmelden</val>
				</str>
			</set>
		
			<set name="go_online_post_grace">
				<str name="title" translate="yes">
					<val>Anmeldung erforderlich</val>
				</str>			
				<str name="message" translate="yes">
					<val>Vor der nächsten Verwendung von {0} müssen Sie sich mit Ihrer Adobe-ID anmelden, um diese Software zu registrieren.</val>
				</str>
				<str name="benefit" translate="yes">
					<val>Über Ihre Adobe-ID können Sie ganz einfach auf Ihre Seriennummern sowie auf Adobe Creative Cloud und die Adobe.com-Community zugreifen.</val>
				</str>
				<str name="userEmail" translate="yes">
					<val>Sie werden angemeldet unter der Adobe-ID: {0}.</val>
				</str>
				<str name="notYou" translate="yes">
					<val>(Nicht Ihre Adobe-ID?)</val>
				</str>
				<str name="noInternet" translate="yes">
					<val>Gibt es Probleme mit der Internetverbindung?</val>
				</str>
				<str name="signInNow" translate="yes">
					<val>Jetzt anmelden</val>
				</str>
				<str name="signIn" translate="yes">
					<val>Anmelden</val>
				</str>
				<str name="signInLater" translate="yes">
					<val>Später anmelden</val>
				</str>
			</set>
		
			<set name="go_online_post_bonus">
				<str name="title" translate="yes">
					<val>Anmeldung erforderlich</val>
				</str>			
				<str name="message" translate="yes">
					<val>Sie können {0} nicht verwenden, ohne sich zur Registrierung mit Ihrer Adobe-ID anzumelden.</val>
				</str>
				<str name="benefit" translate="yes">
					<val>Über Ihre Adobe-ID können Sie ganz einfach auf Ihre Seriennummern sowie auf Adobe Creative Cloud und die Adobe.com-Community zugreifen.</val>
				</str>
				<str name="userEmail" translate="yes">
					<val>Sie werden angemeldet unter der Adobe-ID: {0}.</val>
				</str>
				<str name="noInternet" translate="yes">
					<val>Gibt es Probleme mit der Internetverbindung?</val>
				</str>
				<str name="notYou" translate="yes">
					<val>(Nicht Ihre Adobe-ID?)</val>
				</str>
				<str name="signInNow" translate="yes">
					<val>Jetzt anmelden</val>
				</str>
				<str name="signIn" translate="yes">
					<val>Anmelden</val>
				</str>
				<str name="quit" translate="yes">
					<val>Beenden</val>
				</str>
			</set>
		</set>
	</set>
	
	
	<set name="registerOptional">
		<set name="serial">
			<str name="title" translate="yes">
				<val>Produkt registrieren</val>
			</str>			
			<str name="paragraphOneText" translate="yes">
				<val>Registrieren Sie {0} mit Ihrer Adobe-ID.</val>
			</str>
			<str name="paragraphOneTextWithAdobeID" translate="yes">
				<val>Registrieren Sie {0} mit Ihrer Adobe-ID:</val>
			</str>
			<str name="paragraphTwoHeader" translate="yes">
				<val>Eine Registrierung des Produkts bietet folgende Vorteile:</val>
			</str>
			<str name="pointOne" translate="yes">
				<val>Technische Unterstützung</val>
			</str>
			<str name="pointTwo" translate="yes">
				<val>Protokollieren Ihrer Seriennummer</val>
			</str>
			<str name="pointThree" translate="yes">
				<val>Zeitnahe Updates und Benachrichtigungen zu {0}</val>
			</str>
			<str name="pointFour" translate="yes">
				<val>Außerdem ein {0}kostenloses Angebot{1} als Dank für Ihre Registrierung.</val>
			</str>
			<str name="complementaryBenefitsLink" translate="yes">
				<val>https://www.adobe.com/go/benefit_de</val>
			</str>
			<str name="notYou" translate="yes">
				<val>(Nicht Ihre ID?)</val>
			</str>
			<str name="neverCheckBoxText" translate="yes">
				<val>Nicht mehr anzeigen</val>
			</str>
			<str name="registerNow" translate="yes">
				<val>Jetzt registrieren</val>
			</str>
			<str name="skip" translate="yes">
				<val>Überspringen</val>
			</str>
		</set>
	</set>
	
	<set name="trialLaunch">
		<str name="title" translate="yes">
			<val>{0}-Testversion</val>
		</str>
		
		<set name="start">
			<str name="info" translate="yes">
				<val>Sie können dieses Produkt für {0} Tage testen.</val>
			</str>
			<str name="info_day" translate="yes">
				<val>Sie können dieses Produkt für {0} Tag testen.</val>
			</str>
			<str name="additionalInfo" translate="yes">
				<val>Sie können {0} nach Ablauf des Testzeitraums weiter verwenden, indem Sie die Software kaufen.</val>
			</str>
		</set>
		
		<set name="grace">
			<str name="info" translate="yes">
				<val>Ihre Testversion läuft in {0} Tagen ab.</val>
			</str>
			<str name="info_day" translate="yes">
				<val>Ihre Testversion läuft in {0} Tag ab.</val>
			</str>
			<str name="additionalInfo" translate="yes">
				<val>Sie können {0} nach Ablauf des Testzeitraums weiter verwenden, indem Sie die Software kaufen.</val>
			</str>
		</set>
		
		<set name="bonus">
			<str name="info" translate="yes">
				<val>Letztes Starten der Testversion</val>
			</str>
			<str name="additionalInfo" translate="yes">
				<val>Der Testzeitraum ist abgelaufen. Sie können {0} noch ein Mal verwenden.</val>
			</str>
			<str name="bonusInfo" translate="yes">
				<val>Sie können {0} weiter verwenden, indem Sie die Software kaufen.</val>
			</str>
		</set>
		
		<set name="expired">
			<str name="info" translate="yes">
				<val>Der Testzeitraum ist abgelaufen.</val>
			</str>
			<str name="additionalInfo" translate="yes">
				<val>Sie können {0} weiter verwenden, indem Sie die Software kaufen.</val>
			</str>
		</set>
		
		<str name="daysRemaining" translate="yes">
			<val>Tage Restzeit</val>
		</str>
		<str name="dayRemaining" translate="yes">
			<val>Tag Restzeit</val>
		</str>
		<str name="buy" translate="yes">
			<val>Jetzt kaufen</val>
		</str>
		<str name="buyLink" translate="no">
			<val>http://www.adobe.com/go/buy</val>
		</str>
		<str name="continue" translate="yes">
			<val>Test fortsetzen</val>
		</str>
		<str name="startTrial" translate="yes">
			<val>Test beginnen</val>
		</str>
		<str name="enterSerial" translate="yes">
			<val>Diese Software lizenzieren</val>
		</str>		
	</set>
	
	<set name="deactivate">
		<str name="title" translate="yes">
			<val>Deaktivieren</val>
		</str>
		<str name="title_Fail" translate="yes">
			<val>Deaktivierung fehlgeschlagen</val>
		</str>
		<str name="infoSubscription" translate="yes">
			<val>Bei der Deaktivierung der Anwendung werden keine Änderungen an Ihrem Abonnement vorgenommen. Zum Ändern Ihres Abonnements verwenden Sie den {0}Abonnement-Manager{1}.</val>
		</str>
		<str name="infoSubscriptionCCMTeam" translate="yes">
			<val>Bei der Deaktivierung von Anwendungen werden keine Änderungen an Ihrem Abonnement vorgenommen.</val>
		</str>
		<str name="message" translate="yes">
			<val>Die Deaktivierung ermöglicht es, Ihre Adobe-Produkte auf einem anderen Computer zu aktivieren, sofern Sie entsprechend der {0}Software-Lizenzvereinbarung{1} vorgehen. Stellen Sie vor der Deaktivierung sicher, dass Sie mit dem Internet verbunden sind. Sie können die Produkte auf diesem Computer wieder aktivieren, indem Sie Ihre Seriennummer erneut eingeben.</val>
		</str>
		<str name="messageSubscription" translate="yes">
			<val>Die Deaktivierung ermöglicht es, Ihre Adobe-Produkte auf einem anderen Computer zu aktivieren, sofern Sie entsprechend der {0}Software-Lizenzvereinbarung{1} vorgehen. Stellen Sie vor der Deaktivierung sicher, dass Sie mit dem Internet verbunden sind.</val>
		</str>
		<str name="deActivationMsgError" translate="yes">
			<val>Wenn das Problem weiterhin auftritt, wenden Sie sich an den {0}Support{1}. {2}</val>
		</str>
		<str name="customerSupportLink" translate="yes">
			<val>http://www.adobe.com/go/customer_support_de</val>
		</str>
		<str name="eula_Link" translate="yes">
			<val>http://www.adobe.com/go/eulas_de</val>
		</str>
		<str name="subscriptionManagerLink" translate="no">
			<val>http://www.creative.adobe.com/go/account</val>
		</str>
		<str name="failure" translate="yes">
			<val>Die Deaktivierung war nicht erfolgreich. Versuchen Sie es erneut.</val>
		</str>
		<str name="deactivate" translate="yes">
			<val>Deaktivieren</val>
		</str>		
		<str name="cancel" translate="yes">
			<val>Abbrechen</val>
		</str>
		<str name="continue" translate="yes">
			<val>Weiter</val>
		</str>
		
		<str name="offline" translate="yes">
			<val>Stellen Sie eine Verbindung mit dem Internet her und versuchen Sie es erneut.</val>
		</str>		
		<str name="offlineMsg" translate="yes">
			<val>Die Deaktivierung kann nicht ausgeführt werden. Stellen Sie sicher, dass Sie mit dem Internet verbunden sind, und versuchen Sie es erneut. Wenn das Problem weiterhin auftritt, wenden Sie sich an den {0}Support{1}.</val>
		</str>	
		<str name="customerSupportLink" translate="yes">
			<val>http://www.adobe.com/go/customer_support_de</val>
		</str>
	</set>
	
	<set name="trialFailed">
		<str name="title" translate="yes">
			<val>Initialisierung der Testversion fehlgeschlagen</val>
		</str>
		<str name="warning" translate="yes">
			<val>Die Lizenzierungsfunktion wird nicht mehr ausgeführt.</val>
		</str>
		<str name="message" translate="yes">
			<val>Bei der Lizenzierung dieses Produkts ist ein Problem aufgetreten. Installieren Sie das Produkt neu und versuchen Sie es erneut. Wenn das Problem nach der Neuinstallation immer noch auftritt, wenden Sie sich an den {0}Support{1}, um weitere Unterstützung zu erhalten.</val>
		</str>
		<str name="customerSupportLink" translate="yes">
			<val>http://www.adobe.com/go/customer_support_de</val>
		</str>
		<str name="close" translate="yes">
			<val>Schließen</val>
		</str>
		<str name="enterSerial" translate="yes">
			<val>Diese Software lizenzieren</val>
		</str>
	</set>
	
	<set name="validateSerial">
		<str name="title" translate="yes">
			<val>Seriennummer überprüfen</val>
		</str>
		
		<set name="grace">
			<str name="message" translate="yes">
				<val>Stellen Sie eine Verbindung mit dem Internet her, damit Ihre Seriennummer bestätigt werden kann. Sie müssen die Seriennummer innerhalb von {0} bestätigen. Andernfalls kann die Software nicht mehr verwendet werden.</val>
			</str>
		</set>
		
		<set name="post_grace">
			<str name="message" translate="yes">
				<val>Stellen Sie eine Verbindung mit dem Internet her, damit Ihre Seriennummer bestätigt werden kann. Beim nächsten Start müssen Sie eine Verbindung mit dem Internet herstellen. Andernfalls kann die Software nicht verwendet werden.</val>
			</str>
		</set>
		
		<set name="post_bonus">
			<str name="message" translate="yes">
				<val>Stellen Sie eine Verbindung mit dem Internet her, damit Ihre Seriennummer bestätigt werden kann. Ohne Aktivierung und Überprüfung der Seriennummer kann diese Software nicht ausgeführt werden. Sie müssen eine Verbindung mit dem Internet herstellen, um fortfahren zu können.</val>
			</str>
		</set>
		
		<str name="noInternet" translate="yes">
			<val>Gibt es Probleme mit der Internetverbindung?</val>
		</str>
		<str name="validate" translate="yes">
			<val>Überprüfen</val>
		</str>
		<str name="connectLater" translate="yes">
			<val>Später verbinden</val>
		</str>
		<str name="quit" translate="yes">
			<val>Beenden</val>
		</str>
	</set>

	<set name="deactivateSuccess">
		<str name="title" translate="yes">
			<val>Deaktivierung erfolgreich</val>
		</str>
		<str name="message" translate="yes">
			<val>Sie können {0} jetzt auf einem anderen Computer verwenden. Wenn Sie {0} wieder auf diesem Computer verwenden möchten, geben Sie erneut eine gültige Seriennummer ein oder wählen Sie „Testen“ und geben Sie die Adobe-ID ein, die Ihrem Abonnement zugeordnet ist.</val>
		</str>
		<str name="close" translate="yes">
			<val>Schließen</val>
		</str>	
	</set>
	
	<set name="offlineScrim">
		<str name="title" translate="yes">
			<val>Stellen Sie eine Verbindung mit dem Internet her und versuchen Sie es erneut.</val>
		</str>
		<str name="message" translate="yes">
			<val>Der Computer scheint offline zu sein. Eine Internetverbindung ist erforderlich. Stellen Sie eine Verbindung mit dem Internet her und versuchen Sie es erneut. Wenn das Problem weiterhin auftritt, wenden Sie sich an den {0}Kundendienst{1}.</val>
		</str>
		<str name="offlineActivationMsg" translate="yes">
			<val>Wenn von diesem Computer kein Zugriff auf das Internet möglich ist, verwenden Sie ein internetfähiges Gerät, um unter {0} weitere Informationen abzurufen.</val>
		</str>
		<str name="offlineActivationLink" translate="yes">
			<val>http://www.adobe.com/go/getactivated_de</val>
		</str>
		<str name="customerSupportLink" translate="yes">
			<val>http://www.adobe.com/go/customer_support_de</val>
		</str>
		<str name="retry" translate="yes">
			<val>Wiederholen</val>
		</str>
		<str name="connectLater" translate="yes">
			<val>Später verbinden</val>
		</str>
		<str name="cancel" translate="yes">
			<val>Abbrechen</val>
		</str>
	</set>
	
	<set name="dspEntitlementOfflineScrim">
		<str name="title" translate="yes">
			<val>Internetverbindung erforderlich für Abonnements</val>
		</str>
		<str name="message" translate="yes">
			<val>Zum Beginnen eines Abonnements ist eine Internetverbindung erforderlich. Wenn Sie über ein Abonnement verfügen, stellen Sie eine Verbindung mit dem Internet her und klicken Sie auf „Wiederholen“.</val>
		</str>
		<str name="serialInfo" translate="yes">
			<val>Wenn Sie über eine Seriennummer verfügen, klicken Sie zum Fortfahren auf „Seriennummer eingeben“.</val>
		</str>
		<str name="retry" translate="yes">
			<val>Wiederholen</val>
		</str>
		<str name="enterSerialNumber" translate="yes">
			<val>Seriennummer eingeben</val>
		</str>
		<str name="cancel" translate="yes">
			<val>Zurück</val>
		</str>
	</set>
	
	<set name="screenLoading">
		<str name="loading" translate="yes">
			<val>Laden...</val>
		</str>
		<str name="validatingSerial" translate="yes">
			<val>Die Seriennummer wird überprüft. Dies kann einige Sekunden dauern...</val>
		</str>
	</set>
	
	<set name="overActivation">
		<str name="title" translate="yes">
			<val>Seriennummer</val>
		</str>
		<str name="stepMessage" translate="yes">
			<val>Die Seriennummer {0} wird bereits von der maximal zulässigen Anzahl von Computern verwendet. Sie müssen innerhalb von {1} Tagen einen anderen Computer deaktivieren, um dieses Produkt verwenden zu können.</val>
		</str>
		<str name="stepMessageOneDay" translate="yes">
			<val>Die Seriennummer {0} wird bereits von der maximal zulässigen Anzahl von Computern verwendet. Sie müssen innerhalb von 1 Tag einen anderen Computer deaktivieren, um dieses Produkt verwenden zu können.</val>
		</str>
		<str name="stepMessageBonusLaunch" translate="yes">
			<val>Die Seriennummer {0} wird bereits von der maximalen zulässigen Anzahl von Computern verwendet. Sie müssen einen anderen Computer deaktivieren oder eine weitere gültige Seriennummer angeben, um {1} wieder auf diesem Computer verwenden zu können.</val>
		</str>
		<str name="radioButton1" translate="yes">
			<val>Aktivierung wiederholen. Ich habe bereits einen meiner anderen Computer deaktiviert.</val>
		</str>
		<str name="radioButton2" translate="yes">
			<val>Ich möchte eine andere Seriennummer angeben.</val>
		</str>
		<str name="continue" translate="yes">
			<val>Weiter</val>
		</str>
	</set>
	
	<set name="activationFailure">
		<str name="title" translate="yes">
			<val>Aktivierung fehlgeschlagen</val>
		</str>
		<str name="activationStepError" translate="yes">
			<val>{0} kann nicht aktiviert werden</val>
		</str>
		<str name="activationMsgError" translate="yes">
			<val>Überprüfen Sie die Internetverbindungseinstellungen und versuchen Sie es erneut. Wenn das Problem weiterhin auftritt, wenden Sie sich an den {0}Support{1}. {2}</val>
		</str>
		<str name="customerSupportLink" translate="yes">
			<val>http://www.adobe.com/go/customer_support_de</val>
		</str>
		<str name="close" translate="yes">
			<val>Schließen</val>
		</str>
		<str name="retry" translate="yes">
			<val>Wiederholen</val>
		</str>
	</set>
	<set name="activationRequired">
		<str name="title" translate="yes">
			<val>Aktivierung erforderlich</val>
		</str>
		<str name="activationMsgOneDay" translate="yes">
			<val>Stellen Sie eine Verbindung mit dem Internet her. Die Aktivierung von {0} muss innerhalb von 1 Tag erfolgen. Andernfalls kann das Produkt nicht mehr verwendet werden.</val>
		</str>
		<str name="activationMsg" translate="yes">
			<val>Stellen Sie eine Verbindung mit dem Internet her. Die Aktivierung von {0} muss innerhalb von {1} Tagen erfolgen. Andernfalls kann das Produkt nicht mehr verwendet werden.</val>
		</str>
		<str name="activationMsgBonus" translate="yes">
			<val>Stellen Sie eine Verbindung mit dem Internet her. Sie müssen {0} heute noch aktivieren. Andernfalls kann das Produkt nicht mehr verwendet werden.</val>
		</str>
		<str name="activateLater" translate="yes">
			<val>Später aktivieren</val>
		</str>
		<str name="retry" translate="yes">
			<val>Jetzt aktivieren</val>
		</str>
	</set>
	
	<set name="confirmationDialog">
		<str name="title" translate="yes">
			<val>Beenden</val>
		</str>
		<str name="message" translate="yes">
			<val>Möchten Sie die Anwendung wirklich beenden?</val>
		</str>
		<str name="primaryButtonLabel" translate="yes">
			<val>Ja</val>
		</str>
		<str name="secondaryButtonLabel" translate="yes">
			<val>Nein</val>
		</str>
	</set>
	
	<set name="inAppTrials">
		<str name="loading" translate="yes">
			<val>Laden...</val>
		</str>
		<str name="title" translate="yes">
			<val>{0}-Testversion</val>
		</str>
		<str name="continue" translate="yes">
			<val>Test fortsetzen</val>
		</str>
		<str name="startTrial" translate="yes">
			<val>Test beginnen</val>
		</str>
		<str name="enterSerial" translate="yes">
			<val>Diese Software lizenzieren</val>
		</str>
		<str name="privacySettings" translate="yes">
			<val>Datenschutzeinstellungen</val>
		</str>
		<str name="tutorialsList" translate="yes">
			<val>{0} von {1}</val>
		</str>
		<str name="videoLoadingError" translate="yes">
			<val>Fehler beim Laden des Videos.</val>
		</str>
		<str name="tryAgain" translate="yes">
			<val>Versuchen Sie es erneut</val>
		</str>
		<str name="exitFullScreen" translate="yes">
			<val>Drücken Sie die Esc-Taste, um den Vollbildmodus zu beenden.</val>
		</str>
		<str name="okay" translate="yes">
			<val>OK</val>
		</str>
		<str name="cancel" translate="yes">
			<val>Abbrechen</val>
		</str>
		<str name="privacyText" translate="yes">
			<val>Unter Umständen werden Sie gebeten, optionale Angaben zu machen, z. B. zu Ihren Kenntnissen im Umgang mit Software, damit wir auf Sie zugeschnittene Inhalte bereitstellen können.</val>
		</str>
		<str name="privacyPolicyText" translate="yes">
			<val>Informationen über die erfassten Daten zur Produktverwendung sowie zur Nutzung dieser Daten durch Adobe und zur Vermarktung der Angaben zu Ihren Interessen erhalten Sie, indem Sie {0}hier klicken{1}, sowie in der {2}Online-Datenschutzrichtlinie von Adobe{3}.</val>
		</str>
		<str name="optInText" translate="yes">
			<val>Anzeige des angepassten Inhalts in der Testversion deaktivieren. Beim nächsten Start der Testversion wird kein angepasster Inhalt mehr angezeigt.</val>
		</str>
		<str name="privacyPortalLink" translate="yes">
			<val>http://www.adobe.com/go/adobe_privacy_portal_de</val>
		</str>
		<str name="privacyPolicyLink" translate="yes">
			<val>http://www.adobe.com/go/privacy_de</val>
		</str>		
		
	</set>
	
	<set name="noInternetConnection">
		<str name="title" translate="yes">
			<val>Keine Internetverbindung</val>
		</str>
		<str name="para1" translate="yes">
			<val>Auf diesem Computer konnte keine Internetverbindung festgestellt werden.</val>
		</str>
		<str name="para2" translate="yes">
			<val>Aktivierung und Registrierung sind erforderlich und müssen innerhalb von {0} Tagen durchgeführt werden. Wenn Sie auf diesem Computer eine Onlineverbindung herstellen können, dauert dieser Vorgang nur einige Minuten.</val>
		</str>
		<str name="para2_day" translate="yes">
			<val>Aktivierung und Registrierung sind erforderlich und müssen innerhalb von 1 Tag durchgeführt werden. Wenn Sie auf diesem Computer eine Onlineverbindung herstellen können, dauert dieser Vorgang nur einige Minuten.</val>
		</str>
		<str name="para2_end" translate="yes">
			<val>Aktivierung und Registrierung sind erforderlich und müssen durchgeführt werden. Wenn Sie auf diesem Computer eine Onlineverbindung herstellen können, dauert dieser Vorgang nur einige Minuten.</val>
		</str>
		<str name="para2_optional" translate="yes">
			<val>Eine Aktivierung ist erforderlich und muss innerhalb von {0} Tagen durchgeführt werden. Wenn Sie auf diesem Computer eine Onlineverbindung herstellen können, dauert dieser Vorgang nur einige Minuten.</val>
		</str>
		<str name="para2_day_optional" translate="yes">
			<val>Eine Aktivierung ist erforderlich und muss innerhalb von 1 Tag durchgeführt werden. Wenn Sie auf diesem Computer eine Onlineverbindung herstellen können, dauert dieser Vorgang nur einige Minuten.</val>
		</str>
		<str name="para2_end_optional" translate="yes">
			<val>Eine Aktivierung ist erforderlich und muss durchgeführt werden. Wenn Sie auf diesem Computer eine Onlineverbindung herstellen können, dauert dieser Vorgang nur einige Minuten.</val>
		</str>
		<str name="para3" translate="yes">
			<val>Wenn auf diesem Computer keine Internetverbindung möglich ist, klicken Sie auf „Offlineaktivierung“. Für die Offlineaktivierung benötigen Sie ein Gerät mit Internetzugang und die Seriennummer Ihres Produkts.</val>
		</str>
		<str name="para3_optional" translate="yes">
			<val>Wenn auf diesem Computer keine Internetverbindung möglich ist, klicken Sie auf „Offlineaktivierung“. Für die Offlineaktivierung benötigen Sie ein internetfähiges Gerät und die Seriennummer Ihres Produkts.</val>
		</str>
		<str name="hyperlinkText" translate="yes">
			<val>Der Computer ist mit dem Internet verbunden. Ich kann die Ursache des Problems nicht ermitteln.</val>
		</str>
		<str name="hyperlinkTooltipText" translate="yes">
			<val>Wenden Sie sich an Ihren Administrator oder den Adobe-Support.</val>
		</str>
		<str name="offlineActivate" translate="yes">
			<val>Offlineaktivierung</val>
		</str>
		<str name="back" translate="yes">
			<val>Zurück</val>
		</str>
	</set>
	
	<set name="offlineActivation">
		<str name="title" translate="yes">
			<val>Offlineaktivierung</val>
		</str>
		<set name="StepError">
			<str name="requestCodeExpired" translate="yes">
				<val>Der Anforderungscode {0} ist abgelaufen. Führen Sie die folgenden Schritte aus, um die Offlineaktivierung abzuschließen.</val>
			</str>
			<str name="requestCodeGenError" translate="yes">
				<val>Es kann kein Anforderungscode generiert werden. Versuchen Sie es erneut.</val>
			</str>
		</set>
		<str name="para1" translate="yes">
			<val>1. Klicken Sie unten auf „Anforderungscode generieren“. Dieser Code ist computerspezifisch und 72 Stunden gültig. Wenn Sie den Vorgang nicht innerhalb von 72 Stunden abschließen können, fordern Sie einfach einen neuen Code an.</val>
		</str>
		<str name="para2" translate="yes">
			<val>2. Rufen Sie auf Ihrem Gerät mit Internetverbindung Adobe.com/go/getactivated_de auf.</val>
		</str>
		<str name="para3" translate="yes">
			<val>3. Wenn Sie dazu aufgefordert werden, geben Sie auf der Website den Code aus Schritt 1 und die Seriennummer ein. Daraufhin wird der Antwortcode generiert.</val>
		</str>
		<str name="para4" translate="yes">
			<val>4. Geben Sie den Antwortcode auf dem Offlinecomputer ein und klicken Sie auf „Aktivieren“.</val>
		</str>
		<str name="para5" translate="yes">
			<val>Klicken Sie auf „Zurück“, um die Software online zu aktivieren.</val>
		</str>
		<str name="hyperlinkText" translate="yes">
			<val>Ich möchte den Aktivierungsvorgang online durchführen.</val>
		</str>
		<str name="back" translate="yes">
			<val>Zurück</val>
		</str>
		<str name="activateLater" translate="yes">
			<val>Später aktivieren</val>
		</str>
		<str name="quit" translate="yes">
			<val>Beenden</val>
		</str>
		<str name="generateRequestCode" translate="yes">
			<val>Anforderungscode generieren</val>
		</str>
		<str name="customerSupportLink" translate="yes">
			<val>http://www.adobe.com/go/customer_support_de</val>
		</str>
	</set>
	
	<set name="offlineActivationCode">
		<str name="title" translate="yes">
			<val>Offlineaktivierung</val>
		</str>
		<set name="StepError">
			<str name="invalidResponseCode" translate="yes">
				<val>Der eingegebene Antwortcode ist ungültig. Geben Sie ihn erneut ein.</val>
			</str>
			<str name="requestCodeExpired" translate="yes">
				<val>Der Anforderungscode {0} ist abgelaufen. Führen Sie die folgenden Schritte aus, um die Offlineaktivierung abzuschließen.</val>
			</str>
			<str name="verifyError" translate="yes">
				<val>Der eingegebene Anforderungscode kann nicht überprüft werden. Versuchen Sie es erneut.</val>
			</str>
		</set>
		<str name="requestCode" translate="yes">
			<val>Anforderungscode:</val>
		</str>
		<str name="para1" translate="yes">
			<val>Sie haben {0} Zeit, um einen Antwortcode auf www.adobe.com/go/getactivated_de abzurufen und unten einzugeben.</val>
		</str>
		<str name="responseCode" translate="yes">
			<val>Antwortcode:</val>
		</str>
		<str name="hyperlinkText" translate="yes">
			<val>Ich möchte den Aktivierungsvorgang online durchführen.</val>
		</str>
		<str name="back" translate="yes">
			<val>Zurück</val>
		</str>
		<str name="activateLater" translate="yes">
			<val>Später aktivieren</val>
		</str>
		<str name="quit" translate="yes">
			<val>Beenden</val>
		</str>
		<str name="activate" translate="yes">
			<val>Aktivieren</val>
		</str>
		<str name="hour" translate="yes">
			<val>Stunde</val>
		</str>
		<str name="hours" translate="yes">
			<val>Stunden</val>
		</str>
		<str name="customerSupportLink" translate="yes">
			<val>http://www.adobe.com/go/customer_support_de</val>
		</str>
	</set>
	
	<set name="offlineActivationComplete">
		<str name="title" translate="yes">
			<val>Offlineaktivierung abgeschlossen</val>
		</str>
		<str name="message" translate="yes">
			<val>{0} wurde erfolgreich aktiviert und kann jetzt verwendet werden.</val>
		</str>
		<str name="close" translate="yes">
			<val>Schließen</val>
		</str>
		<str name="launch" translate="yes">
			<val>Starten</val>
		</str>
	</set>
	
	<set name="unableToActivate">
		<str name="title" translate="yes">
			<val>Aktivierung fehlgeschlagen</val>
		</str>
		<str name="warning" translate="yes">
			<val>{0} kann nicht aktiviert werden</val>
		</str>
		<str name="para1" translate="yes">
			<val>Produkt muss zur Verwendung aktiviert werden.</val>
		</str>
		<str name="para2" translate="yes">
			<val>Zum Aktivieren des Produkts benötigen Sie eine funktionierende Internetverbindung. Prüfen Sie die Verbindungseinstellungen und wählen Sie „Wiederholen“.</val>
		</str>
		<str name="tryAgain" translate="yes">
			<val>Wiederholen</val>
		</str>
		<str name="close" translate="yes">
			<val>Schließen</val>
		</str>
		<str name="noInternet" translate="yes">
			<val>Gibt es Probleme mit der Internetverbindung?</val>
		</str>
	</set>
	
	<set name="dspSubscriptionActivated">
		<str name="title" translate="yes">
			<val>Vielen Dank</val>
		</str>
		<str name="message" translate="yes">
			<val>{0} wird jetzt für {1} lizenziert. Klicken Sie auf „Weiter“, um die Software zu nutzen.</val>
		</str>
		<str name="close" translate="yes">
			<val>Weiter</val>
		</str>
	</set>
	
	<set name="dspOverActivation">
		<str name="title" translate="yes">
			<val>Maximale Aktivierungszahl überschritten</val>
		</str>
		<str name="warning" translate="yes">
			<val>{0} kann nicht aktiviert werden.</val>
		</str>
		<str name="message" translate="yes">
			<val>Unter dieser Adobe-ID ist ein Abonnement für dieses Produkt bereits auf den maximal zulässigen 2 Geräten aktiv. Wählen Sie „Weiter“, um die anderen Geräte zu deaktivieren und das Abonnement auf diesem zu aktivieren, oder wählen Sie „Diese Software lizenzieren“, um sich mit einer anderen Adobe-ID anzumelden.</val>
		</str>
		<str name="activationPolicy" translate="yes">
			<val>{0}Aktivierungsrichtlinie{1}</val>
		</str>
		<str name="activationPolicyLink" translate="yes">
			<val>http://www.adobe.com/go/activation_de</val>
		</str>
		<str name="licenseThisSoftware" translate="yes">
			<val>Diese Software lizenzieren</val>
		</str>
		<str name="continue" translate="yes">
			<val>Weiter</val>
		</str>
	</set>
	
	<set name="dspAdobeIDMismatch">
		<str name="title" translate="yes">
			<val>Erneut versuchen</val>
		</str>
		<str name="warning" translate="yes">
			<val>Adobe-ID stimmt nicht überein</val>
		</str>
		<str name="message" translate="yes">
			<val>Die Adobe-ID, mit der Sie sich angemeldet haben, stimmt nicht mit der diesem Abonnement zugeordneten Adobe-ID überein. Melden Sie sich mit der Adobe-ID an, die diesem Abonnement zugeordnet ist.</val>
		</str>
		<str name="back" translate="yes">
			<val>Zurück</val>
		</str>
		<str name="quit" translate="yes">
			<val>Beenden</val>
		</str>
	</set>
	
	<set name="dspSubscriptionExpired">
		<str name="title" translate="yes">
			<val>Abonnement verlängern</val>
		</str>
		<str name="message" translate="yes">
			<val>Rufen Sie den {0}Abonnement-Manager{1} auf, um Ihr Abonnement für {2} zu verlängern und das Produkt ohne Unterbrechung weiterhin verwenden zu können. Wenn Sie Ihr Abonnement gerade erst verlängert haben, warten Sie 15 Minuten und versuchen Sie es erneut.</val>
		</str>
		<str name="messageCCMTeamPara1" translate="yes">
			<val>Wenden Sie sich an den Administrator, um das Abonnement zu verlängern und das Produkt weiterhin verwenden zu können.</val>
		</str>
		<str name="messageCCMTeamPara2" translate="yes">
			<val>Wenn das Abonnement bereits verlängert wurde, warten Sie 15 Minuten und versuchen Sie es erneut.</val>
		</str>
		<str name="signedInMessage" translate="yes">
			<val>Sie sind mit folgender Adobe-ID angemeldet: {0}. Wenn Sie sich mit einer anderen Adobe-ID anmelden möchten, wählen Sie „Diese Software lizenzieren“.</val>
		</str>
		<str name="subscriptionManagerLink" translate="no">
			<val>http://www.creative.adobe.com/go/account</val>
		</str>
		<str name="tryAgain" translate="yes">
			<val>Erneut versuchen</val>
		</str>
		<str name="close" translate="yes">
			<val>Schließen</val>
		</str>
		<str name="licenseThisSoftware" translate="yes">
			<val>Diese Software lizenzieren</val>
		</str>
	</set>
	
	<set name="dspCheckGenericError">
		<str name="title" translate="yes">
			<val>Erneut versuchen</val>
		</str>
		<str name="warning" translate="yes">
			<val>Aktivierung Ihres Abonnements für {0} ist nicht möglich.</val>
		</str>
		<str name="message" translate="yes">
			<val>Warten Sie einige Augenblicke und wiederholen Sie den Vorgang dann.</val>
		</str>
		<str name="tryAgain" translate="yes">
			<val>Erneut versuchen</val>
		</str>
		<str name="quit" translate="yes">
			<val>Beenden</val>
		</str>
	</set>
	
	<set name="dspSubscriptionVerified">
		<str name="title" translate="yes">
			<val>Vielen Dank</val>
		</str>
		<str name="message" translate="yes">
			<val>Ihr Abonnement für {0} ist jetzt aktiv. Klicken Sie auf „Weiter“, um das Produkt zu verwenden.</val>
		</str>
		<str name="continue" translate="yes">
			<val>Weiter</val>
		</str>
	</set>
	
	<set name="dspSubscriptionReactivation">
		<str name="title" translate="yes">
			<val>Anmeldung erforderlich</val>
		</str>
		<str name="message" translate="yes">
			<val>Laut unseren Aufzeichnungen ist dieses Abonnement bereits auf einem anderen Computer aktiv. Um {0} auf diesem Computer zu aktivieren, melden Sie sich mit Ihrer Adobe-ID an.</val>
		</str>
		<str name="signIn" translate="yes">
			<val>Anmelden</val>
		</str>
		<str name="quit" translate="yes">
			<val>Beenden</val>
		</str>
	</set>
	
	<set name="dspReminder">
		<set name="ccInfoReminder">
			<str name="title" translate="yes">
				<val>Abonnementerinnerung</val>
			</str>
			<str name="message" translate="yes">
				<val>Ihr Abonnement läuft bald ab.</val>
			</str>
			<str name="info" translate="yes">
				<val>Laut unseren Aufzeichnungen wurde diesem Abonnementkonto keine Kreditkarte zugewiesen. Rufen Sie den {0}Abonnement-Manager{1} auf und geben Sie eine Kreditkarte an, um Ihr Abonnement für {2} zu verlängern und das Produkt ohne Unterbrechung weiterhin verwenden zu können.</val>
			</str>
			<str name="infoCCMTeam" translate="yes">
				<val>Wenden Sie sich an den Administrator, um sicherzustellen, dass Sie weiterhin auf dieses Produkt zugreifen können.</val>
			</str>
		</set>
		
		<set name="graceReminder">
			<str name="title" translate="yes">
				<val>Abonnement abgelaufen</val>
			</str>
			<str name="message" translate="yes">
				<val>Ihr Abonnement für {0} ist abgelaufen.</val>
			</str>
			<str name="info" translate="yes">
				<val>Rufen Sie den {0}Abonnement-Manager{1} auf, um Ihr Abonnement für {2} zu verlängern und das Produkt ohne Unterbrechung weiterhin verwenden zu können. Sie erhalten eine kurze Kulanzfrist für die Verlängerung Ihres Abonnements. Nach Ablauf dieser Frist ist der Zugriff auf dieses Produkt nicht mehr möglich.</val>
			</str>
			<str name="infoCCMTeam" translate="yes">
				<val>Wenden Sie sich an den Administrator, um das Abonnement zu verlängern und das Produkt weiterhin ohne Unterbrechungen verwenden zu können. Sie erhalten eine kurze Kulanzfrist für die Verlängerung Ihres Abonnements. Nach Ablauf dieser Frist ist der Zugriff auf dieses Produkt nicht mehr möglich.</val>
			</str>
		</set>
		
		<str name="subscriptionManagerLink" translate="no">
			<val>http://www.creative.adobe.com/go/account</val>
		</str>
		<str name="offline" translate="yes">
			<val>Die Verbindung mit dem Internet konnte nicht hergestellt werden. Prüfen Sie die Verbindungseinstellungen und wählen Sie „Erneut versuchen“.</val>
		</str>
		<str name="subscriptionPolicy" translate="yes">
			<val>{0}Abonnementrichtlinie{1}</val>
		</str>
		<str name="subscriptionPolicyLink" translate="yes">
			<val>http://www.adobe.com/go/subscription_policy_de</val>
		</str>
		<str name="daysRemaining" translate="yes">
			<val>Tage Restzeit</val>
		</str>
		<str name="dayRemaining" translate="yes">
			<val>Tag Restzeit</val>
		</str>
		<str name="continue" translate="yes">
			<val>Weiter</val>
		</str>
		<str name="tryAgain" translate="yes">
			<val>Erneut versuchen</val>
		</str>
	</set>
	
	<set name="dspSuspended">
		<set name="activationSuspended">
			<str name="title" translate="yes">
				<val>Aktivierung fehlgeschlagen</val>
			</str>
			<str name="warning" translate="yes">
				<val>{0} kann nicht aktiviert werden.</val>
			</str>
			<str name="message" translate="yes">
				<val>Das Datum Ihres Systems stimmt nicht mit dem Datum auf unserem Server überein. Ihr Systemdatum kann bis zu drei Tage vom Datum des Adobe-Servers ({0}) abweichen.</val>
			</str>
			<str name="info" translate="yes">
				<val>Überprüfen Sie die Datumseinstellungen Ihres Computers und versuchen Sie es erneut. Wenn das Problem weiterhin auftritt, wenden Sie sich an den {0}Support{1}.</val>
			</str>
		</set>
		
		<set name="subscriptionSuspended">
			<str name="title" translate="yes">
				<val>Abonnement unterbrochen</val>
			</str>
			<str name="warning" translate="yes">
				<val>Das Abonnement für {0} wurde unterbrochen.</val>
			</str>
			<str name="message" translate="yes">
				<val>Das Datum Ihres Systems stimmt nicht mit dem Datum auf unserem Server überein. Ihr Systemdatum kann bis zu drei Tage vom Datum des Adobe-Servers ({0}) abweichen.</val>
			</str>
			<str name="info" translate="yes">
				<val>Überprüfen Sie die Datumseinstellungen Ihres Computers und versuchen Sie es erneut. Wenn das Problem weiterhin auftritt, wenden Sie sich an den {0}Support{1}.</val>
			</str>
		</set>
		
		<set name="subscriptionWindback">
			<str name="title" translate="yes">
				<val>Abonnement unterbrochen</val>
			</str>
			<str name="warning" translate="yes">
				<val>Das Abonnement für {0} wurde unterbrochen.</val>
			</str>
			<str name="message" translate="yes">
				<val>Datum und Uhrzeit des Systems sind falsch eingestellt. Stellen Sie die Systemuhr auf die aktuelle Uhrzeit ein und wählen Sie „Erneut versuchen“. Wenn das Problem weiterhin auftritt, wenden Sie sich an den {0}Support{1}.</val>
			</str>
		</set>
		
		<str name="customerSupportLink" translate="yes">
			<val>http://www.adobe.com/go/customer_support_de</val>
		</str>
		<str name="activationPolicy" translate="yes">
			<val>{0}Aktivierungsrichtlinie anzeigen{1}</val>
		</str>
		<str name="activationPolicyLink" translate="yes">
			<val>http://www.adobe.com/go/activation_de</val>
		</str>
		<str name="subscriptionPolicy" translate="yes">
			<val>{0}Abonnementrichtlinie{1}</val>
		</str>
		<str name="subscriptionPolicyLink" translate="yes">
			<val>http://www.adobe.com/go/subscription_policy_de</val>
		</str>
		<str name="quit" translate="yes">
			<val>Beenden</val>
		</str>
		<str name="tryAgain" translate="yes">
			<val>Erneut versuchen</val>
		</str>
	</set>
	
	<set name="dateTimeFormats">
		<str name="dateFormat_Long" translate="yes">
			<val>{1}. {0} {2}</val>
		</str>
	</set>

	<set name="monthsFull">
		<str name="1" translate="yes">
			<val>Jan.</val>
		</str>
		<str name="2" translate="yes">
			<val>Feb.</val>
		</str>
		<str name="3" translate="yes">
			<val>Mrz.</val>
		</str>
		<str name="4" translate="yes">
			<val>Apr.</val>
		</str>
		<str name="5" translate="yes">
			<val>Mai</val>
		</str>
		<str name="6" translate="yes">
			<val>Jun.</val>
		</str>
		<str name="7" translate="yes">
			<val>Jul.</val>
		</str>
		<str name="8" translate="yes">
			<val>Aug.</val>
		</str>
		<str name="9" translate="yes">
			<val>Sep.</val>
		</str>
		<str name="10" translate="yes">
			<val>Okt.</val>
		</str>
		<str name="11" translate="yes">
			<val>Nov.</val>
		</str>
		<str name="12" translate="yes">
			<val>Dez.</val>
		</str>
	</set>
	
	<set name="dsp_IMSBusyScrim">
		<str name="WaitAMoment" translate="yes">
			<val>Bitte einen Augenblick warten...</val>
		</str>
	</set>
	
	<set name="dspSubscriptionRevoked">
		<str name="title" translate="yes">
			<val>Abonnement unterbrochen</val>
		</str>
		<str name="warning" translate="yes">
			<val>Das Abonnement für {0} wurde unterbrochen.</val>
		</str>
		<str name="message" translate="yes">
			<val>Die Abonnementlizenz ist nicht mehr gültig oder wurde gesperrt. Wenden Sie sich an den {0}Support{1}.</val>
		</str>
		<str name="subscriptionPolicy" translate="yes">
			<val>{0}Abonnementrichtlinie{1}</val>
		</str>
		<str name="subscriptionPolicyLink" translate="yes">
			<val>http://www.adobe.com/go/subscription_policy_de</val>
		</str>
		<str name="customerSupportLink" translate="yes">
			<val>http://www.adobe.com/go/customer_support_de</val>
		</str>
		<str name="quit" translate="yes">
			<val>Beenden</val>
		</str>
	</set>
	
	<set name="isoToLanguage">
		<str name="ar_AE" translate="no"><val>العربية</val></str>
		<str name="en_GB" translate="no"><val>English (International)</val></str> 
		<str name="en_INT" translate="no"><val>English (International)</val></str> 
		<str name="fr_CA" translate="no"><val>Français canadien</val></str>
		<str name="es_QM" translate="no"><val>Español (Middle East)</val></str>
		<str name="es_LA" translate="no"><val>Español de América Latina</val></str>
		<str name="es_NA" translate="no"><val>Español Norteamericano</val></str>
		<str name="bg_BG" translate="no"><val>Български</val></str>
		<str name="lv_LV" translate="no"><val>Latviešu</val></str>
		<str name="et_EE" translate="no"><val>Eesti</val></str>
		<str name="hr_HR" translate="no"><val>hrvatski</val></str>
		<str name="sl_SI" translate="no"><val>slovenščina</val></str>
		<str name="sk_SK" translate="no"><val>Slovenčina</val></str>
		<str name="th_TH" translate="no"><val>ภาษาไทย</val></str> 
		<str name="vi_VN" translate="no"><val>Việt</val></str>
		<str name="en_XC" translate="no"><val>English (Central Europe)</val></str> 
		<str name="en_XM" translate="no"><val>English (Middle East)</val></str>
		<str name="fr_XM" translate="no"><val>Français Oriental Moyen</val></str>
		<str name="sq_AL" translate="no"><val>Shqip</val></str> 
		<str name="ar_SA" translate="no"><val>العربية</val></str>
		<str name="be_BY" translate="no"><val>Беларуская</val></str> 
		<str name="ca_ES" translate="no"><val>Català</val></str> 
		<str name="hi_IN" translate="no"><val>हिन्दी</val></str>
		<str name="is_IS" translate="no"><val>Íslenska</val></str> 
		<str name="lt_LT" translate="no"><val>Lietuvių</val></str>
		<str name="mk_MK" translate="no"><val>македонски</val></str>
		<str name="nn_NO" translate="no"><val>Norsk (Nynorsk)</val></str>
		<str name="pt_PT" translate="no"><val>Português de Portugal</val></str> 
		<str name="sh_YU" translate="no"><val>Srpsko-Hrvatski</val></str> 
		<str name="sr_YU" translate="no"><val>Cрпски</val></str> 
		<str name="kk_KZ" translate="no"><val>Қазақ</val></str>
		<str name="az_AZ" translate="no"><val>Azərbaycan dili</val></str> 
		<str name="es_MX" translate="no"><val>Español (América Latina)</val></str>
		<str name="no_NO" translate="no"><val>Norwegian</val></str> 
		<str name="cs_CZ" translate="no"><val>Česky</val></str>
		<str name="de_DE" translate="no"><val>Deutsch</val></str>
		<str name="el_GR" translate="no"><val>Ελληνικά</val></str>
		<str name="en_US" translate="no"><val>English (North America)</val></str> 
		<str name="es_ES" translate="no"><val>Español</val></str> 
		<str name="fr_FR" translate="no"><val>Français</val></str>
		<str name="he_IL" translate="no"><val>עברית</val></str> 
		<str name="hu_HU" translate="no"><val>Magyar</val></str> 
		<str name="it_IT" translate="no"><val>Italiano</val></str>
		<str name="ja_JP" translate="no"><val>日本語</val></str>
		<str name="ko_KR" translate="no"><val>한국어</val></str>
		<str name="nl_NL" translate="no"><val>Nederlands</val></str>
		<str name="pl_PL" translate="no"><val>Polski</val></str>
		<str name="ro_RO" translate="no"><val>Română</val></str>
		<str name="ru_RU" translate="no"><val>Pусский</val></str>
		<str name="sv_SE" translate="no"><val>Svenska</val></str>
		<str name="tr_TR" translate="no"><val>Türkçe</val></str>
		<str name="uk_UA" translate="no"><val>Українська</val></str>
		<str name="zh_CN" translate="no"><val>简体中文</val></str>
		<str name="zh_TW" translate="no"><val>繁體中文</val></str>
		<str name="da_DK" translate="no"><val>Dansk</val></str>
		<str name="fi_FI" translate="no"><val>Suomi</val></str>
		<str name="nb_NO" translate="no"><val>Norsk (Bokmål)</val></str> 
		<str name="pt_BR" translate="no"><val>Português do Brasil</val></str>
		<str name="en_AE" translate="no"><val>English يدعم العربية</val></str> 
		<str name="en_IL" translate="no"><val>English תומך עברית</val></str> 
		<str name="fr_MA" translate="no"><val>Français (Maroc)</val></str>
	</set>
		
</asf>
