<?xml version='1.0' encoding='utf-8'?>
<!DOCTYPE asf SYSTEM "http://ns.adobe.com/asf/asf_1_0.dtd" >
<asf xmlns="http://ns.adobe.com/asf" locale="sl_SI" version="1.0">
	
	<set name="common">
		<str name="windowTitle" translate="yes">
			<val>Izdelek družbe Adobe</val>
		</str>
		<str name="day" translate="yes">
			<val>dnevu</val>
		</str>
		<str name="days" translate="yes">
			<val>dneh</val>
		</str>
	</set>
	
	<set name="eula">
		<str name="eula" translate="yes">
			<val>Licenčna pogodba za programsko opremo Adobe</val>
		</str>
		<str name="productLineMsg" translate="yes">
			<val>Ta pogodba ureja vašo namestitev in uporabo izdelkov {0}, med katere spada ta programska oprema. Pogodbe, ki ste jih že sprejeli, si lahko ogledate na naslovu {1}.</val>
		</str>
		<str name="eulaOnlineLink" translate="yes">
			<val>www.adobe.com/go/myaccount_si</val>
		</str>
		<str name="eulaOnlineLinkGoURL" translate="yes">
			<val>http://www.adobe.com/go/adobemembership_si.</val>
		</str>
		<str name="accept" translate="yes">
			<val>Sprejmem</val>
		</str>
		<str name="quit" translate="yes">
			<val>Končaj</val>
		</str>		
	</set>

	<set name="register">
		<set name="trial">
			<set name="online">
				<str name="title" translate="yes">
					<val>Zahtevan je vpis</val>
				</str>
				<str name="titleMenuSignIn" translate="yes">
					<val>Prijava</val>
				</str>
				<str name="message" translate="yes">
					<val>Prijavite se s svojim ID-jem za Adobe.</val>
				</str>
				<str name="message_device" translate="yes">
					<val>Prijavite se s svojim ID-jem za Adobe: {0}.</val>
				</str>
				<str name="notYou" translate="yes">
					<val>(Ali to ni vaš ID za Adobe?)</val>
				</str>
				<str name="signInNow" translate="yes">
					<val>Prijavi se zdaj</val>
				</str>
				<str name="signIn" translate="yes">
					<val>Vpis</val>
				</str>
				<str name="termTitle" translate="yes">
					<val>Določila in pogoji za preskusno programsko opremo.</val>
				</str>
				<str name="termPara1" translate="yes">
					<val>Morda vas bomo prosili, da nam pošljete izbirne podatke, s katerimi bomo vsebino prikrojili vašim potrebam. Prilagojeno vsebino lahko kadar koli izklopite v nastavitvah zasebnosti, ki so na zaslonu izkušnje s preskusno različico.</val>
				</str>
				<str name="termPara2" translate="yes">
					<val>Če želite več informacij o podatkih, ki jih zbiramo o vaši uporabi izdelka, in o tem, kako Adobe uporablja te podatke ter kako tržimo skladno z vašimi interesi, kliknite {0}tukaj{1} in si oglejte {2}Pravilnik o zasebnosti v spletu družbe Adobe{3}.</val>
				</str>
				<str name="privacyPortalLink" translate="yes">
					<val>http://www.adobe.com/go/adobe_privacy_portal_si</val>
				</str>
				<str name="privacyPolicyLink" translate="yes">
					<val>http://www.adobe.com/go/privacy_si</val>
				</str>
			</set>
		</set>
		
		<set name="subscription">
			<str name="title" translate="yes">
				<val>Zahtevan je vpis</val>
			</str>
			<str name="titleMenuSignIn" translate="yes">
				<val>Prijava</val>
			</str>			
			<str name="message" translate="yes">
				<val>Če želite uporabljati ta izdelek in si ogledati podatke o svojem članstvu, se prijavite s svojim ID-jem za Adobe.</val>
			</str>
			<str name="userEmail" translate="yes">
				<val>Vpisani boste s tem ID-jem za Adobe: {0}.</val>
			</str>
			<str name="notYou" translate="yes">
				<val>(Ali to ni vaš ID za Adobe?)</val>
			</str>
			<str name="signInNow" translate="yes">
				<val>Prijavi se zdaj</val>
			</str>
			<str name="signIn" translate="yes">
				<val>Vpis</val>
			</str>
			<str name="back" translate="yes">
				<val>Nazaj</val>
			</str>
			<str name="signInLater" translate="yes">
				<val>Prijavi se pozneje</val>
			</str>
		</set>
		
		<set name="signInForValidation">
			<str name="title" translate="yes">
				<val>Zahtevana je prijava</val>
			</str>	
			<str name="message" translate="yes">
				<val>Za aktiviranje programske opreme se morate prijaviti z ID-jem za Adobe.</val>
			</str>
			<str name="benefit" translate="yes">
				<val>Vnesite ID za Adobe, da odprete svoje članstvo in registrirate izdelek.</val>
			</str>
			<str name="userEmail" translate="yes">
				<val>Prijavljeni boste s tem ID-jem za Adobe: {0}.</val>
			</str>
			<str name="notYou" translate="yes">
				<val>(Ali to ni vaš ID za Adobe?)</val>
			</str>
			<str name="signInNow" translate="yes">
				<val>Prijavi se zdaj</val>
			</str>
			<str name="signIn" translate="yes">
				<val>Vpis</val>
			</str>
			<str name="signInLater" translate="yes">
				<val>Prijavi se pozneje</val>
			</str>	
		</set>
		
		<set name="serial">
			<set name="grace">
				<str name="title" translate="yes">
					<val>Zahtevan je vpis</val>
				</str>	
				<str name="titleMenuSignIn" translate="yes">
					<val>Prijava</val>
				</str>		
				<str name="message" translate="yes">
					<val>Vpišite se s svojim ID-jem za Adobe in registrirajte {0} v {1}, sicer bo prenehal delovati.</val>
				</str>
				<str name="benefit" translate="yes">
					<val>Vnesite ID za Adobe, da odprete svoje članstvo in registrirate izdelek.</val>
				</str>
				<str name="userEmail" translate="yes">
					<val>Prijavljeni boste s tem ID-jem za Adobe: {0}.</val>
				</str>
				<str name="notYou" translate="yes">
					<val>(Ali to ni vaš ID za Adobe?)</val>
				</str>
				<str name="signInNow" translate="yes">
					<val>Prijavi se zdaj</val>
				</str>
				<str name="signIn" translate="yes">
					<val>Vpis</val>
				</str>
				<str name="signInLater" translate="yes">
					<val>Prijavi se pozneje</val>
				</str>
				<str name="noInternet" translate="yes">
					<val>Imate težave pri vzpostavljanju povezave z internetom?</val>
				</str>
			</set>
			
			<set name="post_grace">
				<str name="title" translate="yes">
					<val>Zahtevan je vpis</val>
				</str>	
				<str name="titleMenuSignIn" translate="yes">
					<val>Prijava</val>
				</str>	
				<str name="message" translate="yes">
					<val>Pred naslednjo uporabo te programske opreme se morate vpisati s svojim ID-jem za Adobe in registrirati {0}.</val>
				</str>
				<str name="benefit" translate="yes">
					<val>Vnesite ID za Adobe, da odprete svoje članstvo in registrirate izdelek.</val>
				</str>
				<str name="userEmail" translate="yes">
					<val>Prijavljeni boste s tem ID-jem za Adobe: {0}.</val>
				</str>
				<str name="notYou" translate="yes">
					<val>(Ali to ni vaš ID za Adobe?)</val>
				</str>
				<str name="signInNow" translate="yes">
					<val>Prijavi se zdaj</val>
				</str>
				<str name="signIn" translate="yes">
					<val>Vpis</val>
				</str>
				<str name="signInLater" translate="yes">
					<val>Prijavi se pozneje</val>
				</str>
			</set>
		
			<set name="post_bonus">
				<str name="title" translate="yes">
					<val>Zahtevan je vpis</val>
				</str>	
				<str name="titleMenuSignIn" translate="yes">
					<val>Prijava</val>
				</str>		
				<str name="message" translate="yes">
					<val>Programa {0} ne morete uporabljati, če se ne prijavite s svojim ID-jem za Adobe.</val>
				</str>
				<str name="benefit" translate="yes">
					<val>Vnesite ID za Adobe, da odprete svoje članstvo in registrirate izdelek.</val>
				</str>
				<str name="userEmail" translate="yes">
					<val>Prijavljeni boste s tem ID-jem za Adobe: {0}.</val>
				</str>
				<str name="notYou" translate="yes">
					<val>(Ali to ni vaš ID za Adobe?)</val>
				</str>
				<str name="signInNow" translate="yes">
					<val>Prijavi se zdaj</val>
				</str>
				<str name="signIn" translate="yes">
					<val>Vpis</val>
				</str>
				<str name="quit" translate="yes">
					<val>Končaj</val>
				</str>
			</set>
		</set>
	
		<set name="exceptionScenarios">
			<set name="retail">
				<str name="title" translate="yes">
					<val>Prijava</val>
				</str>	
				<str name="message1" translate="yes">
					<val>Prijavite se, če želite registrirati programsko opremo s svojim ID-jem za Adobe.</val>
				</str>
				<str name="message2" translate="yes">
					<val>ID za Adobe vam omogoča preprost dostop do vašega članstva, storitev Adobe Creative Cloud in skupnosti Adobe.com.</val>
				</str>		
				<str name="userEmail" translate="yes">
					<val>Zdaj vas bomo prijavili in registrirali to programsko opremo z vašim ID-jem za Adobe: {0}.</val>
				</str>
				<str name="notYou" translate="yes">
					<val>(Ali to ni vaš ID za Adobe?)</val>
				</str>
				<str name="signInNow" translate="yes">
					<val>Prijavi se zdaj</val>
				</str>
				<str name="signIn" translate="yes">
					<val>Prijava</val>
				</str>
			</set>		
			<set name="volume">
				<str name="title" translate="yes">
					<val>Prijava</val>
				</str>		
				<str name="message" translate="yes">
					<val>ID za Adobe vam omogoča preprost dostop do vašega članstva, storitev Adobe Creative Cloud in skupnosti Adobe.com.</val>
				</str>		
				<str name="userEmail" translate="yes">
					<val>Vpisani boste s tem ID-jem za Adobe: {0}.</val>
				</str>
				<str name="notYou" translate="yes">
					<val>(Ali to ni vaš ID za Adobe?)</val>
				</str>
				<str name="signInNow" translate="yes">
					<val>Prijavi se zdaj</val>
				</str>
				<str name="signIn" translate="yes">
					<val>Prijava</val>
				</str>
			</set>
		</set>	
	</set>
	
	<set name="trialLaunch">
		<str name="title" translate="yes">
			<val>Preskusna različica – {0}</val>
		</str>
		
		<set name="start">
			<str name="info" translate="yes">
				<val>Ta izdelek lahko uporabljate še toliko dni: {0}.</val>
			</str>
			<str name="info_day" translate="yes">
				<val>Ta izdelek lahko uporabljate še {0} dan.</val>
			</str>
			<str name="additionalInfo" translate="yes">
				<val>Če želite po preskusnem obdobju še naprej uporabljati {0}, kupite programsko opremo.</val>
			</str>
		</set>
		
		<set name="grace">
			<str name="info" translate="yes">
				<val>Preskusna različica bo potekla čez {0} dni.</val>
			</str>
			<str name="info_day" translate="yes">
				<val>Preskusna različica bo potekla čez {0} dan.</val>
			</str>
			<str name="additionalInfo" translate="yes">
				<val>Če želite po preskusnem obdobju še naprej uporabljati {0}, kupite programsko opremo.</val>
			</str>
		</set>
		
		<set name="bonus">
			<str name="info" translate="yes">
				<val>Zadnji zagon preskusne različice</val>
			</str>
			<str name="additionalInfo" translate="yes">
				<val>Preskusna različica je potekla, vendar lahko izdelek {0} še zadnjič uporabite.</val>
			</str>
			<str name="bonusInfo" translate="yes">
				<val>Če želite še naprej uporabljati {0}, kupite programsko opremo.</val>
			</str>
		</set>
		
		<set name="expired">
			<str name="info" translate="yes">
				<val>Preskusna različica je potekla.</val>
			</str>
			<str name="additionalInfo" translate="yes">
				<val>Če želite še naprej uporabljati {0}, kupite programsko opremo.</val>
			</str>
		</set>
		
		<str name="daysRemaining" translate="yes">
			<val>dni preostaja</val>
		</str>
		<str name="dayRemaining" translate="yes">
			<val>dan preostaja</val>
		</str>
		<str name="buy" translate="yes">
			<val>Kupi zdaj</val>
		</str>
		<str name="buyLink" translate="no">
			<val>http://www.adobe.com/go/buy</val>
		</str>
		<str name="join" translate="yes">
			<val>Pridruži se zdaj</val>
		</str>
		<str name="joinLink" translate="yes">
			<val>http://www.adobe.com/go/cc_plans_si</val>
		</str>
		<str name="continue" translate="yes">
			<val>Nadaljuj uporabo preskusne različice</val>
		</str>
		<str name="startTrial" translate="yes">
			<val>Zaženi preskusno različico</val>
		</str>
		<str name="enterSerial" translate="yes">
			<val>Licenciraj to programsko opremo</val>
		</str>		
	</set>
	
	<set name="deactivate">
		<str name="title" translate="yes">
			<val>Odjava</val>
		</str>
		<str name="title_Fail" translate="yes">
			<val>Odjava ni uspela</val>
		</str>
		<str name="infoSubscription" translate="yes">
			<val>Če program deaktivirate, s tem ne spremenite naročnine. Če želite spremeniti naročnino, se pomaknite v razdelek {0}Upravitelj naročnin{1}.</val>
		</str>
		<str name="infoSubscriptionCCMTeam" translate="yes">
			<val>Če deaktivirate program, ne spremenite svoje naročnine.</val>
		</str>
		<str name="adobeIDMessage" translate="yes">
			<val>Trenutno ste vpisani z {0}.</val>
		</str>
		<str name="message1" translate="yes">
			<val>Če se odjavite, lahko izdelke Adobe aktivirate v drugem računalniku ali napravi skladno s pogoji {0}licenčne pogodbe za programsko opremo{1}. Pred odjavo preverite, ali imate vzpostavljeno povezavo z internetom.</val>
		</str>
		<str name="message2" translate="yes">
			<val>Če se odjavite, boste deaktivirali to programsko opremo v tem računalniku, razen če se znova prijavite.</val>
		</str>
		<str name="messageSubscription" translate="yes">
			<val>Z deaktivacijo lahko izdelke Adobe aktivirate v drugem računalniku, vendar le, če ravnate skladno s pogoji {0}licenčne pogodbe za programsko opremo{1}. Preden izdelek deaktivirate, preverite, ali imate vzpostavljeno povezavo z internetom.</val>
		</str>
		<str name="deActivationMsgError" translate="yes">
			<val>Če težave ne morete odpraviti, se obrnite na {0}podporo strankam{1}. {2}</val>
		</str>
		<str name="customerSupportLink" translate="yes">
			<val>http://www.adobe.com/go/customer_support_si</val>
		</str>
		<str name="eula_Link" translate="yes">
			<val>http://www.adobe.com/go/eulas_si</val>
		</str>
		<str name="failure" translate="yes">
			<val>Postopka deaktivacije ni bilo mogoče izvesti. Poskusite znova.</val>
		</str>
		<str name="deactivate" translate="yes">
			<val>Odjava</val>
		</str>		
		<str name="cancel" translate="yes">
			<val>Prekliči</val>
		</str>
		<str name="continue" translate="yes">
			<val>Nadaljuj</val>
		</str>
		
		<str name="offline" translate="yes">
			<val>Vzpostavite povezavo z internetom in poskusite znova</val>
		</str>		
		<str name="offlineMsg" translate="yes">
			<val>Odjava ni mogoča. Preverite, ali imate vzpostavljeno povezavo z internetom, in poskusite znova. Če težave ne morete odpraviti, se obrnite na {0}podporo strankam{1}.</val>
		</str>	
		<str name="customerSupportLink" translate="yes">
			<val>http://www.adobe.com/go/customer_support_si</val>
		</str>
	</set>
	
	<set name="trialFailed">
		<str name="title" translate="yes">
			<val>Inicializacija preskusne različice ni uspela</val>
		</str>
		<str name="warning" translate="yes">
			<val>Licenciranje ne deluje več.</val>
		</str>
		<str name="message" translate="yes">
			<val>Pri licenciranju izdelka je prišlo do težave. Znova namestite izdelek in poskusite znova. Če prihaja do težave tudi po vnovični namestitvi, se za dodatno pomoč obrnite na {0}podporo strankam{1}.</val>
		</str>
		<str name="customerSupportLink" translate="yes">
			<val>http://www.adobe.com/go/customer_support_si</val>
		</str>
		<str name="close" translate="yes">
			<val>Zapri</val>
		</str>
		<str name="enterSerial" translate="yes">
			<val>Licenciraj to programsko opremo</val>
		</str>
	</set>
	
	<set name="validateSerial">
		<str name="title" translate="yes">
			<val>Preverjanje veljavnosti serijske številke</val>
		</str>
		
		<set name="grace">
			<str name="message" translate="yes">
				<val>Vzpostavite povezavo z internetom, da preverite veljavnost svoje serijske številke.</val>
			</str>
		</set>
		<str name="noInternet" translate="yes">
			<val>Imate težave pri vzpostavljanju povezave z internetom?</val>
		</str>
		<str name="validate" translate="yes">
			<val>Preveri veljavnost</val>
		</str>
		<str name="connectLater" translate="yes">
			<val>Vzpostavi povezavo pozneje</val>
		</str>
		<str name="quit" translate="yes">
			<val>Končaj</val>
		</str>
	</set>
	
	<set name="offlineScrim">
		<str name="title" translate="yes">
			<val>Vzpostavite povezavo z internetom in poskusite znova</val>
		</str>
		<str name="message" translate="yes">
			<val>Računalnik verjetno nima vzpostavljene povezave z internetom. Internetna povezava mora biti vzpostavljena. Vzpostavite povezavo z internetom in poskusite znova. Če te težave ne morete odpraviti, se obrnite na {0}podporo strankam{1}.</val>
		</str>
		<str name="offlineActivationMsg" translate="yes">
			<val>Če v tem računalniku ne morete vzpostaviti povezave z internetom, poiščite več podrobnosti na naslovu {0} z napravo, ki ima vzpostavljeno povezavo z internetom.</val>
		</str>
		<str name="offlineActivationLink" translate="yes">
			<val>http://www.adobe.com/go/getactivated_si</val>
		</str>
		<str name="customerSupportLink" translate="yes">
			<val>http://www.adobe.com/go/customer_support_si</val>
		</str>
		<str name="retry" translate="yes">
			<val>Poskusi znova</val>
		</str>
		<str name="connectLater" translate="yes">
			<val>Vzpostavi povezavo pozneje</val>
		</str>
		<str name="cancel" translate="yes">
			<val>Prekliči</val>
		</str>
	</set>
	
	<set name="dspEntitlementOfflineScrim">
		<str name="title" translate="yes">
			<val>Zahtevana je internetna povezava za naročnine</val>
		</str>
		<str name="message" translate="yes">
			<val>Če želite skleniti naročnino, potrebujete internetno povezavo. Če že imate sklenjeno naročnino, vzpostavite internetno povezavo in izberite »Poskusi znova«.</val>
		</str>
		<str name="serialInfo" translate="yes">
			<val>Če imate serijsko številko, za nadaljevanje izberite »Vnesite serijsko številko«.</val>
		</str>
		<str name="retry" translate="yes">
			<val>Poskusi znova</val>
		</str>
		<str name="enterSerialNumber" translate="yes">
			<val>Vnesi serijsko številko</val>
		</str>
		<str name="cancel" translate="yes">
			<val>Nazaj</val>
		</str>
	</set>
	
	<set name="screenLoading">
		<str name="loading" translate="yes">
			<val>Nalaganje ...</val>
		</str>
		<str name="validatingSerial" translate="yes">
			<val>Preverjanje veljavnosti serijske številke. Postopek lahko traja nekaj sekund ...</val>
		</str>
		<str name="checkCall" translate="yes">
			<val>Preverjanje veljavnosti licence v spletu. Postopek lahko traja nekaj sekund ...</val>
		</str>
		<str name="autoprovisionTrial" translate="yes">
			<val>Preverjanje veljavnosti licenčne pogodbe ....</val>
		</str>
		<str name="activation" translate="yes">
			<val>Preverjanje veljavnosti licence za programsko opremo. Postopek lahko traja nekaj sekund ...</val>
		</str>
		<str name="dbaLicenseCheck" translate="yes">
			<val>Preverjanje veljavnosti licence. Postopek lahko traja nekaj sekund ...</val>
		</str>
	</set>
	
	<set name="overActivation">
		<str name="title" translate="yes">
			<val>Serijska številka</val>
		</str>
		<str name="stepMessage" translate="yes">
			<val>Serijska številka {0} je že v uporabi v največjem dovoljenem številu računalnikov. Če želite uporabljati izdelek, ga morate deaktivirati v drugem računalniku v toliko dneh: {1}.</val>
		</str>
		<str name="stepMessageOneDay" translate="yes">
			<val>Serijska številka {0} je že v uporabi v največjem dovoljenem številu računalnikov. Če želite uporabljati izdelek, ga morate deaktivirati v drugem računalniku v enem dnevu.</val>
		</str>
		<str name="stepMessageBonusLaunch" translate="yes">
			<val>Serijska številka {0} je že v uporabi v največjem dovoljenem številu računalnikov. Če želite izdelek {1} znova uporabljati v tem računalniku, ga morate deaktivirati v drugem računalniku ali pa vnesti veljavno serijsko številko.</val>
		</str>
		<str name="radioButton1" translate="yes">
			<val>Aktiviraj znova. Izdelek sem že deaktiviral v enem od drugih računalnikov.</val>
		</str>
		<str name="radioButton2" translate="yes">
			<val>Vnesi drugo serijsko številko.</val>
		</str>
		<str name="continue" translate="yes">
			<val>Nadaljuj</val>
		</str>
	</set>
	<set name="overActivationPOSA">
		<str name="title" translate="yes">
			<val>Presežena omejitev števila aktivacij</val>
		</str>
		<str name="warning" translate="yes">
			<val>Programske opreme ni mogoče aktivirati v tem računalniku ali napravi.</val>
		</str>
		<str name="info" translate="yes">
			<val>Ta ID za Adobe {0} je bil že uporabljen za vpis in aktivacijo programske opreme v dveh drugih računalnikih ali napravah.</val>
		</str>
		<str name="message" translate="yes">
			<val>Če ste dezaktivirali enega od drugih računalnikov ali naprav, poskusite znova v toliko dneh: {0}. </val>
		</str>
		<str name="messageOneDay" translate="yes">
			<val>Če ste dezaktivirali enega od drugih računalnikov ali naprav, poskusite znova v enem dnevu. </val>
		</str>
		<str name="messageBonusLaunch" translate="yes">
			<val>Če ste dezaktivirali enega od drugih računalnikov ali naprav, poskusite znova zdaj. </val>
		</str>
		<str name="messageExpired" translate="yes">
			<val>Če ste dezaktivirali enega od drugih računalnikov ali naprav, poskusite znova zdaj.</val>
		</str>
		<str name="HaveAnotherAdobeID" translate="yes">
			<val>Ali imate drugačen ID za Adobe?</val>
		</str>
		<str name="supportMessage" translate="yes">
			<val>Če težave ne morete odpraviti, se obrnite na {0}Podporo strankam{1}. </val>
		</str>
		<str name="customerSupportLink" translate="yes">
			<val>http://www.adobe.com/go/customer_support_si</val>
		</str>
		<str name="retry" translate="yes">
			<val>Poskusi znova</val>
		</str>
		<str name="cancel" translate="yes">
			<val>Prekliči</val>
		</str>
		<str name="quit" translate="yes">
			<val>Končaj</val>
		</str>
	</set>
	
	<set name="activationFailure">
		<str name="title" translate="yes">
			<val>Aktivacija ni uspela</val>
		</str>
		<str name="activationStepError" translate="yes">
			<val>Izdelka {0} ni bilo mogoče aktivirati.</val>
		</str>
		<str name="activationMsgError" translate="yes">
			<val>Preverite nastavitve internetne povezave in poskusite znova. Če težave ne morete odpraviti, se obrnite na {0}podporo strankam{1}. {2}</val>
		</str>
		<str name="customerSupportLink" translate="yes">
			<val>http://www.adobe.com/go/customer_support_si</val>
		</str>
		<str name="close" translate="yes">
			<val>Zapri</val>
		</str>
		<str name="retry" translate="yes">
			<val>Poskusi znova</val>
		</str>
	</set>
	<set name="activationRequired">
		<str name="title" translate="yes">
			<val>Potrebno je aktiviranje</val>
		</str>
		<str name="activationMsgOneDay" translate="yes">
			<val>Vzpostavite povezavo z internetom. {0} morate aktivirati v enem dnevu, sicer bo prenehal delovati.</val>
		</str>
		<str name="activationMsg" translate="yes">
			<val>Vzpostavite povezavo z internetom. {0} morate aktivirati v {1} dneh, sicer bo prenehal delovati.</val>
		</str>
		<str name="activationMsgBonus" translate="yes">
			<val>Vzpostavite povezavo z internetom. {0} morate aktivirati danes, sicer bo prenehal delovati.</val>
		</str>
		<str name="activateLater" translate="yes">
			<val>Aktiviraj pozneje</val>
		</str>
		<str name="retry" translate="yes">
			<val>Aktiviraj zdaj</val>
		</str>
	</set>
	<set name="licenseMismatch">
			<str name="title" translate="yes">
				<val>Licence se ne ujemajo</val>
			</str>
			<str name="warning" translate="yes">
				<val>V programski opremi, nameščeni v tem računalniku, so na voljo dodatne funkcije, ki pa jih v okviru svoje trenutne licence ne morete uporabljati.</val>
			</str>
			<str name="message" translate="yes">
				<val>Če želite začeti uporabljati to programsko opremo, upoštevajte spodnja navodila za prenos in namestitev trajnega izvoda izdelka:</val>
			</str>
			<str name="point1" translate="yes">
				<val>1. Odstranite obstoječi izdelek, ki temelji na naročnini.</val>
			</str>
			<str name="point2" translate="yes">
				<val>2.	Prenesite {0} s spletnega mesta {1}www.adobe.com{2}.</val>
			</str>
			<str name="point3" translate="yes">
				<val>3. Namestite {0}, ki ste ga prenesli s spletnega mesta adobe.com.</val>
			</str>
			<str name="ok" translate="yes">
				<val>V redu</val>
			</str>
			<str name="adobeLnk" translate="yes">
				<val>http://www.adobe.com/go/downloads_si</val>
			</str>
		</set>
	
	<set name="confirmationDialog">
		<str name="title" translate="yes">
			<val>Končaj</val>
		</str>
		<str name="message" translate="yes">
			<val>Ali ste prepričani, da želite končati?</val>
		</str>
		<str name="primaryButtonLabel" translate="yes">
			<val>Da</val>
		</str>
		<str name="secondaryButtonLabel" translate="yes">
			<val>Ne</val>
		</str>
	</set>
	
	<set name="inAppTrials">
		<str name="loading" translate="yes">
			<val>Nalaganje ...</val>
		</str>
		<str name="title" translate="yes">
			<val>Preskusna različica – {0}</val>
		</str>
		<str name="continue" translate="yes">
			<val>Nadaljuj uporabo preskusne različice</val>
		</str>
		<str name="startTrial" translate="yes">
			<val>Zaženi preskusno različico</val>
		</str>
		<str name="enterSerial" translate="yes">
			<val>Licenciraj to programsko opremo</val>
		</str>
		<str name="privacySettings" translate="yes">
			<val>Nastavitve zasebnosti</val>
		</str>
		<str name="tutorialsList" translate="yes">
			<val>{0} od {1}</val>
		</str>
		<str name="videoLoadingError" translate="yes">
			<val>Pri nalaganju videoposnetka je prišlo do napake.</val>
		</str>
		<str name="tryAgain" translate="yes">
			<val>Poskusi znova</val>
		</str>
		<str name="exitFullScreen" translate="yes">
			<val>Če želite zapreti celozaslonski način, pritisnite tipko Esc.</val>
		</str>
		<str name="okay" translate="yes">
			<val>V redu</val>
		</str>
		<str name="cancel" translate="yes">
			<val>Prekliči</val>
		</str>
		<str name="privacyText" translate="yes">
			<val>Morda vas bomo prosili, da nam sporočite neobvezne informacije, kot je raven izkušnje z uporabniško opremo, da lahko vsebino prilagodimo za vas.</val>
		</str>
		<str name="privacyPolicyText" translate="yes">
			<val>Če želite več informacij o podatkih, ki jih zbiramo o vaši uporabi izdelka, in o tem, kako Adobe uporablja te podatke ter kako tržimo skladno z vašimi interesi, {0}kliknite tukaj{1} in si oglejte {2}Pravilnik o zasebnosti v spletu družbe Adobe{3}</val>
		</str>
		<str name="optInText" translate="yes">
			<val>Izklopite zaslon prilagojene vsebine poskusne različice. Ko boste naslednjič zagnali preskusno različico, ne bo prikazana prilagojena vsebina.</val>
		</str>
		<str name="privacyPortalLink" translate="yes">
			<val>http://www.adobe.com/go/adobe_privacy_portal_si</val>
		</str>
		<str name="privacyPolicyLink" translate="yes">
			<val>http://www.adobe.com/go/privacy_si</val>
		</str>		
		
	</set>
	
	<set name="noInternetConnection">
		<str name="title" translate="yes">
			<val>Ni internetne povezave</val>
		</str>
		<str name="para1" translate="yes">
			<val>V tem računalniku ne moremo zaznati internetne povezave.</val>
		</str>
		<str name="para2" translate="yes">
			<val>Aktivacija in registracija sta obvezni in ju morate dokončati v roku {0} dni. Če v tem računalniku lahko vzpostavite povezavo s spletom, postopek traja le nekaj minut.</val>
		</str>
		<str name="para2_day" translate="yes">
			<val>Aktivacija in registracija sta obvezni in ju morate dokončati v roku 1 dneva. Če v tem računalniku lahko vzpostavite povezavo s spletom, postopek traja le nekaj minut.</val>
		</str>
		<str name="para2_end" translate="yes">
			<val>Aktivacija in registracija sta obvezni in ju morate dokončati. Če v tem računalniku lahko vzpostavite povezavo s spletom, postopek traja le nekaj minut.</val>
		</str>
		<str name="para2_optional" translate="yes">
			<val>Aktivacija je obvezna in jo morate dokončati v {0} dneh. Če v tem računalniku lahko vzpostavite povezavo s spletom, postopek traja le nekaj minut.</val>
		</str>
		<str name="para2_day_optional" translate="yes">
			<val>Aktivacija je obvezna in jo morate dokončati v 1 dnevu. Če v tem računalniku lahko vzpostavite povezavo s spletom, postopek traja le nekaj minut.</val>
		</str>
		<str name="para2_end_optional" translate="yes">
			<val>Aktivacija je obvezna in jo morate dokončati. Če v tem računalniku lahko vzpostavite povezavo s spletom, postopek traja le nekaj minut.</val>
		</str>
		<str name="para3" translate="yes">
			<val>Če v tem računalniku ne morete vzpostaviti povezave z internetom, kliknite »Aktiviranje brez povezave«. Če želite programsko opremo aktivirati brez povezave, potrebujete napravo z vzpostavljeno internetno povezavo in serijsko številko izdelka.</val>
		</str>
		<str name="para3_optional" translate="yes">
			<val>Če v tem računalniku nikoli ne morete vzpostaviti povezave z internetom, kliknite »Aktiviranje brez povezave«. Za dokončanje aktiviranja brez povezave potrebujete napravo z omogočenim internetom in serijsko številko svojega izdelka.</val>
		</str>
		<str name="hyperlinkText" translate="yes">
			<val>Ta računalnik ima vzpostavljeno povezavo z internetom. Ne vem, v čem je težava.</val>
		</str>
		<str name="hyperlinkTooltipText" translate="yes">
			<val>Obrnite se na skrbnika ali pokličite podporo strankam družbe Adobe.</val>
		</str>
		<str name="offlineActivate" translate="yes">
			<val>Aktiviranje brez povezave</val>
		</str>
		<str name="back" translate="yes">
			<val>Nazaj</val>
		</str>
	</set>
	
	<set name="offlineActivation">
		<str name="title" translate="yes">
			<val>Aktiviranje brez povezave</val>
		</str>
		<set name="StepError">
			<str name="requestCodeExpired" translate="yes">
				<val>Koda za zahtevo {0} je potekla. Sledite spodnjim korakom, da dokončate aktiviranje brez povezave.</val>
			</str>
			<str name="requestCodeGenError" translate="yes">
				<val>Kode za zahtevo ni mogoče ustvariti. Poskusite znova.</val>
			</str>
		</set>
		<str name="para1" translate="yes">
			<val>1. Kliknite »Ustvari kodo za zahtevo« spodaj. Koda je enolična za napravo in velja 72 ur. Če postopka ne morete dokončati v 72 urah, zahtevajte novo kodo.</val>
		</str>
		<str name="para2" translate="yes">
			<val>2. V napravi, v kateri imate vzpostavljeno povezavo z internetom, obiščite spletno mesto Adobe.com/go/getactivated_si.</val>
		</str>
		<str name="para3" translate="yes">
			<val>3. Ko na spletnem mestu prejmete poziv, vnesite kodo iz 1. koraka in svojo serijsko številko. S tem boste ustvarili kodo za odgovor.</val>
		</str>
		<str name="para4" translate="yes">
			<val>4. V napravi brez povezave vnesite kodo za odgovor in kliknite »Aktiviraj«.</val>
		</str>
		<str name="para5" translate="yes">
			<val>Če želite programsko opremo aktivirati z vzpostavljeno povezavo, kliknite »Nazaj«.</val>
		</str>
		<str name="hyperlinkText" translate="yes">
			<val>Postopek aktivacije želim izvesti hitreje z vzpostavljeno internetno povezavo.</val>
		</str>
		<str name="back" translate="yes">
			<val>Nazaj</val>
		</str>
		<str name="activateLater" translate="yes">
			<val>Aktiviraj pozneje</val>
		</str>
		<str name="quit" translate="yes">
			<val>Končaj</val>
		</str>
		<str name="generateRequestCode" translate="yes">
			<val>Ustvari kodo za zahtevo</val>
		</str>
		<str name="customerSupportLink" translate="yes">
			<val>http://www.adobe.com/go/customer_support_si</val>
		</str>
	</set>
	
	<set name="offlineActivationCode">
		<str name="title" translate="yes">
			<val>Aktiviranje brez povezave</val>
		</str>
		<set name="StepError">
			<str name="invalidResponseCode" translate="yes">
				<val>Vnesena koda za odgovor ni veljavna. Vnesite jo znova.</val>
			</str>
			<str name="requestCodeExpired" translate="yes">
				<val>Koda za zahtevo {0} je potekla. Sledite spodnjim korakom, da dokončate aktiviranje brez povezave.</val>
			</str>
			<str name="verifyError" translate="yes">
				<val>Vnesene kode za zahtevo ni mogoče preveriti. Poskusite znova.</val>
			</str>
		</set>
		<str name="requestCode" translate="yes">
			<val>Koda za zahtevo:</val>
		</str>
		<str name="para1" translate="yes">
			<val>Imate {0}, da pridobite kodo za odgovor s spletnega mesta www.adobe.com/go/getactivated_si in jo vnesete spodaj.</val>
		</str>
		<str name="responseCode" translate="yes">
			<val>Koda za odgovor:</val>
		</str>
		<str name="hyperlinkText" translate="yes">
			<val>Postopek aktivacije želim izvesti hitreje z vzpostavljeno internetno povezavo.</val>
		</str>
		<str name="back" translate="yes">
			<val>Nazaj</val>
		</str>
		<str name="activateLater" translate="yes">
			<val>Aktiviraj pozneje</val>
		</str>
		<str name="quit" translate="yes">
			<val>Končaj</val>
		</str>
		<str name="activate" translate="yes">
			<val>Aktiviraj</val>
		</str>
		<str name="hour" translate="yes">
			<val>h</val>
		</str>
		<str name="hours" translate="yes">
			<val>h</val>
		</str>
		<str name="customerSupportLink" translate="yes">
			<val>http://www.adobe.com/go/customer_support_si</val>
		</str>
	</set>
	
	<set name="offlineActivationComplete">
		<str name="title" translate="yes">
			<val>Aktiviranje brez povezave je dokončano</val>
		</str>
		<str name="message" translate="yes">
			<val>{0} je uspešno aktiviran in pripravljen za uporabo.</val>
		</str>
		<str name="close" translate="yes">
			<val>Zapri</val>
		</str>
		<str name="launch" translate="yes">
			<val>Zaženi</val>
		</str>
	</set>
	
	<set name="unableToActivate">
		<str name="title" translate="yes">
			<val>Aktivacija ni uspela</val>
		</str>
		<str name="warning" translate="yes">
			<val>Izdelka {0} ni bilo mogoče aktivirati.</val>
		</str>
		<str name="para1" translate="yes">
			<val>Če želite uporabljati ta izdelek, ga morate aktivirati.</val>
		</str>
		<str name="para2" translate="yes">
			<val>Za aktiviranje izdelka potrebujete delujočo internetno povezavo. Preverite nastavitve povezave in izberite »Poskusi znova«.</val>
		</str>
		<str name="tryAgain" translate="yes">
			<val>Poskusite znova</val>
		</str>
		<str name="close" translate="yes">
			<val>Zapri</val>
		</str>
		<str name="noInternet" translate="yes">
			<val>Imate težave pri vzpostavljanju povezave z internetom?</val>
		</str>
	</set>
	
	<set name="dspSubscriptionActivated">
		<str name="title" translate="yes">
			<val>Hvala</val>
		</str>
		<str name="message" translate="yes">
			<val>Licenco za uporabo programa {0} bo zdaj imel {1}. Kliknite »Nadaljuj«, če želite začeti uporabljati programsko opremo.</val>
		</str>
		<str name="continue" translate="yes">
			<val>Nadaljuj</val>
		</str>
	</set>
	<set name="dspSubscriptionActivatedForTrial">
		<str name="title" translate="yes">
			<val>Hvala</val>
		</str>
		<str name="message" translate="yes">
			<val>Čestitamo vam za nakup programa {0} z vašim ID-jem za Adobe {1}. Kliknite »Nadaljuj«, če želite začeti uporabljati licencirani izvod programske opreme.</val>
		</str>
		<str name="continue" translate="yes">
			<val>Nadaljuj</val>
		</str>
	</set>
	
	<set name="dspOverActivation">
		<str name="title" translate="yes">
			<val>Presežena omejitev števila aktivacij</val>
		</str>
		<str name="warning" translate="yes">
			<val>Izdelka {0} ni bilo mogoče aktivirati.</val>
		</str>
		<str name="message" translate="yes">
			<val>Naročnina na ta izdelek, povezana s tem ID-jem za Adobe, je že aktivna v dveh napravah, kar je največje dovoljeno število. Če želite dezaktivirati druge naprave in aktivirati naročnino v tej, kliknite »Nadaljuj«. Če se želite vpisati z drugim ID-jem za Adobe, kliknite »Licenciraj to programsko opremo«.</val>
		</str>
		<str name="activationPolicy" translate="yes">
			<val>{0}Pravilnik za aktiviranje{1}</val>
		</str>
		<str name="activationPolicyLink" translate="yes">
			<val>http://www.adobe.com/go/activation_si</val>
		</str>
		<str name="licenseThisSoftware" translate="yes">
			<val>Licenciraj to programsko opremo</val>
		</str>
		<str name="continue" translate="yes">
			<val>Nadaljuj</val>
		</str>
	</set>
	<set name="dspSignInFailedOA">
		<str name="title" translate="yes">
			<val>Prijava ni uspela</val>
		</str>
		<str name="warning" translate="yes">
			<val>Prijava v tem računalniku ali napravi ni mogoča.</val>
		</str>
		<str name="message" translate="yes">
			<val>Ta ID za Adobe {0} je bil že uporabljen za aktiviranje programske opreme v dveh drugih računalnikih ali napravah.</val>
		</str>
		<str name="radioButton1" translate="yes">
			<val>Poskusi znova. Iz ene od teh naprav sem se že odjavil.</val>
		</str>
		<str name="radioButton2" translate="yes">
			<val>Odjavi me iz vseh drugih računalnikov ali naprav.</val>
		</str>
		<str name="differentAdobeIDLink" translate="yes">
			<val>Ali imate drugačen ID za Adobe?</val>
		</str>
		<str name="continue" translate="yes">
			<val>Nadaljuj</val>
		</str>
	</set>
	<set name="subscriptionNotFound">
		<str name="title" translate="yes">
			<val>Najti ni bilo mogoče nobene naročnine</val>
		</str>
		<str name="message" translate="yes">
			<val>Naročnine na {0}, ki je povezana s tem ID-jem za Adobe, ni bilo mogoče najti. Kupite lahko {1}novo naročnino{2}, če pa imate naročnino, vendar je ne morete uporabiti, se obrnite na {3}podporo strankam{4}.</val>
		</str>
		<str name="messageTrial" translate="yes">
			<val>Ta izdelek lahko zaženete tudi v preskusnem načinu.</val>
		</str>
		<str name="messageTrialContinue" translate="yes">
			<val>Ta izdelek lahko še naprej uporabljate v preskusnem načinu.</val>
		</str>
		<str name="differentAdobeIDLink" translate="yes">
			<val>Ali imate drugačen ID za Adobe?</val>
		</str>
		<str name="quit" translate="yes">
			<val>Končaj</val>
		</str>
		<str name="startTrial" translate="yes">
			<val>Zaženi preskusno različico</val>
		</str>
		<str name="continueTrial" translate="yes">
			<val>Nadaljuj uporabo preskusne različice</val>
		</str>
		<str name="NewSubscriptionLinkForCC" translate="yes">
        	<val>http://www.adobe.com/go/cc_plans_si</val>
        </str>
        <str name="NewSubscriptionLinkForNonCC" translate="yes">
        	<val>http://www.adobe.com/go/products_si</val>
        </str>
		<str name="customerSupportLink" translate="yes">
			<val>http://www.adobe.com/go/customer_support_si</val>
		</str>
	</set>
	
	<set name="dspAdobeIDMismatch">
		<str name="title" translate="yes">
			<val>Poskusite znova</val>
		</str>
		<str name="titleReactivationWF" translate="yes">
			<val>Prijava ni uspela</val>
		</str>
		<str name="warning" translate="yes">
			<val>ID za Adobe se ne ujema</val>
		</str>
		<str name="warningReactivationWF" translate="yes">
			<val>Naročnine ni mogoče aktivirati v tem računalniku ali napravi.</val>
		</str>
		<str name="message" translate="yes">
			<val>ID za Adobe, s katerim ste se vpisali, se ne ujema z ID-jem za Adobe, s katerim je povezana ta naročnina. Vpišite se z ID-jem za Adobe, s katerim je povezana ta naročnina.</val>
		</str>
		<str name="message1ReactivationWF" translate="yes">
			<val>ID za Adobe, s katerim ste se prijavili, se ne ujema z ID-jem za Adobe, ki je povezan s trenutno licenco naročnine v tem računalniku ali napravi.</val>
		</str>
		<str name="message2ReactivationWF" translate="yes">
			<val>Kliknite »Nazaj« in se prijavite z ID-jem za Adobe, ki je povezan s to naročnino, ali kliknite »Prijavi se pozneje« in se nato ob naslednjem zagonu programske opreme prijavite z drugačnim ID-jem za Adobe.</val>
		</str>
		<str name="back" translate="yes">
			<val>Nazaj</val>
		</str>
		<str name="quit" translate="yes">
			<val>Končaj</val>
		</str>
		<str name="signInLater" translate="yes">
			<val>Prijavi se pozneje</val>
		</str>
	</set>
	
	<set name="dspSubscriptionExpired">
		<str name="title" translate="yes">
			<val>Obnovi naročnino</val>
		</str>
		<str name="message" translate="yes">
			<val>Če želite obnoviti naročnino na {2} in izdelek še naprej nemoteno uporabljati, se premaknite v razdelek {0}Upravitelj naročnin{1}. Če ste pravkar obnovili svojo naročnino, počakajte 15 minut in nato poskusite znova.</val>
		</str>
		<str name="messageCCMTeamPara1" translate="yes">
			<val>Če želite podaljšati naročnino in še naprej uporabljati izdelek, se obrnite na skrbnika.</val>
		</str>
		<str name="messageCCMTeamPara2" translate="yes">
			<val>Če ste naročnino že podaljšali, počakajte 15 minut in nato poskusite znova.</val>
		</str>
		<str name="signedInMessage" translate="yes">
			<val>Prijavljeni ste s tem ID-jem za Adobe: {0}.</val>
		</str>
		<str name="subscriptionManagerLinkForCC" translate="yes">
			<val> http://www.adobe.com/go/cc_manage_act_si</val>
		</str>
		<str name="subscriptionManagerLinkForNonCC" translate="yes">
			<val>http://www.adobe.com/go/subscriptionedition_si</val>
		</str>
		<str name="tryAgain" translate="yes">
			<val>Poskusite znova</val>
		</str>
		<str name="close" translate="yes">
			<val>Zapri</val>
		</str>
		<str name="differentAdobeIDLink" translate="yes">
			<val>Ali imate drugačen ID za Adobe?</val>
		</str>
		<str name="OfflineMessage" translate="yes">
			<val>Trenutno žal ne moremo vzpostaviti povezave s strežnikom Adobe Server. Kliknite {0}tukaj{1}, če želite odpraviti morebitne težave s povezljivostjo. Če te težave ne morete odpraviti, se obrnite na {2}podporo strankam{3}.</val>
		</str>
	</set>
	
	<set name="dspCheckGenericError">
		<str name="title" translate="yes">
			<val>Poskusite znova</val>
		</str>
		<str name="warning" translate="yes">
			<val>Ne moremo omogočiti uporabe vaše naročnine na {0}.</val>
		</str>
		<str name="message" translate="yes">
			<val>Počakajte nekaj trenutkov in poskusite znova.</val>
		</str>
		<str name="tryAgain" translate="yes">
			<val>Poskusite znova</val>
		</str>
		<str name="quit" translate="yes">
			<val>Končaj</val>
		</str>
	</set>
	
	<set name="dspSubscriptionVerified">
		<str name="title" translate="yes">
			<val>Hvala</val>
		</str>
		<str name="message" translate="yes">
			<val>Naročnina na {0} je zdaj aktivna. Kliknite »Nadaljuj«, če želite uporabljati izdelek.</val>
		</str>
		<str name="continue" translate="yes">
			<val>Nadaljuj</val>
		</str>
	</set>
	
	<set name="dspSubscriptionReactivation">
		<str name="title" translate="yes">
			<val>Zahtevan je vpis</val>
		</str>
		<str name="message" translate="yes">
			<val>Odjavili ste se iz tega računalnika ali naprave. Kliknite »Prijavi se zdaj«, če želite aktivirati svojo licenco v tej napravi, ali kliknite »Nadaljuj«, če se želite prijaviti ob naslednjem zagonu programske opreme.</val>
		</str>
		<str name="signInNow" translate="yes">
			<val>Prijavi se zdaj</val>
		</str>
		<str name="continue" translate="yes">
			<val>Nadaljuj</val>
		</str>
	</set>
	
	<set name="dspReminder">
		<set name="ccInfoReminder">
			<str name="title" translate="yes">
				<val>Opomnik za naročnino</val>
			</str>
			<str name="message" translate="yes">
				<val>Vaša naročnina bo kmalu potekla.</val>
			</str>
			<str name="info" translate="yes">
				<val>Naši podatki kažejo, da s tem naročniškim računom ni povezan noben način plačila. Če želite podaljšati svojo naročnino za {2} in izdelek še naprej nemoteno uporabljati, se pomaknite v razdelek {0}Upravitelj naročnin{1} in vnesite zahtevane podatke za plačilo.</val>
			</str>
			<str name="infoCCMTeam" translate="yes">
				<val>Če si želite zagotoviti nadaljnji dostop do tega izdelka, se obrnite na skrbnika.</val>
			</str>
		</set>
		
		<set name="graceReminder">
			<str name="title" translate="yes">
				<val>Naročnina je potekla</val>
			</str>
			<str name="message" translate="yes">
				<val>Vaša naročnina na {0} je potekla.</val>
			</str>
			<str name="info" translate="yes">
				<val>Če želite obnoviti naročnino na {2} in izdelek še naprej nemoteno uporabljati, se pomaknite v razdelek {0}Upravitelj naročnin{1}. Če želite obnoviti naročnino, imate na voljo kratek čas odloga, po izteku katerega dostop do tega izdelka ne bo več omogočen.</val>
			</str>
			<str name="infoCCMTeam" translate="yes">
				<val>Če želite podaljšati naročnino in še naprej nemoteno uporabljati izdelek, se obrnite na skrbnika. Na voljo je kratko dovoljeno obdobje, v katerem lahko podaljšate naročnino. Po poteku tega obdobja ne boste mogli več uporabljati tega izdelka.</val>
			</str>
		</set>
		<set name="monthlyGraceReminderOffline">
			<str name="title" translate="yes">
				<val>Trenutno žal ne moremo vzpostaviti povezave s strežnikom Adobe Server</val>
			</str>
			<str name="message" translate="yes">
				<val>Opozarjamo vas, da moramo preveriti, ali je vaše članstvo še vedno aktivno. Program {0} lahko do {1} še vedno uporabljate brez povezave, vendar če do tega datuma ne bomo mogli vzpostaviti povezave s strežnikom Adobe Server, izdelek ne bo več deloval.</val>
			</str>
			<str name="info" translate="yes">
				<val>Kliknite {0}tukaj{1}, če želite odpraviti morebitne težave s povezljivostjo.</val>
			</str>
		</set>
		<set name="dailyGraceReminderOffline">
			<str name="title" translate="yes">
				<val>Trenutno žal ne moremo vzpostaviti povezave s strežnikom Adobe Server</val>
			</str>
			<str name="message" translate="yes">
				<val>Opozarjamo vas, da moramo preveriti, ali je vaše članstvo še vedno aktivno. Program {0} lahko še vedno uporabljate brez povezave, vendar če v prikazanem času ne vzpostavite povezave s strežnikom Adobe Server, izdelek ne bo več deloval.</val>
			</str>
			<str name="info" translate="yes">
				<val>Kliknite {0}tukaj{1}, če želite odpraviti težave s povezljivostjo.</val>
			</str>
		</set>
		<set name="billingFailureReminder">
			<str name="title" translate="yes">
				<val>Preverite svoje podatke za obračunavanje</val>
			</str>
			<str name="message" translate="yes">
				<val>Pri vašem zadnjem plačilu za {0} smo odkrili težavo. Vzpostavite povezavo s spletom, da {1}uredite svoj račun{2} in preverite podatke za obračunavanje.</val>
			</str>
			<str name="info" translate="yes">
				<val>{0} bo prenehal delovati, če v prikazanem času ne odpravite težave.</val>
			</str>
			<str name="messageCCMTeam" translate="yes">
				<val>Pri zadnjem plačilu vaše skupine za {0} smo odkrili težavo. Obrnite se na skrbnika in ga prosite, naj odpravi težavo, če pa ste skrbnik, vzpostavite povezavo s spletom in {1}uredite svoj račun{2}. Če težave ne boste odpravili v prikazanem času, bo izdelek prenehal delovati.</val>
			</str>
			<str name="offlineError" translate="yes">
				<val>Trenutno žal ne moremo vzpostaviti povezave s strežnikom Adobe Server, da bi preverili, ali ste odpravili težavo, povezano z obračunavanjem. Kliknite {0}tukaj{1}, če želite odpraviti morebitne težave s povezljivostjo.</val>
			</str>
		</set>
		<set name="billingFailureReminderCCT">
			<str name="title" translate="yes">
				<val>Vaše članstvo bo kmalu poteklo</val>
			</str>
			<str name="warning" translate="yes">
				<val>Vaše članstvo v storitvi Creative Cloud za skupine bo kmalu poteklo.</val>
			</str>
			<str name="message" translate="yes">
				<val>Nismo prejeli plačila za vaše članstvo v storitvi Creative Cloud za skupine. Obrnite se na skrbnika in ga prosite, naj odpravi težavo, če pa ste glavni skrbnik, vzpostavite povezavo s spletom in {0}uredite svoj račun{1}. Če težave ne boste odpravili v prikazanem času, ne boste mogli več dostopati do svojega članstva v storitvi Creative Cloud za skupine.</val>
			</str>
			<str name="offlineError" translate="yes">
				<val>Trenutno žal ne moremo vzpostaviti povezave s strežnikom Adobe Server, da bi preverili, ali ste odpravili težavo, povezano z obračunavanjem. Kliknite {0}tukaj{1}, če želite odpraviti morebitne težave s povezljivostjo.</val>
			</str>
		</set>
		<set name="combinedSubIssueReminder">
			<str name="title" translate="yes">
				<val>Pri preverjanju vašega članstva prihaja do težav</val>
			</str>
			<str name="message" translate="yes">
				<val>Nimate vzpostavljene povezave s spletom ali pa je prišlo do težave z obračunavanjem v vašem računu. Vzpostavite povezavo s spletom, da uredite svoj račun in preverite podatke za obračunavanje. Če je prišlo do drugih težav ali imate dodatna vprašanja, se obrnite na {0}podporo strankam{1}.</val>
			</str>
			<str name="messageCCMTeam1" translate="yes">
				<val>Nimate vzpostavljene povezave s spletom ali pa je prišlo do težave z obračunavanjem v računu vaše skupine. Obrnite se na skrbnika in ga prosite, naj odpravi težavo z obračunavanjem.</val>
			</str>
			<str name="messageCCMTeam2" translate="yes">
				<val> Če imate druga vprašanja, se obrnite na {0}podporo strankam{1}.</val>
			</str>
			<str name="offlineError" translate="yes">
				<val>Vzpostavite povezavo s spletom, da bomo lahko odpravili težavo, ali kliknite »Nadaljuj« za nadaljnje delo brez povezave. Opozorilo vam bomo poslali pozneje.</val>
			</str>
		</set>
		
		<str name="subscriptionManagerLinkForCC" translate="yes">
			<val>http://www.adobe.com/go/cc_manage_act_si</val>
		</str>
		<str name="subscriptionManagerLinkForNonCC" translate="yes">
			<val>http://www.adobe.com/go/subscriptionedition_si</val>
		</str>
		<str name="offline" translate="yes">
			<val>Povezave s strežnikom Adobe Server ni mogoče vzpostaviti. Preverite nastavitve povezave in izberite »Poskusi znova«.</val>
		</str>
		<str name="subscriptionPolicy" translate="yes">
			<val>{0}Pravilnik o naročnini{1}</val>
		</str>
		<str name="subscriptionPolicyLink" translate="yes">
			<val>http://www.adobe.com/go/subscription_policy_si</val>
		</str>
		<str name="customerSupportLink" translate="yes">
			<val>http://www.adobe.com/go/customer_support_si</val>
		</str>
		<str name="offlineTroubleshootLink" translate="yes">
			<val>http://www.adobe.com/go/activation_network_issues_si</val>
		</str>
		<str name="daysRemaining" translate="yes">
			<val>dni preostaja</val>
		</str>
		<str name="dayRemaining" translate="yes">
			<val>dan preostaja</val>
		</str>
		<str name="continue" translate="yes">
			<val>Nadaljuj</val>
		</str>
		<str name="tryAgain" translate="yes">
			<val>Poskusite znova</val>
		</str>
		<str name="retry" translate="yes">
			<val>Poskusi znova</val>
		</str>
		<str name="remindLater" translate="yes">
			<val>Opomni me pozneje</val>
		</str>
		<str name="OK" translate="yes">
			<val>V redu</val>
		</str>
	</set>
	
	<set name="dspSuspended">
		<set name="activationSuspended">
			<str name="title" translate="yes">
				<val>Aktivacija ni uspela</val>
			</str>
			<str name="warning" translate="yes">
				<val>Izdelka {0} ni bilo mogoče aktivirati.</val>
			</str>
			<str name="message" translate="yes">
				<val>Datum v sistemu se ne ujema z datumom v našem strežniku. Datum v vašem sistemu lahko za tri dni odstopa od datuma v strežniku Adobe ({0})</val>
			</str>
			<str name="info" translate="yes">
				<val>Preverite nastavitve datuma v računalniku in poskusite znova. Če težave ne morete odpraviti, se obrnite na {0}podporo strankam{1}.</val>
			</str>
		</set>
		
		<set name="subscriptionSuspended">
			<str name="title" translate="yes">
				<val>Naročnina je začasno ukinjena</val>
			</str>
			<str name="warning" translate="yes">
				<val>Naročnina na {0} je bila začasno ukinjena.</val>
			</str>
			<str name="message" translate="yes">
				<val>Datum v sistemu se ne ujema z datumom v našem strežniku. Datum v vašem sistemu lahko za tri dni odstopa od datuma v strežniku Adobe ({0})</val>
			</str>
			<str name="info" translate="yes">
				<val>Preverite nastavitve datuma v računalniku in poskusite znova. Če težave ne morete odpraviti, se obrnite na {0}podporo strankam{1}.</val>
			</str>
		</set>
		
		<set name="subscriptionWindback">
			<str name="title" translate="yes">
				<val>Naročnina je začasno ukinjena</val>
			</str>
			<str name="warning" translate="yes">
				<val>Naročnina na {0} je bila začasno ukinjena.</val>
			</str>
			<str name="message" translate="yes">
				<val>Sistemski datum in ura nista nastavljena pravilno. Nastavite sistemsko uro na trenutno uro in izberite »Poskusite znova«. Če težave ne morete odpraviti, se obrnite na {0}podporo strankam{1}.</val>
			</str>
		</set>
		
		<str name="customerSupportLink" translate="yes">
			<val>http://www.adobe.com/go/customer_support_si</val>
		</str>
		<str name="activationPolicy" translate="yes">
			<val>{0}Ogled pravilnika za aktiviranje{1}</val>
		</str>
		<str name="activationPolicyLink" translate="yes">
			<val>http://www.adobe.com/go/activation_si</val>
		</str>
		<str name="subscriptionPolicy" translate="yes">
			<val>{0}Pravilnik o naročnini{1}</val>
		</str>
		<str name="subscriptionPolicyLink" translate="yes">
			<val>http://www.adobe.com/go/subscription_policy_si</val>
		</str>
		<str name="quit" translate="yes">
			<val>Končaj</val>
		</str>
		<str name="tryAgain" translate="yes">
			<val>Poskusite znova</val>
		</str>
	</set>
	
	<set name="dateTimeFormats">
		<str name="dateFormat_Long" translate="yes">
			<val>{1}. {0} {2}</val>
		</str>
	</set>

	<set name="monthsFull">
		<str name="1" translate="yes">
			<val>jan.</val>
		</str>
		<str name="2" translate="yes">
			<val>feb.</val>
		</str>
		<str name="3" translate="yes">
			<val>mar.</val>
		</str>
		<str name="4" translate="yes">
			<val>apr.</val>
		</str>
		<str name="5" translate="yes">
			<val>maj</val>
		</str>
		<str name="6" translate="yes">
			<val>jun.</val>
		</str>
		<str name="7" translate="yes">
			<val>jul.</val>
		</str>
		<str name="8" translate="yes">
			<val>avg.</val>
		</str>
		<str name="9" translate="yes">
			<val>sep.</val>
		</str>
		<str name="10" translate="yes">
			<val>okt.</val>
		</str>
		<str name="11" translate="yes">
			<val>nov.</val>
		</str>
		<str name="12" translate="yes">
			<val>dec.</val>
		</str>
	</set>
	
	<set name="dsp_IMSBusyScrim">
		<str name="WaitAMoment" translate="yes">
			<val>Počakajte trenutek ...</val>
		</str>
	</set>
	
	<set name="dspSubscriptionRevoked">
		<str name="title" translate="yes">
			<val>Licenca je onemogočena</val>
		</str>
		<str name="warning" translate="yes">
			<val>Licenca za {0} je onemogočena.</val>
		</str>
		<str name="message" translate="yes">
			<val>Licenca za {0} ni več veljavna ali je bila ukinjena. Obrnite se na {1}podporo strankam{2}.</val>
		</str>
		<str name="subscriptionPolicy" translate="yes">
			<val>{0}Pravilnik o naročnini{1}{2}{3}Licenčna pogodba za programsko opremo{4}</val>
		</str>
		<str name="subscriptionPolicyLink" translate="yes">
			<val>http://www.adobe.com/go/subscription_policy_si</val>
		</str>
		<str name="eula_Link" translate="yes">
			<val>http://www.adobe.com/go/eulas_si</val>
		</str>
		<str name="customerSupportLink" translate="yes">
			<val>http://www.adobe.com/go/customer_support_si</val>
		</str>
		<str name="quit" translate="yes">
			<val>Končaj</val>
		</str>
	</set>
	<set name="deviceBasedActivation">
		<set name="dbaLicenseExpiry">
			<str name="title" translate="yes">
				<val>Potekla licenca</val>
			</str>
			<str name="message" translate="yes">
				<val>Program {0} se je v tej napravi, ki pripada skupini {1}, izvajal z licenco za preskusno različico. Obrnite se na skrbnika in podaljšate licenco, če želite še naprej nemoteno uporabljati ta izdelek.</val>
			</str>
			<str name="info" translate="yes">
				<val>Če ste licenco že podaljšali, počakajte 15 minut in nato poskusite znova.</val>
			</str>
			<str name="tryAgain" translate="yes">
				<val>Poskusite znova</val>
			</str>
			<str name="close" translate="yes">
				<val>Zapri</val>
			</str>
		</set>
	
		<set name="dbaLicenseRenewal">
			<str name="title" translate="yes">
				<val>Podaljšajte licenco</val>
			</str>
			<str name="message" translate="yes">
				<val>Obrnite se na skrbnika in podaljšajte licenco za {0} v tej napravi, ki pripada skupini za uvajanje {1}, če želite še naprej nemoteno uporabljati ta izdelek.</val>
			</str>
			<str name="info" translate="yes">
				<val>Če ste licenco že podaljšali, počakajte 15 minut in nato poskusite znova.</val>
			</str>
			<str name="tryAgain" translate="yes">
				<val>Poskusite znova</val>
			</str>
			<str name="quit" translate="yes">
				<val>Končaj</val>
			</str>
		</set>
		<set name="dbaClockWindback">
			<str name="title" translate="yes">
				<val>Licenca je onemogočena</val>
			</str>
			<str name="message" translate="yes">
				<val>Sistemski datum in ura nista nastavljena pravilno v tej napravi. Nastavite sistemsko uro na trenutno uro in izberite »Poskusi znova«. Če težave ne morete odpraviti, se obrnite na skrbnika.</val>
			</str>
			<str name="warning" translate="yes">
				<val>Licenca za {0} je onemogočena.</val>
			</str>
			<str name="tryAgain" translate="yes">
				<val>Poskusite znova</val>
			</str>
			<str name="close" translate="yes">
				<val>Zapri</val>
			</str>
		</set>
		<set name="dbaClockMismatch">
			<str name="title" translate="yes">
				<val>Licenca je onemogočena</val>
			</str>
			<str name="message" translate="yes">
				<val>Datum v tej napravi se ne ujema z datumom v našem strežniku. Datum v tej napravi lahko za največ tri dni odstopa od datuma v strežniku Adobe Server ({0}). </val>
			</str>
			<str name="warning" translate="yes">
				<val>Licenca za {0} je onemogočena.</val>
			</str>
			<str name="info" translate="yes">
				<val>Preverite nastavitve datuma v tej napravi in izberite »Poskusi znova«. Če težave ne morete odpraviti, se obrnite na skrbnika.</val>
			</str>
			<str name="tryAgain" translate="yes">
				<val>Poskusite znova</val>
			</str>
			<str name="quit" translate="yes">
				<val>Končaj</val>
			</str>
		</set>
		<set name="dbaLicenseDenied">
			<str name="title" translate="yes">
				<val>Licenca je bila zavrnjena</val>
			</str>
			<str name="stepError" translate="yes">
				<val>Licenca za {0} v tej napravi je bila zavrnjena.</val>
			</str>
			<str name="msgError" translate="yes">
				<val>Obrnite se na skrbnika in ga prosite, naj znova serializira to napravo in jo znova doda v skupino {0}. Če je skrbnik to že naredil, počakajte 15 minut in nato poskusite znova.</val>
			</str>
			<str name="msgErrorPoolRemoved" translate="yes">
				<val>Obrnite se na skrbnika in ga prosite, naj znova serializira to napravo. Če je skrbnik to že naredil, počakajte 15 minut in nato poskusite znova.</val>
			</str>
			<str name="tryAgain" translate="yes">
				<val>Poskusite znova</val>
			</str>
			<str name="close" translate="yes">
				<val>Zapri</val>
			</str>
		</set>
		<set name="dbaActivationFailure">
			<str name="title" translate="yes">
				<val>Aktiviranje ni uspelo</val>
			</str>
			<str name="stepError" translate="yes">
				<val>Izdelka {0} ni bilo mogoče aktivirati.</val>
			</str>
			<str name="errorCode" translate="yes">
				<val>(Koda napake: {0})</val>
			</str>
			<str name="msgError" translate="yes">
				<val>Če želite uporabljati {0} v tej napravi, ki pripada skupini {1}, morate aktivirati izdelek. Za aktiviranje izdelka potrebujete delujočo internetno povezavo. Preverite nastavitve povezave in poskusite znova.</val>
			</str>
			<str name="info" translate="yes">
				<val>Če težave ne morete odpraviti, se obrnite na skrbnika.</val>
			</str>
			<str name="offlineError" translate="yes">
				<val>Trenutno žal ne moremo vzpostaviti povezave s strežnikom Adobe Server. Kliknite {0}tukaj{1}, če želite odpraviti težave s povezljivostjo.</val>
			</str>
			<str name="clockMismatchError" translate="yes">
				<val>Preverite nastavitve datuma v tej napravi in izberite »Poskusi znova«.</val>
			</str>
			<str name="tryAgain" translate="yes">
				<val>Poskusite znova</val>
			</str>
			<str name="close" translate="yes">
				<val>Zapri</val>
			</str>
		</set>
		<set name="dbaMonthlyGraceReminderOffline">
			<str name="title" translate="yes">
				<val>Trenutno žal ne moremo vzpostaviti povezave s strežnikom Adobe Server</val>
			</str>
			<str name="message" translate="yes">
				<val>Opozarjamo vas, da moramo preveriti, ali je vaša licenca v tej napravi, ki pripada skupini {0}, še vedno aktivna. Program {1} lahko še vedno uporabljate brez povezave do {2}, vendar če do tega datuma ne bomo mogli vzpostaviti povezave z internetom, izdelek ne bo več deloval.</val>
			</str>
			<str name="info" translate="yes">
				<val>Kliknite {0}tukaj{1}, če želite odpraviti težave s povezljivostjo.</val>
			</str>
			<str name="remindLater" translate="yes">
				<val>Opomni me pozneje</val>
			</str>
			<str name="retry" translate="yes">
				<val>Poskusi znova</val>
			</str>
		</set>
		<set name="dbaDailyGraceReminderOffline">
			<str name="title" translate="yes">
				<val>Trenutno žal ne moremo vzpostaviti povezave s strežnikom Adobe Server</val>
			</str>
			<str name="message" translate="yes">
				<val>Opozarjamo vas, da moramo preveriti, ali je vaša licenca v tej napravi, ki pripada skupini {0}, še vedno aktivna. Program {1} lahko še vedno uporabljate brez povezave, vendar če v prikazanem času ne vzpostavite povezave z internetom, ta izdelek ne bo več deloval.</val>
			</str>
			<str name="info" translate="yes">
				<val>Kliknite {0}tukaj{1}, če želite odpraviti težave s povezljivostjo.</val>
			</str>
			<str name="ok" translate="yes">
				<val>V redu</val>
			</str>
			<str name="retry" translate="yes">
				<val>Poskusi znova</val>
			</str>
		</set>
		<set name="dbaBonusLaunch">
			<str name="title" translate="yes">
				<val>Zadnji zagon</val>
			</str>
			<str name="message" translate="yes">
				<val>Program {0} se je v tej napravi, ki pripada skupini {1}, izvajal z licenco za preskusno različico. Izdelek lahko uporabite še zadnjič. Če želite še naprej uporabljati ta izdelek, se obrnite na skrbnika.</val>
			</str>
			<str name="ok" translate="yes">
				<val>V redu</val>
			</str>
		</set>
		<set name="errorScenarios">
			<str name="licenseDeniedError" translate="yes">
				<val>S to napravo ni povezana nobena licenca.</val>
			</str>
			<str name="clockWindbackError" translate="yes">
				<val>Preverite nastavitve datuma v svoji napravi in izberite »Poskusi znova«. Če težave ne morete odpraviti, se obrnite na skrbnika.</val>
			</str>
			<str name="offlineError" translate="yes">
				<val>Trenutno žal ne moremo vzpostaviti povezave s strežnikom Adobe Server. Kliknite {0}tukaj{1}, če želite odpraviti težave s povezljivostjo. Če te težave ne morete odpraviti, se obrnite na skrbnika.</val>
			</str>
			<str name="checkCallErrorGeneric" translate="yes">
				<val>Pri pridobivanju informacij o licenci je prišlo do napake. Poskusite znova pozneje.</val>
			</str>
		</set>
		<str name="quit" translate="yes">
			<val>Končaj</val>
		</str>
		<str name="daysRemaining" translate="yes">
			<val>dni preostaja</val>
		</str>
		<str name="dayRemaining" translate="yes">
			<val>dan preostaja</val>
		</str>
		<str name="offlineTroubleshootLink" translate="yes">
			<val>http://www.adobe.com/go/activation_network_issues_si</val>
		</str>
	</set>
	<set name="isoToLanguage">
		<str name="ar_AE" translate="no"><val>العربية</val></str>
		<str name="en_GB" translate="no"><val>English (International)</val></str> 
		<str name="en_INT" translate="no"><val>English (International)</val></str> 
		<str name="fr_CA" translate="no"><val>Français (Canada)</val></str>
		<str name="es_QM" translate="no"><val>Español (Middle East)</val></str>
		<str name="es_LA" translate="no"><val>Español de América Latina</val></str>
		<str name="es_NA" translate="no"><val>Español Norteamericano</val></str>
		<str name="bg_BG" translate="no"><val>Български</val></str>
		<str name="lv_LV" translate="no"><val>Latviešu</val></str>
		<str name="et_EE" translate="no"><val>Eesti</val></str>
		<str name="hr_HR" translate="no"><val>hrvatski</val></str>
		<str name="sl_SI" translate="no"><val>slovenščina</val></str>
		<str name="sk_SK" translate="no"><val>slovenčina</val></str>
		<str name="th_TH" translate="no"><val>ภาษาไทย</val></str> 
		<str name="vi_VN" translate="no"><val>Việt</val></str>
		<str name="en_XC" translate="no"><val>English (Central Europe)</val></str> 
		<str name="en_XM" translate="no"><val>English (Middle East)</val></str>
		<str name="fr_XM" translate="no"><val>Français (Moyen-Orient)</val></str>
		<str name="sq_AL" translate="no"><val>Shqip</val></str> 
		<str name="ar_SA" translate="no"><val>العربية</val></str>
		<str name="be_BY" translate="no"><val>Беларуская</val></str> 
		<str name="ca_ES" translate="no"><val>Català</val></str> 
		<str name="hi_IN" translate="no"><val>हिन्दी</val></str>
		<str name="is_IS" translate="no"><val>Íslenska</val></str> 
		<str name="lt_LT" translate="no"><val>Lietuvių</val></str>
		<str name="mk_MK" translate="no"><val>македонски</val></str>
		<str name="nn_NO" translate="no"><val>Norsk (Nynorsk)</val></str>
		<str name="pt_PT" translate="no"><val>Português de Portugal</val></str> 
		<str name="sh_YU" translate="no"><val>Srpsko-Hrvatski</val></str> 
		<str name="sr_YU" translate="no"><val>Cрпски</val></str> 
		<str name="kk_KZ" translate="no"><val>Қазақ</val></str>
		<str name="az_AZ" translate="no"><val>Azərbaycan dili</val></str> 
		<str name="es_MX" translate="no"><val>Español (América Latina)</val></str>
		<str name="no_NO" translate="no"><val>Norwegian</val></str> 
		<str name="cs_CZ" translate="no"><val>česky</val></str>
		<str name="de_DE" translate="no"><val>Deutsch</val></str>
		<str name="el_GR" translate="no"><val>Ελληνικά</val></str>
		<str name="en_US" translate="no"><val>English (North America)</val></str> 
		<str name="es_ES" translate="no"><val>Español</val></str> 
		<str name="fr_FR" translate="no"><val>Français</val></str>
		<str name="he_IL" translate="no"><val>עברית</val></str> 
		<str name="hu_HU" translate="no"><val>magyar</val></str>
		<str name="it_IT" translate="no"><val>Italiano</val></str>
		<str name="ja_JP" translate="no"><val>日本語</val></str>
		<str name="ko_KR" translate="no"><val>한국어</val></str>
		<str name="nl_NL" translate="no"><val>Nederlands</val></str>
		<str name="pl_PL" translate="no"><val>polski</val></str>
		<str name="ro_RO" translate="no"><val>Română</val></str>
		<str name="ru_RU" translate="no"><val>русский</val></str>
		<str name="sv_SE" translate="no"><val>Svenska</val></str>
		<str name="tr_TR" translate="no"><val>Türkçe</val></str>
		<str name="uk_UA" translate="no"><val>українська</val></str>
		<str name="zh_CN" translate="no"><val>简体中文</val></str>
		<str name="zh_TW" translate="no"><val>繁體中文</val></str>
		<str name="da_DK" translate="no"><val>Dansk</val></str>
		<str name="fi_FI" translate="no"><val>suomi</val></str>
		<str name="nb_NO" translate="no"><val>Norsk (Bokmål)</val></str> 
		<str name="pt_BR" translate="no"><val>Português do Brasil</val></str>
		<str name="en_AE" translate="no"><val>English يدعم العربية</val></str> 
		<str name="en_IL" translate="no"><val>English תומך עברית</val></str> 
		<str name="fr_MA" translate="no"><val>Français (Maroc)</val></str>
	</set>
		
</asf>
