<?xml version='1.0' encoding='utf-8'?>
<!DOCTYPE asf SYSTEM "http://ns.adobe.com/asf/asf_1_0.dtd" >
<asf xmlns="http://ns.adobe.com/asf" locale="ru_RU" version="1.0">

	<set name="ButtonLabel">
		<str name="Yes" translate="yes">
			<val>Да</val>
		</str>
		<str name="No" translate="yes">
			<val>Нет</val>
		</str>
		<str name="Accept" translate="yes">
			<val>Принять</val>
		</str>
		<str name="Install" translate="yes">
			<val>Установить</val>
		</str>
		<str name="Uninstall" translate="yes">
			<val>Удалить</val>
		</str>
		<str name="OK" translate="yes">
			<val>ОК</val>
		</str>
		<str name="Continue" translate="yes">
			<val>Продолжить</val>
		</str>
		<str name="Back" translate="yes">
			<val>Назад</val>
		</str>
		<str name="Cancel" translate="yes">
			<val>Отмена</val>
		</str>
        <str name="Close" translate="yes">
            <val>Закрыть</val>
        </str>
		<str name="Quit" translate="yes">
			<val>Выйти</val>
		</str>
		<str name="SignIn" translate="yes">
			<val>Войти</val>
		</str>
		<str name="SignInNow" translate="yes">
			<val>Войти сейчас</val>
		</str>
		<str name="SignInLater" translate="yes">
			<val>Войти позже</val>
		</str>
		<str name="StartAgain" translate="yes">
			<val>Начать заново</val>
		</str>
		<str name="Retry" translate="yes">
			<val>Повторить попытку</val>
		</str>
		<str name="Verify" translate="yes">
			<val>Проверить</val>
		</str>
		<str name="ConnectLater" translate="yes">
			<val>Подключиться позже</val>
		</str>
	</set>
	
	<set name="DialogueTitle">
		<str name="Quit" translate="yes">
			<val>Выход</val>
		</str>
	</set>

	<set name="Welcome">
		<str name="Title" translate="yes">
			<val>Добро пожаловать!</val>
		</str>
		<str name="OptionOne" translate="yes">
			<val>Установить, используя серийный номер</val>
		</str>
		<str name="OptionOneInfo" translate="yes">
			<val>У меня есть серийный номер.</val>
		</str>
		<str name="OptionTwo" translate="yes">
			<val>Оформить подписку</val>
		</str>
		<str name="OptionTwoInfo" translate="yes">
			<val>У меня есть подписка.</val>
		</str>
		<str name="OptionThree" translate="yes">
			<val>Установить пробную версию</val>
		</str>
		<str name="OptionThreeInfo" translate="yes">
			<val>Я хочу опробовать {0} в течение ограниченного времени.</val>
		</str>
		<set name="MBLS">
			<str name="OptionOne" translate="yes">
				<val>Установить</val>
			</str>
			<str name="OptionOneInfo" translate="yes">
				<val>Продукт приобретен</val>
			</str>
			<str name="OptionTwo" translate="yes">
				<val>Пробная версия</val>
			</str>
			<str name="OptionTwoInfo" translate="yes">
				<val>Я хочу опробовать {0} в течение ограниченного времени</val>
			</str>
		</set>
	</set>
	
	<set name="EULA">
		<str name="Title" translate="yes">
			<val>Лицензионное соглашение по использованию ПО Adobe</val>
		</str>
		<str name="Para1" translate="yes">
			<val>В настоящем соглашении оговорены условия установки и использования продуктов {0}, в том числе данного продукта. Принятое вами соглашение можно просмотреть по адресу www.adobe.com/myaccount_ru.</val>
		</str>
	</set>

	<set name="Register">
		<str name="Title" translate="yes">
			<val>Требуется вход</val>
		</str>
		<set name="Trial">
			<str name="FirstTime" translate="yes">
				<val>Чтобы начать пробный период использования {0}, войдите в систему с вашим Adobe ID.</val>
			</str>
			<str name="Subsequent" translate="yes">
				<val>Пробная версия будет зарегистрирована на ваш Adobe ID: {0}.</val>
			</str>
			<set name="TnC">
				<str name="Title" translate="yes">
					<val>Условия пользования пробной версией ПО</val>
				</str>
				<str name="Paragraph1" translate="yes">
					<val>Мы можем попросить вас предоставить дополнительные сведения, чтобы мы могли предоставить вам соответствующее содержимое. Это содержимое можно в любой момент отключить из раздела «Настройки конфиденциальности» в меню управления пробной версией.</val>
				</str>
				<str name="Paragraph2" translate="yes">
					<val>Чтобы получить дополнительную информацию про собираемые нами данные о том, как вы используете продукт, а также о том, как компания Adobe использует эти данные, включая наши маркетинговые действия в ваших интересах, {0}щелкните здесь{1}, а также см. {2}политику конфиденциальности в Интернете компании Adobe{3}.</val>
				</str>
			</set>
			<set name="EntitlementInTrial">
				<str name="Title" translate="yes">
					<val>Найдена действующая лицензия</val>
				</str>
				<str name="Para1" translate="yes">
					<val>Вы выбрали пробную версию, однако ваш Adobe ID {0} позволяет получить доступ к полной версии данного ПО. После установки вы получите полную версию программы.</val>
				</str>
				<str name="Para2" translate="yes">
					<val>Для установки нажмите «Продолжить».</val>
				</str>
				<str name="DiffAdobeID" translate="yes">
					<val>Есть другой Adobe ID?</val>
				</str>
			</set>						
		</set>
		<set name="Serial">
			<str name="Paragraph1" translate="yes">
				<val>Серийный номер для продукта {0} проверен.</val>
			</str>
			<str name="Paragraph2" translate="yes">
				<val>Чтобы установить этот продукт и зарегистрировать его со своим Adobe ID, необходимо выполнить вход. Adobe ID обеспечивает простой доступ к серийным номерам, к службе Adobe Creative Cloud и сообществу Adobe.com/ru.</val>
			</str>
			<str name="SubsequentParagraph3" translate="yes">
				<val>Вы войдете в систему с Adobe ID: {0}.</val>
			</str>
		</set>
		<set name="MBLS">
			<str name="Paragraph1" translate="yes">
				<val>Для установки данного продукта необходимо выполнить вход с помощью Adobe ID. Adobe ID также обеспечивает удобный доступ к различным интернет-службам Adobe и сообществу Adobe.com.</val>
			</str>
			<set name="Offline">
				<str name="Title" translate="yes">
					<val>Подключитесь к Интернету и повторите попытку</val>
				</str>
				<set name="Install">
					<str name="Paragraph1" translate="yes">
						<val>Для оформления подписки необходимо подключение к Интернету. Если у вас уже есть подписка, подключитесь к Интернету и нажмите «Повторить попытку».</val>
					</str>
					<str name="Paragraph2" translate="yes">
						<val>Если у вас есть серийный номер, но вы не можете подключиться к Интернету, выберите «Подключиться позже». В течение 7 дней нужно будет подтвердить ваш серийный номер, в противном случае программа перестанет работать. Если у данного компьютера нет доступа к Интернету, вы можете получить дополнительную информацию на странице {0}. Чтобы зайти на нее, воспользуйтесь подключенным к Интернету устройством.</val>
					</str>
				</set>
				<set name="Trial">
					<str name="Paragraph1" translate="yes">
						<val>Возможно, ваш компьютер не подключен к Интернету, поскольку возникает ошибка подключения. Необходимо подключение к Интернету. Подключитесь к Интернету и повторите попытку. Если проблема не будет устранена, обратитесь в {0}службу технической поддержки клиентов{1}.</val>
					</str>
				</set>
			</set>
		</set>
		<str name="NotYou" translate="yes">
			<val>(Не ваш Adobe ID?)</val>
		</str>
		<set name="Subscription">
			<set name="FirstTime">
				<str name="Paragraph" translate="yes">
					<val>Для доступа к подписке будет выполнен вход с использованием Adobe ID.</val>
				</str>
			</set>
			<set name="Subsequent">
				<str name="Title" translate="yes">
					<val>Проверка подписки</val>
				</str>
				<str name="Paragraph" translate="yes">
					<val>Необходимо выполнить проверку подписки с использованием Adobe ID: {0}.</val>
				</str>
				<str name="Paragraph2" translate="yes">
					<val>Нам необходимо убедиться, что у вас есть все нужные приложения.</val>
				</str>
			</set>
			<set name="EntitlementCallScrim">
				<str name="WaitAMoment" translate="yes">
					<val>Подождите...</val>
				</str>
			</set>
			
			<set name="OfflineScrim">
				<str name="Title" translate="yes">
					<val>Для оформления подписки необходимо подключение к Интернету</val>
				</str>
				<str name="Message" translate="yes">
					<val>Убедитесь, что установлено подключение к Интернету, и нажмите кнопку «Повторить попытку». Если проблема не будет устранена, обратитесь в {0}службу технической поддержки клиентов Adobe{1}.</val>
				</str>
			</set>
			
			<set name="NoSubscriptionFound">
	        	<str name="Title" translate="yes">
	        		<val>Подписка не найдена</val>
	        	</str>
	        	<str name="ParagraphOneText" translate="yes">
	        		<val>Подписка для {0}{1}{2}, связанная с этим Adobe ID, не найдена. Вы можете приобрести {3}новую подписку{4} или нажать кнопку «Назад», чтобы ввести другой Adobe ID. Если у вас есть подписка, но вы не можете получить к ней доступ, обратитесь в {5}службу технической поддержки клиентов{6}.</val>
	        	</str>
	        	<str name="ParagraphTwoText" translate="yes">
	        		<val>Чтобы установить пробную версию или ввести серийный номер, щелкните {0}Начать заново{1}.</val>	
	        	</str>
	        </set>
		</set>
	</set>
	
	<set name="InstallOptions">
		<str name="Title" translate="yes">
			<val>Параметры</val>
		</str>
		<str name="SelectAppInfo" translate="yes">
			<val>Щелкните имя продукта, чтобы настроить параметры.</val>
		</str>
		<str name="NoComponentInfo" translate="yes">
			<val>Нет компонентов для настройки.</val>
		</str>
		<str name="Components" translate="yes">
			<val>Компонент: {0}</val>
		</str>
		<str name="TotalInstall" translate="yes">
			<val>Требуется для установки: {0}</val>
		</str>
		<str name="Language" translate="yes">
			<val>Язык:</val>
		</str>
		<str name="Location" translate="yes">
			<val>Расположение:</val>
		</str>
		<str name="Available" translate="yes">
			<val>{0} доступно</val>
		</str>
		<str name="SpaceRequired" translate="yes">
			<val>Требуется места: {0}</val>
		</str>
		<str name="SpaceWarning" translate="yes">
			<val>Требуется места: {0}, доступно: {1}</val>
		</str>
        <str name="InsufficientDiskSpace" translate="yes">
			<val>Для завершения этой установки недостаточно места на диске.</val>
        </str>
		<str name="DefaultDriveWarning" translate="yes">
			<val>На вашем {0} также будут установлены некоторые файлы.</val>
		</str>
		
		<set name="PayloadError">
			<str name="TrialInstall" translate="yes">
				<val>Этот продукт будет установлен в пробной версии.</val>
			</str>
			<str name="LicensedInstall" translate="yes">
				<val>Будет установлена лицензионная копия этой программы.</val>
			</str>
			<str name="AlreadyInstalled" translate="yes">
				<val>Найдена более ранняя установленная версия этого продукта. Продукт будет установлен в исходном расположении.</val>
			</str>
			<set name="SystemRequirements">
				<set name="OS">
					<str name="Header" translate="yes">
						<val>Требование к ОС не соблюдено.</val>
					</str>
					<str name="CurrentOS" translate="yes">
						<val>— Текущая ОС: {0} {1}</val>
					</str>
					<str name="MacRecommended" translate="yes">
						<val>- Рекомендуется Mac OS {0} или выше.</val>
					</str>
					<str name="MacServer" translate="yes">
						<val>- Рекомендуется Mac Server.</val>
					</str>
					<str name="WinNotRecommended" translate="yes">
						<val>- {0} не рекомендуется.</val>
					</str>
					<str name="SPRecommended" translate="yes">
						<val>- Рекомендуется пакет обновления {0}.</val>
					</str>
					<str name="64BitRecommended" translate="yes">
						<val>- Рекомендуется 64-разрядная ОС.</val>
					</str>
					<str name="32BitRecommended" translate="yes">
						<val>- Рекомендуется 32-разрядная ОС.</val>
					</str>
					<str name="MacRequired" translate="yes">
						<val>— Требуется Mac OS {0} или выше.</val>
					</str>
					<str name="MacServerRequired" translate="yes">
						<val>— Требуется Mac Server.</val>
					</str>
					<str name="WinNotRequired" translate="yes">
						<val>— {0} не поддерживается.</val>
					</str>
					<str name="SPRequired" translate="yes">
						<val>— Требуется пакет обновления {0}.</val>
					</str>
					<str name="64BitRequired" translate="yes">
						<val>— Требуется 64-разрядная ОС.</val>
					</str>
					<str name="32BitRequired" translate="yes">
						<val>— Требуется 32-разрядная ОС.</val>
					</str>
				</set>
				<str name="RAM" translate="yes">
					<val>Рекомендуется {0} ОЗУ.</val>
				</str>
				<str name="CPU" translate="yes">
					<val>Требование к ЦП не соблюдено.</val>
				</str>
				<str name="ScreenResolution" translate="yes">
					<val>Рекомендуется разрешение экрана минимум {0} x {1}.</val>
				</str>
				<str name="Footer" translate="yes">
					<val>Щелкните значок предупреждения для получения дополнительных сведений.</val>
				</str>
			</set>
			<str name="Conflicting" translate="yes">
				<val>На компьютере обнаружена конфликтующая версия продукта {0} или его предварительный выпуск. Перед началом установки с текущего носителя необходимо удалить конфликтующую версию.</val>
			</str>
			<str name="AlreadyUpgraded" translate="yes">
				<val>Уже установлена более новая версия этого продукта</val>
			</str>
			<str name="Language" translate="yes">
				<val>Недоступно для выбранного языка</val>
			</str>
			<str name="RequiredDisabled" translate="yes">
				<val>Обязательные компоненты отключены</val>
			</str>
		</set>
		
		<set name="InstallPathError">
			<str name="LongPath" translate="yes">
				<val>Выбран слишком длинный путь для установки.</val>
			</str>
			<str name="RootDrive" translate="yes">
				<val>Установка в корневой каталог диска не поддерживается.</val>
			</str>
			<str name="RemovableDrive" translate="yes">
				<val>Установка на съемный флэш-накопитель не поддерживается.</val>
			</str>
			<str name="MappedDrive" translate="yes">
				<val>Установка на сопоставленный сетевой диск не поддерживается.</val>
			</str>
			<str name="CaseSensitive" translate="yes">
				<val>Установка на тома, учитывающие регистр, не поддерживается.</val>
			</str>
			<str name="LockedPath" translate="yes">
				<val>Установка в заблокированное расположение не поддерживается.</val>
			</str>
			<str name="Generic" translate="yes">
				<val>Не удается выполнить установку в выбранное расположение.</val>
			</str>
		</set>
		
		<set name="WorkflowNeedClose">
			<str name="Title" translate="yes">
				<val>Внимание</val>
			</str>
			<str name="Message" translate="yes">
				<val>Запущены другие экземпляры Adobe Application Manager, которые необходимо закрыть. Закройте их, чтобы продолжить.</val>
			</str>
		</set>
	</set>
	
	<set name="UninstallOptions">
		<str name="Title" translate="yes">
			<val>Параметры удаления</val>
		</str>
		<str name="RemovePreferences" translate="yes">
			<val>Удалить установки</val>
		</str>
		<str name="ToolTipInfo" translate="yes">
			<val>Удалить уведомления, предупреждения, информационные сообщения и любые другие настройки для выбранных продуктов.</val>
		</str>
	</set>
	
	<set name="Progress">
		<str name="MinutesRemaining" translate="yes">
			<val>Осталось приблизительно минут: {0}</val>
		</str>
		<str name="MinuteRemaining" translate="yes">
			<val>Осталось приблизительно минут: {0}</val>
		</str>
		<str name="LTMinuteRemaining" translate="yes">
			<val>Осталось меньше минуты</val>
		</str>
		<str name="PctComplete" translate="yes">
			<val>(завершено на {0} %)</val>
		</str>
		
		<set name="ConflictingProcess">
			<str name="Title" translate="yes">
				<val>Чтобы продолжить, закройте следующие приложения:</val>
			</str>
			<str name="SubText1" translate="yes">
				<val>(Если это сообщение отображается даже после закрытия приложения, возможно, некоторые из его процессов все еще выполняются в фоновом режиме. {0}Подробнее{1} о прекращении выполнения фоновых процессов.)</val>
			</str>
			<str name="BackgroundProcessesLink" translate="yes">
				<val>http://www.adobe.com/go/learn_bgprocesses_ru</val>
			</str>
			<str name="SubText2" translate="yes">
				<val>Закройте следующие приложения:</val>
			</str>
		</set>
		
		<set name="DiskPrompt">
			<str name="Title" translate="yes">
				<val>Чтобы продолжить, вставьте диск {0}.</val>
			</str>
		</set>
		
		<set name="Install">
			<str name="Title" translate="yes">
				<val>Установка</val>
			</str>
			<str name="Preparing" translate="yes">
				<val>Идет подготовка к установке...</val>
			</str>
			<str name="Currently" translate="yes">
				<val>Выполняется установка {0}</val>
			</str>
			<str name="Confirmation" translate="yes">
				<val>Действительно отменить установку?</val>
			</str>
			
			<str name="AdministratorPrivileges" translate="yes">
				<val>Для установки требуются права администратора. Войдите в систему как администратор.</val>
			</str>
		</set>
		<set name="Uninstall">
			<str name="Title" translate="yes">
				<val>Удаление</val>
			</str>
			<str name="Preparing" translate="yes">
				<val>Идет подготовка к удалению...</val>
			</str>
			<str name="Currently" translate="yes">
				<val>Выполняется удаление {0}</val>
			</str>
			<str name="Confirmation" translate="yes">
				<val>Действительно отменить удаление?</val>
			</str>
			
			<str name="AdministratorPrivileges" translate="yes">
				<val>Для удаления требуются права администратора. Войдите в систему как администратор.</val>
			</str>
		</set>
	</set>
	
	<set name="Success">
		<set name="Install">
			<str name="Title" translate="yes">
				<val>Установка завершена</val>
			</str>
			<str name="MyAdobeLink" translate="yes">
				<val>http://www.adobe.com/go/adobemembership_ru</val>
			</str>
			<str name="Link1Text" translate="yes">
				<val>Мой Adobe</val>
			</str>
			<str name="Link1" translate="yes">
				<val>http://www.adobe.com/go/adobemembership_ru</val>
			</str>
			<str name="Link2Text" translate="yes">
				<val>Обучающие видеоматериалы</val>
			</str>
			<str name="Link2" translate="yes">
				<val>http://www.adobe.com/go/adobetv_howto_ru</val>
			</str>
			<str name="AdditionalInfo" translate="yes">
				<val>Для управления этим или другим подлинным программным обеспечением Adobe перейдите на {0}.</val>
			</str>
			<str name="BtnLblLaunchNow" translate="yes">
				<val>Запустить сейчас</val>
			</str>
			<str name="BtnLblClose" translate="yes">
				<val>Закрыть</val>
			</str>
			<set name="PP">
				<str name="CompletedText" translate="yes">
					<val>Приложение {0} успешно установлено и готово к работе.</val>
				</str>
				<str name="RestartText" translate="yes">
				<val>Перед использованием рекомендуется перезагрузить компьютер.</val>
				</str>
			</set>
			<set name="Suite">
				<str name="CompletedText" translate="yes">
					<val>Приложения готовы к использованию.</val>
				</str>
				<str name="RestartText" translate="yes">
				<val>Для некоторых из них перед использованием рекомендуется перезагрузить систему.</val>
				</str>
			</set>
		</set>
		
		<set name="Uninstall">
			<str name="Title" translate="yes">
				<val>Удаление завершено</val>
			</str>
			<str name="RestartText" translate="yes">
				<val>Перезагрузите систему.</val>
			</str>
			<set name="PP">
				<str name="CompletedText" translate="yes">
					<val>Приложение {0} успешно удалено.</val>
				</str>
			</set>
			<set name="Suite">
				<str name="CompletedText" translate="yes">
					<val>Следующие приложения успешно удалены.</val>
				</str>
			</set>
		</set>
	</set>
	
    <set name="DoneWithError">
	    <set name="Install">
	        <str name="Title" translate="yes">
	            <val>Установка завершена</val>
	        </str>
	        <str name="CompleteText" translate="yes">
	            <val>Установка завершена, и эти приложения готовы к использованию.</val>
	        </str>
	        <str name="IncompleteWarning" translate="yes">
	            <val>Некоторые компоненты следующих продуктов не удалось установить.</val>
	        </str>
			<set name="PP">
				<str name="RestartText" translate="yes">
					<val>Перед использованием рекомендуется перезагрузить компьютер.</val>
				</str>
			</set>
			<set name="Suite">
				<str name="RestartText" translate="yes">
					<val>Для некоторых из них перед использованием рекомендуется перезагрузить систему.</val>
				</str>
			</set>
			<set name="Cancelled">
		        <str name="Title" translate="yes">
		            <val>Установка отменена</val>
		        </str>
		        <str name="CompleteText" translate="yes">
	            	<val>Однако следующие приложения были установлены до того, как была нажата кнопка отмены. Эти приложения можно будет удалить вручную.</val>
		        </str>
	        </set>
            <str name="DiskSpaceText" translate="yes">
                <val>Недостаточно места на диске; освободите место и повторите установку.</val>
            </str>
		</set>
	    <set name="Uninstall">
	        <str name="Title" translate="yes">
	            <val>Удаление завершено</val>
	        </str>
	        <str name="CompleteText" translate="yes">
	            <val>Следующие приложения успешно удалены</val>
	        </str>
	        <str name="IncompleteWarning" translate="yes">
	            <val>Некоторые компоненты не удалось удалить.</val>
	        </str>
	        <str name="CleanerToolText" translate="yes">
            	<val>Для выполнения очистки вы можете загрузить и запустить {0}инструмент очистки{1}.</val>
        </str>
	    </set>
    </set>

    <set name="Failure">
	    <set name="Install">
	        <str name="Title" translate="yes">
	            <val>Ошибка при установке</val>
	        </str>
	        <str name="WarningText" translate="yes">
	            <val>При установке возникли ошибки.</val>
	        </str>
			<str name="InitializeTroubleshootingTips" translate="yes">
			    <val>Дополнительные советы по устранению неполадок:{0}1. Перезагрузите компьютер.{0}2. Закройте все приложения, включая элементы автозагрузки, антивирусы и брандмауэр.{0}3. Запустите программу установки, чтобы установить приложения заново.</val>
            </str>
			<str name="TroubleshootingTips" translate="yes">
			    <val>Дополнительные советы по устранению неполадок:{0}1. Перезагрузите компьютер.{0}2. Закройте все приложения, включая элементы автозагрузки, антивирусы и брандмауэр.{0}3. Закройте это окно и запустите программу установки еще раз, чтобы установить приложения заново.</val>
            </str>
	        
	        <set name="Cancelled">
		        <str name="Title" translate="yes">
		            <val>Установка отменена</val>
		        </str>
		        <str name="WarningText" translate="yes">
		            <val>Установка была отменена. Повторите попытку позже.</val>
		        </str>
	        </set>
	        
	        <set name="AGVFailure">
		        <str name="WarningText" translate="yes">
		            <val>Ошибка при проверке на подлинность программного обеспечения Adobe</val>
		        </str>
		        <str name="ParagraphOneText" translate="yes">
					<val>Устанавливаемый продукт не является подлинным программным обеспечением Adobe и, очевидно, является контрафактным. {0}Сообщите о пиратстве{1} или обратитесь за помощью в {2}Службу технической поддержки клиентов{3}.</val>
		        </str>
		        <str name="ReportPiracyLink" translate="yes">
		            <val>http://www.adobe.com/go/reportpiracy_ru</val>
		        </str>
	        </set>
	        
	        <set name="SyncFail">
	            <str name="WarningText" translate="yes">
	                <val>Несогласованность в базе данных программы установки. Перезагрузите компьютер и выполните установку еще раз.</val>
	            </str>
	        </set>
	        
	        <set name="MSIRunning">
	            <str name="ParagraphOneText" translate="yes">
	                <val>Запущена другая программа установки. Перед началом установки этого продукта ее необходимо закрыть. Закройте другие программы установки.</val>
	            </str>
	        </set>
	        
	        <set name="DiskSpace">
	            <str name="ParagraphOneText" translate="yes">
	                <val>Недостаточно места на диске; освободите место и повторите установку.</val>
	            </str>
	        </set>
	    </set>
	    
	    <set name="Uninstall">
	        <str name="Title" translate="yes">
	            <val>Ошибка при удалении</val>
	        </str>
	        <str name="WarningText" translate="yes">
	            <val>При удалении возникли ошибки.</val>
	        </str>
			<str name="InitializeTroubleshootingTips" translate="yes">
			    <val>Советы по устранению неполадок:{0}1. Перезагрузите компьютер.{0}2. Закройте все приложения, включая элементы автозагрузки, антивирусы и брандмауэры.{0}3. Повторите удаление.</val>
            </str>
	        <str name="TroubleshootingTips" translate="yes">
			    <val>Дополнительные советы по устранению неполадок:{0}1. Перезагрузите компьютер.{0}2. Закройте все приложения, включая элементы автозагрузки, антивирусы и брандмауэры.{0}3. Повторите удаление.</val>
            </str>
            <str name="CleanerToolText" translate="yes">
            	<val>Можно также загрузить и запустить {0}инструмент очистки{1}.</val>
        	</str>
        	<str name="MSIRunning" translate="yes">
	            <val>Запущена другая программа установки. Перед началом удаления этого продукта ее необходимо закрыть. Закройте другие программы установки.</val>
	        </str> 	        
	    </set>
	    
        <set name="InitializationFailed">
            <str name="Paragraph1" translate="yes">
                <val>Не удалось инициализировать программу установки. Причиной может быть отсутствие файла.</val>
            </str>
        </set>
        
        <set name="ConflictingPayload">
            <str name="Paragraph1" translate="yes">
                <val>На компьютере обнаружена конфликтующая или предыдущая версия продукта {0}. Перед началом установки с текущего носителя необходимо удалить конфликтующую версию.</val>
            </str>
        </set>
        
        <set name="x64BitOn32Bit">
            <str name="Paragraph1" translate="yes">
                <val>Этот продукт может быть установлен только на 64-разрядную систему.</val>
            </str>
        </set>
    </set>
    
	<set name="Common">
		<str name="DefaultProductName" translate="yes">
			<val>Продукт Adobe</val>
		</str>
		<str name="QuitConfirmation" translate="yes">
            <val>Выйти?</val>
        </str>
		
        <str name="ErrorSummaryText" translate="yes">
            <val>Выявить проблему поможет файл {0}сводки ошибок{1}.</val>
        </str>
        <str name="CustomerSupportText" translate="yes">
            <val>Если проблема сохраняется, обратитесь в {0}службу поддержки клиентов{1} для получения дополнительной информации.</val>
        </str>
        <str name="CustomerSupportLink" translate="yes">
            <val>http://www.adobe.com/go/customer_support_ru</val>
        </str>
        <str name="NewSubscriptionLink" translate="yes">
        	<val>http://www.adobe.com/go/products_ru</val>
        </str>
        <str name="CleanerToolLink" translate="yes">
            <val>http://www.adobe.com/go/cscleanertool_ru</val>
        </str>
        
        <str name="SystemRequirementsLink" translate="yes">
            <val>http://www.adobe.com/go/cs_systemreqs_ru</val>
        </str>

		<str name="PrivacyPortalLink" translate="yes">
			<val>http://www.adobe.com/go/adobe_privacy_portal_ru</val>
		</str>
		
		<str name="PrivacyPolicyLink" translate="yes">
			<val>http://www.adobe.com/go/privacy_ru</val>
		</str>
		<str name="GetActivated" translate="yes">
			<val>http://www.adobe.com/go/getactivated_ru</val>
		</str>
		<str name="GB" translate="yes">
			<val>ГБ</val>
		</str>
		<str name="MB" translate="yes">
			<val>МБ</val>
		</str>
		<str name="KB" translate="yes">
			<val>КБ</val>
		</str>
		<str name="decimalSeparator" translate="yes">
			<val>,</val>
		</str>
		<str name="commaSeparator" translate="yes">
			<val>,</val>
		</str>
	</set>
	
	<set name="OSName">
		<str name="6.2.1" translate="no"><val>Windows Server 2012</val></str>
		<str name="6.2.0" translate="no"><val>Windows 8</val></str>
		<str name="Win8" translate="no"><val>Windows 8</val></str>
		<str name="Win7" translate="no"><val>Windows 7</val></str>
		<str name="Server2008R2" translate="no"><val>Windows Server 2008 R2</val></str>
		<str name="Vista" translate="no"><val>Windows Vista</val></str>
		<str name="Server2008" translate="no"><val>Windows Server 2008</val></str>
		<str name="Server2003" translate="no"><val>Windows Server 2003</val></str>
		<str name="XP" translate="no"><val>Windows XP</val></str>
		<str name="2000" translate="no"><val>Windows 2000</val></str>
		<str name="ME" translate="no"><val>Windows ME</val></str>
		<str name="98" translate="no"><val>Windows 98</val></str>
		<str name="NT4.0" translate="no"><val>Windows NT 4.0</val></str>
		<str name="95" translate="no"><val>Windows 95</val></str>
		<str name="UNKNOWN" translate="no"><val>Windows</val></str>
	</set>
	
	<set name="isoToLanguage">
		<str name="en_US" translate="no"><val>English (North America)</val></str>
		<str name="en_GB" translate="no"><val>English (International)</val></str>
		<str name="en_INT" translate="no"><val>English (International)</val></str>
		<str name="en_AE" translate="no"><val>English يدعم العربية</val></str>
		<str name="en_IL" translate="no"><val>English תומך עברית</val></str>
		<str name="en_XC" translate="no"><val>English (Central Europe)</val></str>
		<str name="en_XM" translate="no"><val>English (Middle East)</val></str>
		
		<str name="fr_FR" translate="no"><val>Français</val></str>
		<str name="fr_CA" translate="no"><val>Français (Canada)</val></str>
		<str name="fr_MA" translate="no"><val>Français (Maroc)</val></str>
		<str name="fr_XM" translate="no"><val>Français (Moyen-Orient)</val></str>
		
		<str name="es_ES" translate="no"><val>Español</val></str>
		<str name="es_MX" translate="no"><val>Español (América Latina)</val></str>
		<str name="es_LA" translate="no"><val>Español de América Latina</val></str>
		<str name="es_NA" translate="no"><val>Español Norteamericano</val></str>
		<str name="es_QM" translate="no"><val>Español (Middle East)</val></str>
		
		<str name="ar_AE" translate="no"><val>العربية</val></str>
		<str name="bg_BG" translate="no"><val>Български</val></str>
		<str name="lv_LV" translate="no"><val>Latviešu</val></str>
		<str name="et_EE" translate="no"><val>Eesti</val></str>
		<str name="hr_HR" translate="no"><val>hrvatski</val></str>
		<str name="sl_SI" translate="no"><val>slovenščina</val></str>
		<str name="sk_SK" translate="no"><val>slovenčina</val></str>
		<str name="th_TH" translate="no"><val>ภาษาไทย</val></str>
		<str name="vi_VN" translate="no"><val>Việt</val></str>
		<str name="sq_AL" translate="no"><val>Shqip</val></str>
		<str name="ar_SA" translate="no"><val>العربية</val></str>
		<str name="be_BY" translate="no"><val>Беларуская</val></str>
		<str name="ca_ES" translate="no"><val>Català</val></str>
		<str name="hi_IN" translate="no"><val>हिन्दी</val></str>
		<str name="is_IS" translate="no"><val>Íslenska</val></str>
		<str name="lt_LT" translate="no"><val>Lietuvių</val></str>
		<str name="mk_MK" translate="no"><val>македонски</val></str>
		<str name="nn_NO" translate="no"><val>Norsk (Nynorsk)</val></str>
		<str name="pt_PT" translate="no"><val>Português de Portugal</val></str>
		<str name="sh_YU" translate="no"><val>Srpsko-Hrvatski</val></str>
		<str name="sr_YU" translate="no"><val>Cрпски</val></str>
		<str name="kk_KZ" translate="no"><val>Қазақ</val></str>
		<str name="az_AZ" translate="no"><val>Azərbaycan dili</val></str>
		<str name="no_NO" translate="no"><val>Norwegian</val></str>
		<str name="cs_CZ" translate="no"><val>česky</val></str>
		<str name="de_DE" translate="no"><val>Deutsch</val></str>
		<str name="el_GR" translate="no"><val>Ελληνικά</val></str>
		<str name="he_IL" translate="no"><val>עברית</val></str>
		<str name="hu_HU" translate="no"><val>magyar</val></str>
		<str name="it_IT" translate="no"><val>Italiano</val></str>
		<str name="ja_JP" translate="no"><val>日本語</val></str>
		<str name="ko_KR" translate="no"><val>한국어</val></str>
		<str name="nl_NL" translate="no"><val>Nederlands</val></str>
		<str name="pl_PL" translate="no"><val>polski</val></str>
		<str name="ro_RO" translate="no"><val>Română</val></str>
		<str name="ru_RU" translate="no"><val>русский</val></str>
		<str name="sv_SE" translate="no"><val>Svenska</val></str>
		<str name="tr_TR" translate="no"><val>Türkçe</val></str>
		<str name="uk_UA" translate="no"><val>українська</val></str>
		<str name="zh_CN" translate="no"><val>简体中文</val></str>
		<str name="zh_TW" translate="no"><val>繁體中文</val></str>
		<str name="da_DK" translate="no"><val>Dansk</val></str>
		<str name="fi_FI" translate="no"><val>suomi</val></str>
		<str name="nb_NO" translate="no"><val>Norsk (Bokmål)</val></str>
		<str name="pt_BR" translate="no"><val>Português do Brasil</val></str>
	</set>

</asf>
