<?xml version='1.0' encoding='utf-8'?>
<!DOCTYPE asf SYSTEM "http://ns.adobe.com/asf/asf_1_0.dtd" >
<asf xmlns="http://ns.adobe.com/asf" locale="da_DK" version="1.0">
	<set name="ButtonLabel">
		<str name="Quit" translate="yes">
			<val>Afslut</val>
		</str>
		<str name="Yes" translate="yes">
			<val>Ja</val>
		</str>
		<str name="Cancel" translate="yes">
			<val>Annuller</val>
		</str>
		<str name="Browse" translate="yes">
			<val>Gennemse</val>
		</str>
		<str name="Retry" translate="yes">
			<val>Prøv igen</val>
		</str>
		<str name="Pause" translate="yes">
			<val>Pause</val>
		</str>
		<str name="Resume" translate="yes">
			<val>Fortsæt</val>
		</str>
		<str name="No" translate="yes">
			<val>Nej</val>
		</str>
		<str name="save" translate="yes">
			<val>Gem</val>
		</str>
		<str name="decline" translate="yes">
			<val>Afvis</val>
		</str>
		<str name="accept" translate="yes">
			<val>Accepter</val>
		</str>
		<str name="cancelInstall" translate="yes">
			<val>Annuller installation</val>
		</str>
		<str name="continue" translate="yes">
			<val>Fortsæt</val>
		</str>
	</set>
	<set name="downloadScreen">
		<str name="title" translate="yes">
			<val>Hent</val>
		</str>
	</set>
	<set name="Updates">
		<str name="regularUp" translate="yes">
			<val>Regelmæssige opdateringer</val>
		</str>
		<str name="regularUpWithReboot" translate="yes">
			<val>Regelmæssige opdateringer. (Genstart påkrævet)</val>
		</str>
		<str name="Update" translate="yes">
			<val>Opdater</val>
		</str>
		<str name="UpToDate" translate="yes">
			<val>Opdateret</val>
		</str>
		<str name="newFeatures" translate="yes">
			<val>Nye funktioner!</val>
		</str>
		<str name="newFeaturesWtihReboot" translate="yes">
			<val>Nye funktioner</val>
		</str>
		<str name="RestartReq" translate="yes">
			<val>(kræver genstart)</val>
		</str>
		<str name="securityUp" translate="yes">
			<val>Sikkerhedsopdateringer.</val>
		</str>
		<str name="securityUpWithReboot" translate="yes">
			<val>Sikkerhedsopdateringer. (Genstart påkrævet)</val>
		</str>
		<str name="Updates" translate="yes">
			<val>Opdateringer</val>
		</str>
		<str name="UpdatesCount" translate="yes">
			<val>Opdateringer ({0})</val>
		</str>
		<str name="Updating" translate="yes">
			<val>Opdaterer...</val>
		</str>
		<str name="UpdateFail" translate="yes">
			<val>Opdatering er ikke udført</val>
		</str>
		<str name="Updated" translate="yes">
			<val>Opdateret</val>
		</str>
		<str name="UpdateAll" translate="yes">
			<val>Opdater alle</val>
		</str>
		<str name="finishingUp" translate="yes">
			<val>Afslutter...</val>
		</str>
		<str name="UpdateWait" translate="yes">
			<val>Venter på at blive opdateret</val>
		</str>
		<str name="NoNewUpdate" translate="yes">
			<val>Du er med! Ingen nye opdateringer.</val>
		</str>
		<str name="UpdatingAll" translate="yes">
			<val>Opdaterer alle apps...</val>
		</str>
		<str name="CancellingUpdate" translate="yes">
			<val>Annullerer opdatering...</val>
		</str>
		<str name="CancelUpdate" translate="yes">
			<val>Annuller opdatering</val>
		</str>
	</set>
	<set name="EulaScreen">
		<str name="title" translate="yes">
			<val>Adobe-softwarebrugeraftale</val>
		</str>
	</set>
	<set name="NavigationPanel">
		<str name="preferences" translate="yes">
			<val>Mine indstillinger</val>
		</str>
		<str name="OnlyPreferences" translate="yes">
			<val>Indstillinger</val>
		</str>
		<str name="help" translate="yes">
			<val>Hjælp</val>
		</str>
		<str name="signOut" translate="yes">
			<val>Log af</val>
		</str>
		<str name="allApps" translate="yes">
			<val>Alle</val>
		</str>
		<str name="allAppsCount" translate="yes">
			<val>Alle ({0})</val>
		</str>
		<str name="newApps" translate="yes">
			<val>Nye apps ({0})</val>
		</str>
	</set>

	<set name="PreferenceScreen">
		<str name="title" translate="yes">
			<val>Indstillinger</val>
		</str>
		<str name="installOptions" translate="yes">
			<val>Installationsindstillinger</val>
		</str>
		<str name="language" translate="yes">
			<val>Sprog:</val>
		</str>
		<str name="installLocation" translate="yes">
			<val>Installationsplacering:</val>
		</str>
		<str name="useDefaultInstallLocation" translate="yes">
			<val>Brug standardplacering...</val>
		</str>
		<str name="usingDefaultInstallLocation" translate="yes">
			<val>Standardplacering…</val>
		</str>
		<str name="defaultOptions" translate="yes">
			<val>Brug altid standardindstillinger for installation.</val>
		</str>
		<str name="reportsTitle" translate="yes">
			<val>Rapporter</val>
		</str>
		<str name="analyticsReport" translate="yes">
			<val>Hjælp Adobe med at forbedre overførsels- og installationsoplevelsen ved at sende rapporter over installationsstatus.</val>
		</str>
	</set>
	<set name="PreferencePathError">
			<str name="LongPath" translate="yes">
				<val>Den valgte installationssti er for lang.</val>
			</str>
			<str name="RootDrive" translate="yes">
				<val>Installation på roddrevet understøttes ikke.</val>
			</str>
			<str name="RemovableDrive" translate="yes">
				<val>Installation på et flytbart flashdrev understøttes ikke.</val>
			</str>
			<str name="MappedDrive" translate="yes">
				<val>Installation på et tilføjet netværksdrev understøttes ikke.</val>
			</str>
			<str name="CaseSensitive" translate="yes">
				<val>Installation på diskenheder, hvor der skelnes mellem store og små bogstaver, understøttes ikke.</val>
			</str>
			<str name="LockedPath" translate="yes">
				<val>Installation på en låst placering understøttes ikke.</val>
			</str>
			<str name="Generic" translate="yes">
				<val>Der kan ikke installeres på den valgte placering.</val>
			</str>
		</set>
	<set name="networkErrors">
		<str name="networkDisconnect" translate="yes">
			<val>Opret forbindelse til internettet, og prøv igen.</val>
		</str>
	</set>
	<set name="fileSystemError">
		<str name="fileWriteError" translate="yes">
			<val>Der kan ikke skrives til {0}. Vælg en alternativ mappe for at fortsætte.</val>
		</str>
		<str name="writePermissionError" translate="yes">
			<val>Du har ikke tilladelse til at skrive til {0}. Tildel skrivetilladelse til denne mappe, og prøv igen.</val>
		</str>
	</set>
	<set name="Progress">
		<str name="extractionProgress" translate="yes">
			<val>Pakker ud...</val>
		</str>
		<str name="extractionWait" translate="yes">
			<val>Venter på at pakke ud...</val>
		</str>
		<str name="downloading" translate="yes">
			<val>Henter...</val>
		</str>
		<str name="percentComplete" translate="yes">
			<val>{0} % fuldført</val>
		</str>
		<str name="percentDownloaded" translate="yes">
			<val>{0} % hentet</val>
		</str>
		<str name="percentInstalled" translate="yes">
			<val>{0} % installeret</val>
		</str>
		<str name="percentMbOfMb" translate="yes">
			<val>Henter {0} MB af {1} MB</val>
		</str>
		<str name="percentMbOfGb" translate="yes">
			<val>Henter {0} MB af {1} GB</val>
		</str>
		<str name="percentGbOfGb" translate="yes">
			<val>Henter {0} GB af {1} GB</val>
		</str>
		<str name="minutesRemaining" translate="yes">
			<val>ca. {0} minutter tilbage</val>
		</str>
		<str name="minuteRemaining" translate="yes">
			<val>ca. {0} minut tilbage</val>
		</str>
		<str name="lessThanMinute" translate="yes">
			<val>mindre end et minut</val>
		</str>
		<str name="calculatingTime" translate="yes">
			<val>beregner resterende tid</val>
		</str>
		<str name="downloadWait" translate="yes">
			<val>Venter på at hente...</val>
		</str>
		<str name="downloadCancel" translate="yes">
			<val>Annullerer overførsel...</val>
		</str>
		<str name="install" translate="yes">
			<val>Installer</val>
		</str>
		<str name="try" translate="yes">
			<val>Prøv</val>
		</str>
		<str name="installing" translate="yes">
			<val>Installerer...</val>
		</str>
		<str name="installWait" translate="yes">
			<val>Venter på at installere...</val>
		</str>
		<str name="installCancel" translate="yes">
			<val>Annullerer installation...</val>
		</str>
		<str name="installComplete" translate="yes">
			<val>Installationen er fuldført</val>
		</str>
		<str name="closing" translate="yes">
			<val>Lukker...</val>
		</str>
		<str name="alreadyInstalled" translate="yes">
			<val>Installeret</val>
		</str>
		<str name="trialDaysRemaining" translate="yes">
			<val>Prøveperiode, {0} dage tilbage</val>
		</str>
		<str name="trialDayRemaining" translate="yes">
			<val>Prøveperiode, {0} dag tilbage</val>
		</str>
		<str name="appLaunch" translate="yes">
			<val>Start</val>
		</str>
	</set>

	<set name="UpdateErrors">
		<str name="fileWriteError" translate="yes">
			<val>Der kan ikke skrives til fil/mappe. Du kan afslutte nu, prøve igen efter at have deaktiveret din antivirus eller kontakte {0}kundesupport{1}.</val>
		</str>
		<str name="genericInstallFailure" translate="yes">
			<val>Der opstod en fejl under installation af denne opdatering. Prøv igen senere, eller kontakt {0}kundesupport{1}.</val>
		</str>
		<str name="updaterNotRunning" translate="yes">
			<val>Installationsprogrammet for korrektionen ser ikke ud til at køre. Du kan afslutte nu og prøve at opdatere igen senere.</val>
		</str>
		<str name="updateNotApplicable" translate="yes">
			<val>Denne opdatering gælder ikke for prøve-/betaversioner af dette produkt.</val>
		</str>
		<str name="unableToApplySassafras" translate="yes">
			<val>Produkter med nøgle kan ikke opdateres. Kontakt din Sassafras-administrator for at få flere oplysninger.</val>
		</str>
		<str name="conflictingProcessErrTitle" translate="yes">
			<val>{0} Opdater</val>
		</str>
		<str name="patchModeSyncErrorTitle" translate="yes">
			<val>Der er et problem!</val>
		</str>
		<str name="appMovedErrTitle" translate="yes">
			<val>Programmet blev ikke fundet. Gendan, hvis det blev slettet/flyttet til en anden enhed. Ellers geninstaller programmet.</val>
		</str>
		<str name="adminPriviledgeUpdateErr" translate="yes">
			<val>Der kræves administratorrettigheder for at kunne opdatere. Prøv igen, eller annuller for at opdatere senere.</val>
		</str>
		<str name="aamuAlreadyRunningErr" translate="yes">
			<val>Adobe Application Manager kører allerede. Luk andre åbne sessioner, før du installerer opdateringer. Eller kontakt {0}Kundesupport{1}.</val>
		</str>
	</set>

	<set name="DownloadErrors">
		<str name="retryingTitle" translate="yes">
			<val>Prøver igen...</val>
		</str>
		<str name="commonDownloadErrTitle" translate="yes">
			<val>Overførselsfejl</val>
		</str>
		<str name="commonDownloadErr" translate="yes">
			<val>Overførselsfejl. Klik på Prøv igen for at forsøge igen, eller kontakt {0}kundesupport{1}.</val>
		</str>
		<str name="fatalDownloadErr" translate="yes">
			<val>Overførselsfejl. Kontakt {0}kundesupport{1}.</val>
		</str>
		<str name="genericWriteErr" translate="yes">
			<val>Der opstod fejl ved adgang til harddisken. Klik på Prøv igen for at forsøge igen, eller kontakt {0}kundesupport{1}.</val>
		</str>
		<str name="diskSpaceError" translate="yes">
			<val>Utilstrækkelig diskplads. Frigør plads på {0}, og prøv igen.</val>
		</str>
		<str name="writeError" translate="yes">
			<val>Der opstod fejl under skrivning af midlertidig filplacering. Kontakt {0}kundesupport{1}, hvis problemet fortsætter.</val>
		</str>
		<str name="InvalidFile" translate="yes">
			<val>Det ser ud til, at overførslen er beskadiget. Klik på Annuller, vent et par minutter, og prøv igen.</val>
		</str>
		<str name="networkUnavailable" translate="yes">
			<val>Kunne ikke kontakte Adobes servere. Kontroller, om du har forbindelse til internettet, tjek firewall-indstillingerne, og prøv derefter igen.</val>
		</str>
		<str name="networkUnavailableRetry" translate="yes">
			<val>Serveren svarer ikke. Kontroller dine internet- og firewallindstillinger, og vælg derefter Prøv igen for at forsøge igen.</val>
		</str>
		<str name="maxPathErr" translate="yes">
			<val>Overførselsstien er for lang. Kontakt {0}kundesupport{1}.</val>
		</str>
		<str name="pathUnavailable" translate="yes">
			<val>Overførselsstien er ikke tilgængelig. Prøv igen. Kontakt {0}kundesupport{1}, hvis problemet fortsætter.</val>
		</str>
		<str name="pathUnavailableFatal" translate="yes">
			<val>Overførselsstien er ikke tilgængelig. Afslut, og prøv igen senere. Kontakt {0}kundesupport{1}, hvis problemet fortsætter.</val>
		</str>
	</set>

	<set name="PreferenceErrors">
		<str name="maxPathErr" translate="yes">
			<val>Installationsstien er for lang. Vælg en anden installationsplacering i dine indstillinger, og prøv igen.</val>
		</str>
		<str name="rootPathErr" translate="yes">
			<val>Der kan ikke installeres i rodstien.</val>
		</str>
		<str name="flashPathErr" translate="yes">
			<val>Der kan ikke installeres på et flytbart drev.</val>
		</str>
		<str name="networkPathErr" translate="yes">
			<val>Der kan ikke installeres på et netværksdrev.</val>
		</str>
		<str name="caseSensitivePathErr" translate="yes">
			<val>Der kan ikke installeres på et drev, hvor der skelnes mellem store og små bogstaver.</val>
		</str>
		<str name="GenericErr" translate="yes">
			<val>Fejl i installationsstien. Vælg en anden installationsplacering i dine indstillinger, og prøv igen.</val>
		</str>
	</set>
	
	<set name="InstallErrors">
		<str name="installFailed" translate="yes">
			<val>Installationen mislykkedes</val>
		</str>
		<str name="InitializeFailed" translate="yes">
			<val>Produktet kan ikke installeres. Klik på Prøv igen for at hente det igen.</val>
		</str>
		<str name="conflictErr" translate="yes">
			<val>Der findes en betaversion eller en version, der skaber konflikt, af {0} på denne computer. Afslut, og afinstaller den tidligere version, før du fortsætter.</val>
		</str>
		<str name="betaVersionErr" translate="yes">
			<val>Der findes en betaversion af dette produkt på computeren. Afslut og afinstaller denne version, før du fortsætter; kontakt {0}kundesupport{1}</val>
		</str>
		<str name="msiRunningErr" translate="yes">
			<val>Der kører allerede et andet installationsprogram. Vent, til det er afsluttet, og prøv igen.</val>
		</str>
		<str name="aamRunningErr" translate="yes">
			<val>Application Manager kører allerede. Vent på, at det afsluttes, og prøv igen.</val>
		</str>
		<str name="adminPriviledgeErr" translate="yes">
			<val>Der kræves administratorrettigheder for at kunne installere. Prøv igen, eller annuller for at installere senere.</val>
		</str>
		<str name="applicationList" translate="yes">
			<val>- {0}</val>
		</str>
		<str name="LockedPathErr" translate="yes">
			<val>{0} er låst. Vælg en anden installationsplacering i dine indstillinger, eller lås mappen op. Prøv derefter igen.</val>
		</str>
		<str name="accessPermissionErr" translate="yes">
			<val>Der er ikke skriveadgang til {0}. Vælg en anden installationsplacering i dine indstillinger, eller giv skriveadgang til mappen. Prøv derefter igen.</val>
		</str>
		<str name="installPathErr" translate="yes">
			<val>Fejl i installationsstien. Vælg en anden installationsplacering i dine indstillinger, og prøv igen.</val>
		</str>
		<str name="systemReqErr" translate="yes">
			<val>Systemkravene er ikke opfyldt. Der er flere oplysninger i beskrivelsen af {0}mindstekravene til systemet{1}.</val>
		</str>
		<str name="diskSpaceErr" translate="yes">
			<val>Utilstrækkelig diskplads. Vælg en anden installationsplacering i dine indstillinger, eller frigør diskplads, og prøv igen.</val>
		</str>
		<str name="conflictingProcessErr" translate="yes">
			<val>Luk følgende programmer for at fortsætte:</val>
		</str>
		<str name="conflictingProcessErrTitle" translate="yes">
			<val>Installation af {0}</val>
		</str>
		<str name="SyncFailureError" translate="yes">
			<val>Der opstod en fejl under installationen. Genstart computeren, og prøv igen.</val>
		</str>
		<str name="criticalInstallErr" translate="yes">
			<val>Der opstod fejl under installationen. {0}Flere oplysninger{1}.</val>
		</str>
		<str name="recommendedInstallErr" translate="yes">
			<val>Installationen er fuldført, men nogle anbefalede komponenter blev ikke installeret korrekt. {0}Flere oplysninger{1}.</val>
		</str>
		<str name="mediadbSyncErr" translate="yes">
			<val>Installationen er fuldført, men nogle komponenter blev ikke installeret korrekt. {0}Flere oplysninger{1}.</val>
		</str>
		<str name="aamCorruptErr" translate="yes">
			<val>Adobe Application Manager er ødelagt og skal installeres igen. {0}Hent nu{1} eller kontakt {2}Kundesupport{3}.</val>
		</str>
		<str name="doneWithError" translate="yes">
			<val>Installationen lykkedes, selvom visse valgfrie komponenter ikke blev installeret korrekt. {0}Yderligere oplysninger{1}.</val>
		</str>
		<str name="relaunchAAM" translate="yes">
			<val>Der var et problem. Afslut Adobe Application Manager og prøv igen. Det bør løse problemet.</val>
		</str>
	</set>

	<set name="ExtractionErrors">
		<str name="badPathErr" translate="yes">
			<val>De overførte filer kan ikke pakkes ud. Klik på Prøv igen for at hente filerne igen.</val>
		</str>
		<str name="diskSpaceErr" translate="yes">
			<val>Utilstrækkelig diskplads til at pakke filer ud. Frigør plads på {0}, og prøv igen.</val>
		</str>
		<str name="writePermissionErr" translate="yes">
			<val>{0} mangler eller er beskyttet. Opret stien, sørg for at have skriveadgang, og prøv igen.</val>
		</str>
		<str name="maxPathErr" translate="yes">
			<val>Filer kan ikke pakkes ud til midlertidig mappe. Kontakt {1}kundesupport{2}.</val>
		</str>
		<str name="genericExtractionErr" translate="yes">
			<val>Filer kan ikke pakkes ud. Klik på Prøv igen for at hente filerne igen, eller kontakt {0}kundesupport{1}.</val>
		</str>
	</set>
	<set name="CommonErrors">
		<str name="errorBracket" translate="yes">
			<val> ({0})</val>
		</str>
	</set>

	<set name="authProxy">
		<str name="authTitle" translate="yes">
			<val>En ting mere...</val>
		</str>
		<str name="authDesc" translate="yes">
			<val>Angiv dit proxybrugernavn og din proxyadgangskode for at fortsætte. Det sker normalt, hvis du er bag en firewall.</val>
		</str>
		<str name="userName" translate="yes">
			<val>Brugernavn:</val>
		</str>
		<str name="password" translate="yes">
			<val>Adgangskode:</val>
		</str>
		<str name="rememberCredentials" translate="yes">
			<val>Husk mine proxyoplysninger.</val>
		</str>

	</set>

	<set name="Common">
		<str name="GB" translate="yes">
			<val>GB</val>
		</str>
		<str name="launching" translate="yes">
			<val>Starter...</val>
		</str>
		<str name="QuitConfirmation" translate="yes">
			<val>Er du sikker på, at du vil afslutte? Alle aktive overførsler og installationer annulleres.</val>
		</str>
		<str name="SingleQuitConfirmation" translate="yes">
			<val>Er du sikker på, at du vil annullere denne installation?</val>
		</str>
		<str name="SingleUpdateQuitConfirmation" translate="yes">
			<val>Er du sikker på, at du vil annullere denne opdatering?</val>
		</str>
		<str name="ErrorSummaryText" translate="yes">
			<val>Du kan muligvis finde årsagen til problemet i {0}fejlloggen{1}.</val>
		</str>
		<str name="CustomerSupportText" translate="yes">
			<val>Hvis problemerne fortsætter, skal du kontakte {0}Kundesupport{1} for at få hjælp.</val>
		</str>
		<str name="CustomerSupportLink" translate="yes">
			<val>http://www.adobe.com/go/support_dk</val>
		</str>
		<str name="goSupportLink" translate="yes">
			<val>http://www.adobe.com/go/customer_support_dk</val>
		</str>
		<str name="sysReqLink" translate="yes">
			<val>http://www.adobe.com/go/cc_techspecs_dk</val>
		</str>
		<str name="aamDownloadLink" translate="yes">
			<val>http://www.adobe.com/go/applicationmanager_dk</val>
		</str>
		<str name="MB" translate="yes">
			<val>MB</val>
		</str>
		<str name="KB" translate="yes">
			<val>KB</val>
		</str>
		<str name="of" translate="yes">
			<val>af</val>
		</str>
		<str name="decimalSeparator" translate="yes">
			<val>.</val>
		</str>
		<str name="langFallbackStr" translate="yes">
			<val>(på {0})</val>
		</str>
		<str name="commaSeparator" translate="yes">
			<val>,</val>
		</str>
		<str name="upgradeConfirmation" translate="yes">
			<val>Installation af {0} i en prøveversion vil afinstallere tidligere versioner af {1}.</val>
		</str>
		<str name="upgradeConfirmationTitle" translate="yes">
			<val>Bemærk...</val>
		</str>
	</set>
	
	<set name="isoToLanguage">
		<str name="ar_AE" translate="no"><val>العربية</val></str>
		<str name="en_GB" translate="no"><val>English (International)</val></str> 
		<str name="fr_CA" translate="no"><val>Français canadien</val></str>
		<str name="es_QM" translate="no"><val>Español (Middle East)</val></str>
		<str name="es_LA" translate="no"><val>Español de América Latina</val></str>
		<str name="es_NA" translate="no"><val>Español Norteamericano</val></str>
		<str name="bg_BG" translate="no"><val>Български</val></str>
		<str name="lv_LV" translate="no"><val>Latviešu</val></str>
		<str name="et_EE" translate="no"><val>Eesti</val></str>
		<str name="hr_HR" translate="no"><val>hrvatski</val></str>
		<str name="sl_SI" translate="no"><val>slovenščina</val></str>
		<str name="sk_SK" translate="no"><val>slovenčina</val></str>
		<str name="th_TH" translate="no"><val>ภาษาไทย</val></str> 
		<str name="vi_VN" translate="no"><val>Việt</val></str>
		<str name="en_XC" translate="no"><val>English (Central Europe)</val></str> 
		<str name="en_XM" translate="no"><val>English (Middle East)</val></str>
		<str name="fr_XM" translate="no"><val>Français Oriental Moyen</val></str>
		<str name="sq_AL" translate="no"><val>Shqip</val></str> 
		<str name="ar_SA" translate="no"><val>العربية</val></str>
		<str name="be_BY" translate="no"><val>Беларуская</val></str> 
		<str name="ca_ES" translate="no"><val>Català</val></str> 
		<str name="hi_IN" translate="no"><val>हिन्दी</val></str>
		<str name="is_IS" translate="no"><val>Íslenska</val></str> 
		<str name="lt_LT" translate="no"><val>Lietuvių</val></str>
		<str name="mk_MK" translate="no"><val>македонски</val></str>
		<str name="nn_NO" translate="no"><val>Norsk (Nynorsk)</val></str>
		<str name="pt_PT" translate="no"><val>Português de Portugal</val></str> 
		<str name="sh_YU" translate="no"><val>Srpsko-Hrvatski</val></str> 
		<str name="sr_YU" translate="no"><val>Cрпски</val></str> 
		<str name="kk_KZ" translate="no"><val>Қазақ</val></str>
		<str name="az_AZ" translate="no"><val>Azərbaycan dili</val></str> 
		<str name="es_MX" translate="no"><val>Español (América Latina)</val></str>
		<str name="no_NO" translate="no"><val>Norwegian</val></str> 
		<str name="cs_CZ" translate="no"><val>Česky</val></str>
		<str name="de_DE" translate="no"><val>Deutsch</val></str>
		<str name="el_GR" translate="no"><val>Ελληνικά</val></str>
		<str name="en_US" translate="no"><val>English (North America)</val></str> 
		<str name="es_ES" translate="no"><val>Español</val></str> 
		<str name="fr_FR" translate="no"><val>Français</val></str>
		<str name="he_IL" translate="no"><val>עברית</val></str> 
		<str name="hu_HU" translate="no"><val>Magyar</val></str> 
		<str name="it_IT" translate="no"><val>Italiano</val></str>
		<str name="ja_JP" translate="no"><val>日本語</val></str>
		<str name="ko_KR" translate="no"><val>한국어</val></str>
		<str name="nl_NL" translate="no"><val>Nederlands</val></str>
		<str name="pl_PL" translate="no"><val>Polski</val></str>
		<str name="ro_RO" translate="no"><val>Română</val></str>
		<str name="ru_RU" translate="no"><val>Pусский</val></str>
		<str name="sv_SE" translate="no"><val>Svenska</val></str>
		<str name="tr_TR" translate="no"><val>Türkçe</val></str>
		<str name="uk_UA" translate="no"><val>Українська</val></str>
		<str name="zh_CN" translate="no"><val>简体中文</val></str>
		<str name="zh_TW" translate="no"><val>繁體中文</val></str>
		<str name="da_DK" translate="no"><val>Dansk</val></str>
		<str name="fi_FI" translate="no"><val>Suomi</val></str>
		<str name="nb_NO" translate="no"><val>Norsk (Bokmål)</val></str> 
		<str name="pt_BR" translate="no"><val>Português do Brasil</val></str>
		<str name="en_AE" translate="no"><val>English يدعم العربية</val></str> 
		<str name="en_IL" translate="no"><val>English תומך עברית</val></str> 
		<str name="fr_MA" translate="no"><val>Français (Maroc)</val></str>
    </set>
	
	<set name="isoToFallbackLanguage">
		<str name="ar_AE" translate="no"><val>العربية</val></str>
		<str name="en_GB" translate="yes"><val>engelsk</val></str> 
		<str name="fr_CA" translate="no"><val>Français canadien</val></str>
		<str name="es_QM" translate="no"><val>Español</val></str>
		<str name="es_LA" translate="no"><val>Español de América Latina</val></str>
		<str name="es_NA" translate="no"><val>Español Norteamericano</val></str>
		<str name="bg_BG" translate="no"><val>Български</val></str>
		<str name="lv_LV" translate="no"><val>Latviešu</val></str>
		<str name="et_EE" translate="no"><val>Eesti</val></str>
		<str name="hr_HR" translate="no"><val>hrvatski</val></str>
		<str name="sl_SI" translate="no"><val>slovenščina</val></str>
		<str name="sk_SK" translate="no"><val>slovenčina</val></str>
		<str name="th_TH" translate="no"><val>ภาษาไทย</val></str> 
		<str name="vi_VN" translate="no"><val>Việt</val></str>
		<str name="en_XC" translate="yes"><val>engelsk</val></str> 
		<str name="en_XM" translate="yes"><val>engelsk</val></str>
		<str name="fr_XM" translate="no"><val>Français Oriental Moyen</val></str>
		<str name="sq_AL" translate="no"><val>Shqip</val></str> 
		<str name="ar_SA" translate="no"><val>العربية</val></str>
		<str name="be_BY" translate="no"><val>Беларуская</val></str> 
		<str name="ca_ES" translate="no"><val>Català</val></str> 
		<str name="hi_IN" translate="no"><val>हिन्दी</val></str>
		<str name="is_IS" translate="no"><val>Íslenska</val></str> 
		<str name="lt_LT" translate="no"><val>Lietuvių</val></str>
		<str name="mk_MK" translate="no"><val>македонски</val></str>
		<str name="nn_NO" translate="no"><val>Norsk</val></str>
		<str name="pt_PT" translate="no"><val>Português de Portugal</val></str> 
		<str name="sh_YU" translate="no"><val>Srpsko-Hrvatski</val></str> 
		<str name="sr_YU" translate="no"><val>Cрпски</val></str> 
		<str name="kk_KZ" translate="no"><val>Қазақ</val></str>
		<str name="az_AZ" translate="no"><val>Azərbaycan dili</val></str> 
		<str name="es_MX" translate="no"><val>Español</val></str>
		<str name="no_NO" translate="no"><val>Norwegian</val></str> 
		<str name="cs_CZ" translate="no"><val>Česky</val></str>
		<str name="de_DE" translate="no"><val>Deutsch</val></str>
		<str name="el_GR" translate="no"><val>Ελληνικά</val></str>
		<str name="en_US" translate="yes"><val>engelsk</val></str> 
		<str name="es_ES" translate="no"><val>Español</val></str> 
		<str name="fr_FR" translate="no"><val>Français</val></str>
		<str name="he_IL" translate="no"><val>עברית</val></str> 
		<str name="hu_HU" translate="no"><val>Magyar</val></str> 
		<str name="it_IT" translate="no"><val>Italiano</val></str>
		<str name="ja_JP" translate="no"><val>日本語</val></str>
		<str name="ko_KR" translate="no"><val>한국어</val></str>
		<str name="nl_NL" translate="no"><val>Nederlands</val></str>
		<str name="pl_PL" translate="no"><val>Polski</val></str>
		<str name="ro_RO" translate="no"><val>Română</val></str>
		<str name="ru_RU" translate="no"><val>Pусский</val></str>
		<str name="sv_SE" translate="no"><val>Svenska</val></str>
		<str name="tr_TR" translate="no"><val>Türkçe</val></str>
		<str name="uk_UA" translate="no"><val>Українська</val></str>
		<str name="zh_CN" translate="yes"><val>简体中文</val></str>
		<str name="zh_TW" translate="yes"><val>繁體中文</val></str>
		<str name="da_DK" translate="no"><val>Dansk</val></str>
		<str name="fi_FI" translate="no"><val>Suomi</val></str>
		<str name="nb_NO" translate="no"><val>Norsk</val></str> 
		<str name="pt_BR" translate="no"><val>Português do Brasil</val></str>
		<str name="en_AE" translate="no"><val>English يدعم العربية</val></str> 
		<str name="en_IL" translate="no"><val>English תומך עברית</val></str> 
		<str name="fr_MA" translate="no"><val>Français</val></str>
    </set>
	
	<set name="register">
		<set name="subscription">
			<str name="title" translate="yes">
				<val>Du skal logge på</val>
			</str>			
			<str name="message" translate="yes">
				<val>Du skal logge på for at bruge dette produkt og registrere det under dit Adobe-id. Dit Adobe-id giver nem adgang til dine serienumre samt Adobe Creative Cloud og vores Community på Adobe.com.</val>
			</str>
			<str name="userEmail" translate="yes">
				<val>Du bliver logget på som Adobe-id: {0}.</val>
			</str>
			<str name="notYou" translate="yes">
				<val>(Er det ikke dit Adobe-id?)</val>
			</str>
			<str name="signInNow" translate="yes">
				<val>Log på nu</val>
			</str>
			<str name="signIn" translate="yes">
				<val>Log på</val>
			</str>
			<str name="back" translate="yes">
				<val>Tilbage</val>
			</str>
		</set>
	</set>
	<set name="AdobeIdScreen">
		<str name="signinHeader" translate="yes">
			<val>Log på med dit Adobe-id</val>
		</str>
		<str name="signinSubheader" translate="yes">
			<val>Vi vil være sikker på, at du får alle de rigtige apps</val>
		</str>
		<str name="username" translate="yes">
			<val>Adobe-id:</val>
		</str>
		<str name="password" translate="yes">
			<val>Adgangskode:</val>
		</str>
		<str name="cancel" translate="yes">
			<val>Annuller</val>
		</str>
		<str name="Quit" translate="yes">
			<val>Afslut</val>
		</str>
		<str name="createAdobeID" translate="yes">
			<val>Opret et Adobe-id</val>
		</str>
		<str name="forgotYourPassword" translate="yes">
			<val>Har du glemt din adgangskode?</val>
		</str>
		<str name="usernameSample" translate="yes">
			<val>john@doe.com</val>
		</str>
		<str name="save" translate="yes">
			<val>Log på</val>
		</str>
		<str name="createAdobeIDURL" translate="yes">
			<val>/go/adobemembership_dk</val>
		</str>
		<str name="forgotYourPasswordURL" translate="yes">
			<val>/go/forgetpassword_dk</val>
		</str>
	</set>
	<set name="AdobeIdScreenErrors">
	    <str name="doesNotExist" translate="yes">
			<val>Adobe-id findes ikke</val>
		</str>
		<str name="invalidCredentials" translate="yes">
			<val>Dit Adobe-id og din adgangskode stemmer ikke overens.</val>
		</str>
		<str name="loginDeny" translate="yes">
			<val>Du har overskredet det maksimale antal logonforsøg. Afslut og prøv igen.</val>
		</str>
		<str name="malformedAdobeId" translate="yes">
			<val>Ugyldigt Adobe-id.</val>
		</str>
		<str name="networkError" translate="yes">
			<val>Adobe kan ikke kontaktes. Opret forbindelse til internettet, og prøv igen.</val>
		</str>
		<str name="internalError" translate="yes">
			<val>Intern fejl. Det er ikke muligt at logge på.</val>
		</str>
	</set>
	<set name="OptinDialog">
	    <str name="title" translate="yes">
			<val>Vi tænkte, at vi ville give dig besked.</val>
		</str>
		<str name="optinText" translate="yes">
			<val>Når du henter dette prøveprodukt, accepterer du, at vi, og firmaer der hjælper os med at køre vores forretning, må bruge dine oplysninger og sende dig marketingkommunikation via e-mail, post eller telefon i overensstemmelse med vores &lt;a href='{0}'&gt;Politik til beskyttelse af personlige oplysninger&lt;/a&gt;. Du kan fravælge at modtage e-mails ved at klikke på linket til ophævelse af e-mail-abonnementet, som findes i alle e-mails fra os.</val>
		</str>
		<str name="privacyLink" translate="yes">
			<val>http://www.adobe.com/go/privacy_dk</val>
		</str>
		<str name="adobeLink" translate="yes">
			<val>http://www.adobe.com/dk/</val>
		</str>
		<str name="cancel" translate="yes">
			<val>Annuller</val>
		</str>
		<str name="ok" translate="yes">
			<val>OK</val>
		</str>
	</set>
	<set name="EligibleTrialistDialog">
	    <str name="title" translate="yes">
			<val>Vent et øjeblik...</val>
		</str>
		<str name="message" translate="yes">
			<val>Baseret på din nuværende sprogpræference {0}, vil {1} blive installeret som en prøveversion. Skift sprogindstillinger til et gyldigt sprog for at installere et komplet produkt.</val>
		</str>
		<str name="installTrial" translate="yes">
			<val>Installer prøveversion</val>
		</str>
		<str name="cancel" translate="yes">
			<val>Annuller</val>
		</str>
		<str name="changePrefs" translate="yes">
			<val>Skift indstillinger</val>
		</str>
	</set>
	<set name="LanguageSelectionDialog">
	    <str name="sl_title" translate="yes">
			<val>Skift sprog</val>
		</str>
		<str name="sl_message" translate="yes">
			<val>Skift dine {0}Indstillinger{1} for sprog fra {2} {3}til {4}{5}, så vi kan give dig besked om opdateringer til dit købte produkt {6}{7}{8}.</val>
		</str>
		<str name="changeNow" translate="yes">
			<val>Skift nu</val>
		</str>
		<str name="changeLater" translate="yes">
			<val>Skift senere</val>
		</str>
		<str name="ml_title" translate="yes">
			<val>Vælg et sprog</val>
		</str>
		<str name="ml_message" translate="yes">
			<val>Vælg et sprog for at installere dit produkt.</val>
		</str>
		<str name="ml_info" translate="yes">
			<val>Det vil også blive angivet som standardsprog i {0}Indstillinger{1}, hvilket kan ændres senere.</val>
		</str>
		<str name="continue" translate="yes">
			<val>Fortsæt</val>
		</str>
	</set>
</asf>
