<?xml version='1.0' encoding='utf-8'?>
<!DOCTYPE asf SYSTEM "http://ns.adobe.com/asf/asf_1_0.dtd" >
<asf xmlns="http://ns.adobe.com/asf" locale="pl_PL" version="1.0">
	
	<set name="common">
		<str name="windowTitle" translate="yes">
			<val>Produkt Adobe</val>
		</str>
		<str name="day" translate="yes">
			<val>dzień</val>
		</str>
		<str name="days" translate="yes">
			<val>dni</val>
		</str>
	</set>
	
	<set name="eula">
		<str name="eula" translate="yes">
			<val>Umowa licencyjna na oprogramowanie Adobe</val>
		</str>
		<str name="accept" translate="yes">
			<val>Zaakceptuj</val>
		</str>
		<str name="quit" translate="yes">
			<val>Zakończ</val>
		</str>		
	</set>

	<set name="register">
		<set name="trial">
			<set name="online">
				<str name="title" translate="yes">
					<val>Wymagane zalogowanie</val>
				</str>
				<str name="message" translate="yes">
					<val>Zaloguj się za pomocą identyfikatora Adobe ID, aby korzystać z wersji próbnej produktu {0}.</val>
				</str>
				<str name="message_device" translate="yes">
					<val>Zarejestrujemy teraz wersję próbną za pomocą Twojego identyfikatora Adobe ID: {0}.</val>
				</str>
				<str name="notYou" translate="yes">
					<val>(To nie Twój identyfikator Adobe ID?)</val>
				</str>
				<str name="signInNow" translate="yes">
					<val>Zaloguj się teraz</val>
				</str>
				<str name="signIn" translate="yes">
					<val>Zaloguj się</val>
				</str>
				<str name="termTitle" translate="yes">
					<val>Warunki korzystania z oprogramowania w wersji próbnej</val>
				</str>
				<str name="termPara1" translate="yes">
					<val>Możemy poprosić Cię o podanie dodatkowych informacji, tak abyśmy mogli dostosować zawartość do Twoich potrzeb. Możesz w dowolnej chwili wyłączyć zawartość niestandardową, przechodząc do opcji Ustawienia prywatności znajdującej się na ekranie produktu w wersji próbnej.</val>
				</str>
				<str name="termPara2" translate="yes">
					<val>Aby uzyskać informacje na temat zbieranych przez nas danych dotyczących używania produktu oraz tego, w jaki sposób firma Adobe wykorzystuje te dane, w tym jak wychodzimy naprzeciw Twoim oczekiwaniom, kliknij {0}tutaj{1} i zobacz {2}Zasady ochrony prywatności online firmy Adobe{3}.</val>
				</str>
				<str name="privacyPortalLink" translate="yes">
					<val>http://www.adobe.com/go/adobe_privacy_portal_pl</val>
				</str>
				<str name="privacyPolicyLink" translate="yes">
					<val>http://www.adobe.com/go/privacy_pl</val>
				</str>
			</set>
		</set>
		
		<set name="subscription">
			<str name="title" translate="yes">
				<val>Wymagane zalogowanie</val>
			</str>			
			<str name="message" translate="yes">
				<val>Wymagane jest zalogowanie się, aby korzystać z tego produktu i zarejestrować go za pomocą identyfikatora Adobe ID. Identyfikator Adobe ID zapewnia łatwy dostęp do numerów seryjnych, jak również do usługi Adobe Creative Cloud i społeczności na stronie Adobe.com.</val>
			</str>
			<str name="userEmail" translate="yes">
				<val>Zalogujemy Cię za pomocą identyfikatora Adobe ID: {0}.</val>
			</str>
			<str name="notYou" translate="yes">
				<val>(To nie Twój identyfikator Adobe ID?)</val>
			</str>
			<str name="signInNow" translate="yes">
				<val>Zaloguj się teraz</val>
			</str>
			<str name="signIn" translate="yes">
				<val>Zaloguj się</val>
			</str>
			<str name="back" translate="yes">
				<val>Wstecz</val>
			</str>
		</set>
		
		
		<set name="serial">
			<set name="grace">
				<str name="title" translate="yes">
					<val>Wymagane zalogowanie</val>
				</str>			
				<str name="message" translate="yes">
					<val>Wymagane jest zalogowanie się za pomocą identyfikatora Adobe ID, a następnie zarejestrowanie produktu {0} w ciągu: {1}. W przeciwnym razie produkt przestanie działać.</val>
				</str>
				<str name="benefit" translate="yes">
					<val>Identyfikator Adobe ID zapewnia łatwy dostęp do numerów seryjnych, jak również do usługi Adobe Creative Cloud i społeczności na stronie Adobe.com.</val>
				</str>
				<str name="userEmail" translate="yes">
					<val>Zalogujemy Cię za pomocą identyfikatora Adobe ID: {0}.</val>
				</str>
				<str name="notYou" translate="yes">
					<val>(To nie Twój identyfikator Adobe ID?)</val>
				</str>
				<str name="signInNow" translate="yes">
					<val>Zaloguj się teraz</val>
				</str>
				<str name="signIn" translate="yes">
					<val>Zaloguj się</val>
				</str>
				<str name="signInLater" translate="yes">
					<val>Zaloguj się później</val>
				</str>
			</set>
			
			<set name="post_grace">
				<str name="title" translate="yes">
					<val>Wymagane zalogowanie</val>
				</str>			
				<str name="message" translate="yes">
					<val>Przed następnym użyciem tego oprogramowania wymagane jest zalogowanie się za pomocą identyfikatora Adobe ID i przeprowadzenie rejestracji produktu {0}.</val>
				</str>
				<str name="benefit" translate="yes">
					<val>Identyfikator Adobe ID zapewnia łatwy dostęp do numerów seryjnych, jak również do usługi Adobe Creative Cloud i społeczności na stronie Adobe.com.</val>
				</str>
				<str name="userEmail" translate="yes">
					<val>Zalogujemy Cię za pomocą identyfikatora Adobe ID: {0}.</val>
				</str>
				<str name="notYou" translate="yes">
					<val>(To nie Twój identyfikator Adobe ID?)</val>
				</str>
				<str name="signInNow" translate="yes">
					<val>Zaloguj się teraz</val>
				</str>
				<str name="signIn" translate="yes">
					<val>Zaloguj się</val>
				</str>
				<str name="signInLater" translate="yes">
					<val>Zaloguj się później</val>
				</str>
			</set>
		
			<set name="post_bonus">
				<str name="title" translate="yes">
					<val>Wymagane zalogowanie</val>
				</str>			
				<str name="message" translate="yes">
					<val>Nie możesz korzystać z produktu {0} bez zalogowania się za pomocą identyfikatora Adobe ID i przeprowadzenia rejestracji.</val>
				</str>
				<str name="benefit" translate="yes">
					<val>Identyfikator Adobe ID zapewnia łatwy dostęp do numerów seryjnych, jak również do usługi Adobe Creative Cloud i społeczności na stronie Adobe.com.</val>
				</str>
				<str name="userEmail" translate="yes">
					<val>Zalogujemy Cię za pomocą identyfikatora Adobe ID: {0}.</val>
				</str>
				<str name="notYou" translate="yes">
					<val>(To nie Twój identyfikator Adobe ID?)</val>
				</str>
				<str name="signInNow" translate="yes">
					<val>Zaloguj się teraz</val>
				</str>
				<str name="signIn" translate="yes">
					<val>Zaloguj się</val>
				</str>
				<str name="quit" translate="yes">
					<val>Zakończ</val>
				</str>
			</set>
		
			<set name="go_online_grace">
				<str name="title" translate="yes">
					<val>Wymagane zalogowanie</val>
				</str>			
				<str name="message" translate="yes">
					<val>Nawiąż połączenie z Internetem. Wymagane jest zalogowanie się za pomocą identyfikatora Adobe ID, a następnie zarejestrowanie produktu {0} w ciągu: {1}. W przeciwnym razie produkt przestanie działać.</val>
				</str>
				<str name="benefit" translate="yes">
					<val>Identyfikator Adobe ID zapewnia łatwy dostęp do numerów seryjnych, jak również do usługi Adobe Creative Cloud i społeczności na stronie Adobe.com.</val>
				</str>
				<str name="userEmail" translate="yes">
					<val>Zalogujemy Cię za pomocą identyfikatora Adobe ID: {0}.</val>
				</str>
				<str name="notYou" translate="yes">
					<val>(To nie Twój identyfikator Adobe ID?)</val>
				</str>
				<str name="noInternet" translate="yes">
					<val>Masz problemy z nawiązaniem połączenia z Internetem?</val>
				</str>
				<str name="signInNow" translate="yes">
					<val>Zaloguj się teraz</val>
				</str>
				<str name="signIn" translate="yes">
					<val>Zaloguj się</val>
				</str>
				<str name="signInLater" translate="yes">
					<val>Zaloguj się później</val>
				</str>
			</set>
		
			<set name="go_online_post_grace">
				<str name="title" translate="yes">
					<val>Wymagane zalogowanie</val>
				</str>			
				<str name="message" translate="yes">
					<val>Przed następnym użyciem tego oprogramowania wymagane jest zalogowanie się za pomocą identyfikatora Adobe ID i przeprowadzenie rejestracji produktu {0}.</val>
				</str>
				<str name="benefit" translate="yes">
					<val>Identyfikator Adobe ID zapewnia łatwy dostęp do numerów seryjnych, jak również do usługi Adobe Creative Cloud i społeczności na stronie Adobe.com.</val>
				</str>
				<str name="userEmail" translate="yes">
					<val>Zalogujemy Cię za pomocą identyfikatora Adobe ID: {0}.</val>
				</str>
				<str name="notYou" translate="yes">
					<val>(To nie Twój identyfikator Adobe ID?)</val>
				</str>
				<str name="noInternet" translate="yes">
					<val>Masz problemy z nawiązaniem połączenia z Internetem?</val>
				</str>
				<str name="signInNow" translate="yes">
					<val>Zaloguj się teraz</val>
				</str>
				<str name="signIn" translate="yes">
					<val>Zaloguj się</val>
				</str>
				<str name="signInLater" translate="yes">
					<val>Zaloguj się później</val>
				</str>
			</set>
		
			<set name="go_online_post_bonus">
				<str name="title" translate="yes">
					<val>Wymagane zalogowanie</val>
				</str>			
				<str name="message" translate="yes">
					<val>Nie możesz korzystać z produktu {0} bez zalogowania się za pomocą identyfikatora Adobe ID i przeprowadzenia rejestracji.</val>
				</str>
				<str name="benefit" translate="yes">
					<val>Identyfikator Adobe ID zapewnia łatwy dostęp do numerów seryjnych, jak również do usługi Adobe Creative Cloud i społeczności na stronie Adobe.com.</val>
				</str>
				<str name="userEmail" translate="yes">
					<val>Zalogujemy Cię za pomocą identyfikatora Adobe ID: {0}.</val>
				</str>
				<str name="noInternet" translate="yes">
					<val>Masz problemy z nawiązaniem połączenia z Internetem?</val>
				</str>
				<str name="notYou" translate="yes">
					<val>(To nie Twój identyfikator Adobe ID?)</val>
				</str>
				<str name="signInNow" translate="yes">
					<val>Zaloguj się teraz</val>
				</str>
				<str name="signIn" translate="yes">
					<val>Zaloguj się</val>
				</str>
				<str name="quit" translate="yes">
					<val>Zakończ</val>
				</str>
			</set>
		</set>
	</set>
	
	
	<set name="registerOptional">
		<set name="serial">
			<str name="title" translate="yes">
				<val>Rejestracja produktu</val>
			</str>			
			<str name="paragraphOneText" translate="yes">
				<val>Zarejestruj produkt {0}, używając identyfikatora Adobe ID.</val>
			</str>
			<str name="paragraphOneTextWithAdobeID" translate="yes">
				<val>Zarejestruj produkt {0}, używając identyfikatora Adobe ID:</val>
			</str>
			<str name="paragraphTwoHeader" translate="yes">
				<val>Rejestracja produktu umożliwia:</val>
			</str>
			<str name="pointOne" translate="yes">
				<val>dostęp do pomocy technicznej,</val>
			</str>
			<str name="pointTwo" translate="yes">
				<val>śledzenie numeru seryjnego,</val>
			</str>
			<str name="pointThree" translate="yes">
				<val>natychmiastowy dostęp do aktualizacji i powiadomień dotyczących produktu {0}.</val>
			</str>
			<str name="pointFour" translate="yes">
				<val>Ponadto uzyskasz {0}dodatkową korzyść{1} w zamian za rejestrację.</val>
			</str>
			<str name="complementaryBenefitsLink" translate="yes">
				<val>https://www.adobe.com/go/benefit_pl</val>
			</str>
			<str name="notYou" translate="yes">
				<val>(To nie Ty?)</val>
			</str>
			<str name="neverCheckBoxText" translate="yes">
				<val>Nie pokazuj tego więcej</val>
			</str>
			<str name="registerNow" translate="yes">
				<val>Zarejestruj teraz</val>
			</str>
			<str name="skip" translate="yes">
				<val>Pomiń</val>
			</str>
		</set>
	</set>
	
	<set name="trialLaunch">
		<str name="title" translate="yes">
			<val>Wersja próbna produktu {0}</val>
		</str>
		
		<set name="start">
			<str name="info" translate="yes">
				<val>Możesz korzystać z wersji próbnej tego produktu przez {0} dni.</val>
			</str>
			<str name="info_day" translate="yes">
				<val>Możesz korzystać z wersji próbnej tego produktu przez {0} dzień.</val>
			</str>
			<str name="additionalInfo" translate="yes">
				<val>Możesz nadal korzystać z produktu {0} po zakończeniu okresu próbnego, kupując oprogramowanie.</val>
			</str>
		</set>
		
		<set name="grace">
			<str name="info" translate="yes">
				<val>Okres próbny zakończy się w ciągu {0} dni.</val>
			</str>
			<str name="info_day" translate="yes">
				<val>Okres próbny zakończy się w ciągu {0} dnia.</val>
			</str>
			<str name="additionalInfo" translate="yes">
				<val>Możesz nadal korzystać z produktu {0} po zakończeniu okresu próbnego, kupując oprogramowanie.</val>
			</str>
		</set>
		
		<set name="bonus">
			<str name="info" translate="yes">
				<val>Ostatnie uruchomienie wersji próbnej produktu</val>
			</str>
			<str name="additionalInfo" translate="yes">
				<val>Okres próbny zakończył się, ale możesz po raz ostatni użyć produktu {0}.</val>
			</str>
			<str name="bonusInfo" translate="yes">
				<val>Możesz nadal korzystać z produktu {0}, kupując oprogramowanie.</val>
			</str>
		</set>
		
		<set name="expired">
			<str name="info" translate="yes">
				<val>Okres próbny zakończył się.</val>
			</str>
			<str name="additionalInfo" translate="yes">
				<val>Możesz nadal korzystać z produktu {0}, kupując oprogramowanie.</val>
			</str>
		</set>
		
		<str name="daysRemaining" translate="yes">
			<val>dni pozostało</val>
		</str>
		<str name="dayRemaining" translate="yes">
			<val>dzień pozostał</val>
		</str>
		<str name="buy" translate="yes">
			<val>Kup teraz</val>
		</str>
		<str name="buyLink" translate="no">
			<val>http://www.adobe.com/go/buy</val>
		</str>
		<str name="continue" translate="yes">
			<val>Kontynuuj okres próbny</val>
		</str>
		<str name="startTrial" translate="yes">
			<val>Uruchom wersję próbną</val>
		</str>
		<str name="enterSerial" translate="yes">
			<val>Uzyskaj licencję na to oprogramowanie</val>
		</str>		
	</set>
	
	<set name="deactivate">
		<str name="title" translate="yes">
			<val>Dezaktywacja</val>
		</str>
		<str name="title_Fail" translate="yes">
			<val>Niepowodzenie dezaktywacji</val>
		</str>
		<str name="infoSubscription" translate="yes">
			<val>Dezaktywacja aplikacji nie powoduje zmiany subskrypcji. Subskrypcję można zmodyfikować na stronie {0}Menedżer subskrypcji{1}.</val>
		</str>
		<str name="infoSubscriptionCCMTeam" translate="yes">
			<val>Dezaktywacja aplikacji nie powoduje zmiany subskrypcji.</val>
		</str>
		<str name="message" translate="yes">
			<val>Dezaktywacja pozwala aktywować produkty Adobe na innym komputerze, pod warunkiem że użytkownik postępuje zgodnie z {0}Umową licencyjną na oprogramowanie{1}. Do dokonania dezaktywacji potrzebne jest połączenie z Internetem. Możesz ponownie aktywować produkt na tym komputerze, wprowadzając numer seryjny.</val>
		</str>
		<str name="messageSubscription" translate="yes">
			<val>Dezaktywacja pozwala aktywować produkty Adobe na innym komputerze, pod warunkiem że użytkownik postępuje zgodnie z {0}Umową licencyjną na oprogramowanie{1}. Do dokonania dezaktywacji potrzebne jest połączenie z Internetem.</val>
		</str>
		<str name="deActivationMsgError" translate="yes">
			<val>Jeśli ten problem będzie nadal występował, skontaktuj się z {0}działem obsługi klienta{1}. {2}</val>
		</str>
		<str name="customerSupportLink" translate="yes">
			<val>http://www.adobe.com/go/customer_support_pl</val>
		</str>
		<str name="eula_Link" translate="yes">
			<val>http://www.adobe.com/go/eulas_pl</val>
		</str>
		<str name="subscriptionManagerLink" translate="no">
			<val>http://www.creative.adobe.com/go/account</val>
		</str>
		<str name="failure" translate="yes">
			<val>Dezaktywacja nie powiodła się. Ponów próbę.</val>
		</str>
		<str name="deactivate" translate="yes">
			<val>Dezaktywuj</val>
		</str>		
		<str name="cancel" translate="yes">
			<val>Anuluj</val>
		</str>
		<str name="continue" translate="yes">
			<val>Kontynuuj</val>
		</str>
		
		<str name="offline" translate="yes">
			<val>Nawiąż połączenie z Internetem i ponów próbę</val>
		</str>		
		<str name="offlineMsg" translate="yes">
			<val>Nie można zdezaktywować. Upewnij się, że masz połączenie z Internetem i ponów próbę. Jeśli problem będzie nadal występował, skontaktuj się z {0}Obsługą klienta{1}.</val>
		</str>	
		<str name="customerSupportLink" translate="yes">
			<val>http://www.adobe.com/go/customer_support_pl</val>
		</str>
	</set>
	
	<set name="trialFailed">
		<str name="title" translate="yes">
			<val>Niepowodzenie inicjacji wersji próbnej</val>
		</str>
		<str name="warning" translate="yes">
			<val>Licencja utraciła ważność.</val>
		</str>
		<str name="message" translate="yes">
			<val>Wystąpił problem z licencjonowaniem tego produktu. Zainstaluj ponownie ten produkt i ponów próbę. Jeśli po ponownym zainstalowaniu problem będzie nadal występował, skontaktuj się z {0}Obsługą klienta{1} w celu uzyskania pomocy.</val>
		</str>
		<str name="customerSupportLink" translate="yes">
			<val>http://www.adobe.com/go/customer_support_pl</val>
		</str>
		<str name="close" translate="yes">
			<val>Zamknij</val>
		</str>
		<str name="enterSerial" translate="yes">
			<val>Uzyskaj licencję na to oprogramowanie</val>
		</str>
	</set>
	
	<set name="validateSerial">
		<str name="title" translate="yes">
			<val>Weryfikacja numeru seryjnego</val>
		</str>
		
		<set name="grace">
			<str name="message" translate="yes">
				<val>Nawiąż połączenie z Internetem, aby zweryfikować numer seryjny. Masz {0} na jego weryfikację. W przeciwnym razie oprogramowanie przestanie działać.</val>
			</str>
		</set>
		
		<set name="post_grace">
			<str name="message" translate="yes">
				<val>Nawiąż połączenie z Internetem, aby zweryfikować numer seryjny. Konieczne będzie nawiązanie połączenia z Internetem przy następnym uruchomieniu. W przeciwnym razie oprogramowanie przestanie działać.</val>
			</str>
		</set>
		
		<set name="post_bonus">
			<str name="message" translate="yes">
				<val>Nawiąż połączenie z Internetem, aby zweryfikować numer seryjny. To oprogramowanie nie będzie działać bez aktywacji i zweryfikowania numeru seryjnego. Musisz nawiązać połączenie z Internetem, aby kontynuować.</val>
			</str>
		</set>
		
		<str name="noInternet" translate="yes">
			<val>Masz problemy z nawiązaniem połączenia z Internetem?</val>
		</str>
		<str name="validate" translate="yes">
			<val>Weryfikuj</val>
		</str>
		<str name="connectLater" translate="yes">
			<val>Nawiąż połączenie później</val>
		</str>
		<str name="quit" translate="yes">
			<val>Zakończ</val>
		</str>
	</set>

	<set name="deactivateSuccess">
		<str name="title" translate="yes">
			<val>Dezaktywacja zakończona pomyślnie</val>
		</str>
		<str name="message" translate="yes">
			<val>Można teraz korzystać z produktu {0} na innym komputerze. Aby znowu używać produktu {0} na tym komputerze, wprowadź ponownie prawidłowy numer seryjny lub kliknij przycisk Wypróbuj i wprowadź identyfikator Adobe ID powiązany z subskrypcją.</val>
		</str>
		<str name="close" translate="yes">
			<val>Zamknij</val>
		</str>	
	</set>
	
	<set name="offlineScrim">
		<str name="title" translate="yes">
			<val>Nawiąż połączenie z Internetem i ponów próbę</val>
		</str>
		<str name="message" translate="yes">
			<val>Twój komputer jest prawdopodobnie w trybie offline. Wymagane jest połączenie z Internetem. Nawiąż połączenie z Internetem i ponów próbę. Jeśli ten problem będzie nadal występował, skontaktuj się z {0}Obsługą klienta{1}.</val>
		</str>
		<str name="offlineActivationMsg" translate="yes">
			<val>Jeśli ten komputer nie może nawiązać połączenia z Internetem, uzyskaj więcej informacji na stronie {0} za pomocą urządzenia mającego połączenie z Internetem.</val>
		</str>
		<str name="offlineActivationLink" translate="yes">
			<val>http://www.adobe.com/go/getactivated_pl</val>
		</str>
		<str name="customerSupportLink" translate="yes">
			<val>http://www.adobe.com/go/customer_support_pl</val>
		</str>
		<str name="retry" translate="yes">
			<val>Ponów próbę</val>
		</str>
		<str name="connectLater" translate="yes">
			<val>Nawiąż połączenie później</val>
		</str>
		<str name="cancel" translate="yes">
			<val>Anuluj</val>
		</str>
	</set>
	
	<set name="dspEntitlementOfflineScrim">
		<str name="title" translate="yes">
			<val>Wymagane połączenie internetowe w celu korzystania z subskrypcji</val>
		</str>
		<str name="message" translate="yes">
			<val>Do rozpoczęcia subskrypcji wymagane jest połączenie internetowe. Jeśli masz subskrypcję, połącz się z Internetem i kliknij przycisk Ponów próbę.</val>
		</str>
		<str name="serialInfo" translate="yes">
			<val>Jeśli masz numer seryjny, kliknij przycisk Wprowadź numer seryjny, aby kontynuować.</val>
		</str>
		<str name="retry" translate="yes">
			<val>Ponów próbę</val>
		</str>
		<str name="enterSerialNumber" translate="yes">
			<val>Wprowadź numer seryjny</val>
		</str>
		<str name="cancel" translate="yes">
			<val>Wstecz</val>
		</str>
	</set>
	
	<set name="screenLoading">
		<str name="loading" translate="yes">
			<val>Trwa pobieranie...</val>
		</str>
		<str name="validatingSerial" translate="yes">
			<val>Sprawdzanie numeru seryjnego. To może potrwać kilka sekund...</val>
		</str>
	</set>
	
	<set name="overActivation">
		<str name="title" translate="yes">
			<val>Numer seryjny</val>
		</str>
		<str name="stepMessage" translate="yes">
			<val>Numer seryjny {0} jest już wykorzystywany przez maksymalną dozwoloną liczbę komputerów. Aby korzystać z tego produktu, należy zdezaktywować w ciągu {1} dni inny komputer.</val>
		</str>
		<str name="stepMessageOneDay" translate="yes">
			<val>Numer seryjny {0} jest już wykorzystywany przez maksymalną dozwoloną liczbę komputerów. Aby korzystać z tego produktu, należy zdezaktywować w ciągu 1 dnia inny komputer.</val>
		</str>
		<str name="stepMessageBonusLaunch" translate="yes">
			<val>Numer seryjny {0} jest już wykorzystywany przez maksymalną dozwoloną liczbę komputerów. Aby ponownie korzystać z produktu {1} na tym komputerze, należy zdezaktywować inny komputer lub podać inny prawidłowy numer seryjny.</val>
		</str>
		<str name="radioButton1" translate="yes">
			<val>Ponów próbę aktywacji. Jeden z moich komputerów został już zdezaktywowany.</val>
		</str>
		<str name="radioButton2" translate="yes">
			<val>Podaj inny numer seryjny.</val>
		</str>
		<str name="continue" translate="yes">
			<val>Kontynuuj</val>
		</str>
	</set>
	
	<set name="activationFailure">
		<str name="title" translate="yes">
			<val>Niepowodzenie aktywacji</val>
		</str>
		<str name="activationStepError" translate="yes">
			<val>Nie można aktywować produktu {0}</val>
		</str>
		<str name="activationMsgError" translate="yes">
			<val>Sprawdź ustawienia połączenia z Internetem i ponów próbę. Jeśli ten problem będzie nadal występował, skontaktuj się z {0}Obsługą klienta{1}. {2}</val>
		</str>
		<str name="customerSupportLink" translate="yes">
			<val>http://www.adobe.com/go/customer_support_pl</val>
		</str>
		<str name="close" translate="yes">
			<val>Zamknij</val>
		</str>
		<str name="retry" translate="yes">
			<val>Ponów próbę</val>
		</str>
	</set>
	<set name="activationRequired">
		<str name="title" translate="yes">
			<val>Wymagana aktywacja</val>
		</str>
		<str name="activationMsgOneDay" translate="yes">
			<val>Nawiąż połączenie z Internetem. Produkt {0} należy aktywować w ciągu 1 dnia. W przeciwnym razie przestanie działać.</val>
		</str>
		<str name="activationMsg" translate="yes">
			<val>Nawiąż połączenie z Internetem. Produkt {0} należy aktywować w ciągu {1} dni. W przeciwnym razie przestanie działać.</val>
		</str>
		<str name="activationMsgBonus" translate="yes">
			<val>Nawiąż połączenie z Internetem. Produkt {0} należy aktywować dzisiaj. W przeciwnym razie przestanie działać.</val>
		</str>
		<str name="activateLater" translate="yes">
			<val>Aktywuj później</val>
		</str>
		<str name="retry" translate="yes">
			<val>Aktywuj teraz</val>
		</str>
	</set>
	
	<set name="confirmationDialog">
		<str name="title" translate="yes">
			<val>Zakończ</val>
		</str>
		<str name="message" translate="yes">
			<val>Czy na pewno chcesz zakończyć?</val>
		</str>
		<str name="primaryButtonLabel" translate="yes">
			<val>Tak</val>
		</str>
		<str name="secondaryButtonLabel" translate="yes">
			<val>Nie</val>
		</str>
	</set>
	
	<set name="inAppTrials">
		<str name="loading" translate="yes">
			<val>Trwa pobieranie...</val>
		</str>
		<str name="title" translate="yes">
			<val>Wersja próbna produktu 
{0}</val>
		</str>
		<str name="continue" translate="yes">
			<val>Kontynuuj okres próbny</val>
		</str>
		<str name="startTrial" translate="yes">
			<val>Uruchom wersję próbną</val>
		</str>
		<str name="enterSerial" translate="yes">
			<val>Uzyskaj licencję na to oprogramowanie</val>
		</str>
		<str name="privacySettings" translate="yes">
			<val>Ustawienia prywatności</val>
		</str>
		<str name="tutorialsList" translate="yes">
			<val>{0} z {1}</val>
		</str>
		<str name="videoLoadingError" translate="yes">
			<val>Błąd podczas ładowania wideo.</val>
		</str>
		<str name="tryAgain" translate="yes">
			<val>Ponów próbę</val>
		</str>
		<str name="exitFullScreen" translate="yes">
			<val>Naciśnij klawisz ESC, aby wyjść z trybu pełnoekranowego.</val>
		</str>
		<str name="okay" translate="yes">
			<val>OK</val>
		</str>
		<str name="cancel" translate="yes">
			<val>Anuluj</val>
		</str>
		<str name="privacyText" translate="yes">
			<val>Możemy poprosić Cię o podanie dodatkowych informacji, takich jak doświadczenie w korzystaniu z oprogramowania, tak abyśmy mogli dostosować zawartość do Twoich potrzeb.</val>
		</str>
		<str name="privacyPolicyText" translate="yes">
			<val>Aby uzyskać informacje na temat zbieranych przez nas danych dotyczących używania produktu oraz tego, w jaki sposób firma Adobe wykorzystuje te dane, w tym jak wychodzimy naprzeciw Twoim oczekiwaniom, {0}kliknij tutaj{1} i zobacz {2}Zasady ochrony prywatności online firmy Adobe{3}</val>
		</str>
		<str name="optInText" translate="yes">
			<val>Wyłącz wyświetlanie niestandardowej zawartości próbnej. Przy następnym uruchomieniu wersji próbnej nie będzie wyświetlana żadna niestandardowa zawartość.</val>
		</str>
		<str name="privacyPortalLink" translate="yes">
			<val>http://www.adobe.com/go/adobe_privacy_portal_pl</val>
		</str>
		<str name="privacyPolicyLink" translate="yes">
			<val>http://www.adobe.com/go/privacy_pl</val>
		</str>		
		
	</set>
	
	<set name="noInternetConnection">
		<str name="title" translate="yes">
			<val>Brak połączenia internetowego</val>
		</str>
		<str name="para1" translate="yes">
			<val>Na tym komputerze nie można wykryć połączenia internetowego.</val>
		</str>
		<str name="para2" translate="yes">
			<val>Aktywacja i rejestracja są wymagane i muszą zostać ukończone w ciągu {0} dni. Jeśli ten komputer ma łączność z Internetem, proces potrwa tylko kilka minut.</val>
		</str>
		<str name="para2_day" translate="yes">
			<val>Aktywacja i rejestracja są wymagane i muszą zostać ukończone w ciągu 1 dnia. Jeśli ten komputer ma łączność z Internetem, proces potrwa tylko kilka minut.</val>
		</str>
		<str name="para2_end" translate="yes">
			<val>Aktywacja i rejestracja są wymagane i muszą zostać ukończone. Jeśli ten komputer ma łączność z Internetem, proces potrwa tylko kilka minut.</val>
		</str>
		<str name="para2_optional" translate="yes">
			<val>Aktywacja jest wymagana i musi zostać ukończona w ciągu {0} dni. Jeśli ten komputer ma łączność z Internetem, proces potrwa tylko kilka minut.</val>
		</str>
		<str name="para2_day_optional" translate="yes">
			<val>Aktywacja jest wymagana i musi zostać ukończona w ciągu 1 dnia. Jeśli ten komputer ma łączność z Internetem, proces potrwa tylko kilka minut.</val>
		</str>
		<str name="para2_end_optional" translate="yes">
			<val>Aktywacja jest wymagana i musi zostać ukończona. Jeśli ten komputer ma łączność z Internetem, proces potrwa tylko kilka minut.</val>
		</str>
		<str name="para3" translate="yes">
			<val>Jeśli ten komputer nie może nawiązać połączenia z Internetem, kliknij opcję Aktywacja w trybie offline. W celu przeprowadzenia aktywacji oprogramowania w trybie offline potrzebne będzie urządzenie mające połączenie z Internetem oraz numer seryjny produktu.</val>
		</str>
		<str name="para3_optional" translate="yes">
			<val>Jeśli ten komputer w ogóle nie ma połączenia z Internetem, kliknij opcję Aktywacja w trybie offline. W celu ukończenia procesu aktywacji w trybie offline potrzebne będzie urządzenie mające połączenie z Internetem oraz numer seryjny produktu.</val>
		</str>
		<str name="hyperlinkText" translate="yes">
			<val>Ten komputer jest podłączony do Internetu. Przyczyna problemu nieznana.</val>
		</str>
		<str name="hyperlinkTooltipText" translate="yes">
			<val>Skontaktuj się z administratorem lub zadzwoń do działu obsługi klienta firmy Adobe.</val>
		</str>
		<str name="offlineActivate" translate="yes">
			<val>Aktywacja w trybie offline</val>
		</str>
		<str name="back" translate="yes">
			<val>Wstecz</val>
		</str>
	</set>
	
	<set name="offlineActivation">
		<str name="title" translate="yes">
			<val>Aktywacja w trybie offline</val>
		</str>
		<set name="StepError">
			<str name="requestCodeExpired" translate="yes">
				<val>Kod żądania {0} wygasł. Postępuj zgodnie z krokami podanymi poniżej, aby ukończyć aktywację w trybie offline.</val>
			</str>
			<str name="requestCodeGenError" translate="yes">
				<val>Nie można wygenerować kodu żądania. Ponów próbę.</val>
			</str>
		</set>
		<str name="para1" translate="yes">
			<val>1. Kliknij przycisk Wygeneruj kod żądania znajdujący się poniżej. Kod jest powiązany z danym komputerem i będzie ważny tylko przez 72 godziny. Jeśli nie uda Ci się ukończyć aktywacji w ciągu 72 godzin, poproś o nowy kod.</val>
		</str>
		<str name="para2" translate="yes">
			<val>2. Za pomocą urządzenia mającego połączenie z Internetem przejdź do strony Adobe.com/go/getactivated_pl.</val>
		</str>
		<str name="para3" translate="yes">
			<val>3. Po pojawieniu się odpowiednich monitów wprowadź kod otrzymany w kroku 1 oraz numer seryjny. Zostanie wygenerowany kod odpowiedzi.</val>
		</str>
		<str name="para4" translate="yes">
			<val>4. Wprowadź kod odpowiedzi na komputerze pracującym w trybie offline i kliknij przycisk Aktywuj.</val>
		</str>
		<str name="para5" translate="yes">
			<val>Kliknij przycisk Wstecz, aby aktywować oprogramowanie w trybie online.</val>
		</str>
		<str name="hyperlinkText" translate="yes">
			<val>Chcę przeprowadzić aktywację szybciej przez Internet.</val>
		</str>
		<str name="back" translate="yes">
			<val>Wstecz</val>
		</str>
		<str name="activateLater" translate="yes">
			<val>Aktywuj później</val>
		</str>
		<str name="quit" translate="yes">
			<val>Zakończ</val>
		</str>
		<str name="generateRequestCode" translate="yes">
			<val>Wygeneruj kod żądania</val>
		</str>
		<str name="customerSupportLink" translate="yes">
			<val>http://www.adobe.com/go/customer_support_pl</val>
		</str>
	</set>
	
	<set name="offlineActivationCode">
		<str name="title" translate="yes">
			<val>Aktywacja w trybie offline</val>
		</str>
		<set name="StepError">
			<str name="invalidResponseCode" translate="yes">
				<val>Wprowadzony kod odpowiedzi jest nieprawidłowy. Wprowadź ponownie.</val>
			</str>
			<str name="requestCodeExpired" translate="yes">
				<val>Kod żądania {0} wygasł. Postępuj zgodnie z krokami podanymi poniżej, aby ukończyć aktywację w trybie offline.</val>
			</str>
			<str name="verifyError" translate="yes">
				<val>Nie można zweryfikować wprowadzonego kodu odpowiedzi. Ponów próbę.</val>
			</str>
		</set>
		<str name="requestCode" translate="yes">
			<val>Kod żądania:</val>
		</str>
		<str name="para1" translate="yes">
			<val>Masz {0} na pobranie kodu odpowiedzi ze strony www.adobe.com/go/getactivated_pl i wprowadzenie go poniżej.</val>
		</str>
		<str name="responseCode" translate="yes">
			<val>Kod odpowiedzi:</val>
		</str>
		<str name="hyperlinkText" translate="yes">
			<val>Chcę przeprowadzić aktywację szybciej przez Internet.</val>
		</str>
		<str name="back" translate="yes">
			<val>Wstecz</val>
		</str>
		<str name="activateLater" translate="yes">
			<val>Aktywuj później</val>
		</str>
		<str name="quit" translate="yes">
			<val>Zakończ</val>
		</str>
		<str name="activate" translate="yes">
			<val>Aktywuj</val>
		</str>
		<str name="hour" translate="yes">
			<val>godz.</val>
		</str>
		<str name="hours" translate="yes">
			<val>godz.</val>
		</str>
		<str name="customerSupportLink" translate="yes">
			<val>http://www.adobe.com/go/customer_support_pl</val>
		</str>
	</set>
	
	<set name="offlineActivationComplete">
		<str name="title" translate="yes">
			<val>Aktywacja w trybie offline ukończona</val>
		</str>
		<str name="message" translate="yes">
			<val>Produkt {0} został pomyślnie aktywowany i jest gotowy do użycia.</val>
		</str>
		<str name="close" translate="yes">
			<val>Zamknij</val>
		</str>
		<str name="launch" translate="yes">
			<val>Uruchom</val>
		</str>
	</set>
	
	<set name="unableToActivate">
		<str name="title" translate="yes">
			<val>Niepowodzenie aktywacji</val>
		</str>
		<str name="warning" translate="yes">
			<val>Nie można aktywować produktu {0}</val>
		</str>
		<str name="para1" translate="yes">
			<val>Aby korzystać z tego produktu, należy go aktywować.</val>
		</str>
		<str name="para2" translate="yes">
			<val>Do aktywacji produktu niezbędne jest sprawne połączenie internetowe. Sprawdź ustawienia połączenia i wybierz opcję Ponów próbę.</val>
		</str>
		<str name="tryAgain" translate="yes">
			<val>Ponów próbę</val>
		</str>
		<str name="close" translate="yes">
			<val>Zamknij</val>
		</str>
		<str name="noInternet" translate="yes">
			<val>Masz problemy z nawiązaniem połączenia z Internetem?</val>
		</str>
	</set>
	
	<set name="dspSubscriptionActivated">
		<str name="title" translate="yes">
			<val>Dziękujemy</val>
		</str>
		<str name="message" translate="yes">
			<val>Licencja na produkt {0} będzie od tej pory przypisana do identyfikatora {1}. Kliknij przycisk Kontynuuj, aby zacząć korzystać z oprogramowania.</val>
		</str>
		<str name="close" translate="yes">
			<val>Kontynuuj</val>
		</str>
	</set>
	
	<set name="dspOverActivation">
		<str name="title" translate="yes">
			<val>Przekroczono maksymalną liczbę aktywacji</val>
		</str>
		<str name="warning" translate="yes">
			<val>Nie można aktywować produktu {0}.</val>
		</str>
		<str name="message" translate="yes">
			<val>Subskrypcja na ten produkt powiązana z tym identyfikatorem Adobe ID jest już aktywna na co najmniej dwóch komputerach. Kliknij przycisk Kontynuuj, aby zdezaktywować subskrypcję na innych komputerach i aktywować ją na tym komputerze, albo przycisk Uzyskaj licencję na to oprogramowanie, aby zalogować się za pomocą innego identyfikatora Adobe ID.</val>
		</str>
		<str name="activationPolicy" translate="yes">
			<val>{0}Zasady aktywacji{1}</val>
		</str>
		<str name="activationPolicyLink" translate="yes">
			<val>http://www.adobe.com/go/activation_pl</val>
		</str>
		<str name="licenseThisSoftware" translate="yes">
			<val>Uzyskaj licencję na to oprogramowanie</val>
		</str>
		<str name="continue" translate="yes">
			<val>Kontynuuj</val>
		</str>
	</set>
	
	<set name="dspAdobeIDMismatch">
		<str name="title" translate="yes">
			<val>Ponów próbę</val>
		</str>
		<str name="warning" translate="yes">
			<val>Niezgodny identyfikator Adobe ID</val>
		</str>
		<str name="message" translate="yes">
			<val>Identyfikator Adobe ID użyty do zalogowania się jest niezgodny z identyfikatorem powiązanym z tą subskrypcją. Zaloguj się za pomocą identyfikatora Adobe ID powiązanego z tą subskrypcją.</val>
		</str>
		<str name="back" translate="yes">
			<val>Wstecz</val>
		</str>
		<str name="quit" translate="yes">
			<val>Zakończ</val>
		</str>
	</set>
	
	<set name="dspSubscriptionExpired">
		<str name="title" translate="yes">
			<val>Odnawianie subskrypcji</val>
		</str>
		<str name="message" translate="yes">
			<val>Przejdź do {0}Menedżera subskrypcji{1}, aby odnowić subskrypcję na produkt {2} i korzystać z niego bez zakłóceń. Jeśli subskrypcja została właśnie odnowiona, zaczekaj 15 min i ponów próbę.</val>
		</str>
		<str name="messageCCMTeamPara1" translate="yes">
			<val>Skontaktuj się z administratorem, aby odnowić subskrypcję i kontynuować pracę z produktem.</val>
		</str>
		<str name="messageCCMTeamPara2" translate="yes">
			<val>Jeśli subskrypcja została już odnowiona, odczekaj 15 min i ponów próbę.</val>
		</str>
		<str name="signedInMessage" translate="yes">
			<val>Zalogowano Cię za pomocą następującego identyfikatora Adobe ID: {0}. Jeśli chcesz zalogować się za pomocą innego identyfikatora Adobe ID, kliknij przycisk Uzyskaj licencję na to oprogramowanie.</val>
		</str>
		<str name="subscriptionManagerLink" translate="no">
			<val>http://www.creative.adobe.com/go/account</val>
		</str>
		<str name="tryAgain" translate="yes">
			<val>Ponów próbę</val>
		</str>
		<str name="close" translate="yes">
			<val>Zamknij</val>
		</str>
		<str name="licenseThisSoftware" translate="yes">
			<val>Uzyskaj licencję na to oprogramowanie</val>
		</str>
	</set>
	
	<set name="dspCheckGenericError">
		<str name="title" translate="yes">
			<val>Ponów próbę</val>
		</str>
		<str name="warning" translate="yes">
			<val>Nie udało się rozpocząć subskrypcji na produkt {0}.</val>
		</str>
		<str name="message" translate="yes">
			<val>Odczekaj chwilę i ponów próbę.</val>
		</str>
		<str name="tryAgain" translate="yes">
			<val>Ponów próbę</val>
		</str>
		<str name="quit" translate="yes">
			<val>Zakończ</val>
		</str>
	</set>
	
	<set name="dspSubscriptionVerified">
		<str name="title" translate="yes">
			<val>Dziękujemy</val>
		</str>
		<str name="message" translate="yes">
			<val>Subskrypcja na produkt {0} jest teraz aktywna. Kliknij przycisk Kontynuuj, aby rozpocząć pracę z produktem.</val>
		</str>
		<str name="continue" translate="yes">
			<val>Kontynuuj</val>
		</str>
	</set>
	
	<set name="dspSubscriptionReactivation">
		<str name="title" translate="yes">
			<val>Wymagane zalogowanie</val>
		</str>
		<str name="message" translate="yes">
			<val>Z posiadanych danych wynika, że ta subskrypcja jest już aktywna na innym komputerze. Aby aktywować produkt {0} na tym komputerze, zaloguj się za pomocą swojego identyfikatora Adobe ID.</val>
		</str>
		<str name="signIn" translate="yes">
			<val>Zaloguj się</val>
		</str>
		<str name="quit" translate="yes">
			<val>Zakończ</val>
		</str>
	</set>
	
	<set name="dspReminder">
		<set name="ccInfoReminder">
			<str name="title" translate="yes">
				<val>Przypomnienie o subskrypcji</val>
			</str>
			<str name="message" translate="yes">
				<val>Subskrypcja wkrótce wygaśnie.</val>
			</str>
			<str name="info" translate="yes">
				<val>Z posiadanych danych wynika, że z tym kontem subskrypcji nie jest powiązana karta kredytowa. Przejdź do {0}Menedżera subskrypcji{1} i podaj numer karty kredytowej, aby odnowić subskrypcję na produkt {2} i korzystać z niego bez zakłóceń.</val>
			</str>
			<str name="infoCCMTeam" translate="yes">
				<val>Skontaktuj się z administratorem, aby zachować stały dostęp do tego produktu.</val>
			</str>
		</set>
		
		<set name="graceReminder">
			<str name="title" translate="yes">
				<val>Subskrypcja wygasła</val>
			</str>
			<str name="message" translate="yes">
				<val>Subskrypcja na produkt {0} wygasła.</val>
			</str>
			<str name="info" translate="yes">
				<val>Przejdź do {0}Menedżera subskrypcji{1}, aby odnowić subskrypcję na produkt {2} i korzystać z niego bez zakłóceń. Pozostał jeszcze krótki okres na odnowienie subskrypcji, po upływie którego dostęp do produktu nie będzie już możliwy.</val>
			</str>
			<str name="infoCCMTeam" translate="yes">
				<val>Skontaktuj się z administratorem, aby odnowić subskrypcję i kontynuować pracę z produktem. Okres, w którym możesz odnowić subskrypcję, jest ograniczony i po jego upływie nie będziesz mieć już dostępu do produktu.</val>
			</str>
		</set>
		
		<str name="subscriptionManagerLink" translate="no">
			<val>http://www.creative.adobe.com/go/account</val>
		</str>
		<str name="offline" translate="yes">
			<val>Łączenie z Internetem nie powiodło się. Sprawdź ustawienia połączenia i kliknij przycisk Ponów próbę.</val>
		</str>
		<str name="subscriptionPolicy" translate="yes">
			<val>{0}Zasady subskrypcji{1}</val>
		</str>
		<str name="subscriptionPolicyLink" translate="yes">
			<val>http://www.adobe.com/go/subscription_policy_pl</val>
		</str>
		<str name="daysRemaining" translate="yes">
			<val>dni pozostało</val>
		</str>
		<str name="dayRemaining" translate="yes">
			<val>dzień pozostał</val>
		</str>
		<str name="continue" translate="yes">
			<val>Kontynuuj</val>
		</str>
		<str name="tryAgain" translate="yes">
			<val>Ponów próbę</val>
		</str>
	</set>
	
	<set name="dspSuspended">
		<set name="activationSuspended">
			<str name="title" translate="yes">
				<val>Niepowodzenie aktywacji</val>
			</str>
			<str name="warning" translate="yes">
				<val>Nie można aktywować produktu {0}.</val>
			</str>
			<str name="message" translate="yes">
				<val>Data w systemie użytkownika różni się od daty na naszym serwerze. Data w systemie użytkownika może różnić się od daty na serwerze Adobe o maksymalnie trzy dni ({0}).</val>
			</str>
			<str name="info" translate="yes">
				<val>Sprawdź ustawienia daty na komputerze i ponów próbę. Jeśli ten problem będzie nadal występował, skontaktuj się z {0}Obsługą klienta{1}.</val>
			</str>
		</set>
		
		<set name="subscriptionSuspended">
			<str name="title" translate="yes">
				<val>Subskrypcja zawieszona</val>
			</str>
			<str name="warning" translate="yes">
				<val>Subskrypcja na produkt {0} została zawieszona.</val>
			</str>
			<str name="message" translate="yes">
				<val>Data w systemie użytkownika różni się od daty na naszym serwerze. Data w systemie użytkownika może różnić się od daty na serwerze Adobe o maksymalnie trzy dni ({0}).</val>
			</str>
			<str name="info" translate="yes">
				<val>Sprawdź ustawienia daty na komputerze i ponów próbę. Jeśli ten problem będzie nadal występował, skontaktuj się z {0}Obsługą klienta{1}.</val>
			</str>
		</set>
		
		<set name="subscriptionWindback">
			<str name="title" translate="yes">
				<val>Subskrypcja zawieszona</val>
			</str>
			<str name="warning" translate="yes">
				<val>Subskrypcja na produkt {0} została zawieszona.</val>
			</str>
			<str name="message" translate="yes">
				<val>Data i godzina systemowa są nieprawidłowe. Ustaw aktualny czas w zegarze systemowym i kliknij przycisk Ponów próbę. Jeśli ten problem będzie nadal występował, skontaktuj się z {0}Obsługą klienta{1}.</val>
			</str>
		</set>
		
		<str name="customerSupportLink" translate="yes">
			<val>http://www.adobe.com/go/customer_support_pl</val>
		</str>
		<str name="activationPolicy" translate="yes">
			<val>{0}Zapoznaj się z Zasadami aktywacji{1}</val>
		</str>
		<str name="activationPolicyLink" translate="yes">
			<val>http://www.adobe.com/go/activation_pl</val>
		</str>
		<str name="subscriptionPolicy" translate="yes">
			<val>{0}Zasady subskrypcji{1}</val>
		</str>
		<str name="subscriptionPolicyLink" translate="yes">
			<val>http://www.adobe.com/go/subscription_policy_pl</val>
		</str>
		<str name="quit" translate="yes">
			<val>Zakończ</val>
		</str>
		<str name="tryAgain" translate="yes">
			<val>Ponów próbę</val>
		</str>
	</set>
	
	<set name="dateTimeFormats">
		<str name="dateFormat_Long" translate="yes">
			<val>{1} {0} {2}</val>
		</str>
	</set>

	<set name="monthsFull">
		<str name="1" translate="yes">
			<val>sty</val>
		</str>
		<str name="2" translate="yes">
			<val>lut</val>
		</str>
		<str name="3" translate="yes">
			<val>mar</val>
		</str>
		<str name="4" translate="yes">
			<val>kwi</val>
		</str>
		<str name="5" translate="yes">
			<val>maj</val>
		</str>
		<str name="6" translate="yes">
			<val>cze</val>
		</str>
		<str name="7" translate="yes">
			<val>lip</val>
		</str>
		<str name="8" translate="yes">
			<val>sie</val>
		</str>
		<str name="9" translate="yes">
			<val>wrz</val>
		</str>
		<str name="10" translate="yes">
			<val>paź</val>
		</str>
		<str name="11" translate="yes">
			<val>lis</val>
		</str>
		<str name="12" translate="yes">
			<val>gru</val>
		</str>
	</set>
	
	<set name="dsp_IMSBusyScrim">
		<str name="WaitAMoment" translate="yes">
			<val>Prosimy chwilę zaczekać...</val>
		</str>
	</set>
	
	<set name="dspSubscriptionRevoked">
		<str name="title" translate="yes">
			<val>Subskrypcja zawieszona</val>
		</str>
		<str name="warning" translate="yes">
			<val>Subskrypcja na produkt {0} została zawieszona.</val>
		</str>
		<str name="message" translate="yes">
			<val>Licencja subskrypcyjna jest nieprawidłowa lub została unieważniona. Skontaktuj się z {0}Obsługą klienta{1}.</val>
		</str>
		<str name="subscriptionPolicy" translate="yes">
			<val>{0}Zasady subskrypcji{1}</val>
		</str>
		<str name="subscriptionPolicyLink" translate="yes">
			<val>http://www.adobe.com/go/subscription_policy_pl</val>
		</str>
		<str name="customerSupportLink" translate="yes">
			<val>http://www.adobe.com/go/customer_support_pl</val>
		</str>
		<str name="quit" translate="yes">
			<val>Zakończ</val>
		</str>
	</set>
	
	<set name="isoToLanguage">
		<str name="ar_AE" translate="no"><val>العربية</val></str>
		<str name="en_GB" translate="no"><val>English (International)</val></str> 
		<str name="en_INT" translate="no"><val>English (International)</val></str> 
		<str name="fr_CA" translate="no"><val>Français canadien</val></str>
		<str name="es_QM" translate="no"><val>Español (Middle East)</val></str>
		<str name="es_LA" translate="no"><val>Español de América Latina</val></str>
		<str name="es_NA" translate="no"><val>Español Norteamericano</val></str>
		<str name="bg_BG" translate="no"><val>Български</val></str>
		<str name="lv_LV" translate="no"><val>Latviešu</val></str>
		<str name="et_EE" translate="no"><val>Eesti</val></str>
		<str name="hr_HR" translate="no"><val>hrvatski</val></str>
		<str name="sl_SI" translate="no"><val>slovenščina</val></str>
		<str name="sk_SK" translate="no"><val>Slovenčina</val></str>
		<str name="th_TH" translate="no"><val>ภาษาไทย</val></str> 
		<str name="vi_VN" translate="no"><val>Việt</val></str>
		<str name="en_XC" translate="no"><val>English (Central Europe)</val></str> 
		<str name="en_XM" translate="no"><val>English (Middle East)</val></str>
		<str name="fr_XM" translate="no"><val>Français Oriental Moyen</val></str>
		<str name="sq_AL" translate="no"><val>Shqip</val></str> 
		<str name="ar_SA" translate="no"><val>العربية</val></str>
		<str name="be_BY" translate="no"><val>Беларуская</val></str> 
		<str name="ca_ES" translate="no"><val>Català</val></str> 
		<str name="hi_IN" translate="no"><val>हिन्दी</val></str>
		<str name="is_IS" translate="no"><val>Íslenska</val></str> 
		<str name="lt_LT" translate="no"><val>Lietuvių</val></str>
		<str name="mk_MK" translate="no"><val>македонски</val></str>
		<str name="nn_NO" translate="no"><val>Norsk (Nynorsk)</val></str>
		<str name="pt_PT" translate="no"><val>Português de Portugal</val></str> 
		<str name="sh_YU" translate="no"><val>Srpsko-Hrvatski</val></str> 
		<str name="sr_YU" translate="no"><val>Cрпски</val></str> 
		<str name="kk_KZ" translate="no"><val>Қазақ</val></str>
		<str name="az_AZ" translate="no"><val>Azərbaycan dili</val></str> 
		<str name="es_MX" translate="no"><val>Español (América Latina)</val></str>
		<str name="no_NO" translate="no"><val>Norwegian</val></str> 
		<str name="cs_CZ" translate="no"><val>Česky</val></str>
		<str name="de_DE" translate="no"><val>Deutsch</val></str>
		<str name="el_GR" translate="no"><val>Ελληνικά</val></str>
		<str name="en_US" translate="no"><val>English (North America)</val></str> 
		<str name="es_ES" translate="no"><val>Español</val></str> 
		<str name="fr_FR" translate="no"><val>Français</val></str>
		<str name="he_IL" translate="no"><val>עברית</val></str> 
		<str name="hu_HU" translate="no"><val>Magyar</val></str> 
		<str name="it_IT" translate="no"><val>Italiano</val></str>
		<str name="ja_JP" translate="no"><val>日本語</val></str>
		<str name="ko_KR" translate="no"><val>한국어</val></str>
		<str name="nl_NL" translate="no"><val>Nederlands</val></str>
		<str name="pl_PL" translate="no"><val>Polski</val></str>
		<str name="ro_RO" translate="no"><val>Română</val></str>
		<str name="ru_RU" translate="no"><val>Pусский</val></str>
		<str name="sv_SE" translate="no"><val>Svenska</val></str>
		<str name="tr_TR" translate="no"><val>Türkçe</val></str>
		<str name="uk_UA" translate="no"><val>Українська</val></str>
		<str name="zh_CN" translate="no"><val>简体中文</val></str>
		<str name="zh_TW" translate="no"><val>繁體中文</val></str>
		<str name="da_DK" translate="no"><val>Dansk</val></str>
		<str name="fi_FI" translate="no"><val>Suomi</val></str>
		<str name="nb_NO" translate="no"><val>Norsk (Bokmål)</val></str> 
		<str name="pt_BR" translate="no"><val>Português do Brasil</val></str>
		<str name="en_AE" translate="no"><val>English يدعم العربية</val></str> 
		<str name="en_IL" translate="no"><val>English תומך עברית</val></str> 
		<str name="fr_MA" translate="no"><val>Français (Maroc)</val></str>
	</set>
		
</asf>
