<?xml version="1.0" encoding="utf-8" standalone="no"?>
<!DOCTYPE asf SYSTEM "http://ns.adobe.com/asf/asf_1_0.dtd">
<asf xmlns="http://ns.adobe.com/asf" locale="en_GB" version="1.0">
	
	<set name="common">
		<str name="windowTitle">
			<val>Adobe Product</val>
		</str>
		<str name="day">
			<val>day</val>
		</str>
		<str name="days">
			<val>days</val>
		</str>
	</set>
	
	<set name="eula">
		<str name="eula">
			<val>Adobe Software License Agreement</val>
		</str>
		<str name="accept">
			<val>Accept</val>
		</str>
		<str name="quit">
			<val>Quit</val>
		</str>		
	</set>

	<set name="register">
		<set name="trial">
			<set name="online">
				<str name="title">
					<val>Sign In Required</val>
				</str>
				<str name="message">
					<val>Please sign in with your Adobe ID to use your trial of {0}.</val>
				</str>
				<str name="message_device">
					<val>We will now register your trial to your Adobe ID: {0}.</val>
				</str>
				<str name="notYou">
					<val>(Not your Adobe ID?)</val>
				</str>
				<str name="signInNow">
					<val>Sign in now</val>
				</str>
				<str name="signIn">
					<val>Sign in</val>
				</str>
				<str name="termTitle">
					<val>Terms and conditions for trial software.</val>
				</str>
				<str name="termPara1">
					<val>We may ask you to provide us with optional information so that we can tailor content for you. You can turn off this customized content at any time by going to the Privacy Settings located on the trial experience screen.</val>
				</str>
				<str name="termPara2">
					<val>For information about data we collect about your use of the product, and how Adobe uses that data, including how we market to your interests, click {0}here{1} and see the {2}Adobe Online Privacy Policy{3}.</val>
				</str>
				<str name="privacyPortalLink" translate="yes">
			<val>http://www.adobe.com/go/adobe_privacy_portal_uk</val>
				</str>
				<str name="privacyPolicyLink" translate="yes">
			<val>http://www.adobe.com/go/privacy_uk</val>
				</str>
			</set>
		</set>
		
		<set name="subscription">
			<str name="title">
				<val>Sign In Required</val>
			</str>			
			<str name="message">
				<val>Sign-in is required to use this product and register it under your Adobe ID. Your Adobe ID provides you an easy way to access your serial numbers, as well as Adobe Creative Cloud and the Adobe.com community.</val>
			</str>
			<str name="userEmail">
				<val>We will sign you in as Adobe ID: {0}.</val>
			</str>
			<str name="notYou">
				<val>(Not your Adobe ID?)</val>
			</str>
			<str name="signInNow">
				<val>Sign in now</val>
			</str>
			<str name="signIn">
				<val>Sign in</val>
			</str>
			<str name="back">
				<val>Back</val>
			</str>
		</set>
		
		
		<set name="serial">
			<set name="grace">
				<str name="title">
					<val>Sign In Required</val>
				</str>			
				<str name="message">
					<val>Signing in with an Adobe ID and registering {0} is required within {1} otherwise it will stop working.</val>
				</str>
				<str name="benefit">
					<val>Your Adobe ID provides you an easy way to access your serial numbers, as well as Adobe Creative Cloud and the Adobe.com community.</val>
				</str>
				<str name="userEmail">
					<val>We will sign you in as Adobe ID: {0}.</val>
				</str>
				<str name="notYou">
					<val>(Not your Adobe ID?)</val>
				</str>
				<str name="signInNow">
					<val>Sign in now</val>
				</str>
				<str name="signIn">
					<val>Sign in</val>
				</str>
				<str name="signInLater">
					<val>Sign in later</val>
				</str>
			</set>
			
			<set name="post_grace">
				<str name="title">
					<val>Sign In Required</val>
				</str>			
				<str name="message">
					<val>Signing in with your Adobe ID to register {0} is required before your next use of this software.</val>
				</str>
				<str name="benefit">
					<val>Your Adobe ID provides you an easy way to access your serial numbers, as well as Adobe Creative Cloud and the Adobe.com community.</val>
				</str>
				<str name="userEmail">
					<val>We will sign you in as Adobe ID: {0}.</val>
				</str>
				<str name="notYou">
					<val>(Not your Adobe ID?)</val>
				</str>
				<str name="signInNow">
					<val>Sign in now</val>
				</str>
				<str name="signIn">
					<val>Sign in</val>
				</str>
				<str name="signInLater">
					<val>Sign in later</val>
				</str>
			</set>
		
			<set name="post_bonus">
				<str name="title">
					<val>Sign In Required</val>
				</str>			
				<str name="message">
					<val>You cannot use {0} without signing in with your Adobe ID to register.</val>
				</str>
				<str name="benefit">
					<val>Your Adobe ID provides you an easy way to access your serial numbers, as well as Adobe Creative Cloud and the Adobe.com community.</val>
				</str>
				<str name="userEmail">
					<val>We will sign you in as Adobe ID: {0}.</val>
				</str>
				<str name="notYou">
					<val>(Not your Adobe ID?)</val>
				</str>
				<str name="signInNow">
					<val>Sign in now</val>
				</str>
				<str name="signIn">
					<val>Sign in</val>
				</str>
				<str name="quit">
					<val>Quit</val>
				</str>
			</set>
		
			<set name="go_online_grace">
				<str name="title">
					<val>Sign In Required</val>
				</str>			
				<str name="message">
					<val>Please connect to the internet. Signing in with your Adobe ID to register {0} is required within {1} otherwise it will stop working.</val>
				</str>
				<str name="benefit">
					<val>Your Adobe ID provides you an easy way to access your serial numbers, as well as Adobe Creative Cloud and the Adobe.com community.</val>
				</str>
				<str name="userEmail">
					<val>We will sign you in as Adobe ID: {0}.</val>
				</str>
				<str name="notYou">
					<val>(Not your Adobe ID?)</val>
				</str>
				<str name="noInternet">
					<val>Having trouble connecting to the internet?</val>
				</str>
				<str name="signInNow">
					<val>Sign in now</val>
				</str>
				<str name="signIn">
					<val>Sign in</val>
				</str>
				<str name="signInLater">
					<val>Sign in later</val>
				</str>
			</set>
		
			<set name="go_online_post_grace">
				<str name="title">
					<val>Sign In Required</val>
				</str>			
				<str name="message">
					<val>Signing in with your Adobe ID to register {0} is required before your next use of this software.</val>
				</str>
				<str name="benefit">
					<val>Your Adobe ID provides you an easy way to access your serial numbers, as well as Adobe Creative Cloud and the Adobe.com community.</val>
				</str>
				<str name="userEmail">
					<val>We will sign you in as Adobe ID: {0}.</val>
				</str>
				<str name="notYou">
					<val>(Not your Adobe ID?)</val>
				</str>
				<str name="noInternet">
					<val>Having trouble connecting to the internet?</val>
				</str>
				<str name="signInNow">
					<val>Sign in now</val>
				</str>
				<str name="signIn">
					<val>Sign in</val>
				</str>
				<str name="signInLater">
					<val>Sign in later</val>
				</str>
			</set>
		
			<set name="go_online_post_bonus">
				<str name="title">
					<val>Sign In Required</val>
				</str>			
				<str name="message">
					<val>You cannot use {0} without signing in with your Adobe ID to register.</val>
				</str>
				<str name="benefit">
					<val>Your Adobe ID provides you an easy way to access your serial numbers, as well as Adobe Creative Cloud and the Adobe.com community.</val>
				</str>
				<str name="userEmail">
					<val>We will sign you in as Adobe ID: {0}.</val>
				</str>
				<str name="noInternet">
					<val>Having trouble connecting to the internet?</val>
				</str>
				<str name="notYou">
					<val>(Not your Adobe ID?)</val>
				</str>
				<str name="signInNow">
					<val>Sign in now</val>
				</str>
				<str name="signIn">
					<val>Sign in</val>
				</str>
				<str name="quit">
					<val>Quit</val>
				</str>
			</set>
		</set>
	</set>
	
	
	<set name = "registerOptional">
		<set name="serial">
			<str name="title">
				<val>Register Your Product</val>
			</str>			
			<str name="paragraphOneText">
				<val>Please register {0} using your Adobe ID.</val>
			</str>
			<str name="paragraphOneTextWithAdobeID">
				<val>Please register {0} using your Adobe ID:</val>
			</str>
			<str name="paragraphTwoHeader">
				<val>By registering your product you can:</val>
			</str>
			<str name="pointOne">
				<val>Get access to technical support</val>
			</str>
			<str name="pointTwo">
				<val>Keep track of your serial number</val>
			</str>
			<str name="pointThree">
				<val>Be one of the first to get updates and notifications about {0}</val>
			</str>
			<str name="pointFour">
				<val>You'll also receive a {0}complimentary benefit{1} for registering.</val>
			</str>
			<str name="complementaryBenefitsLink" translate="yes">
			<val>https://www.adobe.com/go/benefit_uk</val>
			</str>
			<str name="notYou">
				<val>(Not you?)</val>
			</str>
			<str name="neverCheckBoxText">
				<val>Never show this again</val>
			</str>
			<str name="registerNow">
				<val>Register Now</val>
			</str>
			<str name="skip">
				<val>Skip</val>
			</str>
		</set>
	</set>
	
	<set name="trialLaunch">
		<str name="title">
			<val>{0} Trial</val>
		</str>
		
		<set name="start">
			<str name="info">
				<val>You can try this product for {0} days.</val>
			</str>
			<str name="info_day">
				<val>You can try this product for {0} day.</val>
			</str>
			<str name="additionalInfo">
				<val>You can continue to use {0} after your trial period by purchasing the software.</val>
			</str>
		</set>
		
		<set name="grace">
			<str name="info">
				<val>Your trial will expire in {0} days.</val>
			</str>
			<str name="info_day">
				<val>Your trial will expire in {0} day.</val>
			</str>
			<str name="additionalInfo">
				<val>You can continue to use {0} after your trial period by purchasing the software.</val>
			</str>
		</set>
		
		<set name="bonus">
			<str name="info">
				<val>Last trial launch</val>
			</str>
			<str name="additionalInfo">
				<val>Your trial has expired, but you can use {0} one last time.</val>
			</str>
			<str name="bonusInfo">
				<val>You can continue to use {0} by purchasing the software.</val>
			</str>
		</set>
		
		<set name="expired">
			<str name="info">
				<val>Your trial has expired.</val>
			</str>
			<str name="additionalInfo">
				<val>You can continue to use {0} by purchasing the software.</val>
			</str>
		</set>
		
		<str name="daysRemaining">
			<val>Days Remaining</val>
		</str>
		<str name="dayRemaining">
			<val>Day Remaining</val>
		</str>
		<str name="buy">
			<val>Buy Now</val>
		</str>
		<str name="buyLink" translate="no">
			<val>http://www.adobe.com/go/buy</val>
		</str>
		<str name="continue">
			<val>Continue Trial</val>
		</str>
		<str name="startTrial">
			<val>Start Trial</val>
		</str>
		<str name="enterSerial">
			<val>License This Software</val>
		</str>		
	</set>
	
	<set name="deactivate">
		<str name="title">
			<val>Deactivate</val>
		</str>
		<str name="title_Fail">
			<val>Deactivate Fail</val>
		</str>
		<str name="infoSubscription">
			<val>Deactivating application does not alter your subscription. To modify your subscription, visit the {0}Subscription Manager{1}.</val>
		</str>
		<str name="infoSubscriptionCCMTeam">
			<val>Deactivating application does not alter your subscription.</val>
		</str>
		<str name="message">
			<val>Deactivating allows you to activate your Adobe products on another computer, provided you are acting in accordance with the {0}Software License Agreement{1}. Make sure you are connected to the internet before you deactivate. You may reactivate again on this computer by reentering your serial number.</val>
		</str>
		<str name="messageSubscription">
			<val>Deactivating allows you to activate your Adobe products on another computer, provided you are acting in accordance with the {0}Software License Agreement{1}. Make sure you are connected to the internet before you deactivate.</val>
		</str>
		<str name="deActivationMsgError">
			<val>If this problem persists please contact {0}Customer Support{1}. {2}</val>
		</str>
		<str name="customerSupportLink" translate="yes">
			<val>http://www.adobe.com/go/customer_support_uk</val>
		</str>
		<str name="eula_Link" translate="yes">
			<val>http://www.adobe.com/go/eulas_uk</val>
		</str>
		<str name="subscriptionManagerLinkForCC" translate="yes">
			<val> http://www.adobe.com/go/cc_manage_act_uk</val>
		</str>
		<str name="subscriptionManagerLinkForNonCC" translate="yes">
			<val>http://www.adobe.com/go/subscriptionedition_uk</val>
		</str>
		<str name="failure">
			<val>Deactivation was not successful. Please try again.</val>
		</str>
		<str name="deactivate">
			<val>Deactivate</val>
		</str>		
		<str name="cancel">
			<val>Cancel</val>
		</str>
		<str name="continue">
			<val>Continue</val>
		</str>
		
		<str name="offline">
			<val>Please connect to the Internet and retry</val>
		</str>		
		<str name="offlineMsg">
			<val>Unable to deactivate. Please ensure you are connected to the internet and try again. If problem persists, please contact {0}Customer Support{1}.</val>
		</str>	
		<str name="customerSupportLink" translate="yes">
			<val>http://www.adobe.com/go/customer_support_uk</val>
		</str>
	</set>
	
	<set name="trialFailed">
		<str name="title">
			<val>Trial Initialization Failed</val>
		</str>
		<str name="warning">
			<val>Licensing has stopped working.</val>
		</str>
		<str name="message">
			<val>A problem has occurred with the licensing of this product. Reinstall this product and try again. If this problem still occurs after reinstalling, contact {0}Customer Support{1} for further assistance.</val>
		</str>
		<str name="customerSupportLink" translate="yes">
			<val>http://www.adobe.com/go/customer_support_uk</val>
		</str>
		<str name="close">
			<val>Close</val>
		</str>
		<str name="enterSerial">
			<val>License This Software</val>
		</str>
	</set>
	
	<set name="validateSerial">
		<str name="title">
			<val>Serial Number Validation</val>
		</str>
		
		<set name="grace">
			<str name="message">
				<val>Please connect to the internet to validate your serial number. You have {0} to validate it otherwise your software will stop working.</val>
			</str>
		</set>
		
		<set name="post_grace">
			<str name="message">
				<val>Please connect to the internet to validate your serial number. You will be required to connect to the internet at the next launch otherwise your software will not work.</val>
			</str>
		</set>
		
		<set name="post_bonus">
			<str name="message">
				<val>Please connect to the internet to validate your serial number. This software will not operate without activation and serial number validation. You need to connect to the internet to continue.</val>
			</str>
		</set>
		
		<str name="noInternet">
			<val>Having trouble connecting to the internet?</val>
		</str>
		<str name="validate">
			<val>Validate</val>
		</str>
		<str name="connectLater">
			<val>Connect Later</val>
		</str>
		<str name="quit">
			<val>Quit</val>
		</str>
	</set>

	<set name="deactivateSuccess">
		<str name="title">
			<val>Deactivation Successful</val>
		</str>
		<str name="message">
			<val>You may now use {0} on another computer. To use {0} on this computer again, please reenter a valid serial number or select Try and enter your Adobe ID associated with your subscription.</val>
		</str>
		<str name="close">
			<val>Close</val>
		</str>	
	</set>
	
	<set name="offlineScrim">
		<str name="title">
			<val>Please connect to the Internet and retry</val>
		</str>
		<str name="message">
			<val>Your computer seems to be offline. An internet connection is required. Please connect to the internet and try again. If this problem persists please contact {0}Customer Service{1}.</val>
		</str>
		<str name="offlineActivationMsg">
			<val>If this computer cannot access the internet, get more details at {0} using an Internet enabled device.</val>
		</str>
		<str name="offlineActivationLink" translate="yes">
			<val>http://www.adobe.com/go/getactivated_uk</val>
		</str>
		<str name="customerSupportLink" translate="yes">
			<val>http://www.adobe.com/go/customer_support_uk</val>
		</str>
		<str name="retry">
			<val>Retry</val>
		</str>
		<str name="connectLater">
			<val>Connect Later</val>
		</str>
		<str name="cancel">
			<val>Cancel</val>
		</str>
	</set>
	
	<set name="dspEntitlementOfflineScrim">
		<str name="title">
			<val>Internet connection required for subscriptions</val>
		</str>
		<str name="message">
			<val>You need an internet connection to start a subscription. If you have a subscription, please connect to the internet and select Retry.</val>
		</str>
		<str name="serialInfo">
			<val>If you have a serial number, please select Enter Serial Number to continue.</val>
		</str>
		<str name="retry">
			<val>Retry</val>
		</str>
		<str name="enterSerialNumber">
			<val>Enter Serial Number</val>
		</str>
		<str name="cancel">
			<val>Back</val>
		</str>
	</set>
	
	<set name="screenLoading">
		<str name="loading">
			<val>Loading...</val>
		</str>
		<str name="validatingSerial">
			<val>Validating Serial Number. This may take a few seconds...</val>
		</str>
	</set>
	
	<set name="overActivation">
		<str name="title">
			<val>Serial Number</val>
		</str>
		<str name="stepMessage">
			<val>The serial number {0} is already in use by the maximum allowed computers. You need to deactivate another computer within {1} days to use this product.</val>
		</str>
		<str name="stepMessageOneDay">
			<val>The serial number {0} is already in use by the maximum allowed computers. You need to deactivate another computer within 1 day to use this product.</val>
		</str>
		<str name="stepMessageBonusLaunch">
			<val>The serial number {0} is already in use by the maximum allowed computers. You must deactivate another computer or provide another valid serial number to use {1} again on this computer.</val>
		</str>
		<str name="radioButton1">
			<val>Retry activation. I have already deactivated one of my other computers.</val>
		</str>
		<str name="radioButton2">
			<val>Provide a different serial number.</val>
		</str>
		<str name="continue">
			<val>Continue</val>
		</str>
	</set>
	
	<set name="activationFailure">
		<str name="title">
			<val>Activation Failed</val>
		</str>
		<str name="activationStepError">
			<val>We are unable to activate {0}</val>
		</str>
		<str name="activationMsgError">
			<val>Please check your internet connection settings and try again. If this problem persists please contact {0}Customer Support{1}. {2}</val>
		</str>
		<str name="customerSupportLink" translate="yes">
			<val>http://www.adobe.com/go/customer_support_uk</val>
		</str>
		<str name="close">
			<val>Close</val>
		</str>
		<str name="retry">
			<val>Retry</val>
		</str>
	</set>
	<set name="activationRequired">
		<str name="title">
			<val>Activation Required</val>
		</str>
		<str name="activationMsgOneDay">
			<val>Please connect to the internet. Activating {0} is required within 1 day otherwise it will stop working.</val>
		</str>
		<str name="activationMsg">
			<val>Please connect to the internet. Activating {0} is required within {1} days otherwise it will stop working.</val>
		</str>
		<str name="activationMsgBonus">
			<val>Please connect to the internet. Activating {0} is required today otherwise it will stop working.</val>
		</str>
		<str name="activateLater">
			<val>Activate Later</val>
		</str>
		<str name="retry">
			<val>Activate Now</val>
		</str>
	</set>
	
	<set name="confirmationDialog">
		<str name="title">
			<val>Quit</val>
		</str>
		<str name="message">
			<val>Are you sure you want to quit?</val>
		</str>
		<str name="primaryButtonLabel">
			<val>Yes</val>
		</str>
		<str name="secondaryButtonLabel">
			<val>No</val>
		</str>
	</set>
	
	<set name="inAppTrials">
		<str name="loading">
			<val>Loading...</val>
		</str>
		<str name="title">
			<val>{0} Trial</val>
		</str>
		<str name="continue">
			<val>Continue Trial</val>
		</str>
		<str name="startTrial">
			<val>Start Trial</val>
		</str>
		<str name="enterSerial">
			<val>License This Software</val>
		</str>
		<str name="privacySettings">
			<val>Privacy Settings</val>
		</str>
		<str name="tutorialsList">
			<val>{0} of {1}</val>
		</str>
		<str name="videoLoadingError">
			<val>Error loading video.</val>
		</str>
		<str name="tryAgain">
			<val>Try again</val>
		</str>
		<str name="exitFullScreen">
			<val>Press Esc to exit full screen mode.</val>
		</str>
		<str name="okay">
			<val>OK</val>
		</str>
		<str name="cancel">
			<val>Cancel</val>
		</str>
		<str name="privacyText">
			<val>We may ask you to provide us with optional information such as your software experience level so that we can tailor content for you.</val>
		</str>
		<str name="privacyPolicyText">
			<val>For information about data we collect about your use of the product, and how Adobe uses that data, including how we market to your interests, {0}click here{1} and see the {2}Adobe Online Privacy Policy{3}</val>
		</str>
		<str name="optInText">
			<val>Turn off display of customized trial content. No customized content will be presented the next time you launch the trial.</val>
		</str>
		<str name="privacyPortalLink" translate="yes">
			<val>http://www.adobe.com/go/adobe_privacy_portal_uk</val>
		</str>
		<str name="privacyPolicyLink" translate="yes">
			<val>http://www.adobe.com/go/privacy_uk</val>
		</str>		
		
	</set>
	
	<set name="noInternetConnection">
		<str name="title">
			<val>No Internet Connection</val>
		</str>
		<str name="para1">
			<val>We are unable to detect an internet connection on this machine.</val>
		</str>
		<str name="para2">
			<val>Activation and registration are required and must be completed within {0} days. If this computer can go online, the process only takes minutes.</val>
		</str>
		<str name="para2_day">
			<val>Activation and registration are required and must be completed within 1 day. If this computer can go online, the process only takes minutes.</val>
		</str>
		<str name="para2_end">
			<val>Activation and registration are required and must be completed. If this computer can go online, the process only takes minutes.</val>
		</str>
		<str name="para2_optional">
			<val>Activation is required and must be completed within {0} days. If this computer can go online, the process only takes minutes.</val>
		</str>
		<str name="para2_day_optional">
			<val>Activation is required and must be completed within 1 day. If this computer can go online, the process only takes minutes.</val>
		</str>
		<str name="para2_end_optional">
			<val>Activation is required and must be completed. If this computer can go online, the process only takes minutes.</val>
		</str>
		<str name="para3">
			<val>If this computer can't connect to the internet, click Offline Activation. You will need a device with internet access and your product's serial number to activate your software offline.</val>
		</str>
		<str name="para3_optional">
			<val>If this computer is never able to connect to the internet, click on Offline Activation. You will need an internet enabled device and your product's serial number to complete the offline activation process.</val>
		</str>
		<str name="hyperlinkText">
			<val>This computer is connected to the internet. I don't know what the problem is.</val>
		</str>
		<str name="hyperlinkTooltipText">
			<val>Please contact your administrator or call Adobe customer support.</val>
		</str>
		<str name="offlineActivate">
			<val>Offline Activation</val>
		</str>
		<str name="back">
			<val>Back</val>
		</str>
	</set>
	
	<set name="offlineActivation">
		<str name="title">
			<val>Offline Activation</val>
		</str>
		<set name="StepError">
			<str name="requestCodeExpired">
				<val>Request code {0} has expired. Please follow the steps below to complete your offline activation.</val>
			</str>
			<str name="requestCodeGenError">
				<val>We are unable to generate a Request Code. Please try again.</val>
			</str>
		</set>
		<str name="para1">
			<val>1. Click Generate Request Code below. The code is machine specific and is valid for 72 hours. If you cannot complete the process within 72 hours, simply request a new code.</val>
		</str>
		<str name="para2">
			<val>2. Use your internet-connected device to access Adobe.com/go/getactivated.</val>
		</str>
		<str name="para3">
			<val>3. Enter the code from step 1 and your serial number where prompted on the site. This will generate a Response Code.</val>
		</str>
		<str name="para4">
			<val>4. Enter the Response Code on your offline machine and click Activate.</val>
		</str>
		<str name="para5">
			<val>Click Back to activate your software online.</val>
		</str>
		<str name="hyperlinkText">
			<val>I want to activate faster by getting online.</val>
		</str>
		<str name="back">
			<val>Back</val>
		</str>
		<str name="activateLater">
			<val>Activate Later</val>
		</str>
		<str name="quit">
			<val>Quit</val>
		</str>
		<str name="generateRequestCode">
			<val>Generate Request Code</val>
		</str>
		<str name="customerSupportLink" translate="yes">
			<val>http://www.adobe.com/go/customer_support_uk</val>
		</str>
	</set>
	
	<set name="offlineActivationCode">
		<str name="title">
			<val>Offline Activation</val>
		</str>
		<set name="StepError">
			<str name="invalidResponseCode">
				<val>Response code entered is invalid. Please re-enter.</val>
			</str>
			<str name="requestCodeExpired">
				<val>Request code {0} has expired. Please follow the steps below to complete your offline activation.</val>
			</str>
			<str name="verifyError">
				<val>We are unable to verify the Response Code entered. Please try again.</val>
			</str>
		</set>
		<str name="requestCode">
			<val>Request Code:</val>
		</str>
		<str name="para1">
			<val>You have {0} to get a Response Code from www.adobe.com/go/getactivated_uk and enter it below.</val>
		</str>
		<str name="responseCode">
			<val>Response Code:</val>
		</str>
		<str name="hyperlinkText">
			<val>I want to activate faster by getting online.</val>
		</str>
		<str name="back">
			<val>Back</val>
		</str>
		<str name="activateLater">
			<val>Activate Later</val>
		</str>
		<str name="quit">
			<val>Quit</val>
		</str>
		<str name="activate">
			<val>Activate</val>
		</str>
		<str name="hour">
			<val>hour</val>
		</str>
		<str name="hours">
			<val>hours</val>
		</str>
		<str name="customerSupportLink" translate="yes">
			<val>http://www.adobe.com/go/customer_support_uk</val>
		</str>
	</set>
	
	<set name="offlineActivationComplete">
		<str name="title">
			<val>Offline Activation Complete</val>
		</str>
		<str name="message">
			<val>{0} has successfully been activated and is ready to use.</val>
		</str>
		<str name="close">
			<val>Close</val>
		</str>
		<str name="launch">
			<val>Launch</val>
		</str>
	</set>
	
	<set name="unableToActivate">
		<str name="title">
			<val>Activation Failed</val>
		</str>
		<str name="warning">
			<val>We are unable to activate {0}</val>
		</str>
		<str name="para1">
			<val>Product activation is required to use this product.</val>
		</str>
		<str name="para2">
			<val>You must have a working internet connection to activate this product. Please check your connection settings and choose Try Again.</val>
		</str>
		<str name="tryAgain">
			<val>Try Again</val>
		</str>
		<str name="close">
			<val>Close</val>
		</str>
		<str name="noInternet">
			<val>Having trouble connecting to the internet?</val>
		</str>
	</set>
	
	<set name="dspSubscriptionActivated">
		<str name="title">
			<val>Thank You</val>
		</str>
		<str name="message">
			<val>{0} will now be licensed for {1}. Click continue to enjoy the software.</val>
		</str>
		<str name="close">
			<val>Continue</val>
		</str>
	</set>
	
	<set name="dspOverActivation">
		<str name="title">
			<val>Maximum Activations Exceeded</val>
		</str>
		<str name="warning">
			<val>We are unable to activate {0}.</val>
		</str>
		<str name="message">
			<val>A subscription to this product under this Adobe ID is already active on the maximum of 2 devices. Select Continue to deactivate your other devices and activate your subscription on this one, or select License this Software to sign in with a different Adobe ID.</val>
		</str>
		<str name="activationPolicy">
			<val>{0}Activation Policy{1}</val>
		</str>
		<str name="activationPolicyLink" translate="yes">
			<val>http://www.adobe.com/go/activation_uk</val>
		</str>
		<str name="licenseThisSoftware">
			<val>License this Software</val>
		</str>
		<str name="continue">
			<val>Continue</val>
		</str>
	</set>
	
	<set name="dspAdobeIDMismatch">
		<str name="title">
			<val>Try Again</val>
		</str>
		<str name="warning">
			<val>Adobe ID Mismatch</val>
		</str>
		<str name="message">
			<val>The Adobe ID you signed in with does not match the Adobe ID associated with this subscription. Please sign in with the Adobe ID associated with this subscription.</val>
		</str>
		<str name="back">
			<val>Back</val>
		</str>
		<str name="quit">
			<val>Quit</val>
		</str>
	</set>
	
	<set name="dspSubscriptionExpired">
		<str name="title">
			<val>Renew your subscription</val>
		</str>
		<str name="message">
			<val>Go to the {0}Subscription Manager{1} to renew your subscription for {2} and continue using your product uninterrupted. If you have just renewed your subscription, please wait 15 minutes and try again.</val>
		</str>
		<str name="messageCCMTeamPara1">
			<val>Please contact Administrator to renew the subscription and continue using your product.</val>
		</str>
		<str name="messageCCMTeamPara2">
			<val>If the subscription is already renewed, wait 15 minutes and try again.</val>
		</str>
		<str name="signedInMessage">
			<val>You are signed in as Adobe ID: {0}. If you would like to sign in with a different Adobe ID, please select License this Software.</val>
		</str>
		<str name="subscriptionManagerLinkForCC" translate="yes">
			<val> http://www.adobe.com/go/cc_manage_act_uk</val>
		</str>
		<str name="subscriptionManagerLinkForNonCC" translate="yes">
			<val>http://www.adobe.com/go/subscriptionedition_uk</val>
		</str>
		<str name="tryAgain">
			<val>Try Again</val>
		</str>
		<str name="close">
			<val>Close</val>
		</str>
		<str name="licenseThisSoftware">
			<val>License This Software</val>
		</str>
	</set>
	
	<set name="dspCheckGenericError">
		<str name="title">
			<val>Try Again</val>
		</str>
		<str name="warning">
			<val>Unable to start your subscription for {0}.</val>
		</str>
		<str name="message">
			<val>Please wait a few moments and try again.</val>
		</str>
		<str name="tryAgain">
			<val>Try Again</val>
		</str>
		<str name="quit">
			<val>Quit</val>
		</str>
	</set>
	
	<set name="dspSubscriptionVerified">
		<str name="title">
			<val>Thank You</val>
		</str>
		<str name="message">
			<val>Your subscription to {0} is now active. Click Continue to use your product.</val>
		</str>
		<str name="continue">
			<val>Continue</val>
		</str>
	</set>
	
	<set name="dspSubscriptionReactivation">
		<str name="title">
			<val>Sign In Required</val>
		</str>
		<str name="message">
			<val>Our records show that this subscription is already active on another machine. To activate {0} on this machine sign in with your Adobe ID.</val>
		</str>
		<str name="signIn">
			<val>Sign in</val>
		</str>
		<str name="quit">
			<val>Quit</val>
		</str>
	</set>
	
	<set name="dspReminder">
		<set name="ccInfoReminder">
			<str name="title">
				<val>Subscription Reminder</val>
			</str>
			<str name="message">
				<val>Your subscription will expire soon.</val>
			</str>
			<str name="info">
				<val>Our records indicate that a credit card has not been associated with this subscription account. Go to the {0}Subscription Manager{1} and provide a credit card to renew your subscription for {2} and continue using your product uninterrupted.</val>
			</str>
			<str name="infoCCMTeam">
				<val>Contact your Administrator to ensure continued access to this product.</val>
			</str>
		</set>
		
		<set name="graceReminder">
			<str name="title">
				<val>Subscription Expired</val>
			</str>
			<str name="message">
				<val>Your subscription for {0} has expired.</val>
			</str>
			<str name="info">
				<val>Go to the {0}Subscription Manager{1} to renew your subscription for {2} and continue using your product uninterrupted. You have a short grace period to renew your subscription, after which you will no longer be able to access this product.</val>
			</str>
			<str name="infoCCMTeam">
				<val>Please contact Administrator to renew the subscription and continue using your product uninterrupted. There is a short grace period to renew the subscription, after which you will no longer be able to access this product.</val>
			</str>
		</set>
		<set name="combinedSubIssueReminder">
			<str name="title">
				<val>We are having trouble verifying your membership</val>
			</str>
			<str name="message">
				<val>Either you're offline, or there's a billing issue with your account. Please go online to manage your account and verify your billing information. If you have any issues or questions, please contact {0}Customer Support{1}.</val>
			</str>
			<str name="messageCCMTeam1">
				<val>Either you're offline, or there's a billing issue with your team account. Please contact your Administrator to resolve the billing issue.</val>
			</str>
			<str name="messageCCMTeam2">
				<val> If you have other questions, please contact {0}Customer Support{1}.</val>
			</str>
			<str name="offlineError">
				<val>Please go online so we can fix the issue, or click Continue to remain offline and have us remind you later.</val>
			</str>
		</set>
		
		<str name="subscriptionManagerLinkForCC" translate="yes">
			<val> http://www.adobe.com/go/cc_manage_act_uk</val>
		</str>
		<str name="subscriptionManagerLinkForNonCC" translate="yes">
			<val>http://www.adobe.com/go/subscriptionedition_uk</val>
		</str>
		<str name="offline">
			<val>Unable to connect to the Internet. Please check your connection settings and choose Try Again.</val>
		</str>
		<str name="subscriptionPolicy">
			<val>{0}Subscription Policy{1}</val>
		</str>
		<str name="subscriptionPolicyLink" translate="yes">
			<val>http://www.adobe.com/go/subscription_policy_uk</val>
		</str>
		<str name="customerSupportLink" translate="yes">
			<val>http://www.adobe.com/go/customer_support_uk</val>
		</str>
		<str name="daysRemaining">
			<val>Days Remaining</val>
		</str>
		<str name="dayRemaining">
			<val>Day Remaining</val>
		</str>
		<str name="continue">
			<val>Continue</val>
		</str>
		<str name="tryAgain">
			<val>Try Again</val>
		</str>
		<str name="retry">
			<val>Retry</val>
		</str>
	</set>
	
	<set name="dspSuspended">
		<set name="activationSuspended">
			<str name="title">
				<val>Activation Failed</val>
			</str>
			<str name="warning">
				<val>We are unable to activate {0}.</val>
			</str>
			<str name="message">
				<val>The date on your system does not match the date on our server. Your system date can be up to three days off from the Adobe server date ({0}).</val>
			</str>
			<str name="info">
				<val>Please check the date settings on your computer and try again. If the problem persists, contact {0}Customer Support{1}.</val>
			</str>
		</set>
		
		<set name="subscriptionSuspended">
			<str name="title">
				<val>Subscription Suspended</val>
			</str>
			<str name="warning">
				<val>The subscription for {0} has been suspended.</val>
			</str>
			<str name="message">
				<val>The date on your system does not match the date on our server. Your system date can be up to three days off from the Adobe server date ({0}).</val>
			</str>
			<str name="info">
				<val>Please check the date settings on your computer and try again. If the problem persists, contact {0}Customer Support{1}.</val>
			</str>
		</set>
		
		<set name="subscriptionWindback">
			<str name="title">
				<val>Subscription Suspended</val>
			</str>
			<str name="warning">
				<val>The subscription for {0} has been suspended.</val>
			</str>
			<str name="message">
				<val>The system date and time are set incorrectly. Please set the system clock to the current time and select Try Again. If the problem persists, contact {0}Customer Support{1}.</val>
			</str>
		</set>
		
		<str name="customerSupportLink" translate="yes">
			<val>http://www.adobe.com/go/customer_support_uk</val>
		</str>
		<str name="activationPolicy">
			<val>{0}View Activation Policy{1}</val>
		</str>
		<str name="activationPolicyLink" translate="yes">
			<val>http://www.adobe.com/go/activation_uk</val>
		</str>
		<str name="subscriptionPolicy">
			<val>{0}Subscription Policy{1}</val>
		</str>
		<str name="subscriptionPolicyLink" translate="yes">
			<val>http://www.adobe.com/go/subscription_policy_uk</val>
		</str>
		<str name="quit">
			<val>Quit</val>
		</str>
		<str name="tryAgain">
			<val>Try Again</val>
		</str>
	</set>
	
	<set name="dateTimeFormats">
		<str name="dateFormat_Long">
			<val>{0} {1}, {2}</val>
		</str>
	</set>

	<set name="monthsFull">
		<str name="1">
			<val>January</val>
		</str>
		<str name="2">
			<val>February</val>
		</str>
		<str name="3">
			<val>March</val>
		</str>
		<str name="4">
			<val>April</val>
		</str>
		<str name="5">
			<val>May</val>
		</str>
		<str name="6">
			<val>June</val>
		</str>
		<str name="7">
			<val>July</val>
		</str>
		<str name="8">
			<val>August</val>
		</str>
		<str name="9">
			<val>September</val>
		</str>
		<str name="10">
			<val>October</val>
		</str>
		<str name="11">
			<val>November</val>
		</str>
		<str name="12">
			<val>December</val>
		</str>
	</set>
	
	<set name="dsp_IMSBusyScrim">
		<str name="WaitAMoment">
			<val>Please wait for a moment...</val>
		</str>
	</set>
	
	<set name="dspSubscriptionRevoked">
		<str name="title">
			<val>Subscription Suspended</val>
		</str>
		<str name="warning">
			<val>The subscription for {0} has been suspended.</val>
		</str>
		<str name="message">
			<val>The subscription license is no longer valid or has been revoked. Please contact {0}Customer Support{1}.</val>
		</str>
		<str name="subscriptionPolicy">
			<val>{0}Subscription Policy{1}</val>
		</str>
		<str name="subscriptionPolicyLink" translate="yes">
			<val>http://www.adobe.com/go/subscription_policy_uk</val>
		</str>
		<str name="customerSupportLink" translate="yes">
			<val>http://www.adobe.com/go/customer_support_uk</val>
		</str>
		<str name="quit">
			<val>Quit</val>
		</str>
	</set>
	
	<set name="isoToLanguage">
		<str name="ar_AE" translate="no"><val>العربية</val></str>
		<str name="en_GB" translate="no"><val>English (International)</val></str> 
		<str name="en_INT" translate="no"><val>English (International)</val></str> 
		<str name="fr_CA" translate="no"><val>Français canadien</val></str>
		<str name="es_QM" translate="no"><val>Español (Middle East)</val></str>
		<str name="es_LA" translate="no"><val>Español de América Latina</val></str>
		<str name="es_NA" translate="no"><val>Español Norteamericano</val></str>
		<str name="bg_BG" translate="no"><val>Български</val></str>
		<str name="lv_LV" translate="no"><val>Latviešu</val></str>
		<str name="et_EE" translate="no"><val>Eesti</val></str>
		<str name="hr_HR" translate="no"><val>hrvatski</val></str>
		<str name="sl_SI" translate="no"><val>slovenščina</val></str>
		<str name="sk_SK" translate="no"><val>Slovenčina</val></str>
		<str name="th_TH" translate="no"><val>ภาษาไทย</val></str> 
		<str name="vi_VN" translate="no"><val>Việt</val></str>
		<str name="en_XC" translate="no"><val>English (Central Europe)</val></str> 
		<str name="en_XM" translate="no"><val>English (Middle East)</val></str>
		<str name="fr_XM" translate="no"><val>Français Oriental Moyen</val></str>
		<str name="sq_AL" translate="no"><val>Shqip</val></str> 
		<str name="ar_SA" translate="no"><val>العربية</val></str>
		<str name="be_BY" translate="no"><val>Беларуская</val></str> 
		<str name="ca_ES" translate="no"><val>Català</val></str> 
		<str name="hi_IN" translate="no"><val>हिन्दी</val></str>
		<str name="is_IS" translate="no"><val>Íslenska</val></str> 
		<str name="lt_LT" translate="no"><val>Lietuvių</val></str>
		<str name="mk_MK" translate="no"><val>македонски</val></str>
		<str name="nn_NO" translate="no"><val>Norsk (Nynorsk)</val></str>
		<str name="pt_PT" translate="no"><val>Português de Portugal</val></str> 
		<str name="sh_YU" translate="no"><val>Srpsko-Hrvatski</val></str> 
		<str name="sr_YU" translate="no"><val>Cрпски</val></str> 
		<str name="kk_KZ" translate="no"><val>Қазақ</val></str>
		<str name="az_AZ" translate="no"><val>Azərbaycan dili</val></str> 
		<str name="es_MX" translate="no"><val>Español (América Latina)</val></str>
		<str name="no_NO" translate="no"><val>Norwegian</val></str> 
		<str name="cs_CZ" translate="no"><val>Česky</val></str>
		<str name="de_DE" translate="no"><val>Deutsch</val></str>
		<str name="el_GR" translate="no"><val>Ελληνικά</val></str>
		<str name="en_US" translate="no"><val>English (North America)</val></str> 
		<str name="es_ES" translate="no"><val>Español</val></str> 
		<str name="fr_FR" translate="no"><val>Français</val></str>
		<str name="he_IL" translate="no"><val>עברית</val></str> 
		<str name="hu_HU" translate="no"><val>Magyar</val></str> 
		<str name="it_IT" translate="no"><val>Italiano</val></str>
		<str name="ja_JP" translate="no"><val>日本語</val></str>
		<str name="ko_KR" translate="no"><val>한국어</val></str>
		<str name="nl_NL" translate="no"><val>Nederlands</val></str>
		<str name="pl_PL" translate="no"><val>Polski</val></str>
		<str name="ro_RO" translate="no"><val>Română</val></str>
		<str name="ru_RU" translate="no"><val>Pусский</val></str>
		<str name="sv_SE" translate="no"><val>Svenska</val></str>
		<str name="tr_TR" translate="no"><val>Türkçe</val></str>
		<str name="uk_UA" translate="no"><val>Українська</val></str>
		<str name="zh_CN" translate="no"><val>简体中文</val></str>
		<str name="zh_TW" translate="no"><val>繁體中文</val></str>
		<str name="da_DK" translate="no"><val>Dansk</val></str>
		<str name="fi_FI" translate="no"><val>Suomi</val></str>
		<str name="nb_NO" translate="no"><val>Norsk (Bokmål)</val></str> 
		<str name="pt_BR" translate="no"><val>Português do Brasil</val></str>
		<str name="en_AE" translate="no"><val>English يدعم العربية</val></str> 
		<str name="en_IL" translate="no"><val>English תומך עברית</val></str> 
		<str name="fr_MA" translate="no"><val>Français (Maroc)</val></str>
	</set>
		
</asf>
