<?xml version='1.0' encoding='utf-8'?>
<!DOCTYPE asf SYSTEM "http://ns.adobe.com/asf/asf_1_0.dtd" >
<asf xmlns="http://ns.adobe.com/asf" locale="ko_KR" version="1.0">
	
	<set name="common">
		<str name="windowTitle" translate="yes">
			<val>Adobe 제품</val>
		</str>
		<str name="day" translate="yes">
			<val>일</val>
		</str>
		<str name="days" translate="yes">
			<val>일</val>
		</str>
	</set>
	
	<set name="eula">
		<str name="eula" translate="yes">
			<val>Adobe 소프트웨어 사용권 계약</val>
		</str>
		<str name="accept" translate="yes">
			<val>동의</val>
		</str>
		<str name="quit" translate="yes">
			<val>종료</val>
		</str>		
	</set>

	<set name="register">
		<set name="trial">
			<set name="online">
				<str name="title" translate="yes">
					<val>로그인 필요</val>
				</str>
				<str name="message" translate="yes">
					<val>{0} 시험 버전을 사용하려면 Adobe ID로 로그인하십시오.</val>
				</str>
				<str name="message_device" translate="yes">
					<val>이제 시험 버전이 Adobe ID {0}에 등록됩니다.</val>
				</str>
				<str name="notYou" translate="yes">
					<val>(귀하의 Adobe ID가 아닌가요?)</val>
				</str>
				<str name="signInNow" translate="yes">
					<val>지금 로그인</val>
				</str>
				<str name="signIn" translate="yes">
					<val>로그인</val>
				</str>
				<str name="termTitle" translate="yes">
					<val>시험 버전 소프트웨어에 대한 약관.</val>
				</str>
				<str name="termPara1" translate="yes">
					<val>사용자에게 맞춤형 내용을 제공하기 위해 추가 정보를 제공하도록 요청하는 경우가 있습니다. 이 사용자 정의 내용은 언제든 시험판 화면에 있는 [개인 정보 설정]으로 이동하여 끌 수 있습니다.</val>
				</str>
				<str name="termPara2" translate="yes">
					<val>Adobe에서 제품 사용과 관련하여 수집하는 데이터, 그리고 관심사에 맞춘 마케팅 방법을 비롯하여 수집된 데이터가 어떻게 사용되는지 자세한 내용을 보려면 {0}여기{1}를 클릭하고 {2}Adobe 온라인 개인 정보 보호 정책{3}을 참조하십시오.</val>
				</str>
				<str name="privacyPortalLink" translate="yes">
					<val>http://www.adobe.com/go/adobe_privacy_portal_kr</val>
				</str>
				<str name="privacyPolicyLink" translate="yes">
					<val>http://www.adobe.com/go/privacy_kr</val>
				</str>
			</set>
		</set>
		
		<set name="subscription">
			<str name="title" translate="yes">
				<val>로그인 필요</val>
			</str>			
			<str name="message" translate="yes">
				<val>이 제품을 사용하고 Adobe ID에 등록하려면 로그인이 필요합니다. Adobe ID를 사용하여 일련 번호와 Adobe Creative Cloud 및 Adobe.com 커뮤니티에 쉽게 액세스할 수 있습니다.</val>
			</str>
			<str name="userEmail" translate="yes">
				<val>귀하는 Adobe ID {0}으(로) 로그인됩니다.</val>
			</str>
			<str name="notYou" translate="yes">
				<val>(귀하의 Adobe ID가 아닌가요?)</val>
			</str>
			<str name="signInNow" translate="yes">
				<val>지금 로그인</val>
			</str>
			<str name="signIn" translate="yes">
				<val>로그인</val>
			</str>
			<str name="back" translate="yes">
				<val>뒤로</val>
			</str>
		</set>
		
		
		<set name="serial">
			<set name="grace">
				<str name="title" translate="yes">
					<val>로그인 필요</val>
				</str>			
				<str name="message" translate="yes">
					<val>{1} 이내에 Adobe ID로 로그인하고 {0}을(를) 등록해야 합니다. 그렇지 않으면 제품이 작동을 멈춥니다.</val>
				</str>
				<str name="benefit" translate="yes">
					<val>Adobe ID를 사용하여 일련 번호와 Adobe Creative Cloud 및 Adobe.com 커뮤니티에 쉽게 액세스할 수 있습니다.</val>
				</str>
				<str name="userEmail" translate="yes">
					<val>귀하는 Adobe ID {0}으(로) 로그인됩니다.</val>
				</str>
				<str name="notYou" translate="yes">
					<val>(귀하의 Adobe ID가 아닌가요?)</val>
				</str>
				<str name="signInNow" translate="yes">
					<val>지금 로그인</val>
				</str>
				<str name="signIn" translate="yes">
					<val>로그인</val>
				</str>
				<str name="signInLater" translate="yes">
					<val>나중에 로그인</val>
				</str>
			</set>
			
			<set name="post_grace">
				<str name="title" translate="yes">
					<val>로그인 필요</val>
				</str>			
				<str name="message" translate="yes">
					<val>다음에 이 소프트웨어를 사용하기 전에 Adobe ID로 로그인하여 {0}을(를) 등록해야 합니다.</val>
				</str>
				<str name="benefit" translate="yes">
					<val>Adobe ID를 사용하여 일련 번호와 Adobe Creative Cloud 및 Adobe.com 커뮤니티에 쉽게 액세스할 수 있습니다.</val>
				</str>
				<str name="userEmail" translate="yes">
					<val>귀하는 Adobe ID {0}으(로) 로그인됩니다.</val>
				</str>
				<str name="notYou" translate="yes">
					<val>(귀하의 Adobe ID가 아닌가요?)</val>
				</str>
				<str name="signInNow" translate="yes">
					<val>지금 로그인</val>
				</str>
				<str name="signIn" translate="yes">
					<val>로그인</val>
				</str>
				<str name="signInLater" translate="yes">
					<val>나중에 로그인</val>
				</str>
			</set>
		
			<set name="post_bonus">
				<str name="title" translate="yes">
					<val>로그인 필요</val>
				</str>			
				<str name="message" translate="yes">
					<val>{0}을(를) 사용하려면 Adobe ID로 로그인하여 등록해야 합니다.</val>
				</str>
				<str name="benefit" translate="yes">
					<val>Adobe ID를 사용하여 일련 번호와 Adobe Creative Cloud 및 Adobe.com 커뮤니티에 쉽게 액세스할 수 있습니다.</val>
				</str>
				<str name="userEmail" translate="yes">
					<val>귀하는 Adobe ID {0}으(로) 로그인됩니다.</val>
				</str>
				<str name="notYou" translate="yes">
					<val>(귀하의 Adobe ID가 아닌가요?)</val>
				</str>
				<str name="signInNow" translate="yes">
					<val>지금 로그인</val>
				</str>
				<str name="signIn" translate="yes">
					<val>로그인</val>
				</str>
				<str name="quit" translate="yes">
					<val>종료</val>
				</str>
			</set>
		
			<set name="go_online_grace">
				<str name="title" translate="yes">
					<val>로그인 필요</val>
				</str>			
				<str name="message" translate="yes">
					<val>인터넷에 연결하십시오. {0}을(를) 등록하려면 {1} 이내에 Adobe ID로 로그인해야 합니다. 그렇지 않으면 제품이 작동을 멈춥니다.</val>
				</str>
				<str name="benefit" translate="yes">
					<val>Adobe ID를 사용하여 일련 번호와 Adobe Creative Cloud 및 Adobe.com 커뮤니티에 쉽게 액세스할 수 있습니다.</val>
				</str>
				<str name="userEmail" translate="yes">
					<val>귀하는 Adobe ID {0}으(로) 로그인됩니다.</val>
				</str>
				<str name="notYou" translate="yes">
					<val>(귀하의 Adobe ID가 아닌가요?)</val>
				</str>
				<str name="noInternet" translate="yes">
					<val>인터넷에 연결하는 데 문제가 있습니까?</val>
				</str>
				<str name="signInNow" translate="yes">
					<val>지금 로그인</val>
				</str>
				<str name="signIn" translate="yes">
					<val>로그인</val>
				</str>
				<str name="signInLater" translate="yes">
					<val>나중에 로그인</val>
				</str>
			</set>
		
			<set name="go_online_post_grace">
				<str name="title" translate="yes">
					<val>로그인 필요</val>
				</str>			
				<str name="message" translate="yes">
					<val>다음에 이 소프트웨어를 사용하기 전에 Adobe ID로 로그인하여 {0}을(를) 등록해야 합니다.</val>
				</str>
				<str name="benefit" translate="yes">
					<val>Adobe ID를 사용하여 일련 번호와 Adobe Creative Cloud 및 Adobe.com 커뮤니티에 쉽게 액세스할 수 있습니다.</val>
				</str>
				<str name="userEmail" translate="yes">
					<val>귀하는 Adobe ID {0}으(로) 로그인됩니다.</val>
				</str>
				<str name="notYou" translate="yes">
					<val>(귀하의 Adobe ID가 아닌가요?)</val>
				</str>
				<str name="noInternet" translate="yes">
					<val>인터넷에 연결하는 데 문제가 있습니까?</val>
				</str>
				<str name="signInNow" translate="yes">
					<val>지금 로그인</val>
				</str>
				<str name="signIn" translate="yes">
					<val>로그인</val>
				</str>
				<str name="signInLater" translate="yes">
					<val>나중에 로그인</val>
				</str>
			</set>
		
			<set name="go_online_post_bonus">
				<str name="title" translate="yes">
					<val>로그인 필요</val>
				</str>			
				<str name="message" translate="yes">
					<val>{0}을(를) 사용하려면 Adobe ID로 로그인하여 등록해야 합니다.</val>
				</str>
				<str name="benefit" translate="yes">
					<val>Adobe ID를 사용하여 일련 번호와 Adobe Creative Cloud 및 Adobe.com 커뮤니티에 쉽게 액세스할 수 있습니다.</val>
				</str>
				<str name="userEmail" translate="yes">
					<val>귀하는 Adobe ID {0}으(로) 로그인됩니다.</val>
				</str>
				<str name="noInternet" translate="yes">
					<val>인터넷에 연결하는 데 문제가 있습니까?</val>
				</str>
				<str name="notYou" translate="yes">
					<val>(귀하의 Adobe ID가 아닌가요?)</val>
				</str>
				<str name="signInNow" translate="yes">
					<val>지금 로그인</val>
				</str>
				<str name="signIn" translate="yes">
					<val>로그인</val>
				</str>
				<str name="quit" translate="yes">
					<val>종료</val>
				</str>
			</set>
		</set>
	</set>
	
	
	<set name="registerOptional">
		<set name="serial">
			<str name="title" translate="yes">
				<val>제품 등록</val>
			</str>			
			<str name="paragraphOneText" translate="yes">
				<val>Adobe ID를 사용하여 {0}을(를) 등록하십시오.</val>
			</str>
			<str name="paragraphOneTextWithAdobeID" translate="yes">
				<val>Adobe ID를 사용하여 {0}을(를) 등록하십시오:</val>
			</str>
			<str name="paragraphTwoHeader" translate="yes">
				<val>제품을 등록하면 다음과 같은 혜택이 있습니다.</val>
			</str>
			<str name="pointOne" translate="yes">
				<val>기술 지원을 이용할 수 있습니다.</val>
			</str>
			<str name="pointTwo" translate="yes">
				<val>일련 번호를 추적할 수 있습니다.</val>
			</str>
			<str name="pointThree" translate="yes">
				<val>{0}에 대한 업데이트와 알림을 가장 먼저 받아볼 수 있습니다.</val>
			</str>
			<str name="pointFour" translate="yes">
				<val>또한 등록하면 {0}무료 혜택{1}을 받을 수도 있습니다.</val>
			</str>
			<str name="complementaryBenefitsLink" translate="yes">
				<val>https://www.adobe.com/go/benefit_kr</val>
			</str>
			<str name="notYou" translate="yes">
				<val>(본인이 아니신가요?)</val>
			</str>
			<str name="neverCheckBoxText" translate="yes">
				<val>이 메시지 다시 표시 안 함</val>
			</str>
			<str name="registerNow" translate="yes">
				<val>지금 등록</val>
			</str>
			<str name="skip" translate="yes">
				<val>건너뛰기</val>
			</str>
		</set>
	</set>
	
	<set name="trialLaunch">
		<str name="title" translate="yes">
			<val>{0} 시험판</val>
		</str>
		
		<set name="start">
			<str name="info" translate="yes">
				<val>이 제품을 {0}일 동안 시험 사용할 수 있습니다.</val>
			</str>
			<str name="info_day" translate="yes">
				<val>이 제품을 {0}일 동안 시험 사용할 수 있습니다.</val>
			</str>
			<str name="additionalInfo" translate="yes">
				<val>소프트웨어를 구매하여 시험 버전 사용 기간 후에도 {0}을(를) 계속 사용할 수 있습니다.</val>
			</str>
		</set>
		
		<set name="grace">
			<str name="info" translate="yes">
				<val>시험 버전이 {0}일 후에 만료됩니다.</val>
			</str>
			<str name="info_day" translate="yes">
				<val>시험 버전이 {0}일 후에 만료됩니다.</val>
			</str>
			<str name="additionalInfo" translate="yes">
				<val>소프트웨어를 구매하여 시험 버전 사용 기간 후에도 {0}을(를) 계속 사용할 수 있습니다.</val>
			</str>
		</set>
		
		<set name="bonus">
			<str name="info" translate="yes">
				<val>마지막 시험 버전 시작</val>
			</str>
			<str name="additionalInfo" translate="yes">
				<val>시험 버전이 만료되었지만 {0}을(를) 마지막으로 한 번 사용할 수 있습니다.</val>
			</str>
			<str name="bonusInfo" translate="yes">
				<val>소프트웨어를 구매하여 {0}을(를) 계속 사용할 수 있습니다.</val>
			</str>
		</set>
		
		<set name="expired">
			<str name="info" translate="yes">
				<val>시험 버전이 만료되었습니다.</val>
			</str>
			<str name="additionalInfo" translate="yes">
				<val>소프트웨어를 구매하여 {0}을(를) 계속 사용할 수 있습니다.</val>
			</str>
		</set>
		
		<str name="daysRemaining" translate="yes">
			<val>남은 사용 기간</val>
		</str>
		<str name="dayRemaining" translate="yes">
			<val>남은 사용 기간</val>
		</str>
		<str name="buy" translate="yes">
			<val>지금 구매</val>
		</str>
		<str name="buyLink" translate="no">
			<val>http://www.adobe.com/go/buy</val>
		</str>
		<str name="continue" translate="yes">
			<val>시험 버전 계속 사용</val>
		</str>
		<str name="startTrial" translate="yes">
			<val>시험 버전 시작</val>
		</str>
		<str name="enterSerial" translate="yes">
			<val>이 소프트웨어에 사용권 부여</val>
		</str>		
	</set>
	
	<set name="deactivate">
		<str name="title" translate="yes">
			<val>비활성화</val>
		</str>
		<str name="title_Fail" translate="yes">
			<val>비활성화 실패</val>
		</str>
		<str name="infoSubscription" translate="yes">
			<val>응용 프로그램 비활성화로 구독을 변경할 수 없습니다. 구독을 수정하려면 {0}구독 관리자{1}를 방문하십시오.</val>
		</str>
		<str name="infoSubscriptionCCMTeam" translate="yes">
			<val>응용 프로그램을 비활성화해도 귀하의 구독이 변경되지 않습니다.</val>
		</str>
		<str name="message" translate="yes">
			<val>Adobe 제품을 비활성화하면 {0}소프트웨어 사용권 계약{1}에 위배되지 않는 경우에 한해 다른 컴퓨터에서 다시 활성화할 수 있습니다. 비활성화하기 전에 인터넷에 연결되어 있는지 확인하십시오. 이 컴퓨터에서 일련 번호를 다시 입력하면 Adobe 제품을 다시 활성화할 수 있습니다.</val>
		</str>
		<str name="messageSubscription" translate="yes">
			<val>Adobe 제품을 비활성화하면 {0}소프트웨어 사용권 계약{1}에 위배되지 않는 경우에 한해 다른 컴퓨터에서 다시 활성화할 수 있습니다. 비활성화하기 전에 인터넷에 연결되어 있는지 확인하십시오.</val>
		</str>
		<str name="deActivationMsgError" translate="yes">
			<val>이 문제가 계속되면 {0}고객 지원{1}에 문의하십시오. {2}</val>
		</str>
		<str name="customerSupportLink" translate="yes">
			<val>http://www.adobe.com/go/customer_support_kr</val>
		</str>
		<str name="eula_Link" translate="yes">
			<val>http://www.adobe.com/go/eulas_kr</val>
		</str>
		<str name="subscriptionManagerLinkForCC" translate="yes">
			<val> http://www.adobe.com/go/cc_manage_act_kr</val>
		</str>
		<str name="subscriptionManagerLinkForNonCC" translate="yes">
			<val>http://www.adobe.com/go/subscriptionedition_kr</val>
		</str>
		<str name="failure" translate="yes">
			<val>비활성화에 실패했습니다. 다시 시도하십시오.</val>
		</str>
		<str name="deactivate" translate="yes">
			<val>비활성화</val>
		</str>		
		<str name="cancel" translate="yes">
			<val>취소</val>
		</str>
		<str name="continue" translate="yes">
			<val>계속</val>
		</str>
		
		<str name="offline" translate="yes">
			<val>인터넷에 연결하고 다시 시도하십시오.</val>
		</str>		
		<str name="offlineMsg" translate="yes">
			<val>비활성화할 수 없습니다. 인터넷에 연결되어 있는지 확인하고 다시 시도하십시오. 문제가 계속되면 {0}고객 지원{1}에 문의하십시오.</val>
		</str>	
		<str name="customerSupportLink" translate="yes">
			<val>http://www.adobe.com/go/customer_support_kr</val>
		</str>
	</set>
	
	<set name="trialFailed">
		<str name="title" translate="yes">
			<val>시험 버전 초기화 실패</val>
		</str>
		<str name="warning" translate="yes">
			<val>사용권 부여 작업이 중지되었습니다.</val>
		</str>
		<str name="message" translate="yes">
			<val>이 제품의 사용권 부여와 관련하여 문제가 발생했습니다. 이 제품을 재설치하고 다시 시도하십시오. 재설치 후에도 이 문제가 계속 발생할 경우 {0}고객 지원{1}에 문의하여 추가 지원을 받으십시오.</val>
		</str>
		<str name="customerSupportLink" translate="yes">
			<val>http://www.adobe.com/go/customer_support_kr</val>
		</str>
		<str name="close" translate="yes">
			<val>닫기</val>
		</str>
		<str name="enterSerial" translate="yes">
			<val>이 소프트웨어에 사용권 부여</val>
		</str>
	</set>
	
	<set name="validateSerial">
		<str name="title" translate="yes">
			<val>일련 번호 유효성 검사</val>
		</str>
		
		<set name="grace">
			<str name="message" translate="yes">
				<val>인터넷에 연결하여 일련 번호가 유효한지 확인하십시오. {0} 이내에 일련 번호가 유효한지 확인해야 합니다. 그렇지 않으면 소프트웨어가 작동을 멈춥니다.</val>
			</str>
		</set>
		
		<set name="post_grace">
			<str name="message" translate="yes">
				<val>인터넷에 연결하여 일련 번호가 유효한지 확인하십시오. 다음에 제품을 시작할 때 인터넷에 연결해야 합니다. 그렇지 않으면 소프트웨어가 작동을 멈춥니다.</val>
			</str>
		</set>
		
		<set name="post_bonus">
			<str name="message" translate="yes">
				<val>인터넷에 연결하여 일련 번호가 유효한지 확인하십시오. 이 소프트웨어는 활성화 및 일련 번호 유효성 검사 절차를 완료해야 작동합니다. 계속하려면 인터넷에 연결해야 합니다.</val>
			</str>
		</set>
		
		<str name="noInternet" translate="yes">
			<val>인터넷에 연결하는 데 문제가 있습니까?</val>
		</str>
		<str name="validate" translate="yes">
			<val>유효성 검사</val>
		</str>
		<str name="connectLater" translate="yes">
			<val>나중에 연결</val>
		</str>
		<str name="quit" translate="yes">
			<val>종료</val>
		</str>
	</set>

	<set name="deactivateSuccess">
		<str name="title" translate="yes">
			<val>비활성화 성공</val>
		</str>
		<str name="message" translate="yes">
			<val>이제 {0}을(를) 다른 컴퓨터에서 사용할 수 있습니다. {0}을(를) 이 컴퓨터에서 다시 사용하려면 유효한 일련 번호를 다시 입력하거나 [시험 사용]을 선택하고 구독과 연결된 Adobe ID를 입력하십시오.</val>
		</str>
		<str name="close" translate="yes">
			<val>닫기</val>
		</str>	
	</set>
	
	<set name="offlineScrim">
		<str name="title" translate="yes">
			<val>인터넷에 연결하고 다시 시도하십시오.</val>
		</str>
		<str name="message" translate="yes">
			<val>컴퓨터가 오프라인 상태인 것 같습니다. 인터넷에 연결되어 있어야 합니다. 인터넷에 연결하고 다시 시도하십시오. 이 문제가 계속되면 {0}고객 서비스{1}에 문의하십시오.</val>
		</str>
		<str name="offlineActivationMsg" translate="yes">
			<val>이 컴퓨터에서 인터넷에 액세스할 수 없는 경우 인터넷이 가능한 장치를 사용하여 {0}에서 자세한 내용을 참조하십시오.</val>
		</str>
		<str name="offlineActivationLink" translate="yes">
			<val>http://www.adobe.com/go/getactivated_kr</val>
		</str>
		<str name="customerSupportLink" translate="yes">
			<val>http://www.adobe.com/go/customer_support_kr</val>
		</str>
		<str name="retry" translate="yes">
			<val>다시 시도</val>
		</str>
		<str name="connectLater" translate="yes">
			<val>나중에 연결</val>
		</str>
		<str name="cancel" translate="yes">
			<val>취소</val>
		</str>
	</set>
	
	<set name="dspEntitlementOfflineScrim">
		<str name="title" translate="yes">
			<val>구독을 위해 인터넷 연결 필요</val>
		</str>
		<str name="message" translate="yes">
			<val>구독을 시작하려면 인터넷에 연결해야 합니다. 구독이 있는 경우 인터넷에 연결하고 [다시 시도]를 선택하십시오.</val>
		</str>
		<str name="serialInfo" translate="yes">
			<val>일련 번호가 있는 경우 [일련 번호 입력]을 선택하여 계속하십시오.</val>
		</str>
		<str name="retry" translate="yes">
			<val>다시 시도</val>
		</str>
		<str name="enterSerialNumber" translate="yes">
			<val>일련 번호 입력</val>
		</str>
		<str name="cancel" translate="yes">
			<val>뒤로</val>
		</str>
	</set>
	
	<set name="screenLoading">
		<str name="loading" translate="yes">
			<val>로드 중...</val>
		</str>
		<str name="validatingSerial" translate="yes">
			<val>일련 번호 확인 중. 이 작업에는 몇 초 정도 걸립니다...</val>
		</str>
	</set>
	
	<set name="overActivation">
		<str name="title" translate="yes">
			<val>일련 번호</val>
		</str>
		<str name="stepMessage" translate="yes">
			<val>일련 번호 {0}은(는) 최대 허용 대수의 컴퓨터에서 이미 사용 중입니다. 이 제품을 사용하려면 {1}일 이내에 다른 컴퓨터를 비활성화해야 합니다.</val>
		</str>
		<str name="stepMessageOneDay" translate="yes">
			<val>일련 번호 {0}은(는) 최대 허용 대수의 컴퓨터에서 이미 사용 중입니다. 이 제품을 사용하려면 1일 이내에 다른 컴퓨터를 비활성화해야 합니다.</val>
		</str>
		<str name="stepMessageBonusLaunch" translate="yes">
			<val>일련 번호 {0}은(는) 최대 허용 대수의 컴퓨터에서 이미 사용 중입니다. {1}을(를) 이 컴퓨터에서 다시 사용하려면 다른 컴퓨터를 비활성화하거나 다른 유효한 일련 번호를 제공해야 합니다.</val>
		</str>
		<str name="radioButton1" translate="yes">
			<val>활성화를 다시 시도합니다. 다른 컴퓨터 중 한 대를 이미 비활성화했습니다.</val>
		</str>
		<str name="radioButton2" translate="yes">
			<val>다른 일련 번호를 제공하십시오.</val>
		</str>
		<str name="continue" translate="yes">
			<val>계속</val>
		</str>
	</set>
	
	<set name="activationFailure">
		<str name="title" translate="yes">
			<val>활성화 실패</val>
		</str>
		<str name="activationStepError" translate="yes">
			<val>{0}을(를) 활성화할 수 없습니다.</val>
		</str>
		<str name="activationMsgError" translate="yes">
			<val>인터넷 연결 설정을 확인하고 다시 시도하십시오. 이 문제가 계속되면 {0}고객 지원{1}에 문의하십시오. {2}</val>
		</str>
		<str name="customerSupportLink" translate="yes">
			<val>http://www.adobe.com/go/customer_support_kr</val>
		</str>
		<str name="close" translate="yes">
			<val>닫기</val>
		</str>
		<str name="retry" translate="yes">
			<val>다시 시도</val>
		</str>
	</set>
	<set name="activationRequired">
		<str name="title" translate="yes">
			<val>활성화 필요</val>
		</str>
		<str name="activationMsgOneDay" translate="yes">
			<val>인터넷에 연결하십시오. 1일 이내에 {0}을(를) 활성화해야 합니다. 그렇지 않으면 제품이 작동을 멈춥니다.</val>
		</str>
		<str name="activationMsg" translate="yes">
			<val>인터넷에 연결하십시오. {1}일 이내에 {0}을(를) 활성화해야 합니다. 그렇지 않으면 제품이 작동을 멈춥니다.</val>
		</str>
		<str name="activationMsgBonus" translate="yes">
			<val>인터넷에 연결하십시오. 오늘 중으로 {0}을(를) 활성화해야 합니다. 그렇지 않으면 제품이 작동을 멈춥니다.</val>
		</str>
		<str name="activateLater" translate="yes">
			<val>나중에 활성화</val>
		</str>
		<str name="retry" translate="yes">
			<val>지금 활성화</val>
		</str>
	</set>
	
	<set name="confirmationDialog">
		<str name="title" translate="yes">
			<val>종료</val>
		</str>
		<str name="message" translate="yes">
			<val>종료하시겠습니까?</val>
		</str>
		<str name="primaryButtonLabel" translate="yes">
			<val>예</val>
		</str>
		<str name="secondaryButtonLabel" translate="yes">
			<val>아니요</val>
		</str>
	</set>
	
	<set name="inAppTrials">
		<str name="loading" translate="yes">
			<val>로드 중...</val>
		</str>
		<str name="title" translate="yes">
			<val>{0} 시험판</val>
		</str>
		<str name="continue" translate="yes">
			<val>시험 버전 계속 사용</val>
		</str>
		<str name="startTrial" translate="yes">
			<val>시험 버전 시작</val>
		</str>
		<str name="enterSerial" translate="yes">
			<val>이 소프트웨어에 사용권 부여</val>
		</str>
		<str name="privacySettings" translate="yes">
			<val>개인 정보 설정</val>
		</str>
		<str name="tutorialsList" translate="yes">
			<val>{0}/{1}</val>
		</str>
		<str name="videoLoadingError" translate="yes">
			<val>비디오를 로드하는 동안 오류가 발생했습니다.</val>
		</str>
		<str name="tryAgain" translate="yes">
			<val>다시 시도</val>
		</str>
		<str name="exitFullScreen" translate="yes">
			<val>전체 화면 모드를 종료하려면 ESC 키를 누르십시오.</val>
		</str>
		<str name="okay" translate="yes">
			<val>확인</val>
		</str>
		<str name="cancel" translate="yes">
			<val>취소</val>
		</str>
		<str name="privacyText" translate="yes">
			<val>사용자에게 맞춤형 내용을 제공하기 위해 소프트웨어 경력과 같은 옵션 정보를 제공하도록 요청하는 경우가 있습니다.</val>
		</str>
		<str name="privacyPolicyText" translate="yes">
			<val>Adobe에서 제품 사용과 관련하여 수집하는 데이터, 그리고 관심사에 맞춘 마케팅 방법을 비롯하여 수집된 데이터가 어떻게 사용되는지 자세한 내용을 보려면 {0}여기를 클릭{1}하고 {2}Adobe 온라인 개인 정보 보호 정책{3}을 참조하십시오.</val>
		</str>
		<str name="optInText" translate="yes">
			<val>사용자 정의 시험 버전 내용 표시를 끕니다. 다음에 시험 버전을 시작할 때 사용자 정의 내용이 표시되지 않습니다.</val>
		</str>
		<str name="privacyPortalLink" translate="yes">
			<val>http://www.adobe.com/go/adobe_privacy_portal_kr</val>
		</str>
		<str name="privacyPolicyLink" translate="yes">
			<val>http://www.adobe.com/go/privacy_kr</val>
		</str>		
		
	</set>
	
	<set name="noInternetConnection">
		<str name="title" translate="yes">
			<val>인터넷 연결 없음</val>
		</str>
		<str name="para1" translate="yes">
			<val>이 컴퓨터에서 인터넷 연결을 감지할 수 없습니다.</val>
		</str>
		<str name="para2" translate="yes">
			<val>활성화 및 등록이 필요하며 {0}일 이내에 완료되어야 합니다. 이 컴퓨터가 온라인 상태가 되면 몇 분 안에 이 과정을 완료할 수 있습니다.</val>
		</str>
		<str name="para2_day" translate="yes">
			<val>활성화 및 등록이 필요하며 1일 이내에 완료되어야 합니다. 이 컴퓨터가 온라인 상태가 되면 몇 분 안에 이 과정을 완료할 수 있습니다.</val>
		</str>
		<str name="para2_end" translate="yes">
			<val>활성화 및 등록이 필요하며 완료되어야 합니다. 이 컴퓨터가 온라인 상태가 되면 몇 분 안에 이 과정을 완료할 수 있습니다.</val>
		</str>
		<str name="para2_optional" translate="yes">
			<val>활성화가 필요하며 {0}일 이내에 완료되어야 합니다. 이 컴퓨터가 온라인 상태가 되면 몇 분 안에 이 과정을 완료할 수 있습니다.</val>
		</str>
		<str name="para2_day_optional" translate="yes">
			<val>활성화가 필요하며 1일 이내에 완료되어야 합니다. 이 컴퓨터가 온라인 상태가 되면 몇 분 안에 이 과정을 완료할 수 있습니다.</val>
		</str>
		<str name="para2_end_optional" translate="yes">
			<val>활성화가 필요하며 완료되어야 합니다. 이 컴퓨터가 온라인 상태가 되면 몇 분 안에 이 과정을 완료할 수 있습니다.</val>
		</str>
		<str name="para3" translate="yes">
			<val>이 컴퓨터에서 인터넷에 연결할 수 없는 경우 [오프라인 활성화]를 클릭하십시오. 소프트웨어를 오프라인으로 활성화하려면 인터넷이 가능한 장치와 제품의 일련 번호가 필요합니다.</val>
		</str>
		<str name="para3_optional" translate="yes">
			<val>이 컴퓨터를 인터넷에 연결할 수 없는 경우 [오프라인 활성화]를 클릭하십시오. 오프라인 활성화 과정을 완료하려면 인터넷이 가능한 장치와 제품의 일련 번호가 필요합니다.</val>
		</str>
		<str name="hyperlinkText" translate="yes">
			<val>이 컴퓨터는 인터넷에 연결되어 있습니다. 문제를 알 수 없습니다.</val>
		</str>
		<str name="hyperlinkTooltipText" translate="yes">
			<val>관리자에게 문의하거나 Adobe 고객 지원에 문의하십시오.</val>
		</str>
		<str name="offlineActivate" translate="yes">
			<val>오프라인 활성화</val>
		</str>
		<str name="back" translate="yes">
			<val>뒤로</val>
		</str>
	</set>
	
	<set name="offlineActivation">
		<str name="title" translate="yes">
			<val>오프라인 활성화</val>
		</str>
		<set name="StepError">
			<str name="requestCodeExpired" translate="yes">
				<val>요청 코드 {0}이(가) 만료되었습니다. 아래 단계를 따라 오프라인 활성화를 완료하십시오.</val>
			</str>
			<str name="requestCodeGenError" translate="yes">
				<val>요청 코드를 생성할 수 없습니다. 다시 시도하십시오.</val>
			</str>
		</set>
		<str name="para1" translate="yes">
			<val>1. 아래 [요청 코드 생성]을 클릭합니다. 코드는 컴퓨터 특정 코드이며 72시간 동안 유효합니다. 72시간 내에 절차를 완료할 수 없는 경우 새 코드를 요청하십시오.</val>
		</str>
		<str name="para2" translate="yes">
			<val>2. 인터넷에 연결된 장치를 사용하여 Adobe.com/go/getactivated_kr에 액세스합니다.</val>
		</str>
		<str name="para3" translate="yes">
			<val>3. 사이트에 메시지가 표시되면 1단계에서 받은 코드와 일련 번호를 입력합니다. 응답 코드가 생성됩니다.</val>
		</str>
		<str name="para4" translate="yes">
			<val>4. 오프라인 컴퓨터에 응답 코드를 입력하고 [활성화]를 클릭합니다.</val>
		</str>
		<str name="para5" translate="yes">
			<val>소프트웨어를 온라인으로 활성화하려면 [뒤로]를 클릭하십시오.</val>
		</str>
		<str name="hyperlinkText" translate="yes">
			<val>온라인으로 제품을 더 빠르게 활성화하고 싶습니다.</val>
		</str>
		<str name="back" translate="yes">
			<val>뒤로</val>
		</str>
		<str name="activateLater" translate="yes">
			<val>나중에 활성화</val>
		</str>
		<str name="quit" translate="yes">
			<val>종료</val>
		</str>
		<str name="generateRequestCode" translate="yes">
			<val>요청 코드 생성</val>
		</str>
		<str name="customerSupportLink" translate="yes">
			<val>http://www.adobe.com/go/customer_support_kr</val>
		</str>
	</set>
	
	<set name="offlineActivationCode">
		<str name="title" translate="yes">
			<val>오프라인 활성화</val>
		</str>
		<set name="StepError">
			<str name="invalidResponseCode" translate="yes">
				<val>입력한 응답 코드가 올바르지 않습니다. 다시 입력하십시오.</val>
			</str>
			<str name="requestCodeExpired" translate="yes">
				<val>요청 코드 {0}이(가) 만료되었습니다. 아래 단계를 따라 오프라인 활성화를 완료하십시오.</val>
			</str>
			<str name="verifyError" translate="yes">
				<val>입력한 응답 코드를 확인할 수 없습니다. 다시 시도하십시오.</val>
			</str>
		</set>
		<str name="requestCode" translate="yes">
			<val>요청 코드:</val>
		</str>
		<str name="para1" translate="yes">
			<val>{0} 이내에 www.adobe.com/go/getactivated_kr에서 응답 코드를 받아 아래에 입력해야 합니다.</val>
		</str>
		<str name="responseCode" translate="yes">
			<val>응답 코드:</val>
		</str>
		<str name="hyperlinkText" translate="yes">
			<val>온라인으로 제품을 더 빠르게 활성화하고 싶습니다.</val>
		</str>
		<str name="back" translate="yes">
			<val>뒤로</val>
		</str>
		<str name="activateLater" translate="yes">
			<val>나중에 활성화</val>
		</str>
		<str name="quit" translate="yes">
			<val>종료</val>
		</str>
		<str name="activate" translate="yes">
			<val>활성화</val>
		</str>
		<str name="hour" translate="yes">
			<val>시간</val>
		</str>
		<str name="hours" translate="yes">
			<val>시간</val>
		</str>
		<str name="customerSupportLink" translate="yes">
			<val>http://www.adobe.com/go/customer_support_kr</val>
		</str>
	</set>
	
	<set name="offlineActivationComplete">
		<str name="title" translate="yes">
			<val>오프라인 활성화 완료</val>
		</str>
		<str name="message" translate="yes">
			<val>{0}이(가) 활성화되었고 사용할 준비가 되었습니다.</val>
		</str>
		<str name="close" translate="yes">
			<val>닫기</val>
		</str>
		<str name="launch" translate="yes">
			<val>시작</val>
		</str>
	</set>
	
	<set name="unableToActivate">
		<str name="title" translate="yes">
			<val>활성화 실패</val>
		</str>
		<str name="warning" translate="yes">
			<val>{0}을(를) 활성화할 수 없습니다.</val>
		</str>
		<str name="para1" translate="yes">
			<val>이 제품을 사용하려면 제품 활성화가 필요합니다.</val>
		</str>
		<str name="para2" translate="yes">
			<val>이 제품을 활성화하려면 인터넷에 연결되어 있어야 합니다. 연결 설정을 확인한 다음 [다시 시도]를 선택하십시오.</val>
		</str>
		<str name="tryAgain" translate="yes">
			<val>다시 시도</val>
		</str>
		<str name="close" translate="yes">
			<val>닫기</val>
		</str>
		<str name="noInternet" translate="yes">
			<val>인터넷에 연결하는 데 문제가 있습니까?</val>
		</str>
	</set>
	
	<set name="dspSubscriptionActivated">
		<str name="title" translate="yes">
			<val>구독 활성화됨</val>
		</str>
		<str name="message" translate="yes">
			<val>{0}을(를) 구독해 주셔서 감사합니다.</val>
		</str>
		<str name="close" translate="yes">
			<val>닫기</val>
		</str>
	</set>
	
	<set name="dspOverActivation">
		<str name="title" translate="yes">
			<val>최대 활성화 횟수 초과</val>
		</str>
		<str name="warning" translate="yes">
			<val>{0}을(를) 활성화할 수 없습니다.</val>
		</str>
		<str name="message" translate="yes">
			<val>이 Adobe ID의 제품 구독이 최대값인 두 대의 장치에서 활성화되었습니다. [계속]을 선택하여 다른 장치를 비활성화하고 이 장치에서 구독을 활성화하거나 [이 소프트웨어에 사용권 부여]를 선택하여 다른 Adobe ID로 로그인하십시오.</val>
		</str>
		<str name="activationPolicy" translate="yes">
			<val>{0}활성화 정책{1}</val>
		</str>
		<str name="activationPolicyLink" translate="yes">
			<val>http://www.adobe.com/go/activation_kr</val>
		</str>
		<str name="licenseThisSoftware" translate="yes">
			<val>이 소프트웨어에 사용권 부여</val>
		</str>
		<str name="continue" translate="yes">
			<val>계속</val>
		</str>
	</set>
	
	<set name="dspAdobeIDMismatch">
		<str name="title" translate="yes">
			<val>다시 시도</val>
		</str>
		<str name="warning" translate="yes">
			<val>Adobe ID가 일치하지 않음</val>
		</str>
		<str name="message" translate="yes">
			<val>로그인할 때 사용한 Adobe ID가 이 구독과 연결된 Adobe ID와 일치하지 않습니다. 이 구독과 연결된 Adobe ID로 로그인하십시오.</val>
		</str>
		<str name="back" translate="yes">
			<val>뒤로</val>
		</str>
		<str name="quit" translate="yes">
			<val>종료</val>
		</str>
	</set>
	
	<set name="dspSubscriptionExpired">
		<str name="title" translate="yes">
			<val>구독 갱신</val>
		</str>
		<str name="message" translate="yes">
			<val>{0}구독 관리자{1}로 가서 {2}의 구독을 갱신하고 제품을 계속 사용하십시오. 구독을 방금 갱신한 경우 15분 후 다시 시도하십시오.</val>
		</str>
		<str name="messageCCMTeamPara1" translate="yes">
			<val>구독을 갱신하고 이 제품을 계속 사용하려면 관리자에게 문의하십시오.</val>
		</str>
		<str name="messageCCMTeamPara2" translate="yes">
			<val>구독을 이미 갱신한 경우 15분 후에 다시 시도하십시오.</val>
		</str>
		<str name="signedInMessage" translate="yes">
			<val>현재 로그인한 Adobe ID는 {0}입니다. 다른 Adobe ID를 사용하여 로그인하려면 [이 소프트웨어에 사용권 부여]를 선택하십시오.</val>
		</str>
		<str name="subscriptionManagerLinkForCC" translate="yes">
			<val> http://www.adobe.com/go/cc_manage_act_kr</val>
		</str>
		<str name="subscriptionManagerLinkForNonCC" translate="yes">
			<val>http://www.adobe.com/go/subscriptionedition_kr</val>
		</str>
		<str name="tryAgain" translate="yes">
			<val>다시 시도</val>
		</str>
		<str name="close" translate="yes">
			<val>닫기</val>
		</str>
		<str name="licenseThisSoftware" translate="yes">
			<val>이 소프트웨어에 사용권 부여</val>
		</str>
	</set>
	
	<set name="dspCheckGenericError">
		<str name="title" translate="yes">
			<val>다시 시도</val>
		</str>
		<str name="warning" translate="yes">
			<val>{0}의 구독을 시작할 수 없습니다.</val>
		</str>
		<str name="message" translate="yes">
			<val>잠시 기다린 후 다시 시도해 주십시오.</val>
		</str>
		<str name="tryAgain" translate="yes">
			<val>다시 시도</val>
		</str>
		<str name="quit" translate="yes">
			<val>종료</val>
		</str>
	</set>
	
	<set name="dspSubscriptionVerified">
		<str name="title" translate="yes">
			<val>감사합니다.</val>
		</str>
		<str name="message" translate="yes">
			<val>{0}에 대한 구독이 활성화되었습니다. 제품을 사용하려면 [계속]을 클릭하십시오.</val>
		</str>
		<str name="continue" translate="yes">
			<val>계속</val>
		</str>
	</set>
	
	<set name="dspSubscriptionReactivation">
		<str name="title" translate="yes">
			<val>로그인 필요</val>
		</str>
		<str name="message" translate="yes">
			<val>기록에 따르면 이 구독은 이미 다른 컴퓨터에서 활성화되었습니다. 이 컴퓨터에서 {0}을(를) 활성화하려면 Adobe ID로 로그인하십시오.</val>
		</str>
		<str name="signIn" translate="yes">
			<val>로그인</val>
		</str>
		<str name="quit" translate="yes">
			<val>종료</val>
		</str>
	</set>
	
	<set name="dspReminder">
		<set name="ccInfoReminder">
			<str name="title" translate="yes">
				<val>구독 미리 알림</val>
			</str>
			<str name="message" translate="yes">
				<val>구독이 곧 만료됩니다.</val>
			</str>
			<str name="info" translate="yes">
				<val>기록에 따르면 이 구독 계정에 신용 카드가 연결되어 있지 않습니다. {0}구독 관리자{1}로 가서 신용 카드 정보를 입력하여 {2}의 구독을 갱신하고 제품을 계속 사용하십시오.</val>
			</str>
			<str name="infoCCMTeam" translate="yes">
				<val>이 제품에 계속 액세스하려면 관리자에게 문의하십시오.</val>
			</str>
		</set>
		
		<set name="graceReminder">
			<str name="title" translate="yes">
				<val>구독이 만료됨</val>
			</str>
			<str name="message" translate="yes">
				<val>{0}의 구독 기간이 만료되었습니다.</val>
			</str>
			<str name="info" translate="yes">
				<val>{0}구독 관리자{1}로 가서 {2}의 구독을 갱신하고 제품을 계속 사용하십시오. 구독을 갱신할 수 있도록 짧은 유예 기간이 주어지고, 이 기간이 지나면 이 제품에 더 이상 액세스할 수 없습니다.</val>
			</str>
			<str name="infoCCMTeam" translate="yes">
				<val>구독을 갱신하고 중단 없이 이 제품을 계속 사용하려면 관리자에게 문의하십시오. 짧은 구독 갱신 유예 기간이 끝난 후에는 더 이상 이 제품에 액세스할 수 없게 됩니다.</val>
			</str>
		</set>
		<set name="combinedSubIssueReminder">
			<str name="title" translate="yes">
				<val>멤버 자격을 확인하는 데 문제가 있습니다.</val>
			</str>
			<str name="message" translate="yes">
				<val>오프라인이거나 계정에 대금 청구 문제가 있습니다. 계정을 관리하고 대금 청구 정보를 확인하려면 온라인으로 이동하십시오. 문제나 질문이 있는 경우 {0}고객 지원{1}에 문의하십시오.</val>
			</str>
			<str name="messageCCMTeam1" translate="yes">
				<val>오프라인이거나 팀 계정에 대금 청구 문제가 있습니다. 대금 청구 문제를 해결하려면 관리자에게 문의하십시오.</val>
			</str>
			<str name="messageCCMTeam2" translate="yes">
				<val> 다른 질문이 있는 경우 {0}고객 지원{1}에 문의하십시오.</val>
			</str>
			<str name="offlineError" translate="yes">
				<val>Adobe에서 문제를 해결할 수 있도록 온라인으로 이동하거나 오프라인 상태를 유지하고 나중에 다시 알림을 받으려면 [계속]을 클릭하십시오.</val>
			</str>
		</set>
		
		<str name="subscriptionManagerLinkForCC" translate="yes">
			<val> http://www.adobe.com/go/cc_manage_act_kr</val>
		</str>
		<str name="subscriptionManagerLinkForNonCC" translate="yes">
			<val>http://www.adobe.com/go/subscriptionedition_kr</val>
		</str>
		<str name="offline" translate="yes">
			<val>인터넷에 연결할 수 없습니다. 연결 설정을 확인한 다음 [다시 시도]를 선택하십시오.</val>
		</str>
		<str name="subscriptionPolicy" translate="yes">
			<val>{0}구독 정책{1}</val>
		</str>
		<str name="subscriptionPolicyLink" translate="yes">
			<val>http://www.adobe.com/go/subscription_policy_kr</val>
		</str>
		<str name="customerSupportLink" translate="yes">
			<val>http://www.adobe.com/go/customer_support_kr</val>
		</str>
		<str name="daysRemaining" translate="yes">
			<val>남은 사용 기간</val>
		</str>
		<str name="dayRemaining" translate="yes">
			<val>남은 사용 기간</val>
		</str>
		<str name="continue" translate="yes">
			<val>계속</val>
		</str>
		<str name="tryAgain" translate="yes">
			<val>다시 시도</val>
		</str>
		<str name="retry" translate="yes">
			<val>다시 시도</val>
		</str>
	</set>
	
	<set name="dspSuspended">
		<set name="activationSuspended">
			<str name="title" translate="yes">
				<val>활성화 실패</val>
			</str>
			<str name="warning" translate="yes">
				<val>{0}을(를) 활성화할 수 없습니다.</val>
			</str>
			<str name="message" translate="yes">
				<val>시스템의 날짜가 서버의 날짜와 일치하지 않습니다. 시스템 날짜와 Adobe 서버 날짜({0})의 차이는 3일 이내여야 합니다.</val>
			</str>
			<str name="info" translate="yes">
				<val>컴퓨터의 날짜 설정을 확인하고 다시 시도하십시오. 문제가 계속되면 {0}고객 지원{1}에 문의하십시오.</val>
			</str>
		</set>
		
		<set name="subscriptionSuspended">
			<str name="title" translate="yes">
				<val>구독이 일시 중단됨</val>
			</str>
			<str name="warning" translate="yes">
				<val>{0}의 구독이 일시 중단되었습니다.</val>
			</str>
			<str name="message" translate="yes">
				<val>시스템의 날짜가 서버의 날짜와 일치하지 않습니다. 시스템 날짜와 Adobe 서버 날짜({0})의 차이는 3일 이내여야 합니다.</val>
			</str>
			<str name="info" translate="yes">
				<val>컴퓨터의 날짜 설정을 확인하고 다시 시도하십시오. 문제가 계속되면 {0}고객 지원{1}에 문의하십시오.</val>
			</str>
		</set>
		
		<set name="subscriptionWindback">
			<str name="title" translate="yes">
				<val>구독이 일시 중단됨</val>
			</str>
			<str name="warning" translate="yes">
				<val>{0}의 구독이 일시 중단되었습니다.</val>
			</str>
			<str name="message" translate="yes">
				<val>시스템 날짜와 시간이 잘못 설정되었습니다. 시스템 시계를 현재 시간으로 설정하고 [다시 시도]를 선택하십시오. 문제가 계속되면 {0}고객 지원{1}에 문의하십시오.</val>
			</str>
		</set>
		
		<str name="customerSupportLink" translate="yes">
			<val>http://www.adobe.com/go/customer_support_kr</val>
		</str>
		<str name="activationPolicy" translate="yes">
			<val>{0}활성화 정책 보기{1}</val>
		</str>
		<str name="activationPolicyLink" translate="yes">
			<val>http://www.adobe.com/go/activation_kr</val>
		</str>
		<str name="subscriptionPolicy" translate="yes">
			<val>{0}구독 정책{1}</val>
		</str>
		<str name="subscriptionPolicyLink" translate="yes">
			<val>http://www.adobe.com/go/subscription_policy_kr</val>
		</str>
		<str name="quit" translate="yes">
			<val>종료</val>
		</str>
		<str name="tryAgain" translate="yes">
			<val>다시 시도</val>
		</str>
	</set>
	
	<set name="dateTimeFormats">
		<str name="dateFormat_Long" translate="yes">
			<val>{2}년 {0} {1}일</val>
		</str>
	</set>

	<set name="monthsFull">
		<str name="1" translate="yes">
			<val>1월</val>
		</str>
		<str name="2" translate="yes">
			<val>2월</val>
		</str>
		<str name="3" translate="yes">
			<val>3월</val>
		</str>
		<str name="4" translate="yes">
			<val>4월</val>
		</str>
		<str name="5" translate="yes">
			<val>5월</val>
		</str>
		<str name="6" translate="yes">
			<val>6월</val>
		</str>
		<str name="7" translate="yes">
			<val>7월</val>
		</str>
		<str name="8" translate="yes">
			<val>8월</val>
		</str>
		<str name="9" translate="yes">
			<val>9월</val>
		</str>
		<str name="10" translate="yes">
			<val>10월</val>
		</str>
		<str name="11" translate="yes">
			<val>11월</val>
		</str>
		<str name="12" translate="yes">
			<val>12월</val>
		</str>
	</set>
	
	<set name="dsp_IMSBusyScrim">
		<str name="WaitAMoment" translate="yes">
			<val>잠시 기다려 주십시오...</val>
		</str>
	</set>
	
	<set name="dspSubscriptionRevoked">
		<str name="title" translate="yes">
			<val>구독이 일시 중단됨</val>
		</str>
		<str name="warning" translate="yes">
			<val>{0}의 구독이 일시 중단되었습니다.</val>
		</str>
		<str name="message" translate="yes">
			<val>구독 사용권이 더 이상 유효하지 않거나 해지되었습니다. {0}고객 지원{1}에 문의하십시오.</val>
		</str>
		<str name="subscriptionPolicy" translate="yes">
			<val>{0}구독 정책{1}</val>
		</str>
		<str name="subscriptionPolicyLink" translate="yes">
			<val>http://www.adobe.com/go/subscription_policy_kr</val>
		</str>
		<str name="customerSupportLink" translate="yes">
			<val>http://www.adobe.com/go/customer_support_kr</val>
		</str>
		<str name="quit" translate="yes">
			<val>종료</val>
		</str>
	</set>
	
	<set name="isoToLanguage">
		<str name="ar_AE" translate="no"><val>العربية</val></str>
		<str name="en_GB" translate="no"><val>English (International)</val></str> 
		<str name="en_INT" translate="no"><val>English (International)</val></str> 
		<str name="fr_CA" translate="no"><val>Français canadien</val></str>
		<str name="es_QM" translate="no"><val>Español (Middle East)</val></str>
		<str name="es_LA" translate="no"><val>Español de América Latina</val></str>
		<str name="es_NA" translate="no"><val>Español Norteamericano</val></str>
		<str name="bg_BG" translate="no"><val>Български</val></str>
		<str name="lv_LV" translate="no"><val>Latviešu</val></str>
		<str name="et_EE" translate="no"><val>Eesti</val></str>
		<str name="hr_HR" translate="no"><val>hrvatski</val></str>
		<str name="sl_SI" translate="no"><val>slovenščina</val></str>
		<str name="sk_SK" translate="no"><val>Slovenčina</val></str>
		<str name="th_TH" translate="no"><val>ภาษาไทย</val></str> 
		<str name="vi_VN" translate="no"><val>Việt</val></str>
		<str name="en_XC" translate="no"><val>English (Central Europe)</val></str> 
		<str name="en_XM" translate="no"><val>English (Middle East)</val></str>
		<str name="fr_XM" translate="no"><val>Français Oriental Moyen</val></str>
		<str name="sq_AL" translate="no"><val>Shqip</val></str> 
		<str name="ar_SA" translate="no"><val>العربية</val></str>
		<str name="be_BY" translate="no"><val>Беларуская</val></str> 
		<str name="ca_ES" translate="no"><val>Català</val></str> 
		<str name="hi_IN" translate="no"><val>हिन्दी</val></str>
		<str name="is_IS" translate="no"><val>Íslenska</val></str> 
		<str name="lt_LT" translate="no"><val>Lietuvių</val></str>
		<str name="mk_MK" translate="no"><val>македонски</val></str>
		<str name="nn_NO" translate="no"><val>Norsk (Nynorsk)</val></str>
		<str name="pt_PT" translate="no"><val>Português de Portugal</val></str> 
		<str name="sh_YU" translate="no"><val>Srpsko-Hrvatski</val></str> 
		<str name="sr_YU" translate="no"><val>Cрпски</val></str> 
		<str name="kk_KZ" translate="no"><val>Қазақ</val></str>
		<str name="az_AZ" translate="no"><val>Azərbaycan dili</val></str> 
		<str name="es_MX" translate="no"><val>Español (América Latina)</val></str>
		<str name="no_NO" translate="no"><val>Norwegian</val></str> 
		<str name="cs_CZ" translate="no"><val>Česky</val></str>
		<str name="de_DE" translate="no"><val>Deutsch</val></str>
		<str name="el_GR" translate="no"><val>Ελληνικά</val></str>
		<str name="en_US" translate="no"><val>English (North America)</val></str> 
		<str name="es_ES" translate="no"><val>Español</val></str> 
		<str name="fr_FR" translate="no"><val>Français</val></str>
		<str name="he_IL" translate="no"><val>עברית</val></str> 
		<str name="hu_HU" translate="no"><val>Magyar</val></str> 
		<str name="it_IT" translate="no"><val>Italiano</val></str>
		<str name="ja_JP" translate="no"><val>日本語</val></str>
		<str name="ko_KR" translate="no"><val>한국어</val></str>
		<str name="nl_NL" translate="no"><val>Nederlands</val></str>
		<str name="pl_PL" translate="no"><val>Polski</val></str>
		<str name="ro_RO" translate="no"><val>Română</val></str>
		<str name="ru_RU" translate="no"><val>Pусский</val></str>
		<str name="sv_SE" translate="no"><val>Svenska</val></str>
		<str name="tr_TR" translate="no"><val>Türkçe</val></str>
		<str name="uk_UA" translate="no"><val>Українська</val></str>
		<str name="zh_CN" translate="no"><val>简体中文</val></str>
		<str name="zh_TW" translate="no"><val>繁體中文</val></str>
		<str name="da_DK" translate="no"><val>Dansk</val></str>
		<str name="fi_FI" translate="no"><val>Suomi</val></str>
		<str name="nb_NO" translate="no"><val>Norsk (Bokmål)</val></str> 
		<str name="pt_BR" translate="no"><val>Português do Brasil</val></str>
		<str name="en_AE" translate="no"><val>English يدعم العربية</val></str> 
		<str name="en_IL" translate="no"><val>English תומך עברית</val></str> 
		<str name="fr_MA" translate="no"><val>Français (Maroc)</val></str>
	</set>
		
</asf>
