<?xml version='1.0' encoding='utf-8'?>
<!DOCTYPE asf SYSTEM "http://ns.adobe.com/asf/asf_1_0.dtd" >
<asf xmlns="http://ns.adobe.com/asf" locale="de_DE" version="1.0">
	
	<set name="common">
		<str name="windowTitle" translate="yes">
			<val>Adobe-Produkt</val>
		</str>
		<str name="day" translate="yes">
			<val>Tag</val>
		</str>
		<str name="days" translate="yes">
			<val>Tagen</val>
		</str>
	</set>
	
	<set name="eula">
		<str name="eula" translate="yes">
			<val>Adobe-Software-Lizenzvereinbarung</val>
		</str>
		<str name="productLineMsg" translate="yes">
			<val>Installation und Verwendung von {0}-Produkten, einschließlich dieser Software, unterliegen der Vereinbarung. Vereinbarungen, denen Sie bereits zugestimmt haben, finden Sie unter {1}.</val>
		</str>
		<str name="eulaOnlineLink" translate="yes">
			<val>www.adobe.com/go/myaccount_de</val>
		</str>
		<str name="eulaOnlineLinkGoURL" translate="yes">
			<val>http://www.adobe.com/go/adobemembership_de</val>
		</str>
		<str name="accept" translate="yes">
			<val>Annehmen</val>
		</str>
		<str name="quit" translate="yes">
			<val>Beenden</val>
		</str>		
	</set>

	<set name="register">
		<set name="trial">
			<set name="online">
				<str name="title" translate="yes">
					<val>Anmeldung erforderlich</val>
				</str>
				<str name="titleMenuSignIn" translate="yes">
					<val>Anmelden</val>
				</str>
				<str name="message" translate="yes">
					<val>Melden Sie sich mit Ihrer Adobe-ID an.</val>
				</str>
				<str name="message_device" translate="yes">
					<val>Melden Sie sich mit Ihrer Adobe-ID {0} an.</val>
				</str>
				<str name="notYou" translate="yes">
					<val>(Nicht Ihre Adobe-ID?)</val>
				</str>
				<str name="signInNow" translate="yes">
					<val>Jetzt anmelden</val>
				</str>
				<str name="signIn" translate="yes">
					<val>Anmelden</val>
				</str>
				<str name="termTitle" translate="yes">
					<val>Nutzungsbedingungen für Testsoftware.</val>
				</str>
				<str name="termPara1" translate="yes">
					<val>Unter Umständen werden Sie gebeten, optionale Angaben zu machen, damit wir auf Sie zugeschnittene Inhalte bereitstellen können. Sie können diesen angepassten Inhalt jederzeit in den Datenschutzeinstellungen deaktivieren, die Sie über den Testversionsbildschirm erreichen.</val>
				</str>
				<str name="termPara2" translate="yes">
					<val>Informationen über die erfassten Daten zur Produktverwendung sowie zur Nutzung dieser Daten durch Adobe und zur Vermarktung der Angaben zu Ihren Interessen erhalten Sie, indem Sie {0}hier{1} klicken, sowie in der {2}Online-Datenschutzrichtlinie von Adobe{3}.</val>
				</str>
				<str name="privacyPortalLink" translate="yes">
					<val>http://www.adobe.com/go/adobe_privacy_portal_de</val>
				</str>
				<str name="privacyPolicyLink" translate="yes">
					<val>http://www.adobe.com/go/privacy_de</val>
				</str>
			</set>
		</set>
		
		<set name="subscription">
			<str name="title" translate="yes">
				<val>Anmeldung erforderlich</val>
			</str>
			<str name="titleMenuSignIn" translate="yes">
				<val>Anmelden</val>
			</str>			
			<str name="message" translate="yes">
				<val>Melden Sie sich mit Ihrer Adobe-ID an, um dieses Produkt zu verwenden und auf die Informationen zu Ihrer Mitgliedschaft zuzugreifen.</val>
			</str>
			<str name="userEmail" translate="yes">
				<val>Sie werden angemeldet unter der Adobe-ID: {0}.</val>
			</str>
			<str name="notYou" translate="yes">
				<val>(Nicht Ihre Adobe-ID?)</val>
			</str>
			<str name="signInNow" translate="yes">
				<val>Jetzt anmelden</val>
			</str>
			<str name="signIn" translate="yes">
				<val>Anmelden</val>
			</str>
			<str name="back" translate="yes">
				<val>Zurück</val>
			</str>
			<str name="signInLater" translate="yes">
				<val>Später anmelden</val>
			</str>
		</set>
		
		<set name="signInForValidation">
			<str name="title" translate="yes">
				<val>Anmeldung erforderlich</val>
			</str>	
			<str name="message" translate="yes">
				<val>Zum Aktivieren der Software müssen Sie sich mit einer Adobe-ID anmelden.</val>
			</str>
			<str name="benefit" translate="yes">
				<val>Geben Sie Ihre Adobe-ID ein, um auf Ihre Mitgliedschaft zuzugreifen und Ihr Produkt zu registrieren.</val>
			</str>
			<str name="userEmail" translate="yes">
				<val>Sie werden angemeldet unter der Adobe-ID: {0}.</val>
			</str>
			<str name="notYou" translate="yes">
				<val>(Nicht Ihre Adobe-ID?)</val>
			</str>
			<str name="signInNow" translate="yes">
				<val>Jetzt anmelden</val>
			</str>
			<str name="signIn" translate="yes">
				<val>Anmelden</val>
			</str>
			<str name="signInLater" translate="yes">
				<val>Später anmelden</val>
			</str>	
		</set>
		
		<set name="serial">
			<set name="grace">
				<str name="title" translate="yes">
					<val>Anmeldung erforderlich</val>
				</str>	
				<str name="titleMenuSignIn" translate="yes">
					<val>Anmelden</val>
				</str>		
				<str name="message" translate="yes">
					<val>Sie müssen sich innerhalb von {1} mit einer Adobe-ID anmelden und {0} registrieren. Andernfalls kann das Produkt nicht mehr verwendet werden.</val>
				</str>
				<str name="benefit" translate="yes">
					<val>Geben Sie Ihre Adobe-ID ein, um auf Ihre Mitgliedschaft zuzugreifen und Ihr Produkt zu registrieren.</val>
				</str>
				<str name="userEmail" translate="yes">
					<val>Sie werden angemeldet unter der Adobe-ID: {0}.</val>
				</str>
				<str name="notYou" translate="yes">
					<val>(Nicht Ihre Adobe-ID?)</val>
				</str>
				<str name="signInNow" translate="yes">
					<val>Jetzt anmelden</val>
				</str>
				<str name="signIn" translate="yes">
					<val>Anmelden</val>
				</str>
				<str name="signInLater" translate="yes">
					<val>Später anmelden</val>
				</str>
				<str name="noInternet" translate="yes">
					<val>Gibt es Probleme mit der Internetverbindung?</val>
				</str>
			</set>
			
			<set name="post_grace">
				<str name="title" translate="yes">
					<val>Anmeldung erforderlich</val>
				</str>	
				<str name="titleMenuSignIn" translate="yes">
					<val>Anmelden</val>
				</str>	
				<str name="message" translate="yes">
					<val>Vor der nächsten Verwendung von {0} müssen Sie sich mit Ihrer Adobe-ID anmelden, um diese Software zu registrieren.</val>
				</str>
				<str name="benefit" translate="yes">
					<val>Geben Sie Ihre Adobe-ID ein, um auf Ihre Mitgliedschaft zuzugreifen und Ihr Produkt zu registrieren.</val>
				</str>
				<str name="userEmail" translate="yes">
					<val>Sie werden angemeldet unter der Adobe-ID: {0}.</val>
				</str>
				<str name="notYou" translate="yes">
					<val>(Nicht Ihre Adobe-ID?)</val>
				</str>
				<str name="signInNow" translate="yes">
					<val>Jetzt anmelden</val>
				</str>
				<str name="signIn" translate="yes">
					<val>Anmelden</val>
				</str>
				<str name="signInLater" translate="yes">
					<val>Später anmelden</val>
				</str>
			</set>
		
			<set name="post_bonus">
				<str name="title" translate="yes">
					<val>Anmeldung erforderlich</val>
				</str>	
				<str name="titleMenuSignIn" translate="yes">
					<val>Anmelden</val>
				</str>		
				<str name="message" translate="yes">
					<val>Sie können {0} nur verwenden, wenn Sie sich mit Ihrer Adobe-ID anmelden.</val>
				</str>
				<str name="benefit" translate="yes">
					<val>Geben Sie Ihre Adobe-ID ein, um auf Ihre Mitgliedschaft zuzugreifen und Ihr Produkt zu registrieren.</val>
				</str>
				<str name="userEmail" translate="yes">
					<val>Sie werden angemeldet unter der Adobe-ID: {0}.</val>
				</str>
				<str name="notYou" translate="yes">
					<val>(Nicht Ihre Adobe-ID?)</val>
				</str>
				<str name="signInNow" translate="yes">
					<val>Jetzt anmelden</val>
				</str>
				<str name="signIn" translate="yes">
					<val>Anmelden</val>
				</str>
				<str name="quit" translate="yes">
					<val>Beenden</val>
				</str>
			</set>
		</set>
	
		<set name="exceptionScenarios">
			<set name="retail">
				<str name="title" translate="yes">
					<val>Anmelden</val>
				</str>	
				<str name="message1" translate="yes">
					<val>Melden Sie sich an, um die Software unter Ihrer Adobe-ID zu registrieren.</val>
				</str>
				<str name="message2" translate="yes">
					<val>Über Ihre Adobe-ID können Sie ganz einfach auf Ihre Mitgliedschaft, Ihre Seriennummern sowie auf die Adobe Creative Cloud und die Adobe.com-Community zugreifen.</val>
				</str>		
				<str name="userEmail" translate="yes">
					<val>Sie werden jetzt angemeldet und diese Software wird unter Ihrer Adobe-ID registriert: {0}.</val>
				</str>
				<str name="notYou" translate="yes">
					<val>(Nicht Ihre Adobe-ID?)</val>
				</str>
				<str name="signInNow" translate="yes">
					<val>Jetzt anmelden</val>
				</str>
				<str name="signIn" translate="yes">
					<val>Anmelden</val>
				</str>
			</set>		
			<set name="volume">
				<str name="title" translate="yes">
					<val>Anmelden</val>
				</str>		
				<str name="message" translate="yes">
					<val>Über Ihre Adobe-ID können Sie ganz einfach auf Ihre Mitgliedschaft, Ihre Seriennummern sowie auf die Adobe Creative Cloud und die Adobe.com-Community zugreifen.</val>
				</str>		
				<str name="userEmail" translate="yes">
					<val>Sie werden angemeldet unter der Adobe-ID: {0}.</val>
				</str>
				<str name="notYou" translate="yes">
					<val>(Nicht Ihre Adobe-ID?)</val>
				</str>
				<str name="signInNow" translate="yes">
					<val>Jetzt anmelden</val>
				</str>
				<str name="signIn" translate="yes">
					<val>Anmelden</val>
				</str>
			</set>
		</set>	
	</set>
	
	<set name="trialLaunch">
		<str name="title" translate="yes">
			<val>{0}-Testversion</val>
		</str>
		
		<set name="start">
			<str name="info" translate="yes">
				<val>Sie können dieses Produkt für {0} Tage testen.</val>
			</str>
			<str name="info_day" translate="yes">
				<val>Sie können dieses Produkt für {0} Tag testen.</val>
			</str>
			<str name="additionalInfo" translate="yes">
				<val>Sie können {0} nach Ablauf des Testzeitraums weiter verwenden, indem Sie die Software kaufen.</val>
			</str>
		</set>
		
		<set name="grace">
			<str name="info" translate="yes">
				<val>Ihre Testversion läuft in {0} Tagen ab.</val>
			</str>
			<str name="info_day" translate="yes">
				<val>Ihre Testversion läuft in {0} Tag ab.</val>
			</str>
			<str name="additionalInfo" translate="yes">
				<val>Sie können {0} nach Ablauf des Testzeitraums weiter verwenden, indem Sie die Software kaufen.</val>
			</str>
		</set>
		
		<set name="bonus">
			<str name="info" translate="yes">
				<val>Letztes Starten der Testversion</val>
			</str>
			<str name="additionalInfo" translate="yes">
				<val>Der Testzeitraum ist abgelaufen. Sie können {0} noch ein Mal verwenden.</val>
			</str>
			<str name="bonusInfo" translate="yes">
				<val>Sie können {0} weiter verwenden, indem Sie die Software kaufen.</val>
			</str>
		</set>
		
		<set name="expired">
			<str name="info" translate="yes">
				<val>Der Testzeitraum ist abgelaufen.</val>
			</str>
			<str name="additionalInfo" translate="yes">
				<val>Sie können {0} weiter verwenden, indem Sie die Software kaufen.</val>
			</str>
		</set>
		
		<str name="daysRemaining" translate="yes">
			<val>Tage Restzeit</val>
		</str>
		<str name="dayRemaining" translate="yes">
			<val>Tag Restzeit</val>
		</str>
		<str name="buy" translate="yes">
			<val>Jetzt kaufen</val>
		</str>
		<str name="buyLink" translate="no">
			<val>http://www.adobe.com/go/buy</val>
		</str>
		<str name="join" translate="yes">
			<val>Jetzt kaufen</val>
		</str>
		<str name="joinLink" translate="yes">
			<val>http://www.adobe.com/go/cc_plans_de</val>
		</str>
		<str name="continue" translate="yes">
			<val>Test fortsetzen</val>
		</str>
		<str name="startTrial" translate="yes">
			<val>Test beginnen</val>
		</str>
		<str name="enterSerial" translate="yes">
			<val>Diese Software lizenzieren</val>
		</str>		
	</set>
	
	<set name="deactivate">
		<str name="title" translate="yes">
			<val>Abmelden</val>
		</str>
		<str name="title_Fail" translate="yes">
			<val>Abmelden fehlgeschlagen</val>
		</str>
		<str name="infoSubscription" translate="yes">
			<val>Bei der Deaktivierung der Anwendung werden keine Änderungen an Ihrem Abonnement vorgenommen. Zum Ändern Ihres Abonnements verwenden Sie den {0}Abonnement-Manager{1}.</val>
		</str>
		<str name="infoSubscriptionCCMTeam" translate="yes">
			<val>Bei der Deaktivierung von Anwendungen werden keine Änderungen an Ihrem Abonnement vorgenommen.</val>
		</str>
		<str name="adobeIDMessage" translate="yes">
			<val>Sie sind derzeit unter {0} angemeldet.</val>
		</str>
		<str name="message1" translate="yes">
			<val>Durch Abmelden können Sie Ihre Adobe-Produkte auf einem anderen Computer oder Gerät entsprechend der {0}Software-Lizenzvereinbarung{1} aktivieren. Vergewissern Sie sich, dass eine Internetverbindung besteht, bevor Sie sich abmelden.</val>
		</str>
		<str name="message2" translate="yes">
			<val>Wenn Sie sich abmelden, wird die folgende Software auf diesem Computer deaktiviert, sofern Sie sich nicht wieder anmelden.</val>
		</str>
		<str name="messageSubscription" translate="yes">
			<val>Die Deaktivierung ermöglicht es, Ihre Adobe-Produkte auf einem anderen Computer zu aktivieren, sofern Sie entsprechend der {0}Software-Lizenzvereinbarung{1} vorgehen. Stellen Sie vor der Deaktivierung sicher, dass Sie mit dem Internet verbunden sind.</val>
		</str>
		<str name="deActivationMsgError" translate="yes">
			<val>Wenn das Problem weiterhin auftritt, wenden Sie sich an den {0}Support{1}. {2}</val>
		</str>
		<str name="customerSupportLink" translate="yes">
			<val>http://www.adobe.com/go/customer_support_de</val>
		</str>
		<str name="eula_Link" translate="yes">
			<val>http://www.adobe.com/go/eulas_de</val>
		</str>
		<str name="failure" translate="yes">
			<val>Die Deaktivierung war nicht erfolgreich. Versuchen Sie es erneut.</val>
		</str>
		<str name="deactivate" translate="yes">
			<val>Abmelden</val>
		</str>		
		<str name="cancel" translate="yes">
			<val>Abbrechen</val>
		</str>
		<str name="continue" translate="yes">
			<val>Weiter</val>
		</str>
		
		<str name="offline" translate="yes">
			<val>Stellen Sie eine Verbindung mit dem Internet her und versuchen Sie es erneut.</val>
		</str>		
		<str name="offlineMsg" translate="yes">
			<val>Sie können nicht abgemeldet werden. Stellen Sie sicher, dass Sie mit dem Internet verbunden sind, und versuchen Sie es erneut. Wenn das Problem weiterhin auftritt, wenden Sie sich an den {0}Support{1}.</val>
		</str>	
		<str name="customerSupportLink" translate="yes">
			<val>http://www.adobe.com/go/customer_support_de</val>
		</str>
	</set>
	
	<set name="trialFailed">
		<str name="title" translate="yes">
			<val>Initialisierung der Testversion fehlgeschlagen</val>
		</str>
		<str name="warning" translate="yes">
			<val>Die Lizenzierungsfunktion wird nicht mehr ausgeführt.</val>
		</str>
		<str name="message" translate="yes">
			<val>Bei der Lizenzierung dieses Produkts ist ein Problem aufgetreten. Installieren Sie das Produkt neu und versuchen Sie es erneut. Wenn das Problem nach der Neuinstallation immer noch auftritt, wenden Sie sich an den {0}Support{1}, um weitere Unterstützung zu erhalten.</val>
		</str>
		<str name="customerSupportLink" translate="yes">
			<val>http://www.adobe.com/go/customer_support_de</val>
		</str>
		<str name="close" translate="yes">
			<val>Schließen</val>
		</str>
		<str name="enterSerial" translate="yes">
			<val>Diese Software lizenzieren</val>
		</str>
	</set>
	
	<set name="validateSerial">
		<str name="title" translate="yes">
			<val>Seriennummer überprüfen</val>
		</str>
		
		<set name="grace">
			<str name="message" translate="yes">
				<val>Stellen Sie eine Verbindung mit dem Internet her, um Ihre Seriennummer zu überprüfen.</val>
			</str>
		</set>
		<str name="noInternet" translate="yes">
			<val>Gibt es Probleme mit der Internetverbindung?</val>
		</str>
		<str name="validate" translate="yes">
			<val>Überprüfen</val>
		</str>
		<str name="connectLater" translate="yes">
			<val>Später verbinden</val>
		</str>
		<str name="quit" translate="yes">
			<val>Beenden</val>
		</str>
	</set>
	
	<set name="offlineScrim">
		<str name="title" translate="yes">
			<val>Stellen Sie eine Verbindung mit dem Internet her und versuchen Sie es erneut.</val>
		</str>
		<str name="message" translate="yes">
			<val>Der Computer scheint offline zu sein. Eine Internetverbindung ist erforderlich. Stellen Sie eine Verbindung mit dem Internet her und versuchen Sie es erneut. Wenn das Problem weiterhin auftritt, wenden Sie sich an den {0}Kundendienst{1}.</val>
		</str>
		<str name="offlineActivationMsg" translate="yes">
			<val>Wenn von diesem Computer kein Zugriff auf das Internet möglich ist, verwenden Sie ein internetfähiges Gerät, um unter {0} weitere Informationen abzurufen.</val>
		</str>
		<str name="offlineActivationLink" translate="yes">
			<val>http://www.adobe.com/go/getactivated_de</val>
		</str>
		<str name="customerSupportLink" translate="yes">
			<val>http://www.adobe.com/go/customer_support_de</val>
		</str>
		<str name="retry" translate="yes">
			<val>Wiederholen</val>
		</str>
		<str name="connectLater" translate="yes">
			<val>Später verbinden</val>
		</str>
		<str name="cancel" translate="yes">
			<val>Abbrechen</val>
		</str>
	</set>
	
	<set name="dspEntitlementOfflineScrim">
		<str name="title" translate="yes">
			<val>Internetverbindung erforderlich für Abonnements</val>
		</str>
		<str name="message" translate="yes">
			<val>Zum Beginnen eines Abonnements ist eine Internetverbindung erforderlich. Wenn Sie über ein Abonnement verfügen, stellen Sie eine Verbindung mit dem Internet her und klicken Sie auf „Wiederholen“.</val>
		</str>
		<str name="serialInfo" translate="yes">
			<val>Wenn Sie über eine Seriennummer verfügen, klicken Sie zum Fortfahren auf „Seriennummer eingeben“.</val>
		</str>
		<str name="retry" translate="yes">
			<val>Wiederholen</val>
		</str>
		<str name="enterSerialNumber" translate="yes">
			<val>Seriennummer eingeben</val>
		</str>
		<str name="cancel" translate="yes">
			<val>Zurück</val>
		</str>
	</set>
	
	<set name="screenLoading">
		<str name="loading" translate="yes">
			<val>Laden...</val>
		</str>
		<str name="validatingSerial" translate="yes">
			<val>Die Seriennummer wird überprüft. Dies kann einige Sekunden dauern...</val>
		</str>
		<str name="checkCall" translate="yes">
			<val>Lizenzstatus wird online überprüft. Dies kann einige Sekunden dauern...</val>
		</str>
		<str name="autoprovisionTrial" translate="yes">
			<val>Softwarelizenz wird überprüft...</val>
		</str>
		<str name="activation" translate="yes">
			<val>Überprüfung der Softwarelizenz. Dies kann einige Sekunden dauern ...</val>
		</str>
		<str name="dbaLicenseCheck" translate="yes">
			<val>Lizenz wird überprüft. Dies kann einige Sekunden dauern ...</val>
		</str>
	</set>
	
	<set name="overActivation">
		<str name="title" translate="yes">
			<val>Seriennummer</val>
		</str>
		<str name="stepMessage" translate="yes">
			<val>Die Seriennummer {0} wird bereits von der maximal zulässigen Anzahl von Computern verwendet. Sie müssen innerhalb von {1} Tagen einen anderen Computer deaktivieren, um dieses Produkt verwenden zu können.</val>
		</str>
		<str name="stepMessageOneDay" translate="yes">
			<val>Die Seriennummer {0} wird bereits von der maximal zulässigen Anzahl von Computern verwendet. Sie müssen innerhalb von 1 Tag einen anderen Computer deaktivieren, um dieses Produkt verwenden zu können.</val>
		</str>
		<str name="stepMessageBonusLaunch" translate="yes">
			<val>Die Seriennummer {0} wird bereits von der maximalen zulässigen Anzahl von Computern verwendet. Sie müssen einen anderen Computer deaktivieren oder eine weitere gültige Seriennummer angeben, um {1} wieder auf diesem Computer verwenden zu können.</val>
		</str>
		<str name="radioButton1" translate="yes">
			<val>Aktivierung wiederholen. Ich habe bereits einen meiner anderen Computer deaktiviert.</val>
		</str>
		<str name="radioButton2" translate="yes">
			<val>Ich möchte eine andere Seriennummer angeben.</val>
		</str>
		<str name="continue" translate="yes">
			<val>Weiter</val>
		</str>
	</set>
	<set name="overActivationPOSA">
		<str name="title" translate="yes">
			<val>Maximale Aktivierungszahl überschritten</val>
		</str>
		<str name="warning" translate="yes">
			<val>Die Software kann auf diesem Computer oder Gerät nicht aktiviert werden.</val>
		</str>
		<str name="info" translate="yes">
			<val>Diese Adobe-ID {0} wurde bereits verwendet, um sich anzumelden und die Software auf zwei anderen Computern oder Geräten zu aktivieren.</val>
		</str>
		<str name="message" translate="yes">
			<val>Versuchen Sie es erneut, nachdem Sie einen Ihrer anderen Computer oder eines Ihrer anderen Geräte innerhalb von {0} Tagen deaktiviert haben. </val>
		</str>
		<str name="messageOneDay" translate="yes">
			<val>Versuchen Sie es erneut, nachdem Sie einen Ihrer anderen Computer oder eines Ihrer anderen Geräte innerhalb von 1 Tag deaktiviert haben. </val>
		</str>
		<str name="messageBonusLaunch" translate="yes">
			<val>Sie müssen es erneut versuchen, nachdem Sie jetzt einen Ihrer anderen Computer oder eines Ihrer anderen Geräte deaktivieren. </val>
		</str>
		<str name="messageExpired" translate="yes">
			<val>Sie müssen es erneut versuchen, nachdem Sie jetzt einen Ihrer anderen Computer oder eines Ihrer anderen Geräte deaktivieren.</val>
		</str>
		<str name="HaveAnotherAdobeID" translate="yes">
			<val>Haben Sie eine andere Adobe-ID?</val>
		</str>
		<str name="supportMessage" translate="yes">
			<val>Wenn das Problem weiterhin auftritt, wenden Sie sich an den {0}Support{1}. </val>
		</str>
		<str name="customerSupportLink" translate="yes">
			<val>http://www.adobe.com/go/customer_support_de</val>
		</str>
		<str name="retry" translate="yes">
			<val>Wiederholen</val>
		</str>
		<str name="cancel" translate="yes">
			<val>Abbrechen</val>
		</str>
		<str name="quit" translate="yes">
			<val>Beenden</val>
		</str>
	</set>
	
	<set name="activationFailure">
		<str name="title" translate="yes">
			<val>Aktivierung fehlgeschlagen</val>
		</str>
		<str name="activationStepError" translate="yes">
			<val>{0} kann nicht aktiviert werden.</val>
		</str>
		<str name="activationMsgError" translate="yes">
			<val>Überprüfen Sie die Internetverbindungseinstellungen und versuchen Sie es erneut. Wenn das Problem weiterhin auftritt, wenden Sie sich an den {0}Support{1}. {2}</val>
		</str>
		<str name="customerSupportLink" translate="yes">
			<val>http://www.adobe.com/go/customer_support_de</val>
		</str>
		<str name="close" translate="yes">
			<val>Schließen</val>
		</str>
		<str name="retry" translate="yes">
			<val>Wiederholen</val>
		</str>
	</set>
	<set name="activationRequired">
		<str name="title" translate="yes">
			<val>Aktivierung erforderlich</val>
		</str>
		<str name="activationMsgOneDay" translate="yes">
			<val>Stellen Sie eine Verbindung mit dem Internet her. Die Aktivierung von {0} muss innerhalb von 1 Tag erfolgen. Andernfalls kann das Produkt nicht mehr verwendet werden.</val>
		</str>
		<str name="activationMsg" translate="yes">
			<val>Stellen Sie eine Verbindung mit dem Internet her. Die Aktivierung von {0} muss innerhalb von {1} Tagen erfolgen. Andernfalls kann das Produkt nicht mehr verwendet werden.</val>
		</str>
		<str name="activationMsgBonus" translate="yes">
			<val>Stellen Sie eine Verbindung mit dem Internet her. Sie müssen {0} heute noch aktivieren. Andernfalls kann das Produkt nicht mehr verwendet werden.</val>
		</str>
		<str name="activateLater" translate="yes">
			<val>Später aktivieren</val>
		</str>
		<str name="retry" translate="yes">
			<val>Jetzt aktivieren</val>
		</str>
	</set>
	<set name="licenseMismatch">
			<str name="title" translate="yes">
				<val>Lizenzfehler</val>
			</str>
			<str name="warning" translate="yes">
				<val>Die auf diesem Computer installierte Software verfügt über zusätzliche Funktionen, zu deren Verwendung die vorhandene Lizenz nicht berechtigt.</val>
			</str>
			<str name="message" translate="yes">
				<val>Bevor Sie diese Software verwenden können, müssen Sie die folgenden Schritte ausführen, um eine unbefristete Version des Produkts herunterzuladen und zu installieren:</val>
			</str>
			<str name="point1" translate="yes">
				<val>1. Deinstallieren Sie das vorhandene Abonnementprodukt.</val>
			</str>
			<str name="point2" translate="yes">
				<val>2. Laden Sie {0} von {1}www.adobe.com{2} herunter.</val>
			</str>
			<str name="point3" translate="yes">
				<val>3. Installieren Sie die von adobe.com heruntergeladene {0}-Software.</val>
			</str>
			<str name="ok" translate="yes">
				<val>OK</val>
			</str>
			<str name="adobeLnk" translate="yes">
				<val>http://www.adobe.com/go/downloads_de</val>
			</str>
		</set>
	
	<set name="confirmationDialog">
		<str name="title" translate="yes">
			<val>Beenden</val>
		</str>
		<str name="message" translate="yes">
			<val>Möchten Sie die Anwendung wirklich beenden?</val>
		</str>
		<str name="primaryButtonLabel" translate="yes">
			<val>Ja</val>
		</str>
		<str name="secondaryButtonLabel" translate="yes">
			<val>Nein</val>
		</str>
	</set>
	
	<set name="inAppTrials">
		<str name="loading" translate="yes">
			<val>Laden...</val>
		</str>
		<str name="title" translate="yes">
			<val>{0}-Testversion</val>
		</str>
		<str name="continue" translate="yes">
			<val>Test fortsetzen</val>
		</str>
		<str name="startTrial" translate="yes">
			<val>Test beginnen</val>
		</str>
		<str name="enterSerial" translate="yes">
			<val>Diese Software lizenzieren</val>
		</str>
		<str name="privacySettings" translate="yes">
			<val>Datenschutzeinstellungen</val>
		</str>
		<str name="tutorialsList" translate="yes">
			<val>{0} von {1}</val>
		</str>
		<str name="videoLoadingError" translate="yes">
			<val>Fehler beim Laden des Videos.</val>
		</str>
		<str name="tryAgain" translate="yes">
			<val>Versuchen Sie es erneut</val>
		</str>
		<str name="exitFullScreen" translate="yes">
			<val>Drücken Sie die Esc-Taste, um den Vollbildmodus zu beenden.</val>
		</str>
		<str name="okay" translate="yes">
			<val>OK</val>
		</str>
		<str name="cancel" translate="yes">
			<val>Abbrechen</val>
		</str>
		<str name="privacyText" translate="yes">
			<val>Unter Umständen werden Sie gebeten, optionale Angaben zu machen, z. B. zu Ihren Kenntnissen im Umgang mit Software, damit wir auf Sie zugeschnittene Inhalte bereitstellen können.</val>
		</str>
		<str name="privacyPolicyText" translate="yes">
			<val>Informationen über die erfassten Daten zur Produktverwendung sowie zur Nutzung dieser Daten durch Adobe und zur Vermarktung der Angaben zu Ihren Interessen erhalten Sie, indem Sie {0}hier klicken{1}, sowie in der {2}Online-Datenschutzrichtlinie von Adobe{3}.</val>
		</str>
		<str name="optInText" translate="yes">
			<val>Anzeige des angepassten Inhalts in der Testversion deaktivieren. Beim nächsten Start der Testversion wird kein angepasster Inhalt mehr angezeigt.</val>
		</str>
		<str name="privacyPortalLink" translate="yes">
			<val>http://www.adobe.com/go/adobe_privacy_portal_de</val>
		</str>
		<str name="privacyPolicyLink" translate="yes">
			<val>http://www.adobe.com/go/privacy_de</val>
		</str>		
		
	</set>
	
	<set name="noInternetConnection">
		<str name="title" translate="yes">
			<val>Keine Internetverbindung</val>
		</str>
		<str name="para1" translate="yes">
			<val>Auf diesem Computer konnte keine Internetverbindung festgestellt werden.</val>
		</str>
		<str name="para2" translate="yes">
			<val>Aktivierung und Registrierung sind erforderlich und müssen innerhalb von {0} Tagen durchgeführt werden. Wenn Sie auf diesem Computer eine Onlineverbindung herstellen können, dauert dieser Vorgang nur einige Minuten.</val>
		</str>
		<str name="para2_day" translate="yes">
			<val>Aktivierung und Registrierung sind erforderlich und müssen innerhalb von 1 Tag durchgeführt werden. Wenn Sie auf diesem Computer eine Onlineverbindung herstellen können, dauert dieser Vorgang nur einige Minuten.</val>
		</str>
		<str name="para2_end" translate="yes">
			<val>Aktivierung und Registrierung sind erforderlich und müssen durchgeführt werden. Wenn Sie auf diesem Computer eine Onlineverbindung herstellen können, dauert dieser Vorgang nur einige Minuten.</val>
		</str>
		<str name="para2_optional" translate="yes">
			<val>Eine Aktivierung ist erforderlich und muss innerhalb von {0} Tagen durchgeführt werden. Wenn Sie auf diesem Computer eine Onlineverbindung herstellen können, dauert dieser Vorgang nur einige Minuten.</val>
		</str>
		<str name="para2_day_optional" translate="yes">
			<val>Eine Aktivierung ist erforderlich und muss innerhalb von 1 Tag durchgeführt werden. Wenn Sie auf diesem Computer eine Onlineverbindung herstellen können, dauert dieser Vorgang nur einige Minuten.</val>
		</str>
		<str name="para2_end_optional" translate="yes">
			<val>Eine Aktivierung ist erforderlich und muss durchgeführt werden. Wenn Sie auf diesem Computer eine Onlineverbindung herstellen können, dauert dieser Vorgang nur einige Minuten.</val>
		</str>
		<str name="para3" translate="yes">
			<val>Wenn auf diesem Computer keine Internetverbindung möglich ist, klicken Sie auf „Offlineaktivierung“. Für die Offlineaktivierung benötigen Sie ein Gerät mit Internetzugang und die Seriennummer Ihres Produkts.</val>
		</str>
		<str name="para3_optional" translate="yes">
			<val>Wenn auf diesem Computer keine Internetverbindung möglich ist, klicken Sie auf „Offlineaktivierung“. Für die Offlineaktivierung benötigen Sie ein internetfähiges Gerät und die Seriennummer Ihres Produkts.</val>
		</str>
		<str name="hyperlinkText" translate="yes">
			<val>Der Computer ist mit dem Internet verbunden. Ich kann die Ursache des Problems nicht ermitteln.</val>
		</str>
		<str name="hyperlinkTooltipText" translate="yes">
			<val>Wenden Sie sich an Ihren Administrator oder den Adobe-Support.</val>
		</str>
		<str name="offlineActivate" translate="yes">
			<val>Offlineaktivierung</val>
		</str>
		<str name="back" translate="yes">
			<val>Zurück</val>
		</str>
	</set>
	
	<set name="offlineActivation">
		<str name="title" translate="yes">
			<val>Offlineaktivierung</val>
		</str>
		<set name="StepError">
			<str name="requestCodeExpired" translate="yes">
				<val>Der Anforderungscode {0} ist abgelaufen. Führen Sie die folgenden Schritte aus, um die Offlineaktivierung abzuschließen.</val>
			</str>
			<str name="requestCodeGenError" translate="yes">
				<val>Es kann kein Anforderungscode generiert werden. Versuchen Sie es erneut.</val>
			</str>
		</set>
		<str name="para1" translate="yes">
			<val>1. Klicken Sie unten auf „Anforderungscode generieren“. Dieser Code ist computerspezifisch und 72 Stunden gültig. Wenn Sie den Vorgang nicht innerhalb von 72 Stunden abschließen können, fordern Sie einfach einen neuen Code an.</val>
		</str>
		<str name="para2" translate="yes">
			<val>2. Rufen Sie auf Ihrem Gerät mit Internetverbindung Adobe.com/go/getactivated_de auf.</val>
		</str>
		<str name="para3" translate="yes">
			<val>3. Wenn Sie dazu aufgefordert werden, geben Sie auf der Website den Code aus Schritt 1 und die Seriennummer ein. Daraufhin wird der Antwortcode generiert.</val>
		</str>
		<str name="para4" translate="yes">
			<val>4. Geben Sie den Antwortcode auf dem Offlinecomputer ein und klicken Sie auf „Aktivieren“.</val>
		</str>
		<str name="para5" translate="yes">
			<val>Klicken Sie auf „Zurück“, um die Software online zu aktivieren.</val>
		</str>
		<str name="hyperlinkText" translate="yes">
			<val>Ich möchte den Aktivierungsvorgang online durchführen.</val>
		</str>
		<str name="back" translate="yes">
			<val>Zurück</val>
		</str>
		<str name="activateLater" translate="yes">
			<val>Später aktivieren</val>
		</str>
		<str name="quit" translate="yes">
			<val>Beenden</val>
		</str>
		<str name="generateRequestCode" translate="yes">
			<val>Anforderungscode generieren</val>
		</str>
		<str name="customerSupportLink" translate="yes">
			<val>http://www.adobe.com/go/customer_support_de</val>
		</str>
	</set>
	
	<set name="offlineActivationCode">
		<str name="title" translate="yes">
			<val>Offlineaktivierung</val>
		</str>
		<set name="StepError">
			<str name="invalidResponseCode" translate="yes">
				<val>Der eingegebene Antwortcode ist ungültig. Geben Sie ihn erneut ein.</val>
			</str>
			<str name="requestCodeExpired" translate="yes">
				<val>Der Anforderungscode {0} ist abgelaufen. Führen Sie die folgenden Schritte aus, um die Offlineaktivierung abzuschließen.</val>
			</str>
			<str name="verifyError" translate="yes">
				<val>Der eingegebene Anforderungscode kann nicht überprüft werden. Versuchen Sie es erneut.</val>
			</str>
		</set>
		<str name="requestCode" translate="yes">
			<val>Anforderungscode:</val>
		</str>
		<str name="para1" translate="yes">
			<val>Sie haben {0} Zeit, um einen Antwortcode auf www.adobe.com/go/getactivated_de abzurufen und unten einzugeben.</val>
		</str>
		<str name="responseCode" translate="yes">
			<val>Antwortcode:</val>
		</str>
		<str name="hyperlinkText" translate="yes">
			<val>Ich möchte den Aktivierungsvorgang online durchführen.</val>
		</str>
		<str name="back" translate="yes">
			<val>Zurück</val>
		</str>
		<str name="activateLater" translate="yes">
			<val>Später aktivieren</val>
		</str>
		<str name="quit" translate="yes">
			<val>Beenden</val>
		</str>
		<str name="activate" translate="yes">
			<val>Aktivieren</val>
		</str>
		<str name="hour" translate="yes">
			<val>Stunde</val>
		</str>
		<str name="hours" translate="yes">
			<val>Stunden</val>
		</str>
		<str name="customerSupportLink" translate="yes">
			<val>http://www.adobe.com/go/customer_support_de</val>
		</str>
	</set>
	
	<set name="offlineActivationComplete">
		<str name="title" translate="yes">
			<val>Offlineaktivierung abgeschlossen</val>
		</str>
		<str name="message" translate="yes">
			<val>{0} wurde erfolgreich aktiviert und kann jetzt verwendet werden.</val>
		</str>
		<str name="close" translate="yes">
			<val>Schließen</val>
		</str>
		<str name="launch" translate="yes">
			<val>Starten</val>
		</str>
	</set>
	
	<set name="unableToActivate">
		<str name="title" translate="yes">
			<val>Aktivierung fehlgeschlagen</val>
		</str>
		<str name="warning" translate="yes">
			<val>{0} kann nicht aktiviert werden.</val>
		</str>
		<str name="para1" translate="yes">
			<val>Produkt muss zur Verwendung aktiviert werden.</val>
		</str>
		<str name="para2" translate="yes">
			<val>Zum Aktivieren des Produkts benötigen Sie eine funktionierende Internetverbindung. Prüfen Sie die Verbindungseinstellungen und wählen Sie „Wiederholen“.</val>
		</str>
		<str name="tryAgain" translate="yes">
			<val>Wiederholen</val>
		</str>
		<str name="close" translate="yes">
			<val>Schließen</val>
		</str>
		<str name="noInternet" translate="yes">
			<val>Gibt es Probleme mit der Internetverbindung?</val>
		</str>
	</set>
	
	<set name="dspSubscriptionActivated">
		<str name="title" translate="yes">
			<val>Vielen Dank</val>
		</str>
		<str name="message" translate="yes">
			<val>{0} wird jetzt für {1} lizenziert. Klicken Sie auf „Weiter“, um die Software zu nutzen.</val>
		</str>
		<str name="continue" translate="yes">
			<val>Weiter</val>
		</str>
	</set>
	<set name="dspSubscriptionActivatedForTrial">
		<str name="title" translate="yes">
			<val>Vielen Dank</val>
		</str>
		<str name="message" translate="yes">
			<val>Herzlichen Glückwunsch zum Kauf von {0} mit Ihrer Adobe-ID {1}. Klicken Sie auf „Weiter“, um die lizenzierte Version der Software zu verwenden.</val>
		</str>
		<str name="continue" translate="yes">
			<val>Weiter</val>
		</str>
	</set>
	
	<set name="dspOverActivation">
		<str name="title" translate="yes">
			<val>Maximale Aktivierungszahl überschritten</val>
		</str>
		<str name="warning" translate="yes">
			<val>{0} kann nicht aktiviert werden.</val>
		</str>
		<str name="message" translate="yes">
			<val>Unter dieser Adobe-ID ist ein Abonnement für dieses Produkt bereits auf den maximal zulässigen 2 Geräten aktiv. Wählen Sie „Weiter“, um die anderen Geräte zu deaktivieren und das Abonnement auf diesem zu aktivieren, oder wählen Sie „Diese Software lizenzieren“, um sich mit einer anderen Adobe-ID anzumelden.</val>
		</str>
		<str name="activationPolicy" translate="yes">
			<val>{0}Aktivierungsrichtlinie{1}</val>
		</str>
		<str name="activationPolicyLink" translate="yes">
			<val>http://www.adobe.com/go/activation_de</val>
		</str>
		<str name="licenseThisSoftware" translate="yes">
			<val>Diese Software lizenzieren</val>
		</str>
		<str name="continue" translate="yes">
			<val>Weiter</val>
		</str>
	</set>
	<set name="dspSignInFailedOA">
		<str name="title" translate="yes">
			<val>Anmeldung fehlgeschlagen</val>
		</str>
		<str name="warning" translate="yes">
			<val>Anmeldung ist auf diesem Computer oder Gerät nicht möglich.</val>
		</str>
		<str name="message" translate="yes">
			<val>Diese Adobe-ID {0} wurde bereits verwendet, um die Software auf zwei anderen Computern oder Geräten zu aktivieren.</val>
		</str>
		<str name="radioButton1" translate="yes">
			<val>Wiederholen. Ich habe mich bereits bei einem der Geräte abgemeldet.</val>
		</str>
		<str name="radioButton2" translate="yes">
			<val>Bei allen anderen Computern oder Geräten abmelden</val>
		</str>
		<str name="differentAdobeIDLink" translate="yes">
			<val>Haben Sie eine andere Adobe-ID?</val>
		</str>
		<str name="continue" translate="yes">
			<val>Weiter</val>
		</str>
	</set>
	<set name="subscriptionNotFound">
		<str name="title" translate="yes">
			<val>Kein Abonnement gefunden</val>
		</str>
		<str name="message" translate="yes">
			<val>Zu dieser Adobe-ID konnte kein {0}-Abonnement gefunden werden. Sie können ein {1}neues Abonnement{2} kaufen. Wenn Sie ein Abonnement haben, aber nicht darauf zugreifen können, wenden Sie sich an den {3}Support{4}.</val>
		</str>
		<str name="messageTrial" translate="yes">
			<val>Sie können dieses Produkt auch als Testversion starten.</val>
		</str>
		<str name="messageTrialContinue" translate="yes">
			<val>Sie können dieses Produkt auch weiterhin als Testversion ausführen.</val>
		</str>
		<str name="differentAdobeIDLink" translate="yes">
			<val>Haben Sie eine andere Adobe-ID?</val>
		</str>
		<str name="quit" translate="yes">
			<val>Beenden</val>
		</str>
		<str name="startTrial" translate="yes">
			<val>Test beginnen</val>
		</str>
		<str name="continueTrial" translate="yes">
			<val>Test fortsetzen</val>
		</str>
		<str name="NewSubscriptionLinkForCC" translate="yes">
        	<val>http://www.adobe.com/go/cc_plans_de</val>
        </str>
        <str name="NewSubscriptionLinkForNonCC" translate="yes">
        	<val>http://www.adobe.com/go/products_de</val>
        </str>
		<str name="customerSupportLink" translate="yes">
			<val>http://www.adobe.com/go/customer_support_de</val>
		</str>
	</set>
	
	<set name="dspAdobeIDMismatch">
		<str name="title" translate="yes">
			<val>Erneut versuchen</val>
		</str>
		<str name="titleReactivationWF" translate="yes">
			<val>Anmeldung fehlgeschlagen</val>
		</str>
		<str name="warning" translate="yes">
			<val>Adobe-ID stimmt nicht überein</val>
		</str>
		<str name="warningReactivationWF" translate="yes">
			<val>Das Abonnement auf diesem Computer oder Gerät kann nicht aktiviert werden.</val>
		</str>
		<str name="message" translate="yes">
			<val>Die Adobe-ID, mit der Sie sich angemeldet haben, stimmt nicht mit der diesem Abonnement zugeordneten Adobe-ID überein. Melden Sie sich mit der Adobe-ID an, die diesem Abonnement zugeordnet ist.</val>
		</str>
		<str name="message1ReactivationWF" translate="yes">
			<val>Die Adobe-ID, mit der Sie sich angemeldet haben, stimmt nicht mit der Adobe-ID überein, die der aktuellen Abonnementlizenz auf diesem Computer oder Gerät zugeordnet ist.</val>
		</str>
		<str name="message2ReactivationWF" translate="yes">
			<val>Klicken Sie auf „Zurück“ und melden Sie sich mit der Adobe-ID an, die diesem Abonnement zugeordnet ist. Sie können auch auf „Später anmelden“ klicken und sich beim nächsten Start der Software mit einer anderen Adobe-ID anmelden.</val>
		</str>
		<str name="back" translate="yes">
			<val>Zurück</val>
		</str>
		<str name="quit" translate="yes">
			<val>Beenden</val>
		</str>
		<str name="signInLater" translate="yes">
			<val>Später anmelden</val>
		</str>
	</set>
	
	<set name="dspSubscriptionExpired">
		<str name="title" translate="yes">
			<val>Abonnement verlängern</val>
		</str>
		<str name="message" translate="yes">
			<val>Rufen Sie den {0}Abonnement-Manager{1} auf, um Ihr Abonnement für {2} zu verlängern und das Produkt ohne Unterbrechung weiterhin verwenden zu können. Wenn Sie Ihr Abonnement gerade erst verlängert haben, warten Sie 15 Minuten und versuchen Sie es erneut.</val>
		</str>
		<str name="messageCCMTeamPara1" translate="yes">
			<val>Wenden Sie sich an den Administrator, um das Abonnement zu verlängern und das Produkt weiterhin verwenden zu können.</val>
		</str>
		<str name="messageCCMTeamPara2" translate="yes">
			<val>Wenn das Abonnement bereits verlängert wurde, warten Sie 15 Minuten und versuchen Sie es erneut.</val>
		</str>
		<str name="signedInMessage" translate="yes">
			<val>Sie sind angemeldet unter der Adobe-ID: {0}.</val>
		</str>
		<str name="subscriptionManagerLinkForCC" translate="yes">
			<val> http://www.adobe.com/go/cc_manage_act_de</val>
		</str>
		<str name="subscriptionManagerLinkForNonCC" translate="yes">
			<val>http://www.adobe.com/go/subscriptionedition_de</val>
		</str>
		<str name="tryAgain" translate="yes">
			<val>Erneut versuchen</val>
		</str>
		<str name="close" translate="yes">
			<val>Schließen</val>
		</str>
		<str name="differentAdobeIDLink" translate="yes">
			<val>Haben Sie eine andere Adobe-ID?</val>
		</str>
		<str name="OfflineMessage" translate="yes">
			<val>Leider ist momentan keine Verbindung mit Adobe Server möglich. Bitte klicken Sie {0}hier{1}, um mögliche Verbindungsprobleme zu beheben. Wenn das Problem weiterhin auftritt, wenden Sie sich an den {2}Support{3}.</val>
		</str>
	</set>
	
	<set name="dspCheckGenericError">
		<str name="title" translate="yes">
			<val>Erneut versuchen</val>
		</str>
		<str name="warning" translate="yes">
			<val>Aktivierung Ihres Abonnements für {0} ist nicht möglich.</val>
		</str>
		<str name="message" translate="yes">
			<val>Warten Sie einige Augenblicke und wiederholen Sie den Vorgang dann.</val>
		</str>
		<str name="tryAgain" translate="yes">
			<val>Erneut versuchen</val>
		</str>
		<str name="quit" translate="yes">
			<val>Beenden</val>
		</str>
	</set>
	
	<set name="dspSubscriptionVerified">
		<str name="title" translate="yes">
			<val>Vielen Dank</val>
		</str>
		<str name="message" translate="yes">
			<val>Ihr Abonnement für {0} ist jetzt aktiv. Klicken Sie auf „Weiter“, um das Produkt zu verwenden.</val>
		</str>
		<str name="continue" translate="yes">
			<val>Weiter</val>
		</str>
	</set>
	
	<set name="dspSubscriptionReactivation">
		<str name="title" translate="yes">
			<val>Anmeldung erforderlich</val>
		</str>
		<str name="message" translate="yes">
			<val>Sie haben sich auf diesem Computer oder Gerät abgemeldet. Klicken Sie auf „Jetzt anmelden“, um Ihre Lizenz auf diesem Gerät zu aktivieren, oder klicken Sie auf „Weiter“, um sich beim nächsten Start anzumelden.</val>
		</str>
		<str name="signInNow" translate="yes">
			<val>Jetzt anmelden</val>
		</str>
		<str name="continue" translate="yes">
			<val>Weiter</val>
		</str>
	</set>
	
	<set name="dspReminder">
		<set name="ccInfoReminder">
			<str name="title" translate="yes">
				<val>Abonnementerinnerung</val>
			</str>
			<str name="message" translate="yes">
				<val>Ihr Abonnement läuft bald ab.</val>
			</str>
			<str name="info" translate="yes">
				<val>Laut unseren Aufzeichnungen wurde diesem Abonnementkonto keine Zahlungsweise zugewiesen. Rufen Sie den {0}Abonnement-Manager{1} auf und geben Sie die erforderlichen Zahlungsinformationen an, um Ihr Abonnement für {2} zu verlängern und das Produkt ohne Unterbrechung weiterhin verwenden zu können.</val>
			</str>
			<str name="infoCCMTeam" translate="yes">
				<val>Wenden Sie sich an den Administrator, um sicherzustellen, dass Sie weiterhin auf dieses Produkt zugreifen können.</val>
			</str>
		</set>
		
		<set name="graceReminder">
			<str name="title" translate="yes">
				<val>Abonnement abgelaufen</val>
			</str>
			<str name="message" translate="yes">
				<val>Ihr Abonnement für {0} ist abgelaufen.</val>
			</str>
			<str name="info" translate="yes">
				<val>Rufen Sie den {0}Abonnement-Manager{1} auf, um Ihr Abonnement für {2} zu verlängern und das Produkt ohne Unterbrechung weiterhin verwenden zu können. Sie erhalten eine kurze Kulanzfrist für die Verlängerung Ihres Abonnements. Nach Ablauf dieser Frist ist der Zugriff auf dieses Produkt nicht mehr möglich.</val>
			</str>
			<str name="infoCCMTeam" translate="yes">
				<val>Wenden Sie sich an den Administrator, um das Abonnement zu verlängern und das Produkt weiterhin ohne Unterbrechungen verwenden zu können. Sie erhalten eine kurze Kulanzfrist für die Verlängerung Ihres Abonnements. Nach Ablauf dieser Frist ist der Zugriff auf dieses Produkt nicht mehr möglich.</val>
			</str>
		</set>
		<set name="monthlyGraceReminderOffline">
			<str name="title" translate="yes">
				<val>Leider ist momentan keine Verbindung mit Adobe Server möglich</val>
			</str>
			<str name="message" translate="yes">
				<val>Wir möchten Sie daran erinnern, dass wir bestätigen müssen, dass Ihre Mitgliedschaft noch aktuell ist. Sie können bis zum {1} offline auf {0} zugreifen, wenn bis dahin aber keine Verbindung mit Adobe Server möglich sein sollte, kann das Produkt nicht mehr verwendet werden.</val>
			</str>
			<str name="info" translate="yes">
				<val>Klicken Sie {0}hier{1}, um die Fehlerbehebung für Verbindungsprobleme zu starten.</val>
			</str>
		</set>
		<set name="dailyGraceReminderOffline">
			<str name="title" translate="yes">
				<val>Leider ist momentan keine Verbindung mit Adobe Server möglich</val>
			</str>
			<str name="message" translate="yes">
				<val>Wir möchten Sie daran erinnern, dass wir bestätigen müssen, dass Ihre Mitgliedschaft noch aktuell ist. Sie können weiterhin offline auf {0} zugreifen, wenn innerhalb des angegebenen Zeitraums aber keine Verbindung mit Adobe Server möglich sein sollte, kann das Produkt nicht mehr verwendet werden.</val>
			</str>
			<str name="info" translate="yes">
				<val>Klicken Sie {0}hier{1}, um die Fehlerbehebung für Verbindungsprobleme zu starten.</val>
			</str>
		</set>
		<set name="billingFailureReminder">
			<str name="title" translate="yes">
				<val>Überprüfen Sie ihre Abrechnungsinformationen.</val>
			</str>
			<str name="message" translate="yes">
				<val>Bei Ihrer letzten Zahlung für {0} ist ein Problem aufgetreten. Bitte rufen Sie online die {1}Kontoverwaltung{2} auf und überprüfen Sie Ihre Abrechnungsinformationen.</val>
			</str>
			<str name="info" translate="yes">
				<val>{0} kann nicht weiter verwendet werden, wenn das Problem nicht in der angezeigten Frist behoben wird.</val>
			</str>
			<str name="messageCCMTeam" translate="yes">
				<val>Bei der letzten Zahlung Ihres Teams für {0} ist ein Problem aufgetreten. Wenden Sie sich an Ihren Administrator oder rufen Sie als Administrator online die {1}Kontoverwaltung{2} auf. Wenn das Problem nicht in der angezeigten Frist behoben wird, kann das Produkt nicht mehr verwendet werden.</val>
			</str>
			<str name="offlineError" translate="yes">
				<val>Es kann keine Verbindung mit Adobe Server zur Überprüfung der korrigierten Abrechnungsinformationen hergestellt werden. Klicken Sie {0}hier{1}, um die Fehlerbehebung für Verbindungsprobleme zu starten.</val>
			</str>
		</set>
		<set name="billingFailureReminderCCT">
			<str name="title" translate="yes">
				<val>Ihre Mitgliedschaft läuft in Kürze ab</val>
			</str>
			<str name="warning" translate="yes">
				<val>Ihre Mitgliedschaft bei Creative Cloud für Teams läuft in Kürze ab.</val>
			</str>
			<str name="message" translate="yes">
				<val>Wir haben keine Zahlung für Ihre Mitgliedschaft bei Creative Cloud für Teams erhalten. Bitte wenden Sie sich zur Behebung dieses Problems an Ihren Administrator. Wenn Sie selbst der primäre Administrator sind, {0}verwalten Sie Ihr Konto{1} online. Wenn das Problem nicht innerhalb des angezeigten Zeitraums behoben wird, erhalten Sie keinen Zugriff mehr auf Ihre Mitgliedschaft bei Creative Cloud für Teams.</val>
			</str>
			<str name="offlineError" translate="yes">
				<val>Es kann keine Verbindung mit Adobe Server zur Überprüfung der korrigierten Abrechnungsinformationen hergestellt werden. Klicken Sie {0}hier{1}, um die Fehlerbehebung für Verbindungsprobleme zu starten.</val>
			</str>
		</set>
		<set name="combinedSubIssueReminder">
			<str name="title" translate="yes">
				<val>Ihre Mitgliedschaft kann nicht überprüft werden</val>
			</str>
			<str name="message" translate="yes">
				<val>Sie sind entweder offline oder es liegt ein Abrechnungsproblem mit Ihrem Konto vor. Bitte rufen Sie die Kontoverwaltung online auf und prüfen Sie Ihre Abrechnungsinformationen. Bei Fragen oder Problemen wenden Sie sich an den {0}Support{1}.</val>
			</str>
			<str name="messageCCMTeam1" translate="yes">
				<val>Sie sind entweder offline oder es liegt ein Abrechnungsproblem mit Ihrem Teamkonto vor. Bitte wenden Sie sich an Ihren Administrator, um das Abrechnungsproblem zu beheben.</val>
			</str>
			<str name="messageCCMTeam2" translate="yes">
				<val> Bei weiteren Fragen wenden Sie sich an den {0}Support{1}.</val>
			</str>
			<str name="offlineError" translate="yes">
				<val>Stellen Sie eine Internetverbindung her, damit wir das Problem beheben können, oder klicken Sie auf „Weiter“, um offline zu bleiben und später eine Erinnerung zu erhalten.</val>
			</str>
		</set>
		
		<str name="subscriptionManagerLinkForCC" translate="yes">
			<val>http://www.adobe.com/go/cc_manage_act_de</val>
		</str>
		<str name="subscriptionManagerLinkForNonCC" translate="yes">
			<val>http://www.adobe.com/go/subscriptionedition_de</val>
		</str>
		<str name="offline" translate="yes">
			<val>Es kann keine Verbindung mit Adobe Server hergestellt werden. Überprüfen Sie Ihre Verbindungseinstellungen und klicken Sie auf „Erneut versuchen“.</val>
		</str>
		<str name="subscriptionPolicy" translate="yes">
			<val>{0}Abonnementrichtlinie{1}</val>
		</str>
		<str name="subscriptionPolicyLink" translate="yes">
			<val>http://www.adobe.com/go/subscription_policy_de</val>
		</str>
		<str name="customerSupportLink" translate="yes">
			<val>http://www.adobe.com/go/customer_support_de</val>
		</str>
		<str name="offlineTroubleshootLink" translate="yes">
			<val>http://www.adobe.com/go/activation_network_issues_de</val>
		</str>
		<str name="daysRemaining" translate="yes">
			<val>Tage Restzeit</val>
		</str>
		<str name="dayRemaining" translate="yes">
			<val>Tag Restzeit</val>
		</str>
		<str name="continue" translate="yes">
			<val>Weiter</val>
		</str>
		<str name="tryAgain" translate="yes">
			<val>Erneut versuchen</val>
		</str>
		<str name="retry" translate="yes">
			<val>Wiederholen</val>
		</str>
		<str name="remindLater" translate="yes">
			<val>Später erinnern</val>
		</str>
		<str name="OK" translate="yes">
			<val>OK</val>
		</str>
	</set>
	
	<set name="dspSuspended">
		<set name="activationSuspended">
			<str name="title" translate="yes">
				<val>Aktivierung fehlgeschlagen</val>
			</str>
			<str name="warning" translate="yes">
				<val>{0} kann nicht aktiviert werden.</val>
			</str>
			<str name="message" translate="yes">
				<val>Das Datum Ihres Systems stimmt nicht mit dem Datum auf unserem Server überein. Ihr Systemdatum kann bis zu drei Tage vom Datum des Adobe-Servers ({0}) abweichen.</val>
			</str>
			<str name="info" translate="yes">
				<val>Überprüfen Sie die Datumseinstellungen Ihres Computers und versuchen Sie es erneut. Wenn das Problem weiterhin auftritt, wenden Sie sich an den {0}Support{1}.</val>
			</str>
		</set>
		
		<set name="subscriptionSuspended">
			<str name="title" translate="yes">
				<val>Abonnement unterbrochen</val>
			</str>
			<str name="warning" translate="yes">
				<val>Das Abonnement für {0} wurde unterbrochen.</val>
			</str>
			<str name="message" translate="yes">
				<val>Das Datum Ihres Systems stimmt nicht mit dem Datum auf unserem Server überein. Ihr Systemdatum kann bis zu drei Tage vom Datum des Adobe-Servers ({0}) abweichen.</val>
			</str>
			<str name="info" translate="yes">
				<val>Überprüfen Sie die Datumseinstellungen Ihres Computers und versuchen Sie es erneut. Wenn das Problem weiterhin auftritt, wenden Sie sich an den {0}Support{1}.</val>
			</str>
		</set>
		
		<set name="subscriptionWindback">
			<str name="title" translate="yes">
				<val>Abonnement unterbrochen</val>
			</str>
			<str name="warning" translate="yes">
				<val>Das Abonnement für {0} wurde unterbrochen.</val>
			</str>
			<str name="message" translate="yes">
				<val>Datum und Uhrzeit des Systems sind falsch eingestellt. Stellen Sie die Systemuhr auf die aktuelle Uhrzeit ein und wählen Sie „Erneut versuchen“. Wenn das Problem weiterhin auftritt, wenden Sie sich an den {0}Support{1}.</val>
			</str>
		</set>
		
		<str name="customerSupportLink" translate="yes">
			<val>http://www.adobe.com/go/customer_support_de</val>
		</str>
		<str name="activationPolicy" translate="yes">
			<val>{0}Aktivierungsrichtlinie anzeigen{1}</val>
		</str>
		<str name="activationPolicyLink" translate="yes">
			<val>http://www.adobe.com/go/activation_de</val>
		</str>
		<str name="subscriptionPolicy" translate="yes">
			<val>{0}Abonnementrichtlinie{1}</val>
		</str>
		<str name="subscriptionPolicyLink" translate="yes">
			<val>http://www.adobe.com/go/subscription_policy_de</val>
		</str>
		<str name="quit" translate="yes">
			<val>Beenden</val>
		</str>
		<str name="tryAgain" translate="yes">
			<val>Erneut versuchen</val>
		</str>
	</set>
	
	<set name="dateTimeFormats">
		<str name="dateFormat_Long" translate="yes">
			<val>{1}. {0} {2}</val>
		</str>
	</set>

	<set name="monthsFull">
		<str name="1" translate="yes">
			<val>Jan.</val>
		</str>
		<str name="2" translate="yes">
			<val>Feb.</val>
		</str>
		<str name="3" translate="yes">
			<val>Mrz.</val>
		</str>
		<str name="4" translate="yes">
			<val>Apr.</val>
		</str>
		<str name="5" translate="yes">
			<val>Mai</val>
		</str>
		<str name="6" translate="yes">
			<val>Jun.</val>
		</str>
		<str name="7" translate="yes">
			<val>Jul.</val>
		</str>
		<str name="8" translate="yes">
			<val>Aug.</val>
		</str>
		<str name="9" translate="yes">
			<val>Sep.</val>
		</str>
		<str name="10" translate="yes">
			<val>Okt.</val>
		</str>
		<str name="11" translate="yes">
			<val>Nov.</val>
		</str>
		<str name="12" translate="yes">
			<val>Dez.</val>
		</str>
	</set>
	
	<set name="dsp_IMSBusyScrim">
		<str name="WaitAMoment" translate="yes">
			<val>Bitte einen Augenblick warten...</val>
		</str>
	</set>
	
	<set name="dspSubscriptionRevoked">
		<str name="title" translate="yes">
			<val>Lizenz ausgesetzt</val>
		</str>
		<str name="warning" translate="yes">
			<val>Die Lizenz für {0} wurde ausgesetzt.</val>
		</str>
		<str name="message" translate="yes">
			<val>Die Lizenzinformationen für {0} sind nicht mehr gültig oder wurden widerrufen. Bitte wenden Sie sich an den {1}Support{2}.</val>
		</str>
		<str name="subscriptionPolicy" translate="yes">
			<val>{0}Abonnementrichtlinie{1}{2}{3}Software-Lizenzvereinbarung{4}</val>
		</str>
		<str name="subscriptionPolicyLink" translate="yes">
			<val>http://www.adobe.com/go/subscription_policy_de</val>
		</str>
		<str name="eula_Link" translate="yes">
			<val>http://www.adobe.com/go/eulas_de</val>
		</str>
		<str name="customerSupportLink" translate="yes">
			<val>http://www.adobe.com/go/customer_support_de</val>
		</str>
		<str name="quit" translate="yes">
			<val>Beenden</val>
		</str>
	</set>
	<set name="deviceBasedActivation">
		<set name="dbaLicenseExpiry">
			<str name="title" translate="yes">
				<val>Lizenz ist abgelaufen</val>
			</str>
			<str name="message" translate="yes">
				<val>{0} wurde auf diesem Gerät mit einer Übergangslizenz von {1} ausgeführt. Wenden Sie sich an den Administrator, um die Lizenz zu verlängern und dieses Produkt weiterhin ohne Unterbrechungen verwenden zu können.</val>
			</str>
			<str name="info" translate="yes">
				<val>Wenn die Lizenz bereits verlängert wurde, warten Sie 15 Minuten und wiederholen Sie dann den Vorgang.</val>
			</str>
			<str name="tryAgain" translate="yes">
				<val>Wiederholen</val>
			</str>
			<str name="close" translate="yes">
				<val>Schließen</val>
			</str>
		</set>
	
		<set name="dbaLicenseRenewal">
			<str name="title" translate="yes">
				<val>Verlängern Sie die Lizenz</val>
			</str>
			<str name="message" translate="yes">
				<val>Wenden Sie sich an den Administrator, um die Lizenz für {0} auf diesem Gerät des Bereitstellungspools {1} zu verlängern und dieses Produkt weiterhin ohne Unterbrechungen verwenden zu können.</val>
			</str>
			<str name="info" translate="yes">
				<val>Wenn die Lizenz bereits verlängert wurde, warten Sie 15 Minuten und wiederholen Sie dann den Vorgang.</val>
			</str>
			<str name="tryAgain" translate="yes">
				<val>Wiederholen</val>
			</str>
			<str name="quit" translate="yes">
				<val>Beenden</val>
			</str>
		</set>
		<set name="dbaClockWindback">
			<str name="title" translate="yes">
				<val>Lizenz ausgesetzt</val>
			</str>
			<str name="message" translate="yes">
				<val>Systemdatum und -uhrzeit sind auf diesem Gerät falsch eingestellt. Stellen Sie die Systemuhr auf die aktuelle Uhrzeit und wählen Sie „Wiederholen“. Wenn das Problem weiterhin auftritt, wenden Sie sich an den Administrator.</val>
			</str>
			<str name="warning" translate="yes">
				<val>Die Lizenz für {0} wurde ausgesetzt.</val>
			</str>
			<str name="tryAgain" translate="yes">
				<val>Wiederholen</val>
			</str>
			<str name="close" translate="yes">
				<val>Schließen</val>
			</str>
		</set>
		<set name="dbaClockMismatch">
			<str name="title" translate="yes">
				<val>Lizenz ausgesetzt</val>
			</str>
			<str name="message" translate="yes">
				<val>Das Datum auf diesem Gerät stimmt nicht mit dem Datum auf unserem Server überein. Das Datum auf diesem Gerät kann bis zu drei Tage vom Datum des Adobe-Servers ({0}) abweichen. </val>
			</str>
			<str name="warning" translate="yes">
				<val>Die Lizenz für {0} wurde ausgesetzt.</val>
			</str>
			<str name="info" translate="yes">
				<val>Überprüfen Sie die Datumseinstellungen auf diesem Gerät und wählen Sie „Wiederholen“. Wenn das Problem weiterhin auftritt, wenden Sie sich an den Administrator.</val>
			</str>
			<str name="tryAgain" translate="yes">
				<val>Wiederholen</val>
			</str>
			<str name="quit" translate="yes">
				<val>Beenden</val>
			</str>
		</set>
		<set name="dbaLicenseDenied">
			<str name="title" translate="yes">
				<val>Lizenz verweigert</val>
			</str>
			<str name="stepError" translate="yes">
				<val>Die Lizenz für {0} auf diesem Gerät wurde verweigert.</val>
			</str>
			<str name="msgError" translate="yes">
				<val>Wenden Sie sich an Ihren Administrator, um dieses Gerät erneut zu serialisieren und wieder in den {0}-Pool aufzunehmen. Hat der Administrator das bereits erledigt, warten Sie 15 Minuten und wiederholen Sie dann den Vorgang.</val>
			</str>
			<str name="msgErrorPoolRemoved" translate="yes">
				<val>Wenden Sie sich an Ihren Administrator, um dieses Gerät erneut zu serialisieren. Wenn der Administrator diesen Schritt bereits ausgeführt hat, warten Sie 15 Minuten und wiederholen Sie dann den Vorgang.</val>
			</str>
			<str name="tryAgain" translate="yes">
				<val>Wiederholen</val>
			</str>
			<str name="close" translate="yes">
				<val>Schließen</val>
			</str>
		</set>
		<set name="dbaActivationFailure">
			<str name="title" translate="yes">
				<val>Aktivierungsfehler</val>
			</str>
			<str name="stepError" translate="yes">
				<val>{0} kann nicht aktiviert werden.</val>
			</str>
			<str name="errorCode" translate="yes">
				<val>(Fehlercode: {0})</val>
			</str>
			<str name="msgError" translate="yes">
				<val>Um das Produkt von {0} auf diesem Gerät von {1} verwenden zu können, muss es aktiviert werden. Dazu benötigen Sie eine funktionierende Internetverbindung. Prüfen Sie die Verbindungseinstellungen und wiederholen Sie den Vorgang.</val>
			</str>
			<str name="info" translate="yes">
				<val>Wenn dieses Problem weiterhin auftritt, wenden Sie sich an den Administrator.</val>
			</str>
			<str name="offlineError" translate="yes">
				<val>Es kann keine Verbindung zum Adobe Server hergestellt werden. Klicken Sie {0}hier{1}, um die Fehlerbehebung für Verbindungsprobleme zu starten.</val>
			</str>
			<str name="clockMismatchError" translate="yes">
				<val>Überprüfen Sie die Datumseinstellungen auf diesem Gerät und wählen Sie „Wiederholen“.</val>
			</str>
			<str name="tryAgain" translate="yes">
				<val>Wiederholen</val>
			</str>
			<str name="close" translate="yes">
				<val>Schließen</val>
			</str>
		</set>
		<set name="dbaMonthlyGraceReminderOffline">
			<str name="title" translate="yes">
				<val>Leider ist momentan keine Verbindung mit Adobe Server möglich</val>
			</str>
			<str name="message" translate="yes">
				<val>Wir möchten Sie daran erinnern, dass wir bestätigen müssen, dass Ihre Lizenz auf diesem Gerät von {0} noch aktuell ist. Sie können noch bis zum {2} offline auf {1} zugreifen, wenn bis dahin aber keine Verbindung mit dem Internet möglich sein sollte, kann dieses Produkt nicht mehr verwendet werden.</val>
			</str>
			<str name="info" translate="yes">
				<val>Klicken Sie {0}hier{1}, um die Fehlerbehebung für Verbindungsprobleme zu starten.</val>
			</str>
			<str name="remindLater" translate="yes">
				<val>Später erinnern</val>
			</str>
			<str name="retry" translate="yes">
				<val>Wiederholen</val>
			</str>
		</set>
		<set name="dbaDailyGraceReminderOffline">
			<str name="title" translate="yes">
				<val>Leider ist momentan keine Verbindung mit Adobe Server möglich</val>
			</str>
			<str name="message" translate="yes">
				<val>Wir möchten Sie daran erinnern, dass wir bestätigen müssen, dass die Lizenz von {0} auf diesem Gerät noch aktuell ist. Sie können weiterhin offline auf {1} zugreifen, aber wenn Sie innerhalb des angegebenen Zeitraums keine Verbindung zum Adobe-Server herstellen, kann das Produkt nicht mehr verwendet werden.</val>
			</str>
			<str name="info" translate="yes">
				<val>Klicken Sie {0}hier{1}, um die Fehlerbehebung für Verbindungsprobleme zu starten.</val>
			</str>
			<str name="ok" translate="yes">
				<val>OK</val>
			</str>
			<str name="retry" translate="yes">
				<val>Wiederholen</val>
			</str>
		</set>
		<set name="dbaBonusLaunch">
			<str name="title" translate="yes">
				<val>Letztes Starten</val>
			</str>
			<str name="message" translate="yes">
				<val>{0} wurde auf diesem Gerät mit einer Übergangslizenz von {1} ausgeführt. Sie können das Produkt jetzt zum letzten Mal verwenden. Wenden Sie sich an den Administrator, um die Lizenz zu verlängern und dieses Produkt weiterhin verwenden zu können.</val>
			</str>
			<str name="ok" translate="yes">
				<val>OK</val>
			</str>
		</set>
		<set name="errorScenarios">
			<str name="licenseDeniedError" translate="yes">
				<val>Diesem Gerät ist keine Lizenz zugeordnet.</val>
			</str>
			<str name="clockWindbackError" translate="yes">
				<val>Überprüfen Sie die Datumseinstellungen auf Ihrem Gerät und wählen Sie „Wiederholen“. Wenn das Problem weiterhin auftritt, wenden Sie sich an den Administrator.</val>
			</str>
			<str name="offlineError" translate="yes">
				<val>Leider kann im Moment keine Verbindung zum Adobe-Server hergestellt werden. Bitte klicken Sie {0}hier{1}, um die Fehlerbehebung für Verbindungsprobleme zu starten. Wenn das Problem weiterhin auftritt, wenden Sie sich an den Administrator.</val>
			</str>
			<str name="checkCallErrorGeneric" translate="yes">
				<val>Beim Einlesen der Lizenzierungsinformationen ist ein Fehler aufgetreten. Versuchen Sie es später erneut.</val>
			</str>
		</set>
		<str name="quit" translate="yes">
			<val>Beenden</val>
		</str>
		<str name="daysRemaining" translate="yes">
			<val>Tage Restzeit</val>
		</str>
		<str name="dayRemaining" translate="yes">
			<val>Tag Restzeit</val>
		</str>
		<str name="offlineTroubleshootLink" translate="yes">
			<val>http://www.adobe.com/go/activation_network_issues_de</val>
		</str>
	</set>
	<set name="isoToLanguage">
		<str name="ar_AE" translate="no"><val>العربية</val></str>
		<str name="en_GB" translate="no"><val>English (International)</val></str> 
		<str name="en_INT" translate="no"><val>English (International)</val></str> 
		<str name="fr_CA" translate="no"><val>Français (Canada)</val></str>
		<str name="es_QM" translate="no"><val>Español (Middle East)</val></str>
		<str name="es_LA" translate="no"><val>Español de América Latina</val></str>
		<str name="es_NA" translate="no"><val>Español Norteamericano</val></str>
		<str name="bg_BG" translate="no"><val>Български</val></str>
		<str name="lv_LV" translate="no"><val>Latviešu</val></str>
		<str name="et_EE" translate="no"><val>Eesti</val></str>
		<str name="hr_HR" translate="no"><val>hrvatski</val></str>
		<str name="sl_SI" translate="no"><val>slovenščina</val></str>
		<str name="sk_SK" translate="no"><val>slovenčina</val></str>
		<str name="th_TH" translate="no"><val>ภาษาไทย</val></str> 
		<str name="vi_VN" translate="no"><val>Việt</val></str>
		<str name="en_XC" translate="no"><val>English (Central Europe)</val></str> 
		<str name="en_XM" translate="no"><val>English (Middle East)</val></str>
		<str name="fr_XM" translate="no"><val>Français (Moyen-Orient)</val></str>
		<str name="sq_AL" translate="no"><val>Shqip</val></str> 
		<str name="ar_SA" translate="no"><val>العربية</val></str>
		<str name="be_BY" translate="no"><val>Беларуская</val></str> 
		<str name="ca_ES" translate="no"><val>Català</val></str> 
		<str name="hi_IN" translate="no"><val>हिन्दी</val></str>
		<str name="is_IS" translate="no"><val>Íslenska</val></str> 
		<str name="lt_LT" translate="no"><val>Lietuvių</val></str>
		<str name="mk_MK" translate="no"><val>македонски</val></str>
		<str name="nn_NO" translate="no"><val>Norsk (Nynorsk)</val></str>
		<str name="pt_PT" translate="no"><val>Português de Portugal</val></str> 
		<str name="sh_YU" translate="no"><val>Srpsko-Hrvatski</val></str> 
		<str name="sr_YU" translate="no"><val>Cрпски</val></str> 
		<str name="kk_KZ" translate="no"><val>Қазақ</val></str>
		<str name="az_AZ" translate="no"><val>Azərbaycan dili</val></str> 
		<str name="es_MX" translate="no"><val>Español (América Latina)</val></str>
		<str name="no_NO" translate="no"><val>Norwegian</val></str> 
		<str name="cs_CZ" translate="no"><val>česky</val></str>
		<str name="de_DE" translate="no"><val>Deutsch</val></str>
		<str name="el_GR" translate="no"><val>Ελληνικά</val></str>
		<str name="en_US" translate="no"><val>English (North America)</val></str> 
		<str name="es_ES" translate="no"><val>Español</val></str> 
		<str name="fr_FR" translate="no"><val>Français</val></str>
		<str name="he_IL" translate="no"><val>עברית</val></str> 
		<str name="hu_HU" translate="no"><val>magyar</val></str>
		<str name="it_IT" translate="no"><val>Italiano</val></str>
		<str name="ja_JP" translate="no"><val>日本語</val></str>
		<str name="ko_KR" translate="no"><val>한국어</val></str>
		<str name="nl_NL" translate="no"><val>Nederlands</val></str>
		<str name="pl_PL" translate="no"><val>polski</val></str>
		<str name="ro_RO" translate="no"><val>Română</val></str>
		<str name="ru_RU" translate="no"><val>русский</val></str>
		<str name="sv_SE" translate="no"><val>Svenska</val></str>
		<str name="tr_TR" translate="no"><val>Türkçe</val></str>
		<str name="uk_UA" translate="no"><val>українська</val></str>
		<str name="zh_CN" translate="no"><val>简体中文</val></str>
		<str name="zh_TW" translate="no"><val>繁體中文</val></str>
		<str name="da_DK" translate="no"><val>Dansk</val></str>
		<str name="fi_FI" translate="no"><val>suomi</val></str>
		<str name="nb_NO" translate="no"><val>Norsk (Bokmål)</val></str> 
		<str name="pt_BR" translate="no"><val>Português do Brasil</val></str>
		<str name="en_AE" translate="no"><val>English يدعم العربية</val></str> 
		<str name="en_IL" translate="no"><val>English תומך עברית</val></str> 
		<str name="fr_MA" translate="no"><val>Français (Maroc)</val></str>
	</set>
		
</asf>
