<?xml version='1.0' encoding='utf-8'?>
<!DOCTYPE asf SYSTEM "http://ns.adobe.com/asf/asf_1_0.dtd" >
<asf xmlns="http://ns.adobe.com/asf" locale="da_DK" version="1.0">
	
	<set name="common">
		<str name="adobeProduct" translate="yes">
			<val>Adobe-produkt</val>
		</str>
		<str name="adobeTrial" translate="yes">
			<val>Prøveversion af Adobe-produkt</val>
		</str>
		<str name="actPolicy" translate="yes">
			<val>Adobes aktiveringspolitik</val>
		</str>
		<str name="subEdition" translate="no">
			<val>Subscription Edition</val>
		</str>
		<str name="progressMessage" translate="yes">
			<val>Opretter forbindelse...</val>
		</str>
	</set>
	
	<set name="provision">
		<str name="buy" translate="yes">
			<val>KØB NU</val>
		</str>			
		<str name="remain" translate="yes">
			<val>RESTERENDE DAGE</val>
		</str>
		<str name="authAdobeID" translate="yes">
			<val>Godkender Adobe-id...</val>
		</str>
	</set>

	<set name="eula">
		<str name="eula" translate="yes">
			<val>Adobe-softwarelicensaftale</val>
		</str>
		<str name="view" translate="yes">
			<val>Vis på:</val>
		</str>
		<str name="accept" translate="yes">
			<val>ACCEPTER</val>
		</str>
		<str name="decline" translate="yes">
			<val>AFVIS</val>
		</str>		
		<str name="quit" translate="yes">
			<val>AFSLUT</val>
		</str>		
	</set>

	<set name="activate">
		<str name="title" translate="yes">
			<val>Aktivering</val>
		</str>
		<str name="progress" translate="yes">
			<val>Aktiverer...</val>
		</str>			
		<str name="fail" translate="yes">
			<val>Fejl ved aktivering</val>
		</str>			
		<str name="contact" translate="yes">
			<val>Adobe kontaktes for at denne kopi af {0} kan aktiveres vha. det serienummer, du har oplyst.</val>
		</str>
		<str name="contact_forced" translate="yes">
			<val>Adobe kontaktes for at denne kopi af {0} kan aktiveres vha. det serienummer, du har oplyst.</val>
		</str>
		<str name="limit" translate="yes">
			<val>Grænsen for antal aktiveringer af {0} er nået.</val>
		</str>	
		<str name="already" translate="yes">
			<val>Dette serienummer er allerede aktiveret på to computere.</val>
		</str>
		<str name="alreadyError" translate="yes">
			<val>Dette serienummer er allerede aktiveret på to computere. Du skal rette problemet for at kunne fortsætte.</val>
		</str>
		<str name="retryOption" translate="yes">
			<val>Prøv at aktivere igen. Jeg har allerede deaktiveret på en af mine andre computere.</val>
		</str>
		<str name="subRetryOption" translate="yes">
			<val>Deaktiver alle computere, og prøv at aktivere igen.</val>
		</str>	
		<str name="provide" translate="yes">
			<val>Oplys et andet serienummer til dette produkt.</val>
		</str>	
		<str name="provideBlurb" translate="yes">
			<val>Der skal angives et Adobe-id, for at softwaren kan bruges som prøveversion.</val>
		</str>	
		<str name="serialBlurb" translate="yes">
			<val>Angiv et serienummer.</val>
		</str>	
		<str name="serialNumberMessage" translate="yes">
			<val>Dette serienummer vil blive brugt til: {0}</val>
		</str>
		<str name="serialActivationMessage" translate="yes">
			<val>Ifølge softwarelicensaftalen forsøger softwaren automatisk at foretage aktiveringen via internettet. Du finder flere oplysninger på {0}www.adobe.com/activation{1}.</val>
		</str>
		<str name="activationLink" translate="yes">
			<val>http://www.adobe.com/go/activation_dk</val>
		</str>
		<str name="buyWarning1" translate="yes">
			<val>Hvis du vælger Pĺmind mig senere, har du {0} dage til at løse problemet. Derefter vil softwaren ikke lćngere køre.</val>
		</str>	
		<str name="buyWarning2" translate="yes">
			<val>Dette er den sidste gang, du kan bruge produktet, medmindre du løser problemet.</val>
		</str>	
		<str name="buyWarning3" translate="yes">
			<val>Du skal løse problemet for at kunne fortsætte med at bruge produktet.</val>
		</str>	
		<str name="buyWarningRefuse" translate="yes">
			<val>Hvis du vælger Pĺmind mig senere, skal du løse problemet, nćste gang du starter produktet.</val>
		</str>	
		<str name="buyWarningRefuse2" translate="yes">
			<val>Du skal løse problemet for at kunne bruge produktet.</val>
		</str>
		<str name="learn" translate="yes">
			<val>Du kan finde flere oplysninger om aktivering under {0}Adobes aktiveringspolitik.{1}</val>
		</str>
		<str name="learnlink" translate="yes">
			<val>http://www.adobe.com/go/activation_dk</val>
		</str>
		<str name="invalid" translate="yes">
			<val>Ugyldigt serienummer</val>
		</str>	
		<str name="sninvalid" translate="yes">
			<val>Dette serienummer er tilsyneladende ugyldigt.</val>
		</str>	
		<str name="hasfailure" translate="yes">
			<val>Produktet kunne ikke aktiveres. Tryk på Prøv igen for at forsøge igen. Du kan finde flere oplysninger under {0}Adobes aktiveringspolitik.{1}</val>
		</str>
		<str name="hasfailure1" translate="yes">
			<val>Produktet kunne ikke aktiveres. Tryk på Prøv igen. Du kan finde flere oplysninger under {0}Adobes aktiveringspolitik.{1}</val>
		</str>
		<str name="mustDeactivate" translate="yes">
			<val>For at kunne aktivere dette produkt skal du først deaktivere en af de andre aktiverede kopier.</val>
		</str>	
		<str name="howTo" translate="yes">
			<val>Sĺdan deaktiverer du:</val>
		</str>	
		<str name="deactivateInstruct" translate="yes">
			<val>Start en af de to andre kopier af {0}, klik på menuen Hjćlp, og vælg Deaktiver. Start derefter denne kopi igen. Prøv igen, hvis du allerede har deaktiveret produktet.</val>
		</str>	
		<str name="errorCode" translate="yes">
			<val>Fejlkode: {0}</val>
		</str>
		<str name="errorCode1" translate="yes">
			<val>Fejlkode: #{0}</val>
		</str>
		<str name="success" translate="yes">
			<val>Denne kopi af {0} er aktiveret og klar til brug.</val>
		</str>
		<str name="error" translate="yes">
			<val>Opret forbindelse til internettet, og tryk på Fortsæt</val>
		</str>			
		<str name="assist" translate="yes">
			<val>Support vedrørende forbindelse</val>
		</str>
		<str name="assistlink" translate="yes">
			<val>http://www.adobe.com/go/activation_dk</val>
		</str>		
		<str name="try" translate="yes">
			<val>PRØV IGEN</val>
		</str>			
		<str name="later" translate="yes">
			<val>AKTIVER SENERE</val>
		</str>			
		<str name="close" translate="yes">
			<val>LUK</val>
		</str>
		<str name="quit" translate="yes">
			<val>AFSLUT</val>
		</str>
		<str name="done" translate="yes">
			<val>UDFØRT</val>
		</str>
		<str name="remind" translate="yes">
			<val>PÅMIND MIG SENERE</val>
		</str>
		<str name="continue" translate="yes">
			<val>FORTSÆT</val>
		</str>
		<str name="retry" translate="yes">
			<val>PRØV IGEN</val>
		</str>
		<str name="back" translate="yes">
			<val>TILBAGE</val>
		</str>			
		<str name="errCode" translate="yes">
			<val>Fejlkode: </val>
		</str>
		<str name="unknownErr" translate="yes">
			<val>Ukendt</val>
		</str>
		<str name="serialError" translate="yes">
			<val>Dette serienummer er ikke gyldigt til dette produkt.</val>
		</str>
		<str name="denybuyLink" translate="no">
			<val>http://www.adobe.com/go/denybuy</val>
		</str>
	</set>

	<set name="inAppTrial">
		<str name="serial" translate="yes">
			<val>ANGIV SERIENUMMER</val>
		</str>
		<str name="contentLoading" translate="yes">
			<val>Indlæser indhold...</val>
		</str>
	</set>
	
	<set name="privacy">
		<str name="title" translate="yes">
			<val>Indstillinger for beskyttelse af personlige oplysninger</val>
		</str>
		<str name="content" translate="yes">
			<val>Adobe bruger de oplysninger, som du angiver, når du henter programmet og i løbet af prøveperioden, for at kunne give dig en oplevelse, der passer bedst muligt til dig.{0}Adobe kan desuden bruge de indsamlede oplysninger til interne formål som hjælp til at evaluere og forbedre kundeoplevelsen. Dine personlige oplysninger vil aldrig blive knyttet til din brug af denne prøveversion.{0}Hvis du foretrækker, at Adobe ikke bruger eller indsamler oplysninger i forbindelse med prøveversionen, kan du slå denne indstilling fra ved at sætte kryds i feltet nedenfor. Næste gang du starter prøveversionen, vil der ikke blive indsamlet data i relation til prøveversionen, og tilpasset indhold vil blive deaktiveret.{0}Hvis du vil vide mere om Adobes politik til beskyttelse af personlige oplysninger, kan du læse vores {1}politik vedrørende beskyttelse af personlige oplysninger online{2}.</val>
		</str>
		<str name="privacyLink" translate="yes">
			<val>http://www.adobe.com/go/privacy_dk</val>
		</str>
		<str name="request" translate="yes">
			<val>Deaktiver tilpasset indhold.</val>
		</str>
		<str name="ok" translate="yes">
			<val>OK</val>
		</str>
		<str name="cancel" translate="yes">
			<val>ANNULLER</val>
		</str>
	</set>
	
	<set name="video">
		<str name="playAgain" translate="yes">
			<val>Afspil igen</val>
		</str>
		<str name="nextTut" translate="yes">
			<val>Næste</val>
		</str>
		<str name="loading" translate="yes">
			<val>Indlæser video...</val>
		</str>
		<str name="error" translate="yes">
			<val>Fejl under indlæsning af indhold\nPrøv igen senere.</val>
		</str>
		<str name="tryAgain" translate="yes">
			<val>Prøv igen.</val>
		</str>
		<str name="escapeExit" translate="yes">
			<val>Tryk på ESC for at afslutte udvidet skærmtilstand.</val>
		</str>
	</set>
	
	
	<set name="trial">
		<str name="title" translate="yes">
			<val>Prøvev. til {0}</val>
		</str>
		<str name="back" translate="yes">
			<val>TILBAGE</val>
		</str>
		<str name="serial" translate="yes">
			<val>Angiv et serienummer</val>
		</str>
		<str name="lang" translate="yes">
			<val>Sprog:</val>
		</str>	
		<str name="trial" translate="yes">
			<val>Fortsæt med brug som prøveversion</val>
		</str>
		<str name="continue" translate="yes">
			<val>FORTSÆT PRØVEPERIODE</val>
		</str>
		<str name="continueSerial" translate="yes">
			<val>FORTSÆT</val>
		</str>
		<str name="start" translate="yes">
			<val>START PRØVEPRODUKTET</val>
		</str>
		<str name="cancel" translate="yes">
			<val>ANNULLER</val>
		</str>
		<str name="close" translate="yes">
			<val>LUK</val>
		</str>
		<str name="quit" translate="yes">
			<val>AFSLUT</val>
		</str>
		<str name="skip" translate="yes">
			<val>SPRING OVER</val>
		</str>
		<str name="serialError" translate="yes">
			<val>Dette serienummer er ikke gyldigt til dette produkt.</val>
		</str>
		<str name="instruct" translate="yes">
			<val>Der skal angives et Adobe-id, for at softwaren kan bruges som prøveversion. Efter den første gang du starter prøveversionen, har du syv dage til at angive et Adobe-id.</val>
		</str>			
		<str name="locateTT" translate="yes">
			<val>Du finder dit serienummer på bagsiden af dvd-kassetten, på licenscertifikatet til Adobe Open Options eller i den e-mail, du modtog som kvittering fra Adobe.com Store (gælder kun køb via overførsel).</val>
		</str>
		<str name="one" translate="yes">
			<val>Du må bruge dette program én gang til. Herefter skal du angive et serienummer for at kunne fortsætte.</val>
		</str>
		<str name="nomore" translate="yes">
			<val>Du kan købe produktet og angive serienummeret for at konvertere denne prøveversion.</val>
		</str>
		<str name="license" translate="yes">
			<val>Adobe-softwarelicensaftale</val>
		</str>	
		<str name="eulaLink" translate="yes">
			<val>http://www.adobe.com/go/eulas_dk</val>
		</str>		
		<str name="expire" translate="yes">
			<val>Prøveperioden er udløbet.</val>
		</str>			
		<str name="used" translate="yes">
			<val>Dette serienummer vil blive brugt til: {0}</val>
		</str>			
		<str name="agree" translate="yes">
			<val>Ifølge softwarelicensaftalen forsøger softwaren automatisk at foretage aktiveringen via internettet. Du finder flere oplysninger på {0}www.adobe.com/activation{1}.</val>
		</str>
		<str name="activationLink" translate="yes">
			<val>http://www.adobe.com/go/activation_dk</val>
		</str>
		<str name="buyLink" translate="no">
			<val>http://www.adobe.com/go/buy</val>
		</str>			
	</set>

	<set name="trialerror">
		<str name="warning" translate="yes">
			<val>Problem med prøveversion.</val>
		</str>
		<str name="instruct" translate="yes">
			<val>Der opstod et problem ved start af prøveversionen af {0}. Hvis du vil fortsætte med at bruge dette produkt, skal du gå tilbage og angive serienummeret.</val>
		</str>
	</set>

	<set name="deactivate">
		<str name="title" translate="yes">
			<val>Deaktivering</val>
		</str>
		<str name="instruct" translate="yes">
			<val>Hvis du deaktiverer et Adobe-produkt, kan du aktivere det på en anden computer, forudsat du overholder {0}softwarelicensaftalen{1}. Sørg for at oprette forbindelse til internettet, før du deaktiverer.</val>
		</str>
		<str name="instructSubscription" translate="yes">
			<val>Abonnementet annulleres ikke, når du deaktiverer det. Hvis du vil ændre dit abonnement, skal du besøge {0}adobe.com/dk{1}.</val>
		</str>
		<str name="subscriptionLink" translate="no">
			<val>http://www.adobe.com/go/subscriptionedition</val>
		</str>
		<str name="button1" translate="yes">
			<val>AFBRYD AKTIVERING</val>
		</str>
		<str name="button2" translate="yes">
			<val>DEAKTIVER PERMANENT</val>
		</str>
		<str name="tooltip1" translate="yes">
			<val>Deaktiverer dit produkt uden at fjerne serienummeret.</val>
		</str>
		<str name="tooltip2" translate="yes">
			<val>Deaktiverer dit produkt og fjerner serienummeret.</val>
		</str>	
		<str name="progress" translate="yes">
			<val>Deaktiverer</val>
		</str>
		<str name="success" translate="yes">
			<val>Deaktiveringen er gennemført.</val>
		</str>
		<str name="failure" translate="yes">
			<val>Deaktiveringen er ikke gennemført. Prøv igen.</val>
		</str>
		<str name="retry" translate="yes">
			<val>PRØV IGEN</val>
		</str>	
		<str name="errorCode" translate="yes">
			<val>Fejlkode: #{0}</val>
		</str>
		<str name="done" translate="yes">
			<val>UDFØRT</val>
		</str>		
		<str name="continue" translate="yes">
			<val>FORTSÆT</val>
		</str>		
		<str name="cancel" translate="yes">
			<val>ANNULLER</val>
		</str>	
	</set>

	<set name="upgrade">
		<str name="title" translate="yes">
			<val>Angiv serienummer – opgradering</val>
		</str>
		<str name="instruct1" translate="yes">
			<val>Det serienummer, du angav, er gyldigt, men der findes ikke et kvalificerende produkt på computeren.</val>
		</str>
		<str name="instruct2" translate="yes">
			<val>Hvis du vil bruge det serienummer, du angav ved opgraderingen, skal du eje et af disse kvalificerende produkter. Vælg det produkt, du ejer, og angiv serienummeret:</val>
		</str>
		<str name="serial" translate="yes">
			<val>Serienummer til dette produkt:</val>
		</str>
		<str name="selproduct" translate="yes">
			<val>Vælg et produkt</val>
		</str>		
		<str name="trial" translate="yes">
			<val>INSTALLER SOM PRØVEPRODUKT</val>
		</str>
		<str name="confirm" translate="yes">
			<val>Dette serienummer bekrćfter {0}.</val>
		</str>
		<str name="second" translate="yes">
			<val>Denne opgradering kræver yderligere et kvalificerende produkt. Vælg det andet produkt, du ejer, og angiv serienummeret til dette produkt:</val>
		</str>
		<str name="nogood" translate="yes">
			<val>Dette serienummer er ikke til et kvalificerende produkt. Prøv et andet.</val>
		</str>
		<str name="account" translate="yes">
			<val>Hvis du har registreret produkter tidligere, kan du på {0}din kontoside{1} finde dine eksisterende serienumre.</val>
		</str>
		<str name="support" translate="yes">
			<val>Kontakt {0}Kundesupport{1} for at få yderligere assistance.</val>
		</str>
		<str name="supportlink" translate="yes">
			<val>http://www.adobe.com/go/support_dk</val>
		</str>
		<str name="accountlink" translate="yes">
			<val>http://www.adobe.com/go/adobemembership_dk</val>
		</str>
		<str name="back" translate="yes">
			<val>TILBAGE</val>
		</str>
		<str name="next" translate="yes">
			<val>NĆSTE</val>
		</str>
	</set>
	
	<set name="upcode">
		<str name="header" translate="yes">
			<val>Angiv din opgraderingskode.</val>
		</str>
		<str name="instruct1" translate="yes">
			<val>Oplys følgende kode til medarbejderen i kundeservice, når du bliver bedt om det:</val>
		</str>
		<str name="challenge" translate="yes">
			<val>Kontrolkode</val>
		</str>
		<str name="instruct2" translate="yes">
			<val>Skriv den kode, som medarbejderen i kundeservice giver dig:</val>
		</str>
		<str name="support" translate="yes">
			<val>Supportkode</val>
		</str>
		<str name="quit" translate="yes">
			<val>AFSLUT</val>
		</str>
		<str name="next" translate="yes">
			<val>NĆSTE</val>
		</str>
		<str name="supportError" translate="yes">
			<val>Ugyldig supportkode</val>
		</str>
	</set>
	
	<set name="error">
		<str name="title" translate="yes">
			<val>Licensen til dette produkt virker ikke længere</val>
		</str>
		<str name="message" translate="yes">
			<val>Du kan ikke bruge dette produkt på nuværende tidspunkt. Løs problemet ved at afinstallere og geninstallere dette produkt, eller kontakt din it-administrator eller Adobe-kundesupport for at få hjælp.</val>
		</str>
		<str name="error" translate="yes">
			<val>Fejlkode: </val>
		</str>
		<str name="quit" translate="yes">
			<val>AFSLUT</val>
		</str>
	</set>
	
	<set name="confirm">
		<str name="sure" translate="yes">
			<val>Er du sikker på, at du vil lukke denne dialogboks?</val>
		</str>
		<str name="subCheckOffline" translate="yes">
			<val>Der kunne ikke oprettes forbindelse. Kontroller internetforbindelsen, og prøv igen senere.</val>
		</str>
		<str name="yes" translate="yes">
			<val>JA</val>
		</str>
		<str name="no" translate="yes">
			<val>NEJ</val>
		</str>
		<str name="quit" translate="yes">
			<val>Afslut</val>
		</str>
		<str name="continue" translate="yes">
			<val>Fortsæt</val>
		</str>
		<str name="tryAgain" translate="yes">
			<val>PRØV IGEN</val>
		</str>
		<str name="back" translate="yes">
			<val>TILBAGE</val>
		</str>
	</set>
	
	<set name="thanks">
		<str name="title" translate="yes">
			<val>Tak!</val>
		</str>
		<str name="noservices" translate="yes">
			<val>Kom i gang: Adobe-produkter</val>
		</str>
		<str name="services" translate="yes">
			<val>Kom i gang: Adobe-produkter og -tjenester</val>
		</str>
		<str name="subscription_1_2" translate="no">
			<val>Getting Started with your CS5 Subscription</val>
		</str>
		<str name="trialRegWithoutServices" translate="yes">
			<val>Tak, fordi du angiver dit Adobe-id og fortæller os om din interesse i dette produkt.</val>
		</str>
		<str name="trialRegWithServices" translate="yes">
			<val>Ved at angive et Adobe-id har du konfigureret adgang til Adobe CS Live-tjenesterne i prøveperioden.</val>
		</str>
		<str name="regRegWithoutServices" translate="yes">
			<val>Når du angiver et Adobe-id, registrerer du din software.</val>
		</str>
		<str name="regRegFailWithoutServices" translate="yes">
			<val>Produktet kunne ikke registreres på nuværende tidspunkt. Prøv igen senere.</val>
		</str>
		<str name="regRegFailWithServices" translate="yes">
			<val>Dit abonnement på Adobe CS Live kunne ikke træde i kraft. Prøv igen senere.</val>
		</str>
		<str name="regRegIDCreate" translate="yes">
			<val>Vi har brugt dit Adobe-id til at registrere din software og konfigurere adgang til Adobe CS Live-tjenesterne.</val>
		</str>
		<str name="regRegIDUsed" translate="yes">
			<val>Ved at angive et Adobe-id har du registreret softwaren og konfigureret adgang til Adobe CS Live-tjenesterne.</val>
		</str>
		<str name="regRegSubscription_1_2" translate="no">
			<val>We've used your Adobe ID to set up your subscription and establish CS Live services.</val>
		</str>
		<str name="regRegDSP" translate="yes">
			<val>Vi har brugt dit Adobe-id til at starte dit abonnement på {0} og konfigurere adgang til Adobe CS Live-tjenester.</val>
		</str>
		<str name="userID" translate="yes">
			<val>Dit Adobe-id er: {0}</val>
		</str>
		<str name="emailVerify" translate="yes">
			<val>E-mail-adressen skal bekræftes, før du kan begynde at bruge Adobe CS Live-tjenesterne. Kontroller indbakken til din e-mail.</val>
		</str>
		<str name="profile" translate="yes">
			<val>Din Adobe-id-profil er næsten oprettet. {0}Klik her{1} for at oprette din profil.</val>
		</str>
		<str name="profilelink" translate="yes">
			<val>http://www.adobe.com/go/adobemembership_dk</val>
		</str>
		<str name="video1" translate="yes">
			<val>Vis videoselvstudier</val>
		</str>
		<str name="video2" translate="yes">
			<val>Prøv Adobe CS Live-tjenesterne</val>
		</str>
		<str name="video1link" translate="yes">
			<val>http://www.adobe.com/go/adobetv_howto</val>
		</str>
		<str name="video2link" translate="yes">
			<val>http://www.adobe.com/go/cslive_dk</val>
		</str>
		<str name="done" translate="yes">
			<val>UDFØRT</val>
		</str>
	</set>
	
	<set name="claimResponse">
		<str name="code_" translate="yes">
			<val></val>
		</str>
		<str name="code_EXCEPTION_TRIAL_EXISTS_FOR_TRIALID" translate="yes">
			<val>Du er allerede tilmeldt Adobe CS Live. Log på for at bruge tjenesten.</val>
		</str>
		<str name="code_EXCEPTION_TRIAL_SKU_LOOKUP_FAILED" translate="yes">
			<val>Dit abonnement på Adobe CS Live kunne ikke træde i kraft. Prøv igen senere.</val>
		</str>

		<str name="code_EXCEPTION_DECODE_FAILED" translate="yes">
			<val>Ugyldigt serienummer. Dit abonnement på Adobe CS Live kunne ikke træde i kraft.</val>
		</str>
		<str name="code_EXCEPTION_NO_SUCH_USER" translate="yes">
			<val>Dit abonnement på Adobe CS Live kunne ikke træde i kraft. Prøv igen senere.</val>
		</str>
		<str name="code_EXCEPTION_INVALID_DATA" translate="yes">
			<val>Dit abonnement på Adobe CS Live kunne ikke træde i kraft. Prøv igen senere.</val>
		</str>
		<str name="code_EXCEPTION_WCD_TIMEOUT" translate="yes">
			<val>Dit abonnement på Adobe CS Live kunne ikke træde i kraft. Prøv igen senere.</val>
		</str>
		<str name="code_EXCEPTION_AUTHENTICATION_TIMEOUT" translate="yes">
			<val>Dit abonnement på Adobe CS Live kunne ikke træde i kraft. Prøv igen senere.</val>
		</str>
		<str name="code_EXCEPTION_SNSERVER_TIMEOUT" translate="yes">
			<val>Dit abonnement på Adobe CS Live kunne ikke træde i kraft. Prøv igen senere.</val>
		</str>
		<str name="code_EXCEPTION_WCD_SESSION_TIMEOUT" translate="yes">
			<val>Dit abonnement på Adobe CS Live kunne ikke træde i kraft. Prøv igen senere.</val>
		</str>
		<str name="code_EXCEPTION_INTERNAL_TIMEOUT" translate="yes">
			<val>Dit abonnement på Adobe CS Live kunne ikke træde i kraft. Prøv igen senere.</val>
		</str>
		<str name="code_EXCEPTION_INTERNAL_SERVER_ERROR" translate="yes">
			<val>Dit abonnement på Adobe CS Live kunne ikke træde i kraft. Prøv igen senere.</val>
		</str>
		<str name="code_EXCEPTION_SUBSCRIPTION_ALREADY_CLAIMED" translate="yes">
			<val>Du er allerede tilmeldt Adobe CS Live. Log på for at bruge tjenesten.</val>
		</str>
		<str name="code_EXCEPTION_CLAIM_ALREADY_PROCESSED" translate="yes">
			<val>Dette serienummer er allerede tilknyttet et andet Adobe CS Live-abonnement. Log på for at bruge tjenesten.</val>
		</str>
		<str name="code_ESS_TIMEOUT" translate="yes">
			<val>Dit abonnement på Adobe CS Live kunne ikke træde i kraft. Prøv igen senere.</val>
		</str>
		<str name="code_ESS_FAILURE" translate="yes">
			<val>Dit abonnement på Adobe CS Live kunne ikke træde i kraft. Prøv igen senere.</val>
		</str>
		<str name="code_EXCEPTION_SYSTEM_UNAVAILABLE_noService_time" translate="yes">
			<val>Adobe-registreringsserveren er i øjeblikket under vedligeholdelse og forventes at være tilgængelig kl. {0}. Vi beklager ulejligheden. Prøv igen på det tidspunkt.</val>
		</str>
		<str name="code_EXCEPTION_SYSTEM_UNAVAILABLE_noService_noTime" translate="yes">
			<val>Adobe-registreringsserveren er i øjeblikket under vedligeholdelse. Vi beklager ulejligheden. Prøv igen senere.</val>
		</str>
		<str name="code_EXCEPTION_SYSTEM_UNAVAILABLE_Service_Time" translate="yes">
			<val>Adobe CS Live er i øjeblikket under vedligeholdelse og forventes at være tilgængelig kl. {0}. Vi beklager ulejligheden. Prøv igen på det tidspunkt.</val>
		</str>
		<str name="code_EXCEPTION_SYSTEM_UNAVAILABLE_Service_noTime" translate="yes">
			<val>Adobe CS Live er i øjeblikket under vedligeholdelse. Vi beklager ulejligheden. Prøv igen senere.</val>
		</str>
	</set>
	
	<set name="dspClaimResponse">
		<str name="failureStatusHeading" translate="yes">
			<val>Dit abonnement på {0} kan ikke startes</val>
		</str>
		
		<str name="supLinkLbl_EXCEPTION_DECODE_FAILED" translate="yes">
			<val>Kontakt kundesupport</val>
		</str>			
		<str name="supLinkLbl_EXCEPTION_NO_SUCH_USER" translate="yes">
			<val>Kontakt kundesupport</val>
		</str>		
		<str name="supLinkLbl_EXCEPTION_INVALID_DATA" translate="yes">
			<val>Kontakt kundesupport</val>
		</str>
		<str name="supLinkLbl_EXCEPTION_SKU_LOOKUP_FAILED" translate="yes">
			<val>Kontakt kundesupport</val>
		</str>		
		<str name="supLinkLbl_EXCEPTION_AUTHENTICATION_TIMEOUT" translate="yes">
			<val>Kontakt kundesupport</val>
		</str>
		<str name="supLinkLbl_EXCEPTION_SNSERVER_TIMEOUT" translate="yes">
			<val>Kontakt kundesupport</val>
		</str>
		<str name="supLinkLbl_EXCEPTION_INTERNAL_TIMEOUT" translate="yes">
			<val>Kontakt kundesupport</val>
		</str>
		<str name="supLinkLbl_EXCEPTION_INTERNAL_SERVER_ERROR" translate="yes">
			<val>Kontakt kundesupport</val>
		</str>
		<str name="supLinkLbl_EXCEPTION_SYSTEM_UNAVAILABLE_time" translate="yes">
			<val>Kontakt kundesupport</val>
		</str>
		<str name="supLinkLbl_EXCEPTION_SYSTEM_UNAVAILABLE" translate="yes">
			<val>Kontakt kundesupport</val>
		</str>
		<str name="supLinkLbl_EXCEPTION_COMPANY_CODE_MISMATCH" translate="yes">
			<val>Få mere at vide</val>
		</str>
		<str name="supLinkLbl_EXCEPTION_SUBSCRIPTION_ALREADY_CLAIMED_DIFF_ADOBEID" translate="yes">
			<val>Kontakt kundesupport</val>
		</str>
		<str name="supLinkLbl_ERROR_WITH_INFO" translate="yes">
			<val>Kontakt kundesupport</val>
		</str>
		<str name="supLinkLbl_GENERIC" translate="yes">
			<val>Kontakt kundesupport</val>
		</str>


		<str name="supLinkURL_EXCEPTION_DECODE_FAILED" translate="yes">
			<val>http://www.adobe.com/go/support_dk</val>
		</str>			
		<str name="supLinkURL_EXCEPTION_NO_SUCH_USER" translate="yes">
			<val>http://www.adobe.com/go/support_dk</val>
		</str>		
		<str name="supLinkURL_EXCEPTION_INVALID_DATA" translate="yes">
			<val>http://www.adobe.com/go/support_dk</val>
		</str>
		<str name="supLinkURL_EXCEPTION_SKU_LOOKUP_FAILED" translate="yes">
			<val>http://www.adobe.com/go/support_dk</val>
		</str>		
		<str name="supLinkURL_EXCEPTION_AUTHENTICATION_TIMEOUT" translate="yes">
			<val>http://www.adobe.com/go/support_dk</val>
		</str>
		<str name="supLinkURL_EXCEPTION_SNSERVER_TIMEOUT" translate="yes">
			<val>http://www.adobe.com/go/support_dk</val>
		</str>
		<str name="supLinkURL_EXCEPTION_INTERNAL_TIMEOUT" translate="yes">
			<val>http://www.adobe.com/go/support_dk</val>
		</str>
		<str name="supLinkURL_EXCEPTION_INTERNAL_SERVER_ERROR" translate="yes">
			<val>http://www.adobe.com/go/support_dk</val>
		</str>
		<str name="supLinkURL_EXCEPTION_SYSTEM_UNAVAILABLE_time" translate="yes">
			<val>http://www.adobe.com/go/support_dk</val>
		</str>
		<str name="supLinkURL_EXCEPTION_SYSTEM_UNAVAILABLE" translate="yes">
			<val>http://www.adobe.com/go/support_dk</val>
		</str>
		<str name="supLinkURL_EXCEPTION_COMPANY_CODE_MISMATCH" translate="yes">
			<val>http://www.adobe.com/go/subscription_learnmore_dk</val>
		</str>
		<str name="supLinkURL_EXCEPTION_SUBSCRIPTION_ALREADY_CLAIMED_DIFF_ADOBEID" translate="yes">
			<val>http://www.adobe.com/go/support_dk</val>
		</str>
		<str name="supLinkURL_ERROR_WITH_INFO" translate="yes">
			<val>http://www.adobe.com/go/support_dk</val>
		</str>
		<str name="supLinkURL_GENERIC" translate="yes">
			<val>http://www.adobe.com/go/support_dk</val>
		</str>
		
		
		<str name="code_EXCEPTION_DECODE_FAILED" translate="yes">
			<val>Klik på Luk, og start produktet igen. Når du starter produktet, bliver du bedt om at starte abonnementet.</val>
		</str>			
		<str name="code_EXCEPTION_NO_SUCH_USER" translate="yes">
			<val>Klik på Luk, og start produktet igen. Når du starter produktet, bliver du bedt om at starte abonnementet.</val>
		</str>		
		<str name="code_EXCEPTION_INVALID_DATA" translate="yes">
			<val>Klik på Luk, og start produktet igen. Når du starter produktet, bliver du bedt om at starte abonnementet.</val>
		</str>
		<str name="code_EXCEPTION_SKU_LOOKUP_FAILED" translate="yes">
			<val>Klik på Luk, og start produktet igen. Når du starter produktet, bliver du bedt om at starte abonnementet.</val>
		</str>		
		<str name="code_EXCEPTION_AUTHENTICATION_TIMEOUT" translate="yes">
			<val>Vent et øjeblik, og prøv igen.</val>
		</str>
		<str name="code_EXCEPTION_SNSERVER_TIMEOUT" translate="yes">
			<val>Vent et øjeblik, og prøv igen.</val>
		</str>
		<str name="code_EXCEPTION_INTERNAL_TIMEOUT" translate="yes">
			<val>Vent et øjeblik, og prøv igen.</val>
		</str>
		<str name="code_EXCEPTION_INTERNAL_SERVER_ERROR" translate="yes">
			<val>Vent et øjeblik, og prøv igen.</val>
		</str>
		<str name="code_EXCEPTION_SYSTEM_UNAVAILABLE_time" translate="yes">
			<val>Vores servere er offline i øjeblikket på grund af planlagt vedligeholdelse. Vi undskylder forsinkelsen og beder dig om at prøve igen kl. {0}.</val>
		</str>
		<str name="code_EXCEPTION_SYSTEM_UNAVAILABLE" translate="yes">
			<val>Vores servere er offline i øjeblikket på grund af planlagt vedligeholdelse. Vi undskylder forsinkelsen og beder dig om at prøve igen senere.</val>
		</str>
		<str name="code_EXCEPTION_COMPANY_CODE_MISMATCH" translate="yes">
			<val>Det land, som produktet er købt i, svarer ikke til det land, der er angivet i din Adobe-konto. Prøv igen med et andet Adobe-id.</val>
		</str>
		<str name="code_EXCEPTION_SUBSCRIPTION_ALREADY_CLAIMED_DIFF_ADOBEID" translate="yes">
			<val>Vores registreringer viser, at dette abonnement i øjeblikket er tildelt til et andet Adobe-id. Log på med det Adobe-id og den adgangskode, du brugte, da du købte abonnementet, og prøv igen. Kontakt kundesupport, hvis problemet fortsætter.</val>
		</str>
		
		<str name="code_ESS_TIMEOUT" translate="yes">
			<val>Vent et øjeblik, og prøv igen.</val>
		</str>
		<str name="code_ESS_FAILURE" translate="yes">
			<val>Vent et øjeblik, og prøv igen.</val>
		</str>
		
		<str name="code_GENERIC" translate="yes">
			<val>Klik på Luk, og start produktet igen. Når du starter produktet, bliver du bedt om at starte abonnementet.</val>
		</str>
	</set>
	
	<set name="bonus">
		<str name="instruct" translate="yes">
			<val>Det serienummer, som du brugte til at aktivere dette produkt, er udløbet. Dette er din sidste mulighed for at starte produktet, før det automatisk deaktiveres. Hvis du vil aktivere det igen, skal du angive et nyt serienummer eller starte en prøveversion ved næste start.</val>
		</str>
		<str name="serial" translate="yes">
			<val>Serienummer til {0}</val>
		</str>
		<str name="purchase" translate="yes">
			<val>Du kan købe et nyt serienummer via Adobe.dk.</val>
		</str>
		<str name="agree" translate="yes">
			<val>Ifølge softwarelicensaftalen forsøger softwaren automatisk at foretage aktiveringen via internettet. Du finder flere oplysninger på {0}www.adobe.com/activation{1}.</val>
		</str>
		<str name="agreeLink" translate="yes">
			<val>http://www.adobe.com/go/activation_dk</val>
		</str>
		<str name="supportLink" translate="yes">
			<val>http://www.adobe.com/go/support_dk</val>
		</str>
	</set>	

	<set name="forced">
		<str name="title" translate="yes">
			<val>Produktet skal aktiveres</val>
		</str>
		<str name="warning" translate="yes">
			<val>{0} kunne ikke aktiveres via en internetforbindelse.</val>
		</str>
		<str name="instruct" translate="yes">
			<val>For at beskytte systemet mod forfalsket eller skadelig kode skal produktet aktiveres for at sikre, at programmet er ægte, og for at du kan bruge produktet. Sørg for, at dit system har forbindelse til internettet, eller følg et af trinnene nedenfor for at aktivere produktet.</val>
		</str>
		<str name="statement_days" translate="yes">
			<val>Du har {0} dage til at foretage aktiveringen. Derefter er det ikke længere muligt at aktivere produktet.</val>
		</str>
		<str name="statement_last" translate="yes">
			<val>Dette er sidste gang, dette produkt kan startes, før det bliver deaktiveret.</val>
		</str>
		<str name="statement_disabled" translate="yes">
			<val>Dette produkt er deaktiveret, fordi der ikke er foretaget produktaktivering.</val>
		</str>
		<str name="rb1" translate="yes">
			<val>Denne computer har nu forbindelse til internettet. Prøv at aktivere igen.</val>
		</str>
		<str name="rb2" translate="yes">
			<val>Denne computer kan ikke aktivere sig selv via internettet.</val>
		</str>
		<str name="rb3" translate="yes">
			<val>Prøv at aktivere via internettet, næste gang jeg starter programmet.</val>
		</str>
		<str name="learn" translate="yes">
			<val>Du kan finde flere oplysninger om Adobes aktiveringspolitik på {0}adobe.com/go/activation_dk{1}</val>
		</str>
		<str name="learnlink" translate="yes">
			<val>http://www.adobe.com/go/activation_dk</val>
		</str>
		<str name="next" translate="yes">
			<val>NÆSTE</val>
		</str>
	</set>	

	<set name="phone">
		<str name="title" translate="yes">
			<val>Produktet skal aktiveres</val>
		</str>
		<str name="instructRet" translate="yes">
			<val>Kontakt {0}Kundesupport{1}, hvis du ikke kan få adgang til internettet vha. denne computer.</val>
		</str>
		<str name="instructVol" translate="yes">
			<val>Bed it-administratoren om at kontakte {0}Kundesupport{1} for at aktivere denne computer.</val>
		</str>
		<str name="requireRet" translate="yes">
			<val>Oplys følgende til Kundesupport-agenten.</val>
		</str>
		<str name="requireVol" translate="yes">
			<val>Bed it-administratoren om at oplyse følgende til Kundesupport.</val>
		</str>
		<str name="problem" translate="yes">
			<val>Problem:</val>
		</str>
		<str name="license" translate="yes">
			<val>Licens:</val>
		</str>
		<str name="detail1" translate="yes">
			<val>Detaljering 1:</val>
		</str>
		<str name="detail2" translate="yes">
			<val>Detaljering 2:</val>
		</str>
		<str name="serialRet" translate="yes">
			<val>Angiv nummeret, hvis du fik et af Kundesupport-agenten.</val>
		</str>
		<str name="serialVol" translate="yes">
			<val>Angiv nummeret, hvis du fik et af it-administratoren.</val>
		</str>
		<str name="learn" translate="yes">
			<val>Du kan finde flere oplysninger om Adobes aktiveringspolitik på {0}adobe.com/go/activation_dk{1}</val>
		</str>
		<str name="learnlink" translate="yes">
			<val>http://www.adobe.com/go/activation_dk</val>
		</str>
		<str name="back" translate="yes">
			<val>TILBAGE</val>
		</str>
		<str name="done" translate="yes">
			<val>UDFØRT</val>
		</str>
	</set>
	
	<set name="subWelcome_1_2">
		<str name="info" translate="no">
			<val>To launch your product you will need a subscription serial number. Click SUBSCRIBE NOW if you are new to Creative Suite Subscriptions.</val>
		</str>
		<str name="current" translate="no">
			<val>Current Subscribers</val>
		</str>
		<str name="currentInfo" translate="no">
			<val>If you already have a Design Premium CS5 Subscription Edition serial number, please click NEXT to enter it and begin. All current subscribers of Design Premium CS4 Subscription Edition should have received an upgrade serial number via email.</val>
		</str>
		<str name="setUp" translate="no">
			<val>Set up your new subscription account</val>
		</str>
		<str name="billing" translate="no">
			<val>Subscription billing and management is handled through eSellerate, a third party provider.</val>
		</str>
		<str name="subscribeNow" translate="no">
			<val>SUBSCRIBE NOW</val>
		</str>
		<str name="newPurchase" translate="no">
			<val>All newly purchased subscriptions include a coupon code (located on the back of your disk) that you will be able to redeem to receive your first month of subscription for free.</val>
		</str>
		<str name="next" translate="no">
			<val>NEXT</val>
		</str>
		<str name="quit" translate="no">
			<val>QUIT</val>
		</str>
	</set>

	<set name="subMain_1_2">
		<str name="subscribeNow" translate="no">
			<val>SUBSCRIBE NOW</val>
		</str>
		<str name="buyLink" translate="no">
			<val>http://www.esellerate.net</val>
		</str>
		<str name="subscriptionInfo" translate="no">
			<val>Subscription billing and management is handled through eSellerate, a third party provider.</val>
		</str>
		<str name="expiredInfo" translate="no">
			<val>To use the product you will need to purchase a subscription through eSellerate.</val>
		</str>
	</set>
	
	<set name="claimResponse_1_2">
		<str name="code_" translate="no">
			<val></val>
		</str>
		<str name="code_EXCEPTION_DECODE_FAILED" translate="no">
			<val>Invalid serial number. Could not start your CS5 Design Premium subscription.</val>
		</str>
		<str name="code_EXCEPTION_NO_SUCH_USER" translate="no">
			<val>Could not start your CS5 Design Premium subscription. Try again later.</val>
		</str>
		<str name="code_EXCEPTION_INVALID_DATA" translate="no">
			<val>Could not start your CS5 Design Premium subscription. Try again later.</val>
		</str>
		<str name="code_EXCEPTION_WCD_TIMEOUT" translate="no">
			<val>Could not start your CS5 Design Premium subscription. Try again later.</val>
		</str>
		<str name="code_EXCEPTION_SNSERVER_TIMEOUT" translate="no">
			<val>Could not start your CS5 Design Premium subscription. Try again later.</val>
		</str>
		<str name="code_EXCEPTION_WCD_SESSION_TIMEOUT" translate="no">
			<val>Could not start your CS5 Design Premium subscription. Try again later.</val>
		</str>
		<str name="code_EXCEPTION_INTERNAL_TIMEOUT" translate="no">
			<val>Could not start your CS5 Design Premium subscription. Try again later.</val>
		</str>
		<str name="code_EXCEPTION_INTERNAL_SERVER_ERROR" translate="no">
			<val>Could not start your CS5 Design Premium subscription. Try again later.</val>
		</str>
		<str name="code_ESS_TIMEOUT" translate="no">
			<val>Could not start your CS5 Design Premium subscription. Try again later.</val>
		</str>
		<str name="code_ESS_FAILURE" translate="no">
			<val>Could not start your CS5 Design Premium subscription. Try again later.</val>
		</str>
		<str name="code_EXCEPTION_SYSTEM_UNAVAILABLE" translate="no">
			<val>We are currently undergoing maintenance. We apologize for this inconvenience. Please try again later to start your subscription.</val>
		</str>
	</set>

	<set name="subError_1_2">
		<str name="associateFailed" translate="no">
			<val>We are unable to activate your product at this time. You can hit the Back button to try to activate the product again, or to attempt to launch the product in trial mode.</val>
		</str>
		<str name="associateFailed_ID" translate="no">
			<val>We are unable to activate your product at this time. You can hit the Back button to try to activate the product again.</val>
		</str>
		<str name="assocUserNotAuthErr" translate="no">
			<val>The Adobe ID you entered is different than the Adobe ID used to originally activate this subscription. You can hit the Back button to try to activate the product again using a different Adobe ID, or to activate the product using a new subscription serial number.</val>
		</str>
		<str name="assocUserNotAuthErr_ID" translate="no">
			<val>The Adobe ID you entered is different than the Adobe ID used to originally activate this subscription. You can hit the Back button to try to activate the product again using a different Adobe ID.</val>
		</str>
		<str name="checkEntitlementFailed" translate="no">
			<val>We are unable to activate your product at this time. Please try again later.</val>
		</str>
		<str name="disAllIntervalErr" translate="no">
			<val>You have exceeded the maximum number of deactivation attempts allowed in this time period. Please try again later.</val>
		</str>
	</set>

	<set name="subExpired_1_2">
		<str name="instruct_exp" translate="no">
			<val>The serial number you used to purchase this product has expired. If you did not intend to let your Design Premium subscription expire, please call Adobe Customer Care at 
1800-614-863 to resolve the issue.</val>
		</str>
		<str name="instruct_bonus" translate="no">
			<val>The serial number you used to purchase this product has expired. This is your last opportunity to launch the product before it is automatically deactivated. To reactivate, you must provide a new serial number now. If not, your next launch will start  in trial mode and you can provide a new serial number at that time. If you did not intend to let your Design Premium subscription expire, please call Adobe Customer Care at 1800-614-863 to resolve the issue.</val>
		</str>
		<str name="serial" translate="no">
			<val>Serial number for {0}</val>
		</str>
		<str name="purchase" translate="no">
			<val>You can purchase a new subscription serial number through eSellerate, a third party provider.</val>
		</str>
		<str name="back" translate="no">
			<val>BACK</val>
		</str>
		<str name="continue" translate="no">
			<val>CONTINUE</val>
		</str>
		<str name="subscribeNow" translate="no">
			<val>SUBSCRIBE NOW</val>
		</str>
	</set>
	
	<set name="subOverAct_1_2">
		<str name="disassociate" translate="no">
			<val>Deactivate all computers and retry activation. You will be able to reactivate on one of your other computers by logging in with your Adobe ID at product launch.</val>
		</str>
		<str name="provide" translate="no">
			<val>Provide another serial number for this product.</val>
		</str>
		<str name="subscribeNow" translate="no">
			<val>SUBSCRIBE NOW</val>
		</str>
		<str name="back" translate="no">
			<val>BACK</val>
		</str>
		<str name="continue" translate="no">
			<val>CONTINUE</val>
		</str>
	</set>
	
	<set name="subConErr_1_2">
		<str name="title" translate="no">
			<val>Verifying Subscription Status</val>
		</str>
		<str name="progress" translate="no">
			<val>Verifying Subscription Status...</val>
		</str>
		<str name="contact" translate="no">
			<val>We need to contact Adobe Servers every thirty days to validate the status of your Design Premium subscription. In order to conduct this validation you must be connected to the internet. After we have verified your status, you can disconnect from the internet.</val>
		</str>
		<str name="contactExp" translate="no">
			<val>We need to contact Adobe Servers every thirty days to validate the status of your Design Premium subscription. In order to conduct this validation you must be connected to the internet. After we have verified your status, you can disconnect from the internet. If you do not successfully connect to the internet, this will be the last time you will be able to launch your product offline.</val>
		</str>
		<str name="error" translate="no">
			<val>Please connect to the Internet, then press Continue</val>
		</str>			
		<str name="assist" translate="no">
			<val>Connection Support</val>
		</str>			
		<str name="continue" translate="no">
			<val>CONTINUE</val>
		</str>
		<str name="assistlink" translate="no">
			<val>http://www.adobe.com</val>
		</str>
		<str name="continue" translate="no">
			<val>CONTINUE</val>
		</str>
	</set>
	
	<set name="dspReminder">
		<str name="reminder" translate="yes">
			<val>Påmindelse om abonnement</val>
		</str>
		<str name="grace" translate="yes">
			<val>Abonnementet er udløbet</val>
		</str>
		<str name="infoReminder" translate="yes">
			<val>Dit abonnement udløber snart.</val>
		</str>
		<str name="infoGrace" translate="yes">
			<val>Dit abonnement på {0} er udløbet.</val>
		</str>
		<str name="offline" translate="yes">
			<val>Der kan ikke oprettes forbindelse til internettet. Kontroller forbindelsesindstillingerne, og vælg Prøv igen.</val>
		</str>
		<str name="reminderPeriod" translate="yes">
			<val>Vores registreringer angiver, at der ikke er knyttet et kreditkort til denne abonnementskonto. Vælg Forny for at angive et kreditkort og forny abonnementet.</val>
		</str>
		<str name="reminderPeriodOffline" translate="yes">
			<val>Vores registreringer angiver, at der ikke er knyttet et kreditkort til denne abonnementskonto. Vælg Forny for at angive et kreditkort og forny abonnementet.</val>
		</str>
		<str name="gracePeriod" translate="yes">
			<val>Vælg Forny for at fortsætte med at bruge produktet uforstyrret. Du har en kort prøveperiode, hvor du kan forny abonnementet. Når den er udløbet, vil du ikke længere have adgang til produktet.</val>
		</str>
		<str name="gracePeriodOffline" translate="yes">
			<val>Du skal have en aktiv internetforbindelse for at kunne bruge dette produkt. Du har en kort prøveperiode, hvor du kan forny abonnementet. Når den er udløbet, vil du ikke længere have adgang til produktet.</val>
		</str>
		<str name="bonusPeriod" translate="yes">
			<val>Vælg Forny for at fortsætte med at bruge produktet uforstyrret. Du har ikke længere adgang til produktet, medmindre du fornyr abonnementet. Hvis du lige har fornyet abonnementet, skal du vente mindst 15 minutter og derefter starte produktet igen.</val>
		</str>
		<str name="viewPolicy" translate="yes">
			<val>Vis abonnementspolitik</val>
		</str>
		<str name="subPolicyLink" translate="yes">
			<val>http://www.adobe.com/go/subscription_policy_dk</val>
		</str>
		<str name="subscriptionLink" translate="no">
			<val>http://www.adobe.com/go/subscriptionedition</val>
		</str>
		<str name="daysRemain" translate="yes">
			<val>RESTERENDE DAGE</val>
		</str>
		<str name="daysRemainAlternate" translate="yes">
			<val>DAG TILBAGE</val>
		</str>
		<str name="later" translate="yes">
			<val>PÅMIND MIG SENERE</val>
		</str>
		<str name="continue" translate="yes">
			<val>FORTSÆT</val>
		</str>
		<str name="tryAgain" translate="yes">
			<val>PRØV IGEN</val>
		</str>
		<str name="renew" translate="yes">
			<val>FORNY</val>
		</str>
	</set>
	
	<set name="dspExpired">
		<str name="title" translate="yes">
			<val>Abonnementet er udløbet</val>
		</str>
		<str name="renewOption" translate="yes">
			<val>Forny mit abonnement på {0}</val>
		</str>
		<str name="renewMsg" translate="yes">
			<val>Vælg Forny for at fortsætte med at bruge produktet uforstyrret. Hvis du lige har fornyet abonnementet, skal du vente 15 minutter og prøve igen.</val>
		</str>
		<str name="renewLinkText" translate="yes">
			<val>Forny</val>
		</str>
		<str name="renewLink" translate="no">
			<val>http://www.adobe.com/go/subscriptionedition</val>
		</str>
		<str name="serialOption" translate="yes">
			<val>Angiv et nyt serienummer</val>
		</str>
		<str name="purchaseLinkText" translate="yes">
			<val>Køb Adobe-software</val>
		</str>
		<str name="serialError" translate="yes">
			<val>Dette serienummer er ikke gyldigt til dette produkt.</val>
		</str>
		<str name="locateTT" translate="yes">
			<val>Du finder dit serienummer på bagsiden af dvd-kassetten, på licenscertifikatet til Adobe Open Options eller i den e-mail, du modtog som kvittering fra Adobe.com Store (gælder kun køb via overførsel).</val>
		</str>
		<str name="used" translate="yes">
			<val>Dette serienummer vil blive brugt til: {0}</val>
		</str>			
		<str name="agree" translate="yes">
			<val>Ifølge softwarelicensaftalen forsøger softwaren automatisk at foretage aktiveringen via internettet. Du finder flere oplysninger på {0}www.adobe.com/activation{1}.</val>
		</str>
		<str name="activationLink" translate="yes">
			<val>http://www.adobe.com/go/activation_dk</val>
		</str>
		<str name="continue" translate="yes">
			<val>FORTSÆT</val>
		</str>
		<str name="tryAgain" translate="yes">
			<val>PRØV IGEN</val>
		</str>
		<str name="quit" translate="yes">
			<val>AFSLUT</val>
		</str>
	</set>
	
	<set name="dspOverActivation">
		<str name="title" translate="yes">
			<val>Aktivering</val>
		</str>
		<str name="limit" translate="yes">
			<val>{0} er allerede aktiveret på en anden computer</val>
		</str>
		<str name="alreadyActivated" translate="yes">
			<val>Vores registreringer viser, at dette produkt allerede er aktiveret på en anden computer. Vælg Næste for at aktivere abonnementet på denne computer og deaktivere det på alle andre computere.</val>
		</str>
		<str name="actPolicyLinkText" translate="yes">
			<val>Vis aktiveringspolitik</val>
		</str>
		<str name="actPolicyLink" translate="yes">
			<val>http://www.adobe.com/go/activation_dk</val>
		</str>
		<str name="quit" translate="yes">
			<val>AFSLUT</val>
		</str>
		<str name="next" translate="yes">
			<val>NÆSTE</val>
		</str>
	</set>
	
	<set name="dspUnableToActivate">
		<str name="title" translate="yes">
			<val>Aktivering</val>
		</str>
		<str name="failureMessage" translate="yes">
			<val>Vi kan ikke aktivere {0}</val>
		</str>
		<str name="labelHead" translate="yes">
			<val>Der kræves produktaktivering for at kunne bruge dette produkt</val>
		</str>
		<str name="message" translate="yes">
			<val>Du skal have en aktiv internetforbindelse for at kunne aktivere dette produkt. Kontroller dine forbindelsesindstillinger, og vælg Prøv igen.</val>
		</str>
		<str name="activationMessage" translate="yes">
			<val>Du kan finde flere oplysninger om aktivering under {0}Adobes aktiveringspolitik{1}.</val>
		</str>
		<str name="activationLink" translate="yes">
			<val>http://www.adobe.com/go/activation_dk</val>
		</str>
		<str name="quit" translate="yes">
			<val>AFSLUT</val>
		</str>
		<str name="tryAgain" translate="yes">
			<val>PRØV IGEN</val>
		</str>
	</set>
	
	<set name="dspErrorTryAgain">
		<str name="title" translate="yes">
			<val>Prøv igen</val>
		</str>
		<str name="header" translate="yes">
			<val>Vi kan ikke starte dit abonnement på {0}</val>
		</str>
		
		<str name="checkEntitlementGenericError_Title" translate="yes">
			<val>Abonnementet på {0} kan ikke startes</val>
		</str>
		<str name="checkEntitlementGenericError_Message" translate="yes">
			<val>Vent et øjeblik, og prøv igen.</val>
		</str>
		<str name="checkEntitlementGenericError_LinkText" translate="yes">
			<val>Kontakt kundesupport</val>
		</str>
		<str name="checkEntitlementGenericError_Link" translate="yes">
			<val>http://www.adobe.com/go/support_dk</val>
		</str>
		<str name="checkEntitlementGenericError_Next" translate="yes">
			<val>PRØV IGEN</val>
		</str>
		<str name="checkEntitlementGenericError_Back" translate="yes">
			<val>LUK</val>
		</str>
		
		<str name="checkEntitlementOfflineError_Title" translate="yes">
			<val>Du har ikke forbindelse til internettet i øjeblikket</val>
		</str>
		<str name="checkEntitlementOfflineError_Message" translate="yes">
			<val>Du skal have forbindelse til internettet for at kunne bruge dette produkt. Kontroller, at din netværksforbindelse er aktiv, og klik på knappen for at prøve igen. Kontakt kundesupport, hvis du fortsætter med at opleve fejlen.</val>
		</str>
		<str name="checkEntitlementOfflineError_LinkText" translate="yes">
			<val>Kontakt kundesupport</val>
		</str>
		<str name="checkEntitlementOfflineError_Link" translate="yes">
			<val>http://www.adobe.com/go/support_dk</val>
		</str>
		<str name="checkEntitlementOfflineError_Next" translate="yes">
			<val>PRØV IGEN</val>
		</str>
		<str name="checkEntitlementOfflineError_Back" translate="yes">
			<val>TILBAGE</val>
		</str>
		
		<str name="tryAgain" translate="yes">
			<val>PRØV IGEN</val>
		</str>
		<str name="close" translate="yes">
			<val>LUK</val>
		</str>
	</set>
	
	<set name="dspVerified">
		<str name="title" translate="yes">
			<val>Tak!</val>
		</str>
		<str name="verified" translate="yes">
			<val>Dit abonnement på {0} er nu aktivt. Vælg Fortsæt for at bruge produktet.</val>
		</str>
		<str name="continue" translate="yes">
			<val>FORTSÆT</val>
		</str>
	</set>
	
	<set name="calendar">
		<str name="remaining" translate="yes">
			<val>{0} dage tilbage</val>
		</str>
		<str name="remainingAlternate" translate="yes">
			<val>{0} dag tilbage</val>
		</str>
	</set>
	
	<set name="dspPrescreenResponse">
		<str name="header_NOT_ENABLED" translate="yes">
			<val>Dit abonnement på {0} er udløbet</val>
		</str>
		<str name="body_NOT_ENABLED" translate="yes">
			<val>Forny dit abonnement, eller klik på Tilbage for at angive et andet serienummer.</val>
		</str>
		<str name="linkText_NOT_ENABLED" translate="yes">
			<val>Forny mit abonnement</val>
		</str>
		<str name="link_NOT_ENABLED" translate="no">
			<val>http://www.adobe.com/go/subscriptionedition</val>
		</str>
		<str name="header_OFFLINE" translate="yes">
			<val>Der kan ikke oprettes forbindelse til internettet</val>
		</str>
		<str name="body_OFFLINE" translate="yes">
			<val>Du skal have en aktiv internetforbindelse for at kunne bruge dette produkt. Kontroller dine forbindelsesindstillinger, og vælg Prøv igen. Kontakt kundesupport, hvis du stadig oplever problemer.</val>
		</str>
		<str name="linkText_OFFLINE" translate="yes">
			<val>Kontakt kundesupport</val>
		</str>
		<str name="link_OFFLINE" translate="yes">
			<val>http://www.adobe.com/go/support_dk</val>
		</str>
		<str name="header_GENERIC_ERROR" translate="yes">
			<val>Vi kan ikke starte dit abonnement på {0}</val>
		</str>
		<str name="body_GENERIC_ERROR" translate="yes">
			<val>Vent et øjeblik, og prøv igen.</val>
		</str>
		<str name="linkText_GENERIC_ERROR" translate="yes">
			<val>Kontakt kundesupport</val>
		</str>
		<str name="link_GENERIC_ERROR" translate="yes">
			<val>http://www.adobe.com/go/support_dk</val>
		</str>
		<str name="back" translate="yes">
			<val>TILBAGE</val>
		</str>
		<str name="tryAgain" translate="yes">
			<val>PRØV IGEN</val>
		</str>
	</set>
	
	<set name="dspSuspended">
		<str name="title_actSuspended" translate="yes">
			<val>Aktivering</val>
		</str>
		<str name="header_actSuspended" translate="yes">
			<val>Vi kan ikke aktivere {0}</val>
		</str>
		<str name="msg1_actSuspended" translate="yes">
			<val>Datoen på dit system svarer ikke til datoen på vores server.</val>
		</str>
		<str name="msg2_actSuspended" translate="yes">
			<val>Dato på Adobe-server: {0}</val>
		</str>
		<str name="msg3_actSuspended" translate="yes">
			<val>Systemdatoen kan være op til tre dage forud eller bagud i forhold til datoen på Adobe-serveren. Kontroller datoindstillingerne på din computer, og vælg Prøv igen. Kontakt kundesupport, hvis du stadig oplever problemer.</val>
		</str>

		<str name="title_subSuspended" translate="yes">
			<val>Abonnement - afbrydelse</val>
		</str>
		<str name="header_subSuspended" translate="yes">
			<val>Abonnementet på {0} er afbrudt.</val>
		</str>
		<str name="msg1_subSuspended" translate="yes">
			<val>Datoen på dit system svarer ikke til datoen på vores server.</val>
		</str>
		<str name="msg2_subSuspended" translate="yes">
			<val>Dato på Adobe-server: {0}</val>
		</str>
		<str name="msg3_subSuspended" translate="yes">
			<val>Din systemdato kan være op til tre dage foran eller bagefter datoen på Adobe-serveren. Kontroller datoindstillingerne på din computer, og vælg Prøv igen. Kontakt kundesupport, hvis du stadig oplever problemer.</val>
		</str>
		
		<str name="title_subWindback" translate="yes">
			<val>Abonnement - afbrydelse</val>
		</str>
		<str name="header_subWindback" translate="yes">
			<val>Abonnementet på {0} er afbrudt.</val>
		</str>
		<str name="msg1_subWindback" translate="yes">
			<val>Klokkeslættet og datoen på systemet kan være ændret.</val>
		</str>
		<str name="msg3_subWindback" translate="yes">
			<val>Kontroller dato- og klokkeslætsindstillingerne på din computer, og vælg Prøv igen. Kontakt kundesupport, hvis du stadig oplever problemer.</val>
		</str>

		<str name="custSuppAsst" translate="yes">
			<val>Kontakt kundesupport</val>
		</str>
		<str name="supportlink" translate="yes">
			<val>http://www.adobe.com/go/support_dk</val>
		</str>
		<str name="actPolicyLinkText" translate="yes">
			<val>Vis aktiveringspolitik</val>
		</str>
		<str name="actPolicyLink" translate="yes">
			<val>http://www.adobe.com/go/activation_dk</val>
		</str>
		<str name="quit" translate="yes">
			<val>AFSLUT</val>
		</str>
		<str name="tryAgain" translate="yes">
			<val>PRØV IGEN</val>
		</str>
	</set>
	
	<set name="dateTimeFormats">
		<str name="dateFormat_Long" translate="yes">
			<val>{1}. {0} {2}</val>
		</str>
	</set>

	<set name="monthsFull">
		<str name="1" translate="yes">
			<val>jan</val>
		</str>
		<str name="2" translate="yes">
			<val>feb</val>
		</str>
		<str name="3" translate="yes">
			<val>mar</val>
		</str>
		<str name="4" translate="yes">
			<val>apr</val>
		</str>
		<str name="5" translate="yes">
			<val>maj</val>
		</str>
		<str name="6" translate="yes">
			<val>jun</val>
		</str>
		<str name="7" translate="yes">
			<val>jul</val>
		</str>
		<str name="8" translate="yes">
			<val>aug</val>
		</str>
		<str name="9" translate="yes">
			<val>sep</val>
		</str>
		<str name="10" translate="yes">
			<val>okt</val>
		</str>
		<str name="11" translate="yes">
			<val>nov</val>
		</str>
		<str name="12" translate="yes">
			<val>dec</val>
		</str>
	</set>
	
	<set name="authProxy">
		<str name="instruct" translate="yes">
			<val>Angiv brugernavn og adgangskode til proxyserveren:</val>
		</str>
		<str name="username" translate="yes">
			<val>Brugernavn:</val>
		</str>
		<str name="password" translate="yes">
			<val>Adgangskode:</val>
		</str>
		<str name="remember" translate="yes">
			<val>Husk min adgangskode</val>
		</str>
		<str name="fail" translate="yes">
			<val>Brugeren kunne ikke godkendes. Kontroller brugernavnet og adgangskoden, og prøv igen.</val>
		</str>
		<str name="ok" translate="yes">
			<val>OK</val>
		</str>
		<str name="cancel" translate="yes">
			<val>ANNULLER</val>
		</str>
	</set>

	<set name="isoToLanguage">
								<str name="ar_AE" translate="no"><val>العربية</val></str>
		<str name="en_GB" translate="no"><val>English (International)</val></str> 
		<str name="fr_CA" translate="no"><val>Français canadien</val></str>
		<str name="es_QM" translate="no"><val>Español (Middle East)</val></str>
		<str name="es_LA" translate="no"><val>Español de América Latina</val></str>
		<str name="es_NA" translate="no"><val>Español Norteamericano</val></str>
		<str name="bg_BG" translate="no"><val>Български</val></str>
		<str name="lv_LV" translate="no"><val>Latviešu</val></str>
		<str name="et_EE" translate="no"><val>Eesti</val></str>
		<str name="hr_HR" translate="no"><val>hrvatski</val></str>
		<str name="sl_SI" translate="no"><val>slovenščina</val></str>
		<str name="sk_SK" translate="no"><val>slovenčina</val></str>
		<str name="th_TH" translate="no"><val>ภาษาไทย</val></str> 
		<str name="vi_VN" translate="no"><val>Việt</val></str>
		<str name="en_XC" translate="no"><val>English (Central Europe)</val></str> 
		<str name="en_XM" translate="no"><val>English (Middle East)</val></str>
		<str name="fr_XM" translate="no"><val>Français Oriental Moyen</val></str>
		<str name="sq_AL" translate="no"><val>Shqip</val></str> 
								<str name="ar_SA" translate="no"><val>العربية</val></str>
		<str name="be_BY" translate="no"><val>Беларуская</val></str> 
		<str name="ca_ES" translate="no"><val>Català</val></str> 
								<str name="hi_IN" translate="no"><val>हिन्दी</val></str>
		<str name="is_IS" translate="no"><val>Íslenska</val></str> 
		<str name="lt_LT" translate="no"><val>Lietuvių</val></str>
		<str name="mk_MK" translate="no"><val>македонски</val></str>
		<str name="nn_NO" translate="no"><val>Norsk (Nynorsk)</val></str>
		<str name="pt_PT" translate="no"><val>Português de Portugal</val></str> 
		<str name="sh_YU" translate="no"><val>Srpsko-Hrvatski</val></str> 
		<str name="sr_YU" translate="no"><val>Cрпски</val></str> 
		<str name="kk_KZ" translate="no"><val>Қазақ</val></str>
		<str name="az_AZ" translate="no"><val>Azərbaycan dili</val></str> 
		<str name="es_MX" translate="no"><val>Español (América Latina)</val></str>
		<str name="no_NO" translate="no"><val>Norwegian</val></str> 
		<str name="cs_CZ" translate="no"><val>Česky</val></str>
		<str name="de_DE" translate="no"><val>Deutsch</val></str>
		<str name="el_GR" translate="no"><val>Ελληνικά</val></str>
		<str name="en_US" translate="no"><val>English (North America)</val></str> 
		<str name="es_ES" translate="no"><val>Español</val></str> 
		<str name="fr_FR" translate="no"><val>Français</val></str>
								<str name="he_IL" translate="no"><val>עברית</val></str> 
		<str name="hu_HU" translate="no"><val>Magyar</val></str> 
		<str name="it_IT" translate="no"><val>Italiano</val></str>
		<str name="ja_JP" translate="no"><val>日本語</val></str>
		<str name="ko_KR" translate="no"><val>한국어</val></str>
		<str name="nl_NL" translate="no"><val>Nederlands</val></str>
		<str name="pl_PL" translate="no"><val>Polski</val></str>
		<str name="ro_RO" translate="no"><val>Română</val></str>
		<str name="ru_RU" translate="no"><val>Pусский</val></str>
		<str name="sv_SE" translate="no"><val>Svenska</val></str>
		<str name="tr_TR" translate="no"><val>Türkçe</val></str>
		<str name="uk_UA" translate="no"><val>Українська</val></str>
		<str name="zh_CN" translate="no"><val>简体中文</val></str>
		<str name="zh_TW" translate="no"><val>繁體中文</val></str>
		<str name="da_DK" translate="no"><val>Dansk</val></str>
		<str name="fi_FI" translate="no"><val>Suomi</val></str>
		<str name="nb_NO" translate="no"><val>Norsk (Bokmål)</val></str> 
		<str name="pt_BR" translate="no"><val>Português do Brasil</val></str>
	</set>
		
</asf>
