<?xml version='1.0' encoding='utf-8'?>
<!DOCTYPE asf SYSTEM "http://ns.adobe.com/asf/asf_1_0.dtd" >
<asf xmlns="http://ns.adobe.com/asf" locale="nb_NO" version="1.0">
	<set name="ButtonLabel">
		<str name="Quit" translate="yes">
			<val>Avslutt</val>
		</str>
		<str name="Yes" translate="yes">
			<val>Ja</val>
		</str>
		<str name="Cancel" translate="yes">
			<val>Avbryt</val>
		</str>
		<str name="Browse" translate="yes">
			<val>Bla gjennom</val>
		</str>
		<str name="Retry" translate="yes">
			<val>Prøv på nytt</val>
		</str>
		<str name="Pause" translate="yes">
			<val>Pause</val>
		</str>
		<str name="Resume" translate="yes">
			<val>Fortsett</val>
		</str>
		<str name="No" translate="yes">
			<val>Nei</val>
		</str>
		<str name="save" translate="yes">
			<val>Lagre</val>
		</str>
		<str name="decline" translate="yes">
			<val>Avslå</val>
		</str>
		<str name="accept" translate="yes">
			<val>Godta</val>
		</str>
		<str name="cancelInstall" translate="yes">
			<val>Avbryt installasjon</val>
		</str>
		<str name="continue" translate="yes">
			<val>Fortsett</val>
		</str>
	</set>
	<set name="downloadScreen">
		<str name="title" translate="yes">
			<val>Last ned</val>
		</str>
	</set>
	<set name="Updates">
		<str name="regularUp" translate="yes">
			<val>Vanlige oppdateringer</val>
		</str>
		<str name="regularUpWithReboot" translate="yes">
			<val>Vanlige oppdateringer. (Krever omstart)</val>
		</str>
		<str name="Update" translate="yes">
			<val>Oppdater</val>
		</str>
		<str name="UpToDate" translate="yes">
			<val>Oppdatert</val>
		</str>
		<str name="newFeatures" translate="yes">
			<val>Nye funksjoner!</val>
		</str>
		<str name="newFeaturesWtihReboot" translate="yes">
			<val>Nye funksjoner.</val>
		</str>
		<str name="RestartReq" translate="yes">
			<val>(Omstart kreves)</val>
		</str>
		<str name="securityUp" translate="yes">
			<val>Sikkerhetsoppdateringer.</val>
		</str>
		<str name="securityUpWithReboot" translate="yes">
			<val>Sikkerhetsoppdateringer. (Krever omstart)</val>
		</str>
		<str name="Updates" translate="yes">
			<val>Oppdateringer</val>
		</str>
		<str name="UpdatesCount" translate="yes">
			<val>Oppdateringer ({0})</val>
		</str>
		<str name="Updating" translate="yes">
			<val>Oppdaterer ...</val>
		</str>
		<str name="UpdateFail" translate="yes">
			<val>Oppdateringen mislyktes</val>
		</str>
		<str name="Updated" translate="yes">
			<val>Oppdatert</val>
		</str>
		<str name="UpdateAll" translate="yes">
			<val>Oppdater alle</val>
		</str>
		<str name="finishingUp" translate="yes">
			<val>Avslutter ...</val>
		</str>
		<str name="UpdateWait" translate="yes">
			<val>Venter på å bli oppdatert</val>
		</str>
		<str name="NoNewUpdate" translate="yes">
			<val>Ingen nye oppdateringer.</val>
		</str>
		<str name="UpdatingAll" translate="yes">
			<val>Oppdaterer alle apper ...</val>
		</str>
		<str name="CancellingUpdate" translate="yes">
			<val>Avbryter oppdatering ...</val>
		</str>
		<str name="CancelUpdate" translate="yes">
			<val>Avbryt oppdatering</val>
		</str>
	</set>
	<set name="EulaScreen">
		<str name="title" translate="yes">
			<val>Brukeravtale for Adobe-programvare</val>
		</str>
	</set>
	<set name="NavigationPanel">
		<str name="preferences" translate="yes">
			<val>Mine innstillinger</val>
		</str>
		<str name="OnlyPreferences" translate="yes">
			<val>Innstillinger</val>
		</str>
		<str name="help" translate="yes">
			<val>Hjelp</val>
		</str>
		<str name="signOut" translate="yes">
			<val>Logg av</val>
		</str>
		<str name="allApps" translate="yes">
			<val>Alle</val>
		</str>
		<str name="allAppsCount" translate="yes">
			<val>Alle ({0})</val>
		</str>
		<str name="newApps" translate="yes">
			<val>Nye programmer ({0})</val>
		</str>
	</set>

	<set name="PreferenceScreen">
		<str name="title" translate="yes">
			<val>Innstillinger</val>
		</str>
		<str name="installOptions" translate="yes">
			<val>Installasjonsalternativer</val>
		</str>
		<str name="language" translate="yes">
			<val>Språk:</val>
		</str>
		<str name="installLocation" translate="yes">
			<val>Installeringsplassering:</val>
		</str>
		<str name="useDefaultInstallLocation" translate="yes">
			<val>Bruk standardplassering...</val>
		</str>
		<str name="usingDefaultInstallLocation" translate="yes">
			<val>Standardplassering...</val>
		</str>
		<str name="defaultOptions" translate="yes">
			<val>Bruk alltid standardvalgene for installering.</val>
		</str>
		<str name="reportsTitle" translate="yes">
			<val>Rapporter</val>
		</str>
		<str name="analyticsReport" translate="yes">
			<val>Hjelp Adobe med å forbedre nedlastings- og installasjonsopplevelsen ved å sende statusrapporter om installasjonen.</val>
		</str>
	</set>
	<set name="PreferencePathError">
			<str name="LongPath" translate="yes">
				<val>Den valgte installasjonsbanen er for lang.</val>
			</str>
			<str name="RootDrive" translate="yes">
				<val>Installasjon på roten av en stasjon støttes ikke.</val>
			</str>
			<str name="RemovableDrive" translate="yes">
				<val>Installasjon på en flyttbar Flash-stasjon støttes ikke.</val>
			</str>
			<str name="MappedDrive" translate="yes">
				<val>Installasjon på tilordnede nettverksstasjoner støttes ikke.</val>
			</str>
			<str name="CaseSensitive" translate="yes">
				<val>Installasjon på stasjoner der det skilles mellom små og store bokstaver, støttes ikke</val>
			</str>
			<str name="LockedPath" translate="yes">
				<val>Installasjon på en låst plassering støttes ikke.</val>
			</str>
			<str name="Generic" translate="yes">
				<val>Kan ikke installere på angitt plassering.</val>
			</str>
		</set>
	<set name="networkErrors">
		<str name="networkDisconnect" translate="yes">
			<val>Koble til Internett og prøv på nytt.</val>
		</str>
	</set>
	<set name="fileSystemError">
		<str name="fileWriteError" translate="yes">
			<val>Kan ikke skrive til {0}. Velg en annen mappe for å fortsette.</val>
		</str>
		<str name="writePermissionError" translate="yes">
			<val>Du har ikke tillatelse til å skrive til {0}. Angi skrivetillatelser til denne mappen, og prøv på nytt.</val>
		</str>
	</set>
	<set name="Progress">
		<str name="extractionProgress" translate="yes">
			<val>Pakker ut...</val>
		</str>
		<str name="extractionWait" translate="yes">
			<val>Venter på å pakke ut...</val>
		</str>
		<str name="downloading" translate="yes">
			<val>Laster ned...</val>
		</str>
		<str name="percentComplete" translate="yes">
			<val>{0}% fullført</val>
		</str>
		<str name="percentDownloaded" translate="yes">
			<val>{0} % lastet ned</val>
		</str>
		<str name="percentInstalled" translate="yes">
			<val>{0}% installert</val>
		</str>
		<str name="percentMbOfMb" translate="yes">
			<val>{0} MB av {1} MB lastet ned</val>
		</str>
		<str name="percentMbOfGb" translate="yes">
			<val>{0} MB av {1} GB lastet ned</val>
		</str>
		<str name="percentGbOfGb" translate="yes">
			<val>{0} GB av {1} GB lastet ned</val>
		</str>
		<str name="minutesRemaining" translate="yes">
			<val>det gjenstår {0} minutter</val>
		</str>
		<str name="minuteRemaining" translate="yes">
			<val>det gjenstår {0} minutt</val>
		</str>
		<str name="lessThanMinute" translate="yes">
			<val>mindre enn ett minutt</val>
		</str>
		<str name="calculatingTime" translate="yes">
			<val>beregner gjenværende tid</val>
		</str>
		<str name="downloadWait" translate="yes">
			<val>Venter på å laste ned...</val>
		</str>
		<str name="downloadCancel" translate="yes">
			<val>Avbryter nedlasting...</val>
		</str>
		<str name="install" translate="yes">
			<val>Installer</val>
		</str>
		<str name="try" translate="yes">
			<val>Prøv</val>
		</str>
		<str name="installing" translate="yes">
			<val>Installerer...</val>
		</str>
		<str name="installWait" translate="yes">
			<val>Venter på å installere...</val>
		</str>
		<str name="installCancel" translate="yes">
			<val>Avbryter installasjon...</val>
		</str>
		<str name="installComplete" translate="yes">
			<val>Installasjonen er fullført</val>
		</str>
		<str name="closing" translate="yes">
			<val>Lukker...</val>
		</str>
		<str name="alreadyInstalled" translate="yes">
			<val>Installert</val>
		</str>
		<str name="trialDaysRemaining" translate="yes">
			<val>{0} dager gjenstår av prøveperioden</val>
		</str>
		<str name="trialDayRemaining" translate="yes">
			<val>{0} dager gjenstår av prøveperioden</val>
		</str>
		<str name="appLaunch" translate="yes">
			<val>Start</val>
		</str>
	</set>

	<set name="UpdateErrors">
		<str name="fileWriteError" translate="yes">
			<val>Kan ikke skrive til fil/mappe. Du kan avslutte nå, prøve på nytt etter at du har slått av antivirusprogrammer, eller kontakte {0}kundestøtte{1}.</val>
		</str>
		<str name="genericInstallFailure" translate="yes">
			<val>Det oppstod en feil ved installering av oppdateringen. Prøv på nytt, eller kontakt {0}kundestøtte{1}.</val>
		</str>
		<str name="updaterNotRunning" translate="yes">
			<val>Ops! Installasjonsprogrammet for oppdateringen ser ikke ut til å kjøre. Du kan avslutte nå og prøve å oppdatere senere.</val>
		</str>
		<str name="updateNotApplicable" translate="yes">
			<val>Oppdateringen gjelder ikke forhåndsutgitte versjoner eller betaversjoner av produktet.</val>
		</str>
		<str name="unableToApplySassafras" translate="yes">
			<val>Kan ikke oppdatere produktene. Kontakt Sassafras-administratoren for mer informasjon.</val>
		</str>
		<str name="conflictingProcessErrTitle" translate="yes">
			<val>Oppdatering for {0}</val>
		</str>
		<str name="patchModeSyncErrorTitle" translate="yes">
			<val>Det oppstod et problem!</val>
		</str>
		<str name="appMovedErrTitle" translate="yes">
			<val>Kan ikke finne programmet. Hvis det ble slettet eller flyttet til en annen mappe, må du gjenopprette det. Hvis ikke må du installere det på nytt.</val>
		</str>
		<str name="adminPriviledgeUpdateErr" translate="yes">
			<val>Du må ha administratorrettigheter for å kunne oppdatere. Prøv på nytt, eller avbryt hvis du vil oppdatere senere.</val>
		</str>
		<str name="aamuAlreadyRunningErr" translate="yes">
			<val>Adobe Application Manager kjører allerede. Lukk andre forekomster av programmet før du oppdaterer. Eller kontakt {0}kundestøtte{1}.</val>
		</str>
	</set>

	<set name="DownloadErrors">
		<str name="retryingTitle" translate="yes">
			<val>Prøver på nytt ...</val>
		</str>
		<str name="commonDownloadErrTitle" translate="yes">
			<val>Feil ved nedlasting</val>
		</str>
		<str name="commonDownloadErr" translate="yes">
			<val>Feil ved nedlasting. Trykk på Prøv på nytt for å prøve på nytt, eller kontakt {0}kundestøtte{1}.</val>
		</str>
		<str name="fatalDownloadErr" translate="yes">
			<val>Nedlastingsfeil. Kontakt {0}kundestøtte{1}.</val>
		</str>
		<str name="genericWriteErr" translate="yes">
			<val>Feil ved tilgang til harddisk. Trykk på Prøv på nytt for å prøve på nytt, eller kontakt {0}kundestøtte{1}.</val>
		</str>
		<str name="diskSpaceError" translate="yes">
			<val>Ikke nok diskplass. Frigjør diskplass på {0} og prøv på nytt.</val>
		</str>
		<str name="writeError" translate="yes">
			<val>Feil ved skriving til midlertidig filplassering. Kontakt {0}kundestøtte{1} hvis problemet vedvarer.</val>
		</str>
		<str name="InvalidFile" translate="yes">
			<val>Nedlastingen ser ut til å inneholde feil. Trykk på Avbryt, vent noen minutter og prøv på nytt.</val>
		</str>
		<str name="networkUnavailable" translate="yes">
			<val>Får ikke kontakt med Adobe-servere. Kontroller Internett-tilgangen og brannmurinnstillingene, og prøv på nytt.</val>
		</str>
		<str name="networkUnavailableRetry" translate="yes">
			<val>Serveren svarer ikke. Kontroller innstillingene for Internett og brannmur, og trykk på Prøv på nytt for å prøve på nytt.</val>
		</str>
		<str name="maxPathErr" translate="yes">
			<val>Nedlastingsbanen er for lang. Kontakt {0}kundestøtte{1}.</val>
		</str>
		<str name="pathUnavailable" translate="yes">
			<val>Nedlastingsbanen er ikke tilgjengelig. Prøv på nytt. Hvis problemet vedvarer, kan du kontakte {0}kundestøtte{1}.</val>
		</str>
		<str name="pathUnavailableFatal" translate="yes">
			<val>Nedlastingsbanen er ikke tilgjengelig. Avslutt og prøv på nytt senere. Hvis problemet vedvarer, kan du kontakte {0}kundestøtte{1}.</val>
		</str>
	</set>

	<set name="PreferenceErrors">
		<str name="maxPathErr" translate="yes">
			<val>Installasjonsbanen er for lang. Velg en annen installasjonsplassering i innstillingene og prøv på nytt.</val>
		</str>
		<str name="rootPathErr" translate="yes">
			<val>Kan ikke installere til rotbane.</val>
		</str>
		<str name="flashPathErr" translate="yes">
			<val>Kan ikke installere til en flyttbar stasjon.</val>
		</str>
		<str name="networkPathErr" translate="yes">
			<val>Kan ikke installere til en nettverksstasjon.</val>
		</str>
		<str name="caseSensitivePathErr" translate="yes">
			<val>Kan ikke installere på stasjon som skiller mellom store og små bokstaver.</val>
		</str>
		<str name="GenericErr" translate="yes">
			<val>Feil ved installasjonsbanen. Velg en annen installasjonsplassering i innstillingene og prøv på nytt.</val>
		</str>
	</set>
	
	<set name="InstallErrors">
		<str name="installFailed" translate="yes">
			<val>Kan ikke installere</val>
		</str>
		<str name="InitializeFailed" translate="yes">
			<val>Kan ikke installere produktet. Trykk på Prøv på nytt for å laste ned på nytt.</val>
		</str>
		<str name="conflictErr" translate="yes">
			<val>En motstridende versjon eller forhåndsversjon av {0} finnes på datamaskinen. Avslutt og avinstaller den tidligere versjonen før du fortsetter.</val>
		</str>
		<str name="betaVersionErr" translate="yes">
			<val>Det finnes en betaversjon av dette produktet på datamaskinen. Avslutt og avinstaller den versjonen før du fortsetter. Kontakt {0}kundestøtte{1}.</val>
		</str>
		<str name="msiRunningErr" translate="yes">
			<val>Et annet installasjonsprogram kjører allerede. Vent til det er ferdig, og prøv på nytt.</val>
		</str>
		<str name="aamRunningErr" translate="yes">
			<val>Application Manager kjører allerede. Vent til det er ferdig, og prøv på nytt.</val>
		</str>
		<str name="adminPriviledgeErr" translate="yes">
			<val>Du må ha administratorrettigheter for å kunne installere. Prøv på nytt, eller avbryt hvis du vil installere senere.</val>
		</str>
		<str name="applicationList" translate="yes">
			<val>- {0}</val>
		</str>
		<str name="LockedPathErr" translate="yes">
			<val>{0} er låst. Velg en annen installasjonsplassering i innstillingene eller lås opp mappen. Prøv deretter på nytt.</val>
		</str>
		<str name="accessPermissionErr" translate="yes">
			<val>{0} har ikke skrivetilgang. Velg en annen installasjonsplassering i innstillingene eller gi skrivetilgang til mappen. Prøv deretter på nytt.</val>
		</str>
		<str name="installPathErr" translate="yes">
			<val>Feil ved installasjonsbanen. Velg en annen installasjonsplassering i innstillingene og prøv på nytt.</val>
		</str>
		<str name="systemReqErr" translate="yes">
			<val>Systemkravene er ikke oppfylt. Se {0}minimum systemkrav{1} for nærmere opplysninger.</val>
		</str>
		<str name="diskSpaceErr" translate="yes">
			<val>Ikke nok diskplass. Velg en annen installasjonsplassering i innstillingene eller frigjør diskplass og prøv på nytt.</val>
		</str>
		<str name="conflictingProcessErr" translate="yes">
			<val>Lukk følgende programmer for å fortsette:</val>
		</str>
		<str name="conflictingProcessErrTitle" translate="yes">
			<val>{0} Installer</val>
		</str>
		<str name="SyncFailureError" translate="yes">
			<val>Det oppsto en feil under installasjonen. Start datamaskinen på nytt og prøv igjen.</val>
		</str>
		<str name="criticalInstallErr" translate="yes">
			<val>Feil under installasjonen. {0}Flere detaljer{1}.</val>
		</str>
		<str name="recommendedInstallErr" translate="yes">
			<val>Installasjonen er fullført, men enkelte anbefalte komponenter ble ikke riktig installert. {0}Flere detaljer{1}.</val>
		</str>
		<str name="mediadbSyncErr" translate="yes">
			<val>Installasjonen er fullført, men enkelte komponenter ble ikke riktig installert. {0}Flere detaljer{1}.</val>
		</str>
		<str name="aamCorruptErr" translate="yes">
			<val>Adobe Application Manager er skadet og må installeres på nytt. {0}Last det ned nå{1} eller kontakt {2}kundestøtte{3}.</val>
		</str>
		<str name="doneWithError" translate="yes">
			<val>Installasjonen er fullført, men enkelte valgfrie komponenter ble ikke riktig installert. {0}Flere detaljer{1}.</val>
		</str>
		<str name="relaunchAAM" translate="yes">
			<val>Det oppstod et problem. Avslutt Adobe Application Manager og prøv på nytt. Det burde løse problemet.</val>
		</str>
	</set>

	<set name="ExtractionErrors">
		<str name="badPathErr" translate="yes">
			<val>Kan ikke pakke ut de nedlastede filene. Trykk på Prøv på nytt for å laste ned på nytt.</val>
		</str>
		<str name="diskSpaceErr" translate="yes">
			<val>Ikke nok diskplass til å pakke ut filene. Frigjør diskplass på {0} og prøv på nytt.</val>
		</str>
		<str name="writePermissionErr" translate="yes">
			<val>{0} mangler eller er beskyttet. Opprett banen, kontroller at du har skrivetilgang og prøv på nytt.</val>
		</str>
		<str name="maxPathErr" translate="yes">
			<val>Kan ikke pakke ut til temp-mappen. Kontakt {1}kundestøtte{2}.</val>
		</str>
		<str name="genericExtractionErr" translate="yes">
			<val>Kan ikke pakke ut filene. Trykk på Prøv på nytt for å prøve på nytt, eller kontakt {0}kundestøtte{1}.</val>
		</str>
	</set>
	<set name="CommonErrors">
		<str name="errorBracket" translate="yes">
			<val> ({0})</val>
		</str>
	</set>

	<set name="authProxy">
		<str name="authTitle" translate="yes">
			<val>En ting til ...</val>
		</str>
		<str name="authDesc" translate="yes">
			<val>Skriv inn proxybrukernavn og passord for å fortsette. Dette skjer vanligvis hvis du er bak en brannmur.</val>
		</str>
		<str name="userName" translate="yes">
			<val>Brukernavn:</val>
		</str>
		<str name="password" translate="yes">
			<val>Passord:</val>
		</str>
		<str name="rememberCredentials" translate="yes">
			<val>Husk proxyinformasjonen min.</val>
		</str>

	</set>

	<set name="Common">
		<str name="GB" translate="yes">
			<val>GB</val>
		</str>
		<str name="launching" translate="yes">
			<val>Starter ...</val>
		</str>
		<str name="QuitConfirmation" translate="yes">
			<val>Er du sikker på at du vil avslutte? Alle aktive nedlastinger og installasjoner vil bli avsluttet.</val>
		</str>
		<str name="SingleQuitConfirmation" translate="yes">
			<val>Er du sikker på at du vil avbryte installasjonen?</val>
		</str>
		<str name="SingleUpdateQuitConfirmation" translate="yes">
			<val>Er du sikker på at du vil avbryte oppdateringen?</val>
		</str>
		<str name="ErrorSummaryText" translate="yes">
			<val>{0}Feilloggen{1} kan hjelpe deg med å identifisere problemet.</val>
		</str>
		<str name="CustomerSupportText" translate="yes">
			<val>Hvis problemene vedvarer, kan du kontakte {0}kundestøtte{1} for å få hjelp.</val>
		</str>
		<str name="CustomerSupportLink" translate="yes">
			<val>http://www.adobe.com/go/support_no</val>
		</str>
		<str name="goSupportLink" translate="yes">
			<val>http://www.adobe.com/go/customer_support_no</val>
		</str>
		<str name="sysReqLink" translate="yes">
			<val>http://www.adobe.com/go/cc_techspecs_no</val>
		</str>
		<str name="aamDownloadLink" translate="yes">
			<val>http://www.adobe.com/go/applicationmanager_no</val>
		</str>
		<str name="MB" translate="yes">
			<val>MB</val>
		</str>
		<str name="KB" translate="yes">
			<val>kB</val>
		</str>
		<str name="of" translate="yes">
			<val>av</val>
		</str>
		<str name="decimalSeparator" translate="yes">
			<val>,</val>
		</str>
		<str name="langFallbackStr" translate="yes">
			<val>(På {0})</val>
		</str>
		<str name="commaSeparator" translate="yes">
			<val>,</val>
		</str>
		<str name="upgradeConfirmation" translate="yes">
			<val>Hvis du installerer {0} som prøveversjon, blir tidligere versjoner av {1} avinstallert.</val>
		</str>
		<str name="upgradeConfirmationTitle" translate="yes">
			<val>Obs!</val>
		</str>
	</set>
	
	<set name="isoToLanguage">
		<str name="ar_AE" translate="no"><val>العربية</val></str>
		<str name="en_GB" translate="no"><val>English (International)</val></str> 
		<str name="fr_CA" translate="no"><val>Français canadien</val></str>
		<str name="es_QM" translate="no"><val>Español (Middle East)</val></str>
		<str name="es_LA" translate="no"><val>Español de América Latina</val></str>
		<str name="es_NA" translate="no"><val>Español Norteamericano</val></str>
		<str name="bg_BG" translate="no"><val>Български</val></str>
		<str name="lv_LV" translate="no"><val>Latviešu</val></str>
		<str name="et_EE" translate="no"><val>Eesti</val></str>
		<str name="hr_HR" translate="no"><val>hrvatski</val></str>
		<str name="sl_SI" translate="no"><val>slovenščina</val></str>
		<str name="sk_SK" translate="no"><val>slovenčina</val></str>
		<str name="th_TH" translate="no"><val>ภาษาไทย</val></str> 
		<str name="vi_VN" translate="no"><val>Việt</val></str>
		<str name="en_XC" translate="no"><val>English (Central Europe)</val></str> 
		<str name="en_XM" translate="no"><val>English (Middle East)</val></str>
		<str name="fr_XM" translate="no"><val>Français Oriental Moyen</val></str>
		<str name="sq_AL" translate="no"><val>Shqip</val></str> 
		<str name="ar_SA" translate="no"><val>العربية</val></str>
		<str name="be_BY" translate="no"><val>Беларуская</val></str> 
		<str name="ca_ES" translate="no"><val>Català</val></str> 
		<str name="hi_IN" translate="no"><val>हिन्दी</val></str>
		<str name="is_IS" translate="no"><val>Íslenska</val></str> 
		<str name="lt_LT" translate="no"><val>Lietuvių</val></str>
		<str name="mk_MK" translate="no"><val>македонски</val></str>
		<str name="nn_NO" translate="no"><val>Norsk (Nynorsk)</val></str>
		<str name="pt_PT" translate="no"><val>Português de Portugal</val></str> 
		<str name="sh_YU" translate="no"><val>Srpsko-Hrvatski</val></str> 
		<str name="sr_YU" translate="no"><val>Cрпски</val></str> 
		<str name="kk_KZ" translate="no"><val>Қазақ</val></str>
		<str name="az_AZ" translate="no"><val>Azərbaycan dili</val></str> 
		<str name="es_MX" translate="no"><val>Español (América Latina)</val></str>
		<str name="no_NO" translate="no"><val>Norwegian</val></str> 
		<str name="cs_CZ" translate="no"><val>Česky</val></str>
		<str name="de_DE" translate="no"><val>Deutsch</val></str>
		<str name="el_GR" translate="no"><val>Ελληνικά</val></str>
		<str name="en_US" translate="no"><val>English (North America)</val></str> 
		<str name="es_ES" translate="no"><val>Español</val></str> 
		<str name="fr_FR" translate="no"><val>Français</val></str>
		<str name="he_IL" translate="no"><val>עברית</val></str> 
		<str name="hu_HU" translate="no"><val>Magyar</val></str> 
		<str name="it_IT" translate="no"><val>Italiano</val></str>
		<str name="ja_JP" translate="no"><val>日本語</val></str>
		<str name="ko_KR" translate="no"><val>한국어</val></str>
		<str name="nl_NL" translate="no"><val>Nederlands</val></str>
		<str name="pl_PL" translate="no"><val>Polski</val></str>
		<str name="ro_RO" translate="no"><val>Română</val></str>
		<str name="ru_RU" translate="no"><val>Pусский</val></str>
		<str name="sv_SE" translate="no"><val>Svenska</val></str>
		<str name="tr_TR" translate="no"><val>Türkçe</val></str>
		<str name="uk_UA" translate="no"><val>Українська</val></str>
		<str name="zh_CN" translate="no"><val>简体中文</val></str>
		<str name="zh_TW" translate="no"><val>繁體中文</val></str>
		<str name="da_DK" translate="no"><val>Dansk</val></str>
		<str name="fi_FI" translate="no"><val>Suomi</val></str>
		<str name="nb_NO" translate="no"><val>Norsk (Bokmål)</val></str> 
		<str name="pt_BR" translate="no"><val>Português do Brasil</val></str>
		<str name="en_AE" translate="no"><val>English يدعم العربية</val></str> 
		<str name="en_IL" translate="no"><val>English תומך עברית</val></str> 
		<str name="fr_MA" translate="no"><val>Français (Maroc)</val></str>
    </set>
	
	<set name="isoToFallbackLanguage">
		<str name="ar_AE" translate="no"><val>العربية</val></str>
		<str name="en_GB" translate="yes"><val>engelsk</val></str> 
		<str name="fr_CA" translate="no"><val>Français canadien</val></str>
		<str name="es_QM" translate="no"><val>Español</val></str>
		<str name="es_LA" translate="no"><val>Español de América Latina</val></str>
		<str name="es_NA" translate="no"><val>Español Norteamericano</val></str>
		<str name="bg_BG" translate="no"><val>Български</val></str>
		<str name="lv_LV" translate="no"><val>Latviešu</val></str>
		<str name="et_EE" translate="no"><val>Eesti</val></str>
		<str name="hr_HR" translate="no"><val>hrvatski</val></str>
		<str name="sl_SI" translate="no"><val>slovenščina</val></str>
		<str name="sk_SK" translate="no"><val>slovenčina</val></str>
		<str name="th_TH" translate="no"><val>ภาษาไทย</val></str> 
		<str name="vi_VN" translate="no"><val>Việt</val></str>
		<str name="en_XC" translate="yes"><val>engelsk</val></str> 
		<str name="en_XM" translate="yes"><val>engelsk</val></str>
		<str name="fr_XM" translate="no"><val>Français Oriental Moyen</val></str>
		<str name="sq_AL" translate="no"><val>Shqip</val></str> 
		<str name="ar_SA" translate="no"><val>العربية</val></str>
		<str name="be_BY" translate="no"><val>Беларуская</val></str> 
		<str name="ca_ES" translate="no"><val>Català</val></str> 
		<str name="hi_IN" translate="no"><val>हिन्दी</val></str>
		<str name="is_IS" translate="no"><val>Íslenska</val></str> 
		<str name="lt_LT" translate="no"><val>Lietuvių</val></str>
		<str name="mk_MK" translate="no"><val>македонски</val></str>
		<str name="nn_NO" translate="no"><val>Norsk</val></str>
		<str name="pt_PT" translate="no"><val>Português de Portugal</val></str> 
		<str name="sh_YU" translate="no"><val>Srpsko-Hrvatski</val></str> 
		<str name="sr_YU" translate="no"><val>Cрпски</val></str> 
		<str name="kk_KZ" translate="no"><val>Қазақ</val></str>
		<str name="az_AZ" translate="no"><val>Azərbaycan dili</val></str> 
		<str name="es_MX" translate="no"><val>Español</val></str>
		<str name="no_NO" translate="no"><val>Norwegian</val></str> 
		<str name="cs_CZ" translate="no"><val>Česky</val></str>
		<str name="de_DE" translate="no"><val>Deutsch</val></str>
		<str name="el_GR" translate="no"><val>Ελληνικά</val></str>
		<str name="en_US" translate="yes"><val>engelsk</val></str> 
		<str name="es_ES" translate="no"><val>Español</val></str> 
		<str name="fr_FR" translate="no"><val>Français</val></str>
		<str name="he_IL" translate="no"><val>עברית</val></str> 
		<str name="hu_HU" translate="no"><val>Magyar</val></str> 
		<str name="it_IT" translate="no"><val>Italiano</val></str>
		<str name="ja_JP" translate="no"><val>日本語</val></str>
		<str name="ko_KR" translate="no"><val>한국어</val></str>
		<str name="nl_NL" translate="no"><val>Nederlands</val></str>
		<str name="pl_PL" translate="no"><val>Polski</val></str>
		<str name="ro_RO" translate="no"><val>Română</val></str>
		<str name="ru_RU" translate="no"><val>Pусский</val></str>
		<str name="sv_SE" translate="no"><val>Svenska</val></str>
		<str name="tr_TR" translate="no"><val>Türkçe</val></str>
		<str name="uk_UA" translate="no"><val>Українська</val></str>
		<str name="zh_CN" translate="yes"><val>简体中文</val></str>
		<str name="zh_TW" translate="yes"><val>繁體中文</val></str>
		<str name="da_DK" translate="no"><val>Dansk</val></str>
		<str name="fi_FI" translate="no"><val>Suomi</val></str>
		<str name="nb_NO" translate="no"><val>Norsk</val></str> 
		<str name="pt_BR" translate="no"><val>Português do Brasil</val></str>
		<str name="en_AE" translate="no"><val>English يدعم العربية</val></str> 
		<str name="en_IL" translate="no"><val>English תומך עברית</val></str> 
		<str name="fr_MA" translate="no"><val>Français</val></str>
    </set>
	
	<set name="register">
		<set name="subscription">
			<str name="title" translate="yes">
				<val>Pålogging kreves</val>
			</str>			
			<str name="message" translate="yes">
				<val>Du må logge på for å installere produktet og registrere det under Adobe-ID-en din. Med en Adobe-ID er det enkelt å få tilgang til serienumrene dine, Adobe Creative Cloud og fellesskapet på Adobe.com/no.</val>
			</str>
			<str name="userEmail" translate="yes">
				<val>Du blir logget på med følgende Adobe-ID: {0}.</val>
			</str>
			<str name="notYou" translate="yes">
				<val>(Er ikke dette din Adobe-ID?)</val>
			</str>
			<str name="signInNow" translate="yes">
				<val>Logg på nå</val>
			</str>
			<str name="signIn" translate="yes">
				<val>Logg på</val>
			</str>
			<str name="back" translate="yes">
				<val>Tilbake</val>
			</str>
		</set>
	</set>
	<set name="AdobeIdScreen">
		<str name="signinHeader" translate="yes">
			<val>Du må logge på med en Adobe-ID</val>
		</str>
		<str name="signinSubheader" translate="yes">
			<val>Vil vil forsikre oss om at du får alle de riktige appene</val>
		</str>
		<str name="username" translate="yes">
			<val>Adobe-ID:</val>
		</str>
		<str name="password" translate="yes">
			<val>Passord:</val>
		</str>
		<str name="cancel" translate="yes">
			<val>Avbryt</val>
		</str>
		<str name="Quit" translate="yes">
			<val>Avslutt</val>
		</str>
		<str name="createAdobeID" translate="yes">
			<val>Opprett en Adobe-ID</val>
		</str>
		<str name="forgotYourPassword" translate="yes">
			<val>Glemt passordet?</val>
		</str>
		<str name="usernameSample" translate="yes">
			<val>ola@nordmann.com</val>
		</str>
		<str name="save" translate="yes">
			<val>Logg på</val>
		</str>
		<str name="createAdobeIDURL" translate="yes">
			<val>/go/adobemembership_no</val>
		</str>
		<str name="forgotYourPasswordURL" translate="yes">
			<val>/go/forgetpassword_no</val>
		</str>
	</set>
	<set name="AdobeIdScreenErrors">
	    <str name="doesNotExist" translate="yes">
			<val>Adobe-ID-en finnes ikke</val>
		</str>
		<str name="invalidCredentials" translate="yes">
			<val>Adobe-ID-en samsvarer ikke med passordet.</val>
		</str>
		<str name="loginDeny" translate="yes">
			<val>Maks. antall påloggingsforsøk overskredet. Avslutt og prøv på nytt.</val>
		</str>
		<str name="malformedAdobeId" translate="yes">
			<val>Ugyldig Adobe-ID.</val>
		</str>
		<str name="networkError" translate="yes">
			<val>Kan ikke kontakte Adobe. Koble til Internett og prøv på nytt.</val>
		</str>
		<str name="internalError" translate="yes">
			<val>Intern feil. Kan ikke logge på.</val>
		</str>
	</set>
	<set name="OptinDialog">
	    <str name="title" translate="yes">
			<val>Vi tenkte vi skulle si fra.</val>
		</str>
		<str name="optinText" translate="yes">
			<val>Når du laster ned denne prøveversjonen, samtykker du i at vi og selskaper som hjelper oss med driften, kan bruke opplysningene dine og sende deg reklamemateriell på e-post, via post eller på telefon i samsvar med vår &lt;a href='{0}'&gt;personvernerklæring&lt;/a&gt;. Du kan velge å stoppe å motta e-post ved å klikke koblingen Unsubscribe (stopp abonnement) i e-poster du mottar fra oss.</val>
		</str>
		<str name="privacyLink" translate="yes">
			<val>http://www.adobe.com/go/privacy_no</val>
		</str>
		<str name="adobeLink" translate="yes">
			<val>http://www.adobe.com/no/</val>
		</str>
		<str name="cancel" translate="yes">
			<val>Avbryt</val>
		</str>
		<str name="ok" translate="yes">
			<val>OK</val>
		</str>
	</set>
	<set name="EligibleTrialistDialog">
	    <str name="title" translate="yes">
			<val>Vent litt ...</val>
		</str>
		<str name="message" translate="yes">
			<val>Basert på gjeldende språk, {0}, vil {1} bli installert som prøveversjon. Endre foretrukket språk til et kvalifisert språk hvis du vil ha en fullversjon.</val>
		</str>
		<str name="installTrial" translate="yes">
			<val>Installer prøveversjon</val>
		</str>
		<str name="cancel" translate="yes">
			<val>Avbryt</val>
		</str>
		<str name="changePrefs" translate="yes">
			<val>Endre innstillinger</val>
		</str>
	</set>
	<set name="LanguageSelectionDialog">
	    <str name="sl_title" translate="yes">
			<val>Endre språk</val>
		</str>
		<str name="sl_message" translate="yes">
			<val>Endre språket under {0}Innstillinger{1} fra {2}{3} til {4}{5}, slik at vi kan varsle deg om oppdateringer for ditt kjøpte produkt {6}{7}{8}.</val>
		</str>
		<str name="changeNow" translate="yes">
			<val>Endre nå</val>
		</str>
		<str name="changeLater" translate="yes">
			<val>Endre senere</val>
		</str>
		<str name="ml_title" translate="yes">
			<val>Velg språk</val>
		</str>
		<str name="ml_message" translate="yes">
			<val>Velg et språk for å installere produktet.</val>
		</str>
		<str name="ml_info" translate="yes">
			<val>Det vil også bli brukt som standardspråk under {0}Innstillinger{1}, som du kan endre senere.</val>
		</str>
		<str name="continue" translate="yes">
			<val>Fortsett</val>
		</str>
	</set>
</asf>
