<?xml version='1.0' encoding='utf-8'?>
<!DOCTYPE asf SYSTEM "http://ns.adobe.com/asf/asf_1_0.dtd" >
<asf xmlns="http://ns.adobe.com/asf" locale="cs_CZ" version="1.0">

	<set name="ButtonLabel">
		<str name="Yes" translate="yes">
			<val>Ano</val>
		</str>
		<str name="No" translate="yes">
			<val>Ne</val>
		</str>
		<str name="Accept" translate="yes">
			<val>Přijmout</val>
		</str>
		<str name="Install" translate="yes">
			<val>Instalovat</val>
		</str>
		<str name="Uninstall" translate="yes">
			<val>Odinstalovat</val>
		</str>
		<str name="OK" translate="yes">
			<val>OK</val>
		</str>
		<str name="Continue" translate="yes">
			<val>Pokračovat</val>
		</str>
		<str name="Back" translate="yes">
			<val>Zpět</val>
		</str>
		<str name="Cancel" translate="yes">
			<val>Zrušit</val>
		</str>
        <str name="Close" translate="yes">
            <val>Zavřít</val>
        </str>
		<str name="Quit" translate="yes">
			<val>Ukončit</val>
		</str>
		<str name="SignIn" translate="yes">
			<val>Přihlásit se</val>
		</str>
		<str name="SignInNow" translate="yes">
			<val>Přihlásit se nyní</val>
		</str>
		<str name="SignInLater" translate="yes">
			<val>Přihlásit se později</val>
		</str>
		<str name="StartAgain" translate="yes">
			<val>Začít znovu</val>
		</str>
		<str name="Retry" translate="yes">
			<val>Zkusit znovu</val>
		</str>
		<str name="Verify" translate="yes">
			<val>Ověřit</val>
		</str>
		<str name="ConnectLater" translate="yes">
			<val>Připojit později</val>
		</str>
	</set>
	
	<set name="DialogueTitle">
		<str name="Quit" translate="yes">
			<val>Ukončit</val>
		</str>
	</set>

	<set name="Welcome">
		<str name="Title" translate="yes">
			<val>Vítejte!</val>
		</str>
		<str name="OptionOne" translate="yes">
			<val>Nainstalovat se sériovým číslem</val>
		</str>
		<str name="OptionOneInfo" translate="yes">
			<val>Mám sériové číslo.</val>
		</str>
		<str name="OptionTwo" translate="yes">
			<val>Zahájit odběr</val>
		</str>
		<str name="OptionTwoInfo" translate="yes">
			<val>Mám odběr.</val>
		</str>
		<str name="OptionThree" translate="yes">
			<val>Nainstalovat zkušební verzi</val>
		</str>
		<str name="OptionThreeInfo" translate="yes">
			<val>Chci zkoušet produkt {0} po omezenou dobu.</val>
		</str>
		<set name="MBLS">
			<str name="OptionOne" translate="yes">
				<val>Nainstalovat</val>
			</str>
			<str name="OptionOneInfo" translate="yes">
				<val>Zakoupil(a) jsem</val>
			</str>
			<str name="OptionTwo" translate="yes">
				<val>Vyzkoušet</val>
			</str>
			<str name="OptionTwoInfo" translate="yes">
				<val>Chci produkt {0} vyzkoušet po omezenou dobu</val>
			</str>
		</set>
	</set>
	
	<set name="EULA">
		<str name="Title" translate="yes">
			<val>Licenční smlouva k softwaru Adobe</val>
		</str>
		<str name="Para1" translate="yes">
			<val>Podmínky této smlouvy se vztahují na instalaci a používání produktů {0}, k nimž patří i tento software. Smluvní podmínky, které jste doposud přijali, najdete na adrese www.adobe.com/go/myaccount_cz.</val>
		</str>
	</set>

	<set name="Register">
		<str name="Title" translate="yes">
			<val>Je vyžadováno přihlášení</val>
		</str>
		<set name="Trial">
			<str name="FirstTime" translate="yes">
				<val>Přihlaste se pomocí svého identifikátoru Adobe ID a spusťte zkušební verzi produktu {0}.</val>
			</str>
			<str name="Subsequent" translate="yes">
				<val>Nyní zaregistrujeme zkušební verzi k vašemu identifikátoru Adobe ID: {0}.</val>
			</str>
			<set name="TnC">
				<str name="Title" translate="yes">
					<val>Podmínky zkušební verze softwaru.</val>
				</str>
				<str name="Paragraph1" translate="yes">
					<val>Je možné, že vás požádáme o dobrovolné vyplnění informací, které použijeme k lepšímu přizpůsobení obsahu vašim potřebám. Prostřednictvím nabídky Nastavení ochrany osobních údajů na obrazovce zkušební verze můžete tento přizpůsobený obsah kdykoli vypnout.</val>
				</str>
				<str name="Paragraph2" translate="yes">
					<val>Informace o shromažďovaných datech týkajících se používání produktu a o způsobu, jak s nimi společnost Adobe nakládá, naleznete {0}na této stránce{1} a v dokumentu {2}Zásady ochrany osobních údajů online{3} vydaném společností Adobe.</val>
				</str>
			</set>
			<set name="EntitlementInTrial">
				<str name="Title" translate="yes">
					<val>Nalezena platná licence</val>
				</str>
				<str name="Para1" translate="yes">
					<val>Zažádali jste o zkušební verzi, ale s vaším identifikátorem Adobe ID {0} máte přístup k plné verzi tohoto softwaru. Na konci instalace můžete začít používat kopii softwaru s licencí.</val>
				</str>
				<str name="Para2" translate="yes">
					<val>Pokračujte v instalaci kliknutím na tlačítko Pokračovat.</val>
				</str>
				<str name="DiffAdobeID" translate="yes">
					<val>Využíváte jiný identifikátor Adobe ID?</val>
				</str>
			</set>						
		</set>
		<set name="Serial">
			<str name="Paragraph1" translate="yes">
				<val>Vaše sériové číslo produktu {0} bylo ověřeno.</val>
			</str>
			<str name="Paragraph2" translate="yes">
				<val>Chcete-li tento produkt nainstalovat a zaregistrovat k indentifikátoru Adobe ID, je třeba se přihlásit. Identifikátor Adobe ID umožňuje snadný přístup k vašim sériovým číslům, službě Adobe Creative Cloud a komunitě na stránkách Adobe.com/cz.</val>
			</str>
			<str name="SubsequentParagraph3" translate="yes">
				<val>Budete přihlášeni pomocí identifikátoru Adobe ID: {0}.</val>
			</str>
		</set>
		<set name="MBLS">
			<str name="Paragraph1" translate="yes">
				<val>Aby bylo možné nainstalovat tento produkt, je třeba se přihlásit pomocí identifikátoru Adobe ID. Identifikátor Adobe ID slouží ke snadnému přístupu k mnoha online službám Adobe a ke komunitě na stránkách Adobe.com.</val>
			</str>
			<set name="Offline">
				<str name="Title" translate="yes">
					<val>Připojte se k internetu a zkuste to znovu</val>
				</str>
				<set name="Install">
					<str name="Paragraph1" translate="yes">
						<val>K zahájení odběru je potřeba připojení k internetu. Pokud máte k dispozici odběr, připojte se k internetu a vyberte možnost Zkusit znovu.</val>
					</str>
					<str name="Paragraph2" translate="yes">
						<val>Pokud vlastníte sériové číslo a aktuálně se nemůžete připojit k internetu, vyberte možnost Připojit později. Během sedmi dnů od tohoto okamžiku je nutné sériové číslo ověřit, jinak software přestane pracovat. Pokud počítač k internetu nelze připojit, prostřednictvím zařízení s přístupem k internetu vyhledejte další informace na adrese {0}.</val>
					</str>
				</set>
				<set name="Trial">
					<str name="Paragraph1" translate="yes">
						<val>Zdá se, že počítač nelze připojit, protože je v režimu offline. Připojte se k internetu a zkuste to znovu. Pokud problém přetrvává, obraťte se na {0}podporu zákazníků{1}.</val>
					</str>
				</set>
			</set>
		</set>
		<str name="NotYou" translate="yes">
			<val>(Nejedná se o váš identifikátor Adobe ID?)</val>
		</str>
		<set name="Subscription">
			<set name="FirstTime">
				<str name="Paragraph" translate="yes">
					<val>Nyní vás přihlásíme pomocí identifikátoru Adobe ID a vy tak budete moci využívat váš odběr.</val>
				</str>
			</set>
			<set name="Subsequent">
				<str name="Title" translate="yes">
					<val>Ověřte váš odběr</val>
				</str>
				<str name="Paragraph" translate="yes">
					<val>Je třeba, abyste prostřednictvím identifikátoru Adobe ID ověřili váš odběr: {0}.</val>
				</str>
				<str name="Paragraph2" translate="yes">
					<val>Chceme si být jisti, že získáte všechny správné aplikace.</val>
				</str>
			</set>
			<set name="EntitlementCallScrim">
				<str name="WaitAMoment" translate="yes">
					<val>Chvíli vyčkejte...</val>
				</str>
			</set>
			
			<set name="OfflineScrim">
				<str name="Title" translate="yes">
					<val>K zahájení vašeho odběru je vyžadováno připojení k internetu</val>
				</str>
				<str name="Message" translate="yes">
					<val>Ujistěte se, že jste připojeni k internetu, a klepněte na tlačítko Zkusit znovu. Pokud daný problém přetrvá, obraťte se na {0}podporu zákazníků společnosti Adobe{1}.</val>
				</str>
			</set>
			
			<set name="NoSubscriptionFound">
	        	<str name="Title" translate="yes">
	        		<val>Nebyl nalezen žádný odběr</val>
	        	</str>
	        	<str name="ParagraphOneText" translate="yes">
	        		<val>Nemohli jsme nalézt odběr k produktu {0}{1}{2} spojený s tímto identifikátorem Adobe ID. Podle potřeby můžete zakoupit {3}nový odběr{4} nebo klepnutím na tlačítko Zpět zadat odlišný identifikátor Adobe ID. Pokud odběr máte, ale nemůžete jej využívat, obraťte se na {5}podporu zákazníků{6}.</val>
	        	</str>
	        	<str name="ParagraphTwoText" translate="yes">
	        		<val>Klepnutím na tlačítko {0}Začít znovu{1} můžete případně nainstalovat zkušební verzi, nebo produkt nainstalovat s platným sériovým číslem.</val>	
	        	</str>
	        </set>
		</set>
	</set>
	
	<set name="InstallOptions">
		<str name="Title" translate="yes">
			<val>Možnosti</val>
		</str>
		<str name="SelectAppInfo" translate="yes">
			<val>Pokud chcete přizpůsobit možnosti, klikněte na název produktu.</val>
		</str>
		<str name="NoComponentInfo" translate="yes">
			<val>Nemá žádné přizpůsobitelné komponenty.</val>
		</str>
		<str name="Components" translate="yes">
			<val>Komponenty produktu {0}</val>
		</str>
		<str name="TotalInstall" translate="yes">
			<val>Celková instalace: {0}</val>
		</str>
		<str name="Language" translate="yes">
			<val>Jazyk:</val>
		</str>
		<str name="Location" translate="yes">
			<val>Umístění:</val>
		</str>
		<str name="Available" translate="yes">
			<val>{0} k dispozici</val>
		</str>
		<str name="SpaceRequired" translate="yes">
			<val>Vyžadované místo: {0}</val>
		</str>
		<str name="SpaceWarning" translate="yes">
			<val>Potřebné místo: {0}, dostupné: {1}</val>
		</str>
        <str name="InsufficientDiskSpace" translate="yes">
			<val>K dokončení instalace není na disku dostatek místa.</val>
        </str>
		<str name="DefaultDriveWarning" translate="yes">
			<val>Některé soubory budou nainstalovány také na váš disk {0}.</val>
		</str>
		
		<set name="PayloadError">
			<str name="TrialInstall" translate="yes">
				<val>Bude nainstalována zkušební verze tohoto produktu.</val>
			</str>
			<str name="LicensedInstall" translate="yes">
				<val>Proběhne instalace licencované kopie tohoto softwaru.</val>
			</str>
			<str name="AlreadyInstalled" translate="yes">
				<val>Na tomto zařízení byl již dříve tento produkt instalován. Produkt bude nainstalován do původního umístění.</val>
			</str>
			<set name="SystemRequirements">
				<set name="OS">
					<str name="Header" translate="yes">
						<val>Nebyly splněny požadavky na operační systém.</val>
					</str>
					<str name="CurrentOS" translate="yes">
						<val>– Stávající operační systém: {0} {1}</val>
					</str>
					<str name="MacRecommended" translate="yes">
						<val>– Doporučujeme systém Mac OS {0} nebo novější.</val>
					</str>
					<str name="MacServer" translate="yes">
						<val>– Doporučujeme systém Mac Server.</val>
					</str>
					<str name="WinNotRecommended" translate="yes">
						<val>– {0} nedoporučujeme.</val>
					</str>
					<str name="SPRecommended" translate="yes">
						<val>– Doporučujeme aktualizaci Service Pack {0}.</val>
					</str>
					<str name="64BitRecommended" translate="yes">
						<val>– Doporučujeme 64bitový operační systém.</val>
					</str>
					<str name="32BitRecommended" translate="yes">
						<val>– Doporučujeme 32bitový operační systém.</val>
					</str>
					<str name="MacRequired" translate="yes">
						<val>– Je vyžadován systém Mac OS {0} nebo novější.</val>
					</str>
					<str name="MacServerRequired" translate="yes">
						<val>–·Je vyžadován systém Mac Server.</val>
					</str>
					<str name="WinNotRequired" translate="yes">
						<val>– {0} není podporován.</val>
					</str>
					<str name="SPRequired" translate="yes">
						<val>– Je vyžadována aktualizace Service Pack {0}.</val>
					</str>
					<str name="64BitRequired" translate="yes">
						<val>– Je vyžadován 64bitový operační systém.</val>
					</str>
					<str name="32BitRequired" translate="yes">
						<val>– Je vyžadován 32bitový operační systém.</val>
					</str>
				</set>
				<str name="RAM" translate="yes">
					<val>Doporučujeme {0} paměti RAM.</val>
				</str>
				<str name="CPU" translate="yes">
					<val>Nebyly splněny požadavky na procesor.</val>
				</str>
				<str name="ScreenResolution" translate="yes">
					<val>Doporučujeme rozlišení alespoň {0}x{1}.</val>
				</str>
				<str name="Footer" translate="yes">
					<val>Podrobnosti zobrazíte kliknutím na ikonu upozornění.</val>
				</str>
			</set>
			<str name="Conflicting" translate="yes">
				<val>V počítači je nainstalována konfliktní nebo předběžná verze softwaru {0}. Chcete-li provést instalaci z aktuálního média, je nutné nejdříve konfliktní verzi odstranit.</val>
			</str>
			<str name="AlreadyUpgraded" translate="yes">
				<val>Již je nainstalována novější verze tohoto produktu.</val>
			</str>
			<str name="Language" translate="yes">
				<val>Pro vybraný jazyk není k dispozici.</val>
			</str>
			<str name="RequiredDisabled" translate="yes">
				<val>Vyžadované komponenty jsou vypnuté.</val>
			</str>
		</set>
		
		<set name="InstallPathError">
			<str name="LongPath" translate="yes">
				<val>Vybraná instalační cesta je příliš dlouhá.</val>
			</str>
			<str name="RootDrive" translate="yes">
				<val>Instalace s umístěním v kořenovém adresáři není podporována.</val>
			</str>
			<str name="RemovableDrive" translate="yes">
				<val>Instalace na vyměnitelný disk flash není podporována.</val>
			</str>
			<str name="MappedDrive" translate="yes">
				<val>Instalace na mapovanou síťovou jednotku není podporována.</val>
			</str>
			<str name="CaseSensitive" translate="yes">
				<val>Instalace do svazků rozlišujících malá a velká písmena není podporována.</val>
			</str>
			<str name="LockedPath" translate="yes">
				<val>Instalace do uzamčeného umístění není podporována.</val>
			</str>
			<str name="Generic" translate="yes">
				<val>Nelze instalovat do vybraného umístění.</val>
			</str>
		</set>
		
		<set name="WorkflowNeedClose">
			<str name="Title" translate="yes">
				<val>Výstraha</val>
			</str>
			<str name="Message" translate="yes">
				<val>Jsou spuštěny jiné instance nástroje Adobe Application Manager, které je třeba zavřít. Po jejich zavření budete moci pokračovat.</val>
			</str>
		</set>
	</set>
	
	<set name="UninstallOptions">
		<str name="Title" translate="yes">
			<val>Volby odinstalace</val>
		</str>
		<str name="RemovePreferences" translate="yes">
			<val>Odstranit předvolby</val>
		</str>
		<str name="ToolTipInfo" translate="yes">
			<val>Odstranit oznámení, výstrahy, zprávy a jakékoli jiné předvolby vybraných produktů.</val>
		</str>
	</set>
	
	<set name="Progress">
		<str name="MinutesRemaining" translate="yes">
			<val>Zbývá přibližně {0} minut.</val>
		</str>
		<str name="MinuteRemaining" translate="yes">
			<val>Zbývá přibližně {0} minuta.</val>
		</str>
		<str name="LTMinuteRemaining" translate="yes">
			<val>Zbývá méně než minuta.</val>
		</str>
		<str name="PctComplete" translate="yes">
			<val>(dokončeno {0} %)</val>
		</str>
		
		<set name="ConflictingProcess">
			<str name="Title" translate="yes">
				<val>Chcete-li pokračovat, zavřete tyto aplikace:</val>
			</str>
			<str name="SubText1" translate="yes">
				<val>(Pokud se tato zpráva zobrazuje i poté, co jste aplikaci zavřeli, některé z procesů aplikace mohou být i nadále spuštěné na pozadí. {0}Získejte další informace{1}, jak ukončit procesy na pozadí.)</val>
			</str>
			<str name="BackgroundProcessesLink" translate="yes">
				<val>http://www.adobe.com/go/learn_bgprocesses_cz</val>
			</str>
			<str name="SubText2" translate="yes">
				<val>Seznam aplikací, které je třeba zavřít:</val>
			</str>
		</set>
		
		<set name="DiskPrompt">
			<str name="Title" translate="yes">
				<val>Aby bylo možné pokračovat, vložte disk {0}.</val>
			</str>
		</set>
		
		<set name="Install">
			<str name="Title" translate="yes">
				<val>Instalace</val>
			</str>
			<str name="Preparing" translate="yes">
				<val>Probíhá příprava instalace...</val>
			</str>
			<str name="Currently" translate="yes">
				<val>Právě probíhá instalace produktu {0}</val>
			</str>
			<str name="Confirmation" translate="yes">
				<val>Opravdu chcete instalaci zrušit?</val>
			</str>
			
			<str name="AdministratorPrivileges" translate="yes">
				<val>Instalace vyžaduje oprávnění správce. Přihlaste se jako správce.</val>
			</str>
		</set>
		<set name="Uninstall">
			<str name="Title" translate="yes">
				<val>Odinstalovat</val>
			</str>
			<str name="Preparing" translate="yes">
				<val>Probíhá příprava odinstalace...</val>
			</str>
			<str name="Currently" translate="yes">
				<val>Právě probíhá odinstalace produktu {0}</val>
			</str>
			<str name="Confirmation" translate="yes">
				<val>Opravdu chcete odinstalaci zrušit?</val>
			</str>
			
			<str name="AdministratorPrivileges" translate="yes">
				<val>Odinstalace vyžaduje oprávnění správce. Přihlaste se jako správce.</val>
			</str>
		</set>
	</set>
	
	<set name="Success">
		<set name="Install">
			<str name="Title" translate="yes">
				<val>Instalace byla dokončena.</val>
			</str>
			<str name="MyAdobeLink" translate="yes">
				<val>http://www.adobe.com/go/adobemembership_cz</val>
			</str>
			<str name="Link1Text" translate="yes">
				<val>Mé Adobe</val>
			</str>
			<str name="Link1" translate="yes">
				<val>http://www.adobe.com/go/adobemembership_cz</val>
			</str>
			<str name="Link2Text" translate="yes">
				<val>Výuková videa</val>
			</str>
			<str name="Link2" translate="yes">
				<val>http://www.adobe.com/go/adobetv_howto_cz</val>
			</str>
			<str name="AdditionalInfo" translate="yes">
				<val>Chcete-li spravovat tento nebo jiný originální software od společnosti Adobe, přejděte na stránky {0}.</val>
			</str>
			<str name="BtnLblLaunchNow" translate="yes">
				<val>Spustit nyní</val>
			</str>
			<str name="BtnLblClose" translate="yes">
				<val>Zavřít</val>
			</str>
			<set name="PP">
				<str name="CompletedText" translate="yes">
					<val>Produkt {0} byl úspěšně nainstalován a je připraven k použití.</val>
				</str>
				<str name="RestartText" translate="yes">
				<val>Před použitím aplikace doporučujeme restartovat systém.</val>
				</str>
			</set>
			<set name="Suite">
				<str name="CompletedText" translate="yes">
					<val>Tyto aplikace jsou připraveny k použití.</val>
				</str>
				<str name="RestartText" translate="yes">
				<val>Některé z uvedených aplikací vyžadují restart systému. Až poté je bude možné používat.</val>
				</str>
			</set>
		</set>
		
		<set name="Uninstall">
			<str name="Title" translate="yes">
				<val>Odinstalace byla dokončena.</val>
			</str>
			<str name="RestartText" translate="yes">
				<val>Restartujte systém.</val>
			</str>
			<set name="PP">
				<str name="CompletedText" translate="yes">
					<val>Produkt {0} byl úspěšně odinstalován.</val>
				</str>
			</set>
			<set name="Suite">
				<str name="CompletedText" translate="yes">
					<val>Následující aplikace byly úspěšně odinstalovány.</val>
				</str>
			</set>
		</set>
	</set>
	
    <set name="DoneWithError">
	    <set name="Install">
	        <str name="Title" translate="yes">
	            <val>Instalace byla dokončena</val>
	        </str>
	        <str name="CompleteText" translate="yes">
	            <val>Instalace byla dokončena a tyto aplikace jsou připraveny k použití.</val>
	        </str>
	        <str name="IncompleteWarning" translate="yes">
	            <val>Některé položky následujících produktů nebylo možné nainstalovat.</val>
	        </str>
			<set name="PP">
				<str name="RestartText" translate="yes">
					<val>Před použitím produktu doporučujeme restartovat systém.</val>
				</str>
			</set>
			<set name="Suite">
				<str name="RestartText" translate="yes">
					<val>Některé z uvedených produktů vyžadují restart systému. Až poté je bude možné používat.</val>
				</str>
			</set>
			<set name="Cancelled">
		        <str name="Title" translate="yes">
		            <val>Instalace byla zrušena</val>
		        </str>
		        <str name="CompleteText" translate="yes">
	            	<val>Před stisknutím tlačítka Storno však byly nainstalovány následující aplikace. Tyto aplikace je možné odinstalovat ručně.</val>
		        </str>
	        </set>
            <str name="DiskSpaceText" translate="yes">
                <val>Na disku je nedostatek místa. Vymažte některá data a zkuste produkt nainstalovat znovu.</val>
            </str>
		</set>
	    <set name="Uninstall">
	        <str name="Title" translate="yes">
	            <val>Odinstalace byla dokončena</val>
	        </str>
	        <str name="CompleteText" translate="yes">
	            <val>Následující aplikace byly úspěšně odinstalovány</val>
	        </str>
	        <str name="IncompleteWarning" translate="yes">
	            <val>Některé komponenty se nepodařilo odinstalovat.</val>
	        </str>
	        <str name="CleanerToolText" translate="yes">
            	<val>Proces vyčištění můžete dokončit stažením a spuštěním nástroje {0}Cleaner Tool{1}.</val>
        </str>
	    </set>
    </set>

    <set name="Failure">
	    <set name="Install">
	        <str name="Title" translate="yes">
	            <val>Instalace se nezdařila</val>
	        </str>
	        <str name="WarningText" translate="yes">
	            <val>Během instalace se vyskytly chyby.</val>
	        </str>
			<str name="InitializeTroubleshootingTips" translate="yes">
			    <val>Další tipy pro řešení problémů:{0}1. Restartujte počítač.{0}2. Ukončete všechny aplikace, včetně položek po spuštění, antivirové kontroly a softwaru brány firewall.{0}3. Spusťte instalační program a aplikace znovu nainstalujte.</val>
            </str>
			<str name="TroubleshootingTips" translate="yes">
			    <val>Další tipy pro řešení problémů:{0}1. Restartujte počítač.{0}2. Ukončete všechny aplikace, včetně položek po spuštění, antivirové kontroly a softwaru brány firewall.{0}3. Zavřete toto okno, znovu spusťte instalační program a aplikace znovu nainstalujte.</val>
            </str>
	        
	        <set name="Cancelled">
		        <str name="Title" translate="yes">
		            <val>Instalace byla zrušena</val>
		        </str>
		        <str name="WarningText" translate="yes">
		            <val>Instalace byla zrušena. Zkuste to znovu později.</val>
		        </str>
	        </set>
	        
	        <set name="AGVFailure">
		        <str name="WarningText" translate="yes">
		            <val>Chyba při ověřování originálního softwaru od společnosti Adobe</val>
		        </str>
		        <str name="ParagraphOneText" translate="yes">
					<val>Produkt, který se snažíte nainstalovat, není originální software od společnosti Adobe a pravděpodobně jde o padělek. {0}Nahlaste pirátství{1} nebo se obraťte na oddělení {2}podpory zákazníků{3}.</val>
		        </str>
		        <str name="ReportPiracyLink" translate="yes">
		            <val>http://www.adobe.com/go/reportpiracy_cz</val>
		        </str>
	        </set>
	        
	        <set name="SyncFail">
	            <str name="WarningText" translate="yes">
	                <val>Nesrovnalosti v databázi instalačního souboru. Restartujte počítač a nainstalujte aplikaci znovu.</val>
	            </str>
	        </set>
	        
	        <set name="MSIRunning">
	            <str name="ParagraphOneText" translate="yes">
	                <val>Momentálně je spuštěný jiný instalační program, který je třeba před instalací tohoto produktu zavřít. Zavřete ostatní instalační programy.</val>
	            </str>
	        </set>
	        
	        <set name="DiskSpace">
	            <str name="ParagraphOneText" translate="yes">
	                <val>Na disku je nedostatek místa. Vymažte některá data a zkuste produkt nainstalovat znovu.</val>
	            </str>
	        </set>
	    </set>
	    
	    <set name="Uninstall">
	        <str name="Title" translate="yes">
	            <val>Odinstalace se nezdařila</val>
	        </str>
	        <str name="WarningText" translate="yes">
	            <val>Během odinstalace se vyskytly chyby.</val>
	        </str>
			<str name="InitializeTroubleshootingTips" translate="yes">
			    <val>Tipy pro řešení problémů:{0}1. Restartujte počítač.{0}2. Ukončete všechny aplikace, včetně položek po spuštění, antivirové kontroly a softwaru brány firewall.{0}3. Spusťte odinstalaci znovu.</val>
            </str>
	        <str name="TroubleshootingTips" translate="yes">
			    <val>Další tipy pro řešení problémů:{0}1. Restartujte počítač.{0}2. Ukončete všechny aplikace, včetně položek po spuštění, antivirové kontroly a softwaru brány firewall.{0}3. Spusťte odinstalaci znovu.</val>
            </str>
            <str name="CleanerToolText" translate="yes">
            	<val>Také můžete stáhnout a spustit nástroj {0}Cleaner Tool{1}.</val>
        	</str>
        	<str name="MSIRunning" translate="yes">
	            <val>Momentálně je spuštěný jiný instalační program, který je třeba před odinstalací tohoto produktu zavřít. Zavřete ostatní instalační programy.</val>
	        </str> 	        
	    </set>
	    
        <set name="InitializationFailed">
            <str name="Paragraph1" translate="yes">
                <val>Nepodařilo se spustit instalační soubor. Může to být způsobeno chybějícím souborem.</val>
            </str>
        </set>
        
        <set name="ConflictingPayload">
            <str name="Paragraph1" translate="yes">
                <val>V počítači je nainstalována konfliktní nebo předběžná verze softwaru {0}. Chcete-li provést instalaci z aktuálního média, je nutné nejdříve konfliktní verzi odstranit.</val>
            </str>
        </set>
        
        <set name="x64BitOn32Bit">
            <str name="Paragraph1" translate="yes">
                <val>Tento produkt lze instalovat pouze do 64bitového systému.</val>
            </str>
        </set>
    </set>
    
	<set name="Common">
		<str name="DefaultProductName" translate="yes">
			<val>Produkt společnosti Adobe</val>
		</str>
		<str name="QuitConfirmation" translate="yes">
            <val>Opravdu chcete okno zavřít?</val>
        </str>
		
        <str name="ErrorSummaryText" translate="yes">
            <val>Soubor {0}souhrn chyb{1} vám může pomoci určit problém.</val>
        </str>
        <str name="CustomerSupportText" translate="yes">
            <val>Pokud problémy přetrvají, požádejte o pomoc oddělení {0}podpory zákazníků{1}.</val>
        </str>
        <str name="CustomerSupportLink" translate="yes">
            <val>http://www.adobe.com/go/customer_support_cz</val>
        </str>
        <str name="NewSubscriptionLink" translate="yes">
        	<val>http://www.adobe.com/go/products_cz</val>
        </str>
        <str name="CleanerToolLink" translate="yes">
            <val>http://www.adobe.com/go/cscleanertool_cz</val>
        </str>
        
        <str name="SystemRequirementsLink" translate="yes">
            <val>http://www.adobe.com/go/cs_systemreqs_cz</val>
        </str>

		<str name="PrivacyPortalLink" translate="yes">
			<val>http://www.adobe.com/go/adobe_privacy_portal_cz</val>
		</str>
		
		<str name="PrivacyPolicyLink" translate="yes">
			<val>http://www.adobe.com/go/privacy_cz</val>
		</str>
		<str name="GetActivated" translate="yes">
			<val>http://www.adobe.com/go/getactivated_cz</val>
		</str>
		<str name="GB" translate="yes">
			<val>GB</val>
		</str>
		<str name="MB" translate="yes">
			<val>MB</val>
		</str>
		<str name="KB" translate="yes">
			<val>KB</val>
		</str>
		<str name="decimalSeparator" translate="yes">
			<val>,</val>
		</str>
		<str name="commaSeparator" translate="yes">
			<val>,</val>
		</str>
	</set>
	
	<set name="OSName">
		<str name="6.2.1" translate="no"><val>Windows Server 2012</val></str>
		<str name="6.2.0" translate="no"><val>Windows 8</val></str>
		<str name="Win8" translate="no"><val>Windows 8</val></str>
		<str name="Win7" translate="no"><val>Windows 7</val></str>
		<str name="Server2008R2" translate="no"><val>Windows Server 2008 R2</val></str>
		<str name="Vista" translate="no"><val>Windows Vista</val></str>
		<str name="Server2008" translate="no"><val>Windows Server 2008</val></str>
		<str name="Server2003" translate="no"><val>Windows Server 2003</val></str>
		<str name="XP" translate="no"><val>Windows XP</val></str>
		<str name="2000" translate="no"><val>Windows 2000</val></str>
		<str name="ME" translate="no"><val>Windows ME</val></str>
		<str name="98" translate="no"><val>Windows 98</val></str>
		<str name="NT4.0" translate="no"><val>Windows NT 4.0</val></str>
		<str name="95" translate="no"><val>Windows 95</val></str>
		<str name="UNKNOWN" translate="no"><val>Windows</val></str>
	</set>
	
	<set name="isoToLanguage">
		<str name="en_US" translate="no"><val>English (North America)</val></str>
		<str name="en_GB" translate="no"><val>English (International)</val></str>
		<str name="en_INT" translate="no"><val>English (International)</val></str>
		<str name="en_AE" translate="no"><val>English يدعم العربية</val></str>
		<str name="en_IL" translate="no"><val>English תומך עברית</val></str>
		<str name="en_XC" translate="no"><val>English (Central Europe)</val></str>
		<str name="en_XM" translate="no"><val>English (Middle East)</val></str>
		
		<str name="fr_FR" translate="no"><val>Français</val></str>
		<str name="fr_CA" translate="no"><val>Français (Canada)</val></str>
		<str name="fr_MA" translate="no"><val>Français (Maroc)</val></str>
		<str name="fr_XM" translate="no"><val>Français (Moyen-Orient)</val></str>
		
		<str name="es_ES" translate="no"><val>Español</val></str>
		<str name="es_MX" translate="no"><val>Español (América Latina)</val></str>
		<str name="es_LA" translate="no"><val>Español de América Latina</val></str>
		<str name="es_NA" translate="no"><val>Español Norteamericano</val></str>
		<str name="es_QM" translate="no"><val>Español (Middle East)</val></str>
		
		<str name="ar_AE" translate="no"><val>العربية</val></str>
		<str name="bg_BG" translate="no"><val>Български</val></str>
		<str name="lv_LV" translate="no"><val>Latviešu</val></str>
		<str name="et_EE" translate="no"><val>Eesti</val></str>
		<str name="hr_HR" translate="no"><val>hrvatski</val></str>
		<str name="sl_SI" translate="no"><val>slovenščina</val></str>
		<str name="sk_SK" translate="no"><val>slovenčina</val></str>
		<str name="th_TH" translate="no"><val>ภาษาไทย</val></str>
		<str name="vi_VN" translate="no"><val>Việt</val></str>
		<str name="sq_AL" translate="no"><val>Shqip</val></str>
		<str name="ar_SA" translate="no"><val>العربية</val></str>
		<str name="be_BY" translate="no"><val>Беларуская</val></str>
		<str name="ca_ES" translate="no"><val>Català</val></str>
		<str name="hi_IN" translate="no"><val>हिन्दी</val></str>
		<str name="is_IS" translate="no"><val>Íslenska</val></str>
		<str name="lt_LT" translate="no"><val>Lietuvių</val></str>
		<str name="mk_MK" translate="no"><val>македонски</val></str>
		<str name="nn_NO" translate="no"><val>Norsk (Nynorsk)</val></str>
		<str name="pt_PT" translate="no"><val>Português de Portugal</val></str>
		<str name="sh_YU" translate="no"><val>Srpsko-Hrvatski</val></str>
		<str name="sr_YU" translate="no"><val>Cрпски</val></str>
		<str name="kk_KZ" translate="no"><val>Қазақ</val></str>
		<str name="az_AZ" translate="no"><val>Azərbaycan dili</val></str>
		<str name="no_NO" translate="no"><val>Norwegian</val></str>
		<str name="cs_CZ" translate="no"><val>česky</val></str>
		<str name="de_DE" translate="no"><val>Deutsch</val></str>
		<str name="el_GR" translate="no"><val>Ελληνικά</val></str>
		<str name="he_IL" translate="no"><val>עברית</val></str>
		<str name="hu_HU" translate="no"><val>magyar</val></str>
		<str name="it_IT" translate="no"><val>Italiano</val></str>
		<str name="ja_JP" translate="no"><val>日本語</val></str>
		<str name="ko_KR" translate="no"><val>한국어</val></str>
		<str name="nl_NL" translate="no"><val>Nederlands</val></str>
		<str name="pl_PL" translate="no"><val>polski</val></str>
		<str name="ro_RO" translate="no"><val>Română</val></str>
		<str name="ru_RU" translate="no"><val>русский</val></str>
		<str name="sv_SE" translate="no"><val>Svenska</val></str>
		<str name="tr_TR" translate="no"><val>Türkçe</val></str>
		<str name="uk_UA" translate="no"><val>українська</val></str>
		<str name="zh_CN" translate="no"><val>简体中文</val></str>
		<str name="zh_TW" translate="no"><val>繁體中文</val></str>
		<str name="da_DK" translate="no"><val>Dansk</val></str>
		<str name="fi_FI" translate="no"><val>suomi</val></str>
		<str name="nb_NO" translate="no"><val>Norsk (Bokmål)</val></str>
		<str name="pt_BR" translate="no"><val>Português do Brasil</val></str>
	</set>

</asf>
