<?xml version='1.0' encoding='utf-8'?>
<!DOCTYPE asf SYSTEM "http://ns.adobe.com/asf/asf_1_0.dtd" >
<asf xmlns="http://ns.adobe.com/asf" locale="pt_BR" version="1.0">
	<set name="ButtonLabel">
		<str name="Quit" translate="yes">
			<val>Fechar</val>
		</str>
		<str name="Yes" translate="yes">
			<val>Sim</val>
		</str>
		<str name="Cancel" translate="yes">
			<val>Cancelar</val>
		</str>
		<str name="Browse" translate="yes">
			<val>Procurar</val>
		</str>
		<str name="Retry" translate="yes">
			<val>Tentar novamente</val>
		</str>
		<str name="Pause" translate="yes">
			<val>Pausar</val>
		</str>
		<str name="Resume" translate="yes">
			<val>Continuar</val>
		</str>
		<str name="No" translate="yes">
			<val>Não</val>
		</str>
		<str name="save" translate="yes">
			<val>Salvar</val>
		</str>
		<str name="decline" translate="yes">
			<val>Recusar</val>
		</str>
		<str name="accept" translate="yes">
			<val>Aceitar</val>
		</str>
		<str name="cancelInstall" translate="yes">
			<val>Cancelar a instalação</val>
		</str>
		<str name="continue" translate="yes">
			<val>Continuar</val>
		</str>
	</set>
	<set name="downloadScreen">
		<str name="title" translate="yes">
			<val>Download</val>
		</str>
	</set>
	<set name="Updates">
		<str name="regularUp" translate="yes">
			<val>Atualizações regulares</val>
		</str>
		<str name="regularUpWithReboot" translate="yes">
			<val>Atualizações regulares. (Reinício exigido)</val>
		</str>
		<str name="Update" translate="yes">
			<val>Atualizar</val>
		</str>
		<str name="UpToDate" translate="yes">
			<val>Atualizado</val>
		</str>
		<str name="newFeatures" translate="yes">
			<val>Novos recursos.</val>
		</str>
		<str name="newFeaturesWtihReboot" translate="yes">
			<val>Novos recursos.</val>
		</str>
		<str name="RestartReq" translate="yes">
			<val>(Reinício exigido)</val>
		</str>
		<str name="securityUp" translate="yes">
			<val>Atualizações de segurança.</val>
		</str>
		<str name="securityUpWithReboot" translate="yes">
			<val>Atualizações de segurança. (Reinício exigido)</val>
		</str>
		<str name="Updates" translate="yes">
			<val>Atualizações</val>
		</str>
		<str name="UpdatesCount" translate="yes">
			<val>Atualizações ({0})</val>
		</str>
		<str name="Updating" translate="yes">
			<val>Atualizando...</val>
		</str>
		<str name="UpdateFail" translate="yes">
			<val>Falha na atualização</val>
		</str>
		<str name="Updated" translate="yes">
			<val>Atualizado</val>
		</str>
		<str name="UpdateAll" translate="yes">
			<val>Atualizar tudo</val>
		</str>
		<str name="finishingUp" translate="yes">
			<val>Concluindo...</val>
		</str>
		<str name="UpdateWait" translate="yes">
			<val>Aguardando para atualizar</val>
		</str>
		<str name="NoNewUpdate" translate="yes">
			<val>Não há novas atualizações.</val>
		</str>
		<str name="UpdatingAll" translate="yes">
			<val>Atualizando todos os aplicativos...</val>
		</str>
		<str name="CancellingUpdate" translate="yes">
			<val>Cancelando atualização...</val>
		</str>
		<str name="CancelUpdate" translate="yes">
			<val>Cancelar atualização</val>
		</str>
	</set>
	<set name="EulaScreen">
		<str name="title" translate="yes">
			<val>Contrato de usuário de software da Adobe</val>
		</str>
	</set>
	<set name="NavigationPanel">
		<str name="preferences" translate="yes">
			<val>Minhas preferências</val>
		</str>
		<str name="OnlyPreferences" translate="yes">
			<val>Preferências</val>
		</str>
		<str name="help" translate="yes">
			<val>Ajuda</val>
		</str>
		<str name="signOut" translate="yes">
			<val>Sair</val>
		</str>
		<str name="allApps" translate="yes">
			<val>Todos</val>
		</str>
		<str name="allAppsCount" translate="yes">
			<val>Todos ({0})</val>
		</str>
		<str name="newApps" translate="yes">
			<val>Novos aplicativos ({0})</val>
		</str>
	</set>

	<set name="PreferenceScreen">
		<str name="title" translate="yes">
			<val>Preferências</val>
		</str>
		<str name="installOptions" translate="yes">
			<val>Opções de instalação</val>
		</str>
		<str name="language" translate="yes">
			<val>Idioma:</val>
		</str>
		<str name="installLocation" translate="yes">
			<val>Local de instalação:</val>
		</str>
		<str name="useDefaultInstallLocation" translate="yes">
			<val>Usar local padrão...</val>
		</str>
		<str name="usingDefaultInstallLocation" translate="yes">
			<val>Local padrão...</val>
		</str>
		<str name="defaultOptions" translate="yes">
			<val>Use sempre as opções de instalação padrão.</val>
		</str>
		<str name="reportsTitle" translate="yes">
			<val>Relatórios</val>
		</str>
		<str name="analyticsReport" translate="yes">
			<val>Ajude a Adobe a melhorar a experiência de download e instalação enviando relatórios de status de instalação.</val>
		</str>
	</set>
	<set name="PreferencePathError">
			<str name="LongPath" translate="yes">
				<val>O caminho de instalação escolhido é muito longo.</val>
			</str>
			<str name="RootDrive" translate="yes">
				<val>Não há suporte para instalação em um local na unidade raiz.</val>
			</str>
			<str name="RemovableDrive" translate="yes">
				<val>Não há suporte para instalação em uma unidade flash removível.</val>
			</str>
			<str name="MappedDrive" translate="yes">
				<val>Não há suporte para instalação em uma unidade de rede mapeada.</val>
			</str>
			<str name="CaseSensitive" translate="yes">
				<val>Não há suporte para instalação em volumes que fazem distinção entre maiúsculas de minúsculas.</val>
			</str>
			<str name="LockedPath" translate="yes">
				<val>Não há suporte para instalação em um local bloqueado.</val>
			</str>
			<str name="Generic" translate="yes">
				<val>Não é possível instalar no local escolhido.</val>
			</str>
		</set>
	<set name="networkErrors">
		<str name="networkDisconnect" translate="yes">
			<val>Conecte-se à Internet e tente novamente.</val>
		</str>
	</set>
	<set name="fileSystemError">
		<str name="fileWriteError" translate="yes">
			<val>Não é possível gravar em {0}. Selecione outra pasta para continuar.</val>
		</str>
		<str name="writePermissionError" translate="yes">
			<val>Você não tem permissão para gravar em {0}. Conceda permissões de gravação a essa pasta e tente novamente.</val>
		</str>
	</set>
	<set name="Progress">
		<str name="extractionProgress" translate="yes">
			<val>Extraindo...</val>
		</str>
		<str name="extractionWait" translate="yes">
			<val>Aguardando a extração...</val>
		</str>
		<str name="downloading" translate="yes">
			<val>Fazendo o download...</val>
		</str>
		<str name="percentComplete" translate="yes">
			<val>{0}% concluído</val>
		</str>
		<str name="percentDownloaded" translate="yes">
			<val>{0}% baixado</val>
		</str>
		<str name="percentInstalled" translate="yes">
			<val>{0}% instalado</val>
		</str>
		<str name="percentMbOfMb" translate="yes">
			<val>{0} MB de {1} MB baixado</val>
		</str>
		<str name="percentMbOfGb" translate="yes">
			<val>{0} MB de {1} GB baixado</val>
		</str>
		<str name="percentGbOfGb" translate="yes">
			<val>{0} GB de {1} GB baixado</val>
		</str>
		<str name="minutesRemaining" translate="yes">
			<val>cerca de {0} minutos restantes</val>
		</str>
		<str name="minuteRemaining" translate="yes">
			<val>cerca de {0} minuto restante</val>
		</str>
		<str name="lessThanMinute" translate="yes">
			<val>menos de um minuto</val>
		</str>
		<str name="calculatingTime" translate="yes">
			<val>calculando o tempo restante</val>
		</str>
		<str name="downloadWait" translate="yes">
			<val>Aguardando o download...</val>
		</str>
		<str name="downloadCancel" translate="yes">
			<val>Cancelando o download...</val>
		</str>
		<str name="install" translate="yes">
			<val>Instalar</val>
		</str>
		<str name="try" translate="yes">
			<val>Avaliar</val>
		</str>
		<str name="installing" translate="yes">
			<val>Instalando...</val>
		</str>
		<str name="installWait" translate="yes">
			<val>Aguardando a instalação...</val>
		</str>
		<str name="installCancel" translate="yes">
			<val>Cancelando a instalação...</val>
		</str>
		<str name="installComplete" translate="yes">
			<val>Instalação concluída</val>
		</str>
		<str name="closing" translate="yes">
			<val>Fechando...</val>
		</str>
		<str name="alreadyInstalled" translate="yes">
			<val>Instalado</val>
		</str>
		<str name="trialDaysRemaining" translate="yes">
			<val>Versão de instalação, {0} dias restantes</val>
		</str>
		<str name="trialDayRemaining" translate="yes">
			<val>Versão de instalação, {0} dia restante</val>
		</str>
		<str name="appLaunch" translate="yes">
			<val>Iniciar</val>
		</str>
	</set>

	<set name="UpdateErrors">
		<str name="fileWriteError" translate="yes">
			<val>Não é possível gravar no arquivo/pasta. Saia, desative o antivírus e tente novamente, ou entre em contato com o {0}suporte ao cliente{1}.</val>
		</str>
		<str name="genericInstallFailure" translate="yes">
			<val>Ocorreu um erro ao instalar esta atualização. Tente novamente mais tarde ou entre em contato com o {0}suporte ao cliente{1}.</val>
		</str>
		<str name="updaterNotRunning" translate="yes">
			<val>O instalador de correções não está funcionando. Saia e tente novamente mais tarde.</val>
		</str>
		<str name="updateNotApplicable" translate="yes">
			<val>Esta atualização não é aplicável a versões de pré-lançamento/beta deste produto.</val>
		</str>
		<str name="unableToApplySassafras" translate="yes">
			<val>Não é possível atualizar os produtos chave. Contate o administrador da Sassafras para obter mais informações.</val>
		</str>
		<str name="conflictingProcessErrTitle" translate="yes">
			<val>Atualização do produto {0}</val>
		</str>
		<str name="patchModeSyncErrorTitle" translate="yes">
			<val>Um problema foi encontrado.</val>
		</str>
		<str name="appMovedErrTitle" translate="yes">
			<val>Aplicativo não encontrado. Restaure-o se tiver sido movido para a lixeira ou outro volume. Caso contrário, resintale-o.</val>
		</str>
		<str name="adminPriviledgeUpdateErr" translate="yes">
			<val>É necessário ter privilégios de administrador para fazer a atualização. Tente novamente ou cancele para atualizar mais tarde.</val>
		</str>
		<str name="aamuAlreadyRunningErr" translate="yes">
			<val>O Adobe Application Manager já está em execução. Feche as outras instâncias antes de fazer as atualizações ou contate o {0}Suporte ao cliente{1}.</val>
		</str>
	</set>

	<set name="DownloadErrors">
		<str name="retryingTitle" translate="yes">
			<val>Tentando novamente</val>
		</str>
		<str name="commonDownloadErrTitle" translate="yes">
			<val>Erro de download</val>
		</str>
		<str name="commonDownloadErr" translate="yes">
			<val>Erro de download. Pressione Tentar novamente ou entre em contato com o {0}suporte ao cliente{1}.</val>
		</str>
		<str name="fatalDownloadErr" translate="yes">
			<val>Erro de download. Entre em contato com o {0}suporte ao cliente{1}.</val>
		</str>
		<str name="genericWriteErr" translate="yes">
			<val>Erro ao acessar o disco rígido. Pressione Tentar novamente ou entre em contato com o {0}Suporte ao cliente{1}.</val>
		</str>
		<str name="diskSpaceError" translate="yes">
			<val>Espaço insuficiente em disco. Libere espaço em {0} e tente novamente.</val>
		</str>
		<str name="writeError" translate="yes">
			<val>Erro ao gravar no local do arquivo temporário. Se o problema persistir, entre em contato com o {0}suporte ao cliente{1}.</val>
		</str>
		<str name="InvalidFile" translate="yes">
			<val>O download parece estar corrompido. Pressione Cancelar, espere alguns minutos e tente novamente.</val>
		</str>
		<str name="networkUnavailable" translate="yes">
			<val>Não é possível alcançar os servidores da Adobe. Verifique sua conexão com a Internet e as configurações de firewall e tente novamente.</val>
		</str>
		<str name="networkUnavailableRetry" translate="yes">
			<val>O servidor não responde. Verifique as configurações da Internet e do firewall e pressione Tentar novamente.</val>
		</str>
		<str name="maxPathErr" translate="yes">
			<val>O caminho do download é muito longo. Entre em contato com o {0}suporte ao cliente{1}.</val>
		</str>
		<str name="pathUnavailable" translate="yes">
			<val>O caminho do download não está disponível. Tente novamente. Se o problema persistir, entre em contato com o {0}suporte ao cliente{1}.</val>
		</str>
		<str name="pathUnavailableFatal" translate="yes">
			<val>O caminho do download não está disponível. Saia e tente novamente mais tarde. Se o problema persistir, entre em contato com o {0}suporte ao cliente{1}.</val>
		</str>
	</set>

	<set name="PreferenceErrors">
		<str name="maxPathErr" translate="yes">
			<val>O caminho de instalação é muito longo. Selecione outro local de instalação em suas preferências e tente novamente.</val>
		</str>
		<str name="rootPathErr" translate="yes">
			<val>Não é possível instalar no caminho raiz.</val>
		</str>
		<str name="flashPathErr" translate="yes">
			<val>Não é possível instalar em uma unidade removível.</val>
		</str>
		<str name="networkPathErr" translate="yes">
			<val>Não é possível instalar em uma unidade de rede.</val>
		</str>
		<str name="caseSensitivePathErr" translate="yes">
			<val>Não é possível instalar em uma unidade que faz distinção entre maiúsculas e minúsculas.</val>
		</str>
		<str name="GenericErr" translate="yes">
			<val>Erro no caminho de instalação. Selecione outro local de instalação em suas preferências e tente novamente.</val>
		</str>
	</set>
	
	<set name="InstallErrors">
		<str name="installFailed" translate="yes">
			<val>Falha na instalação</val>
		</str>
		<str name="InitializeFailed" translate="yes">
			<val>Não é possível instalar o produto. Pressione Tentar novamente para baixar outra vez.</val>
		</str>
		<str name="conflictErr" translate="yes">
			<val>Existe uma versão conflitante ou de pré-lançamento de {0} neste computador. Saia e desinstale a versão anterior antes de continuar.</val>
		</str>
		<str name="betaVersionErr" translate="yes">
			<val>Existe uma versão beta deste produto neste computador. Saia e desinstale a versão antes de continuar. Entre em contato com o {0}suporte ao cliente{1}.</val>
		</str>
		<str name="msiRunningErr" translate="yes">
			<val>Outro instalador já está em execução. Aguarde sua conclusão e tente novamente.</val>
		</str>
		<str name="aamRunningErr" translate="yes">
			<val>O Application Manager já está em execução. Aguarde a conclusão e tente novamente.</val>
		</str>
		<str name="adminPriviledgeErr" translate="yes">
			<val>É necessário ter privilégios de administrador para fazer a instalação. Tente novamente ou cancele para instalar mais tarde.</val>
		</str>
		<str name="applicationList" translate="yes">
			<val>- {0}</val>
		</str>
		<str name="LockedPathErr" translate="yes">
			<val>{0} bloqueado. Selecione outro local de instalação em suas preferências ou desbloqueie a pasta. Em seguida, tente novamente.</val>
		</str>
		<str name="accessPermissionErr" translate="yes">
			<val>{0} não tem acesso de gravação. Selecione outro local de instalação em suas preferências ou forneça acesso de gravação à pasta. Em seguida, tente novamente.</val>
		</str>
		<str name="installPathErr" translate="yes">
			<val>Erro no caminho de instalação. Selecione outro local de instalação em suas preferências e tente novamente.</val>
		</str>
		<str name="systemReqErr" translate="yes">
			<val>Os requisitos do sistema não foram atendidos. Consulte os {0}requisitos mínimos de sistema{1} para obter mais detalhes.</val>
		</str>
		<str name="diskSpaceErr" translate="yes">
			<val>Espaço insuficiente em disco. Selecione outro local de instalação em suas preferências ou libere espaço no disco e tente novamente.</val>
		</str>
		<str name="conflictingProcessErr" translate="yes">
			<val>Feche estes aplicativos para continuar:</val>
		</str>
		<str name="conflictingProcessErrTitle" translate="yes">
			<val>Instalação do {0}</val>
		</str>
		<str name="SyncFailureError" translate="yes">
			<val>A instalação encontrou um erro. Reinicie o sistema e tente novamente.</val>
		</str>
		<str name="criticalInstallErr" translate="yes">
			<val>Erros encontrados durante a instalação. {0}Mais detalhes{1}.</val>
		</str>
		<str name="recommendedInstallErr" translate="yes">
			<val>A instalação foi concluída; no entanto, houve falha na instalação de alguns componentes recomendados. {0}Mais detalhes{1}.</val>
		</str>
		<str name="mediadbSyncErr" translate="yes">
			<val>A instalação foi concluída; no entanto, houve falha na instalação de alguns componentes. {0}Mais detalhes{1}.</val>
		</str>
		<str name="aamCorruptErr" translate="yes">
			<val>O Adobe Application Manager está corrompido e precisa ser reinstalado. {0}Baixe-o{1} ou contate o {2}suporte ao cliente{3}</val>
		</str>
		<str name="doneWithError" translate="yes">
			<val>A instalação foi concluída. No entanto, houve falha na instalação de alguns componentes opcionais. {0}Mais detalhes{1}.</val>
		</str>
		<str name="relaunchAAM" translate="yes">
			<val>Ocorreu um erro. Saia Adobe Application Manager e tente novamente. Isso deve corrigir o erro.</val>
		</str>
	</set>

	<set name="ExtractionErrors">
		<str name="badPathErr" translate="yes">
			<val>Não é possível extrair os arquivos baixados. Pressione Tentar novamente para baixar outra vez.</val>
		</str>
		<str name="diskSpaceErr" translate="yes">
			<val>Espaço insuficiente em disco para extrair arquivos. Libere espaço em {0} e tente novamente.</val>
		</str>
		<str name="writePermissionErr" translate="yes">
			<val>{0} está ausente ou protegido. Crie o caminho, verifique se você tem acesso de gravação e tente novamente.</val>
		</str>
		<str name="maxPathErr" translate="yes">
			<val>Não é possível extrair no diretório temporário. Entre em contato com o {1}suporte ao cliente{2}.</val>
		</str>
		<str name="genericExtractionErr" translate="yes">
			<val>Não é possível extrair os arquivos. Pressione Tentar novamente para baixar outra vez ou entre em contato com o {0}suporte ao cliente{1}.</val>
		</str>
	</set>
	<set name="CommonErrors">
		<str name="errorBracket" translate="yes">
			<val> ({0})</val>
		</str>
	</set>

	<set name="authProxy">
		<str name="authTitle" translate="yes">
			<val>Mais uma coisa...</val>
		</str>
		<str name="authDesc" translate="yes">
			<val>Insira o nome de usuário e a senha do proxy para continuar. Isso geralmente acontece quando você está protegido por um firewall.</val>
		</str>
		<str name="userName" translate="yes">
			<val>Nome de usuário:</val>
		</str>
		<str name="password" translate="yes">
			<val>Senha:</val>
		</str>
		<str name="rememberCredentials" translate="yes">
			<val>Lembrar minhas informações de proxy.</val>
		</str>

	</set>

	<set name="Common">
		<str name="GB" translate="yes">
			<val>GB</val>
		</str>
		<str name="launching" translate="yes">
			<val>Iniciando...</val>
		</str>
		<str name="QuitConfirmation" translate="yes">
			<val>Tem certeza de que deseja sair? Todas as instalações e downloads ativos serão cancelados.</val>
		</str>
		<str name="SingleQuitConfirmation" translate="yes">
			<val>Tem certeza de que deseja cancelar a instalação?</val>
		</str>
		<str name="SingleUpdateQuitConfirmation" translate="yes">
			<val>Tem certeza de que deseja cancelar a atualização?</val>
		</str>
		<str name="ErrorSummaryText" translate="yes">
			<val>O arquivo de {0}resumo do erro{1} pode ajudá-lo a identificar o problema.</val>
		</str>
		<str name="CustomerSupportText" translate="yes">
			<val>Se o problema persistir, entre em contato com o {0}Suporte ao cliente{1} para obter ajuda adicional.</val>
		</str>
		<str name="CustomerSupportLink" translate="yes">
			<val>http://www.adobe.com/go/support_br</val>
		</str>
		<str name="goSupportLink" translate="yes">
			<val>http://www.adobe.com/go/customer_support_br</val>
		</str>
		<str name="sysReqLink" translate="yes">
			<val>http://www.adobe.com/go/cc_techspecs_br</val>
		</str>
		<str name="aamDownloadLink" translate="yes">
			<val>http://www.adobe.com/go/applicationmanager_br</val>
		</str>
		<str name="MB" translate="yes">
			<val>MB</val>
		</str>
		<str name="KB" translate="yes">
			<val>KB</val>
		</str>
		<str name="of" translate="yes">
			<val>de</val>
		</str>
		<str name="decimalSeparator" translate="yes">
			<val>,</val>
		</str>
		<str name="langFallbackStr" translate="yes">
			<val>(Em {0})</val>
		</str>
		<str name="commaSeparator" translate="yes">
			<val>,</val>
		</str>
		<str name="upgradeConfirmation" translate="yes">
			<val>A instalação da versão de avaliação do produto {0} desinstalará as versões anteriores do produto {1}.</val>
		</str>
		<str name="upgradeConfirmationTitle" translate="yes">
			<val>Observação</val>
		</str>
	</set>
	
	<set name="isoToLanguage">
		<str name="ar_AE" translate="no"><val>العربية</val></str>
		<str name="en_GB" translate="no"><val>English (International)</val></str> 
		<str name="fr_CA" translate="no"><val>Français canadien</val></str>
		<str name="es_QM" translate="no"><val>Español (Middle East)</val></str>
		<str name="es_LA" translate="no"><val>Español de América Latina</val></str>
		<str name="es_NA" translate="no"><val>Español Norteamericano</val></str>
		<str name="bg_BG" translate="no"><val>Български</val></str>
		<str name="lv_LV" translate="no"><val>Latviešu</val></str>
		<str name="et_EE" translate="no"><val>Eesti</val></str>
		<str name="hr_HR" translate="no"><val>hrvatski</val></str>
		<str name="sl_SI" translate="no"><val>slovenščina</val></str>
		<str name="sk_SK" translate="no"><val>slovenčina</val></str>
		<str name="th_TH" translate="no"><val>ภาษาไทย</val></str> 
		<str name="vi_VN" translate="no"><val>Việt</val></str>
		<str name="en_XC" translate="no"><val>English (Central Europe)</val></str> 
		<str name="en_XM" translate="no"><val>English (Middle East)</val></str>
		<str name="fr_XM" translate="no"><val>Français Oriental Moyen</val></str>
		<str name="sq_AL" translate="no"><val>Shqip</val></str> 
		<str name="ar_SA" translate="no"><val>العربية</val></str>
		<str name="be_BY" translate="no"><val>Беларуская</val></str> 
		<str name="ca_ES" translate="no"><val>Català</val></str> 
		<str name="hi_IN" translate="no"><val>हिन्दी</val></str>
		<str name="is_IS" translate="no"><val>Íslenska</val></str> 
		<str name="lt_LT" translate="no"><val>Lietuvių</val></str>
		<str name="mk_MK" translate="no"><val>македонски</val></str>
		<str name="nn_NO" translate="no"><val>Norsk (Nynorsk)</val></str>
		<str name="pt_PT" translate="no"><val>Português de Portugal</val></str> 
		<str name="sh_YU" translate="no"><val>Srpsko-Hrvatski</val></str> 
		<str name="sr_YU" translate="no"><val>Cрпски</val></str> 
		<str name="kk_KZ" translate="no"><val>Қазақ</val></str>
		<str name="az_AZ" translate="no"><val>Azərbaycan dili</val></str> 
		<str name="es_MX" translate="no"><val>Español (América Latina)</val></str>
		<str name="no_NO" translate="no"><val>Norwegian</val></str> 
		<str name="cs_CZ" translate="no"><val>Česky</val></str>
		<str name="de_DE" translate="no"><val>Deutsch</val></str>
		<str name="el_GR" translate="no"><val>Ελληνικά</val></str>
		<str name="en_US" translate="no"><val>English (North America)</val></str> 
		<str name="es_ES" translate="no"><val>Español</val></str> 
		<str name="fr_FR" translate="no"><val>Français</val></str>
		<str name="he_IL" translate="no"><val>עברית</val></str> 
		<str name="hu_HU" translate="no"><val>Magyar</val></str> 
		<str name="it_IT" translate="no"><val>Italiano</val></str>
		<str name="ja_JP" translate="no"><val>日本語</val></str>
		<str name="ko_KR" translate="no"><val>한국어</val></str>
		<str name="nl_NL" translate="no"><val>Nederlands</val></str>
		<str name="pl_PL" translate="no"><val>Polski</val></str>
		<str name="ro_RO" translate="no"><val>Română</val></str>
		<str name="ru_RU" translate="no"><val>Pусский</val></str>
		<str name="sv_SE" translate="no"><val>Svenska</val></str>
		<str name="tr_TR" translate="no"><val>Türkçe</val></str>
		<str name="uk_UA" translate="no"><val>Українська</val></str>
		<str name="zh_CN" translate="no"><val>简体中文</val></str>
		<str name="zh_TW" translate="no"><val>繁體中文</val></str>
		<str name="da_DK" translate="no"><val>Dansk</val></str>
		<str name="fi_FI" translate="no"><val>Suomi</val></str>
		<str name="nb_NO" translate="no"><val>Norsk (Bokmål)</val></str> 
		<str name="pt_BR" translate="no"><val>Português do Brasil</val></str>
		<str name="en_AE" translate="no"><val>English يدعم العربية</val></str> 
		<str name="en_IL" translate="no"><val>English תומך עברית</val></str> 
		<str name="fr_MA" translate="no"><val>Français (Maroc)</val></str>
    </set>
	
	<set name="isoToFallbackLanguage">
		<str name="ar_AE" translate="no"><val>العربية</val></str>
		<str name="en_GB" translate="yes"><val>inglês</val></str> 
		<str name="fr_CA" translate="no"><val>Français canadien</val></str>
		<str name="es_QM" translate="no"><val>Español</val></str>
		<str name="es_LA" translate="no"><val>Español de América Latina</val></str>
		<str name="es_NA" translate="no"><val>Español Norteamericano</val></str>
		<str name="bg_BG" translate="no"><val>Български</val></str>
		<str name="lv_LV" translate="no"><val>Latviešu</val></str>
		<str name="et_EE" translate="no"><val>Eesti</val></str>
		<str name="hr_HR" translate="no"><val>hrvatski</val></str>
		<str name="sl_SI" translate="no"><val>slovenščina</val></str>
		<str name="sk_SK" translate="no"><val>slovenčina</val></str>
		<str name="th_TH" translate="no"><val>ภาษาไทย</val></str> 
		<str name="vi_VN" translate="no"><val>Việt</val></str>
		<str name="en_XC" translate="yes"><val>inglês</val></str> 
		<str name="en_XM" translate="yes"><val>inglês</val></str>
		<str name="fr_XM" translate="no"><val>Français Oriental Moyen</val></str>
		<str name="sq_AL" translate="no"><val>Shqip</val></str> 
		<str name="ar_SA" translate="no"><val>العربية</val></str>
		<str name="be_BY" translate="no"><val>Беларуская</val></str> 
		<str name="ca_ES" translate="no"><val>Català</val></str> 
		<str name="hi_IN" translate="no"><val>हिन्दी</val></str>
		<str name="is_IS" translate="no"><val>Íslenska</val></str> 
		<str name="lt_LT" translate="no"><val>Lietuvių</val></str>
		<str name="mk_MK" translate="no"><val>македонски</val></str>
		<str name="nn_NO" translate="no"><val>Norsk</val></str>
		<str name="pt_PT" translate="no"><val>Português de Portugal</val></str> 
		<str name="sh_YU" translate="no"><val>Srpsko-Hrvatski</val></str> 
		<str name="sr_YU" translate="no"><val>Cрпски</val></str> 
		<str name="kk_KZ" translate="no"><val>Қазақ</val></str>
		<str name="az_AZ" translate="no"><val>Azərbaycan dili</val></str> 
		<str name="es_MX" translate="no"><val>Español</val></str>
		<str name="no_NO" translate="no"><val>Norwegian</val></str> 
		<str name="cs_CZ" translate="no"><val>Česky</val></str>
		<str name="de_DE" translate="no"><val>Deutsch</val></str>
		<str name="el_GR" translate="no"><val>Ελληνικά</val></str>
		<str name="en_US" translate="yes"><val>inglês</val></str> 
		<str name="es_ES" translate="no"><val>Español</val></str> 
		<str name="fr_FR" translate="no"><val>Français</val></str>
		<str name="he_IL" translate="no"><val>עברית</val></str> 
		<str name="hu_HU" translate="no"><val>Magyar</val></str> 
		<str name="it_IT" translate="no"><val>Italiano</val></str>
		<str name="ja_JP" translate="no"><val>日本語</val></str>
		<str name="ko_KR" translate="no"><val>한국어</val></str>
		<str name="nl_NL" translate="no"><val>Nederlands</val></str>
		<str name="pl_PL" translate="no"><val>Polski</val></str>
		<str name="ro_RO" translate="no"><val>Română</val></str>
		<str name="ru_RU" translate="no"><val>Pусский</val></str>
		<str name="sv_SE" translate="no"><val>Svenska</val></str>
		<str name="tr_TR" translate="no"><val>Türkçe</val></str>
		<str name="uk_UA" translate="no"><val>Українська</val></str>
		<str name="zh_CN" translate="yes"><val>简体中文</val></str>
		<str name="zh_TW" translate="yes"><val>繁體中文</val></str>
		<str name="da_DK" translate="no"><val>Dansk</val></str>
		<str name="fi_FI" translate="no"><val>Suomi</val></str>
		<str name="nb_NO" translate="no"><val>Norsk</val></str> 
		<str name="pt_BR" translate="no"><val>Português do Brasil</val></str>
		<str name="en_AE" translate="no"><val>English يدعم العربية</val></str> 
		<str name="en_IL" translate="no"><val>English תומך עברית</val></str> 
		<str name="fr_MA" translate="no"><val>Français</val></str>
    </set>
	
	<set name="register">
		<set name="subscription">
			<str name="title" translate="yes">
				<val>Entrada necessária</val>
			</str>			
			<str name="message" translate="yes">
				<val>É necessário entrar com a sua ID da Adobe para usar e registrar este produto. Sua ID da Adobe permite acessar os números de série, o Adobe Creative Cloud e a comunidade Adobe.com/br.</val>
			</str>
			<str name="userEmail" translate="yes">
				<val>Você entrará com o ID da Adobe {0}.</val>
			</str>
			<str name="notYou" translate="yes">
				<val>(Não é seu ID da Adobe?)</val>
			</str>
			<str name="signInNow" translate="yes">
				<val>Entrar agora</val>
			</str>
			<str name="signIn" translate="yes">
				<val>Entrar</val>
			</str>
			<str name="back" translate="yes">
				<val>Voltar</val>
			</str>
		</set>
	</set>
	<set name="AdobeIdScreen">
		<str name="signinHeader" translate="yes">
			<val>Entre usando sua ID da Adobe</val>
		</str>
		<str name="signinSubheader" translate="yes">
			<val>Queremos nos certificar de que você obtenha os aplicativos corretos</val>
		</str>
		<str name="username" translate="yes">
			<val>ID da Adobe:</val>
		</str>
		<str name="password" translate="yes">
			<val>Senha:</val>
		</str>
		<str name="cancel" translate="yes">
			<val>Cancelar</val>
		</str>
		<str name="Quit" translate="yes">
			<val>Sair</val>
		</str>
		<str name="createAdobeID" translate="yes">
			<val>Criar uma ID da Adobe</val>
		</str>
		<str name="forgotYourPassword" translate="yes">
			<val>Esqueceu a senha?</val>
		</str>
		<str name="usernameSample" translate="yes">
			<val>john@doe.com</val>
		</str>
		<str name="save" translate="yes">
			<val>Entrar</val>
		</str>
		<str name="createAdobeIDURL" translate="yes">
			<val>/go/adobemembership_br</val>
		</str>
		<str name="forgotYourPasswordURL" translate="yes">
			<val>/go/forgetpassword_br</val>
		</str>
	</set>
	<set name="AdobeIdScreenErrors">
	    <str name="doesNotExist" translate="yes">
			<val>A ID da Adobe não existe</val>
		</str>
		<str name="invalidCredentials" translate="yes">
			<val>A ID da Adobe e a senha não coincidem.</val>
		</str>
		<str name="loginDeny" translate="yes">
			<val>O número máximo de tentativas de logon foi excedido. Saia e tente novamente.</val>
		</str>
		<str name="malformedAdobeId" translate="yes">
			<val>ID da Adobe inválida.</val>
		</str>
		<str name="networkError" translate="yes">
			<val>Não é possível entrar em contato com a Adobe. Conecte-se com a Internet e tente novamente.</val>
		</str>
		<str name="internalError" translate="yes">
			<val>Erro interno. Não foi possível entrar.</val>
		</str>
	</set>
	<set name="OptinDialog">
	    <str name="title" translate="yes">
			<val>Achamos que deveríamos lhe informar.</val>
		</str>
		<str name="optinText" translate="yes">
			<val>Ao baixar este produto de avaliação, você aceita que nós, e as empresas que nos ajudam a conduzir nossos negócios, podemos usar suas informações e enviar-lhe comunicados de marketing via email, correio ou telefone de acordo com nossa &lt;a href='{0}'&gt;Política de privacidade&lt;/a&gt;. Você pode escolher não receber emails clicando no link para cancelar o recebimento de qualquer email que possamos enviar para você.</val>
		</str>
		<str name="privacyLink" translate="yes">
			<val>http://www.adobe.com/go/privacy_br</val>
		</str>
		<str name="adobeLink" translate="yes">
			<val>http://www.adobe.com/br/</val>
		</str>
		<str name="cancel" translate="yes">
			<val>Cancelar</val>
		</str>
		<str name="ok" translate="yes">
			<val>OK</val>
		</str>
	</set>
	<set name="EligibleTrialistDialog">
	    <str name="title" translate="yes">
			<val>Aguarde um instante...</val>
		</str>
		<str name="message" translate="yes">
			<val>Com base no idioma {0} definido nas preferências, o produto {1} será instalado como uma versão de avaliação. Altere o idioma nas preferências para um idioma qualificado para obter o produto completo.</val>
		</str>
		<str name="installTrial" translate="yes">
			<val>Instalar versão de avaliação</val>
		</str>
		<str name="cancel" translate="yes">
			<val>Cancelar</val>
		</str>
		<str name="changePrefs" translate="yes">
			<val>Alterar preferências</val>
		</str>
	</set>
	<set name="LanguageSelectionDialog">
	    <str name="sl_title" translate="yes">
			<val>Altere seu idioma</val>
		</str>
		<str name="sl_message" translate="yes">
			<val>Altere as {0}Preferências{1} de idioma de {2} para {3}{4}{5} para que possamos notificá-lo de quaisquer atualizações disponíveis para o seu produto {6}{7}{8}.</val>
		</str>
		<str name="changeNow" translate="yes">
			<val>Alterar agora</val>
		</str>
		<str name="changeLater" translate="yes">
			<val>Alterar mais tarde</val>
		</str>
		<str name="ml_title" translate="yes">
			<val>Escolha um idioma</val>
		</str>
		<str name="ml_message" translate="yes">
			<val>Selecione um idioma para instalar o produto.</val>
		</str>
		<str name="ml_info" translate="yes">
			<val>Ele será definido como o idioma padrão em {0}Preferências{1}, que você pode alterar mais tarde.</val>
		</str>
		<str name="continue" translate="yes">
			<val>Continuar</val>
		</str>
	</set>
</asf>
