<?xml version='1.0' encoding='utf-8'?>
<!DOCTYPE asf SYSTEM "http://ns.adobe.com/asf/asf_1_0.dtd" >
<asf xmlns="http://ns.adobe.com/asf" locale="es_ES" version="1.0">

	<set name="ButtonLabel">
		<str name="Yes" translate="yes">
			<val>Sí</val>
		</str>
		<str name="No" translate="yes">
			<val>No</val>
		</str>
		<str name="Accept" translate="yes">
			<val>Aceptar</val>
		</str>
		<str name="Install" translate="yes">
			<val>Instalar</val>
		</str>
		<str name="Uninstall" translate="yes">
			<val>Desinstalar</val>
		</str>
		<str name="OK" translate="yes">
			<val>OK</val>
		</str>
		<str name="Continue" translate="yes">
			<val>Continuar</val>
		</str>
		<str name="Back" translate="yes">
			<val>Atrás</val>
		</str>
		<str name="Cancel" translate="yes">
			<val>Cancelar</val>
		</str>
        <str name="Close" translate="yes">
            <val>Cerrar</val>
        </str>
		<str name="Quit" translate="yes">
			<val>Salir</val>
		</str>
		<str name="SignIn" translate="yes">
			<val>Iniciar sesión</val>
		</str>
		<str name="SignInNow" translate="yes">
			<val>Iniciar sesión ahora</val>
		</str>
		<str name="SignInLater" translate="yes">
			<val>Iniciar sesión más adelante</val>
		</str>
		<str name="StartAgain" translate="yes">
			<val>Volver a iniciar</val>
		</str>
		<str name="Retry" translate="yes">
			<val>Reintentar</val>
		</str>
		<str name="Verify" translate="yes">
			<val>Verificar</val>
		</str>
		<str name="ConnectLater" translate="yes">
			<val>Conectarse más adelante</val>
		</str>
	</set>
	
	<set name="DialogueTitle">
		<str name="Quit" translate="yes">
			<val>Salir</val>
		</str>
	</set>

	<set name="Welcome">
		<str name="Title" translate="yes">
			<val>Bienvenido</val>
		</str>
		<str name="OptionOne" translate="yes">
			<val>Instalar con un número de serie</val>
		</str>
		<str name="OptionOneInfo" translate="yes">
			<val>Dispongo de un número de serie.</val>
		</str>
		<str name="OptionTwo" translate="yes">
			<val>Iniciar la suscripción</val>
		</str>
		<str name="OptionTwoInfo" translate="yes">
			<val>Tengo una suscripción.</val>
		</str>
		<str name="OptionThree" translate="yes">
			<val>Instalar una versión de prueba</val>
		</str>
		<str name="OptionThreeInfo" translate="yes">
			<val>Quiero probar {0} durante un tiempo.</val>
		</str>
		<set name="MBLS">
			<str name="OptionOne" translate="yes">
				<val>Instalar</val>
			</str>
			<str name="OptionOneInfo" translate="yes">
				<val>He realizado la compra</val>
			</str>
			<str name="OptionTwo" translate="yes">
				<val>Probar</val>
			</str>
			<str name="OptionTwoInfo" translate="yes">
				<val>Quiero probar {0} durante un plazo limitado</val>
			</str>
		</set>
	</set>
	
	<set name="EULA">
		<str name="Title" translate="yes">
			<val>Acuerdo de licencia del software de Adobe</val>
		</str>
		<str name="Para1" translate="yes">
			<val>El contrato regulará la instalación y utilización de los productos de {0}, entre los que se incluye este software. Puede comprobar los contratos que ha aceptado hasta la fecha en www.adobe.com/go/myaccount_es.</val>
		</str>
	</set>

	<set name="Register">
		<str name="Title" translate="yes">
			<val>Inicio de sesión obligatorio</val>
		</str>
		<set name="Trial">
			<str name="FirstTime" translate="yes">
				<val>Inicie sesión con el ID de Adobe para iniciar la versión de prueba de {0}.</val>
			</str>
			<str name="Subsequent" translate="yes">
				<val>A continuación, se registrará la versión de prueba con su ID de Adobe: {0}.</val>
			</str>
			<set name="TnC">
				<str name="Title" translate="yes">
					<val>Términos y condiciones de la versión de prueba del software.</val>
				</str>
				<str name="Paragraph1" translate="yes">
					<val>Es posible que se le solicite facilitar a Adobe información opcional para poder personalizar contenidos para usted. Puede desactivar estos contenidos personalizados en cualquier momento yendo a Configuración de privacidad, en la pantalla de la versión de prueba.</val>
				</str>
				<str name="Paragraph2" translate="yes">
					<val>Para obtener información sobre los datos de uso del producto recopilados y el uso que Adobe hace de estos datos, incluido el modo en que le ofrecemos productos acordes con sus intereses, {0}haga clic aquí{1} y consulte la {2}Política de privacidad de Adobe en línea{3}.</val>
				</str>
			</set>
			<set name="EntitlementInTrial">
				<str name="Title" translate="yes">
					<val>Licencia válida encontrada</val>
				</str>
				<str name="Para1" translate="yes">
					<val>Ha seleccionado la versión de prueba, pero tiene acceso a la versión completa de este software con su ID de Adobe {0}. Disfrute de la copia con licencia de su software cuando finalice la instalación.</val>
				</str>
				<str name="Para2" translate="yes">
					<val>Haga clic en Continuar para llevar a cabo la instalación.</val>
				</str>
				<str name="DiffAdobeID" translate="yes">
					<val>¿Tiene un ID de Adobe diferente?</val>
				</str>
			</set>						
		</set>
		<set name="Serial">
			<str name="Paragraph1" translate="yes">
				<val>Se ha validado el número de serie para {0}.</val>
			</str>
			<str name="Paragraph2" translate="yes">
				<val>Es obligatorio iniciar sesión para instalar este producto y registrarlo con su ID de Adobe. Su ID de Adobe le proporciona una forma sencilla de acceder a sus números de serie, a Adobe Creative Cloud y a la comunidad de Adobe.com/es.</val>
			</str>
			<str name="SubsequentParagraph3" translate="yes">
				<val>Se iniciará su sesión con este ID de Adobe: {0}.</val>
			</str>
		</set>
		<set name="MBLS">
			<str name="Paragraph1" translate="yes">
				<val>Debe iniciar sesión con su ID de Adobe para instalar este producto. Su ID de Adobe también le proporciona fácil acceso a un host de servicios online de Adobe y a la comunidad Adobe.com.</val>
			</str>
			<set name="Offline">
				<str name="Title" translate="yes">
					<val>Conéctese a Internet e inténtelo de nuevo</val>
				</str>
				<set name="Install">
					<str name="Paragraph1" translate="yes">
						<val>Se necesita conexión a Internet para iniciar una suscripción. Si tiene una, conéctese a Internet y seleccione Reintentar.</val>
					</str>
					<str name="Paragraph2" translate="yes">
						<val>Si dispone de un número de serie y no puede conectarse a Internet, seleccione Conectarse más adelante. Tendrá que validar su número de serie en un plazo de 7 días; de lo contrario, el software dejará de funcionar. Si no puede acceder a Internet desde este equipo, obtenga más información en {0} a través de un dispositivo con conexión a Internet.</val>
					</str>
				</set>
				<set name="Trial">
					<str name="Paragraph1" translate="yes">
						<val>Parece que su equipo no está conectado, lo que ha producido un error de conexión. Es necesaria una conexión a Internet. Conéctese a Internet e inténtelo de nuevo. Si el problema continúa, póngase en contacto con {0}Asistencia al Cliente{1}.</val>
					</str>
				</set>
			</set>
		</set>
		<str name="NotYou" translate="yes">
			<val>(¿No es su ID de Adobe?)</val>
		</str>
		<set name="Subscription">
			<set name="FirstTime">
				<str name="Paragraph" translate="yes">
					<val>Haremos que inicie sesión con el ID de Adobe para que pueda acceder a la suscripción.</val>
				</str>
			</set>
			<set name="Subsequent">
				<str name="Title" translate="yes">
					<val>Verificar la suscripción</val>
				</str>
				<str name="Paragraph" translate="yes">
					<val>Es necesario que verifique su suscripción con su ID de Adobe: {0}.</val>
				</str>
				<str name="Paragraph2" translate="yes">
					<val>Queremos asegurarnos de que obtiene las aplicaciones adecuadas.</val>
				</str>
			</set>
			<set name="EntitlementCallScrim">
				<str name="WaitAMoment" translate="yes">
					<val>Espere un momento...</val>
				</str>
			</set>
			
			<set name="OfflineScrim">
				<str name="Title" translate="yes">
					<val>Necesita una conexión a Internet para iniciar la suscripción.</val>
				</str>
				<str name="Message" translate="yes">
					<val>Asegúrese de que está conectado a Internet y haga clic en Reintentar. Si el problema persiste, póngase en contacto con el servicio de {0}Asistencia al cliente de Adobe{1}.</val>
				</str>
			</set>
			
			<set name="NoSubscriptionFound">
	        	<str name="Title" translate="yes">
	        		<val>No se ha encontrado ninguna suscripción</val>
	        	</str>
	        	<str name="ParagraphOneText" translate="yes">
	        		<val>No hemos encontrado ninguna suscripción de {0}{1}{2} asociada a este ID de Adobe. Puede adquirir una {3}nueva suscripción{4} o hacer clic en Atrás para introducir otro ID de Adobe. Si tiene una suscripción y no logra acceder a ella, póngase en contacto con {5}Asistencia al cliente{6}.</val>
	        	</str>
	        	<str name="ParagraphTwoText" translate="yes">
	        		<val>También puede elegir realizar la instalación en una versión de prueba, o bien con un número de serie válido haciendo clic en {0}Volver a iniciar{1}.</val>	
	        	</str>
	        </set>
		</set>
	</set>
	
	<set name="InstallOptions">
		<str name="Title" translate="yes">
			<val>Opciones</val>
		</str>
		<str name="SelectAppInfo" translate="yes">
			<val>Haga clic en un nombre de producto para personalizar las opciones</val>
		</str>
		<str name="NoComponentInfo" translate="yes">
			<val>No hay componentes para personalizar.</val>
		</str>
		<str name="Components" translate="yes">
			<val>{0} componentes</val>
		</str>
		<str name="TotalInstall" translate="yes">
			<val>Total instalado: {0}</val>
		</str>
		<str name="Language" translate="yes">
			<val>Idioma:</val>
		</str>
		<str name="Location" translate="yes">
			<val>Ubicación:</val>
		</str>
		<str name="Available" translate="yes">
			<val>{0} disponible/s</val>
		</str>
		<str name="SpaceRequired" translate="yes">
			<val>Espacio necesario: {0}</val>
		</str>
		<str name="SpaceWarning" translate="yes">
			<val>Espacio necesario: {0}, Disponible: {1}</val>
		</str>
        <str name="InsufficientDiskSpace" translate="yes">
			<val>Espacio en disco insuficiente para completar la instalación.</val>
        </str>
		<str name="DefaultDriveWarning" translate="yes">
			<val>También se instalarán algunos archivos en {0}</val>
		</str>
		
		<set name="PayloadError">
			<str name="TrialInstall" translate="yes">
				<val>Este producto se instalará como versión de prueba.</val>
			</str>
			<str name="LicensedInstall" translate="yes">
				<val>Se instalará una copia con licencia de este software.</val>
			</str>
			<str name="AlreadyInstalled" translate="yes">
				<val>Se ha encontrado una instalación anterior de este producto. Este producto se instalará en su ubicación original.</val>
			</str>
			<set name="SystemRequirements">
				<set name="OS">
					<str name="Header" translate="yes">
						<val>No se cumplen los requisitos del SO.</val>
					</str>
					<str name="CurrentOS" translate="yes">
						<val>- Sistema operativo actual: {0} {1}</val>
					</str>
					<str name="MacRecommended" translate="yes">
						<val>- Se recomienda Mac OS {0} o superior.</val>
					</str>
					<str name="MacServer" translate="yes">
						<val>- Se recomienda Mac Server.</val>
					</str>
					<str name="WinNotRecommended" translate="yes">
						<val>- No se recomienda {0}.</val>
					</str>
					<str name="SPRecommended" translate="yes">
						<val>- Se requiere Service Pack {0}.</val>
					</str>
					<str name="64BitRecommended" translate="yes">
						<val>- Se recomienda un SO de 64 bits.</val>
					</str>
					<str name="32BitRecommended" translate="yes">
						<val>- Se recomienda un SO de 32 bits.</val>
					</str>
					<str name="MacRequired" translate="yes">
						<val>- Se recomienda Mac OS {0} o superior.</val>
					</str>
					<str name="MacServerRequired" translate="yes">
						<val>- Se recomienda Mac Server.</val>
					</str>
					<str name="WinNotRequired" translate="yes">
						<val>- {0} no es compatible.</val>
					</str>
					<str name="SPRequired" translate="yes">
						<val>- Se recomienda Service Pack {0}.</val>
					</str>
					<str name="64BitRequired" translate="yes">
						<val>- Se recomienda un sistema operativo de 64 bits.</val>
					</str>
					<str name="32BitRequired" translate="yes">
						<val>- Se recomienda un sistema operativo de 32 bits.</val>
					</str>
				</set>
				<str name="RAM" translate="yes">
					<val>Se recomienda/n {0} de RAM</val>
				</str>
				<str name="CPU" translate="yes">
					<val>No se cumplen los requisitos de la CPU.</val>
				</str>
				<str name="ScreenResolution" translate="yes">
					<val>Se recomienda una resolución de, al menos, {0}x{1}.</val>
				</str>
				<str name="Footer" translate="yes">
					<val>Haga clic en el icono de advertencia para obtener más detalles.</val>
				</str>
			</set>
			<str name="Conflicting" translate="yes">
				<val>Existe una versión problemática o preliminar de {0} en este equipo. Debe eliminarse la versión problemática antes de instalar desde el soporte actual.</val>
			</str>
			<str name="AlreadyUpgraded" translate="yes">
				<val>Ya hay instalada una versión más actualizada de este producto.</val>
			</str>
			<str name="Language" translate="yes">
				<val>No está disponible en el idioma seleccionado</val>
			</str>
			<str name="RequiredDisabled" translate="yes">
				<val>Los componentes necesarios están desactivados</val>
			</str>
		</set>
		
		<set name="InstallPathError">
			<str name="LongPath" translate="yes">
				<val>La ruta de instalación seleccionada es demasiado larga.</val>
			</str>
			<str name="RootDrive" translate="yes">
				<val>No se puede instalar en una ubicación de unidad raíz.</val>
			</str>
			<str name="RemovableDrive" translate="yes">
				<val>No se puede instalar en una unidad flash extraíble.</val>
			</str>
			<str name="MappedDrive" translate="yes">
				<val>No se puede instalar en una unidad de red asignada.</val>
			</str>
			<str name="CaseSensitive" translate="yes">
				<val>No se puede instalar en volúmenes que distinguen mayúsculas y minúsculas.</val>
			</str>
			<str name="LockedPath" translate="yes">
				<val>No se puede instalar en una ubicación bloqueada.</val>
			</str>
			<str name="Generic" translate="yes">
				<val>No se puede instalar en la ubicación seleccionada.</val>
			</str>
		</set>
		
		<set name="WorkflowNeedClose">
			<str name="Title" translate="yes">
				<val>Alerta</val>
			</str>
			<str name="Message" translate="yes">
				<val>Se están ejecutando otras instancias de Adobe Application Manager, que se deben cerrar. Ciérrelas para continuar.</val>
			</str>
		</set>
	</set>
	
	<set name="UninstallOptions">
		<str name="Title" translate="yes">
			<val>Desinstalar opciones</val>
		</str>
		<str name="RemovePreferences" translate="yes">
			<val>Quitar preferencias</val>
		</str>
		<str name="ToolTipInfo" translate="yes">
			<val>Elimine notificaciones, alertas, envío de información o cualquier otra preferencia de los productos seleccionados.</val>
		</str>
	</set>
	
	<set name="Progress">
		<str name="MinutesRemaining" translate="yes">
			<val>Quedan {0} minutos</val>
		</str>
		<str name="MinuteRemaining" translate="yes">
			<val>Queda {0} minuto</val>
		</str>
		<str name="LTMinuteRemaining" translate="yes">
			<val>Queda menos de un minuto</val>
		</str>
		<str name="PctComplete" translate="yes">
			<val>({0} % completado)</val>
		</str>
		
		<set name="ConflictingProcess">
			<str name="Title" translate="yes">
				<val>Cierre estas aplicaciones para continuar:</val>
			</str>
			<str name="SubText1" translate="yes">
				<val>(Si el mensaje aparece incluso después de haber cerrado una aplicación, puede que alguno de los procesos siga en ejecución en segundo plano. {0}Obtenga más información{1} sobre cómo finalizar los procesos de segundo plano).</val>
			</str>
			<str name="BackgroundProcessesLink" translate="yes">
				<val>http://www.adobe.com/go/learn_bgprocesses_es</val>
			</str>
			<str name="SubText2" translate="yes">
				<val>Lista de aplicaciones que se deben cerrar:</val>
			</str>
		</set>
		
		<set name="DiskPrompt">
			<str name="Title" translate="yes">
				<val>Introduzca el disco {0} para continuar.</val>
			</str>
		</set>
		
		<set name="Install">
			<str name="Title" translate="yes">
				<val>Instalar</val>
			</str>
			<str name="Preparing" translate="yes">
				<val>Preparándose para instalar...</val>
			</str>
			<str name="Currently" translate="yes">
				<val>Actualmente instalando {0}</val>
			</str>
			<str name="Confirmation" translate="yes">
				<val>¿Seguro que desea cancelar la instalación?</val>
			</str>
			
			<str name="AdministratorPrivileges" translate="yes">
				<val>Se requieren privilegios de administrador para instalar. Inicie sesión como administrador.</val>
			</str>
		</set>
		<set name="Uninstall">
			<str name="Title" translate="yes">
				<val>Desinstalar</val>
			</str>
			<str name="Preparing" translate="yes">
				<val>Preparándose para desinstalar...</val>
			</str>
			<str name="Currently" translate="yes">
				<val>Actualmente desinstalando {0}</val>
			</str>
			<str name="Confirmation" translate="yes">
				<val>¿Seguro que desea cancelar la desinstalación?</val>
			</str>
			
			<str name="AdministratorPrivileges" translate="yes">
				<val>Se requieren privilegios de administrador para desinstalar. Inicie sesión como administrador.</val>
			</str>
		</set>
	</set>
	
	<set name="Success">
		<set name="Install">
			<str name="Title" translate="yes">
				<val>Instalación completa</val>
			</str>
			<str name="MyAdobeLink" translate="yes">
				<val>http://www.adobe.com/go/adobemembership_es</val>
			</str>
			<str name="Link1Text" translate="yes">
				<val>Mi Adobe</val>
			</str>
			<str name="Link1" translate="yes">
				<val>http://www.adobe.com/go/adobemembership_es</val>
			</str>
			<str name="Link2Text" translate="yes">
				<val>Tutoriales de vídeo</val>
			</str>
			<str name="Link2" translate="yes">
				<val>http://www.adobe.com/go/adobetv_howto_es</val>
			</str>
			<str name="AdditionalInfo" translate="yes">
				<val>Para administrar este u otros software de Genuine Adobe, vaya a {0}.</val>
			</str>
			<str name="BtnLblLaunchNow" translate="yes">
				<val>Iniciar ahora</val>
			</str>
			<str name="BtnLblClose" translate="yes">
				<val>Cerrar</val>
			</str>
			<set name="PP">
				<str name="CompletedText" translate="yes">
					<val>{0} se ha instalado correctamente y está listo para usarse.</val>
				</str>
				<str name="RestartText" translate="yes">
				<val>Es recomendable que reinicie el sistema antes de utilizarlo.</val>
				</str>
			</set>
			<set name="Suite">
				<str name="CompletedText" translate="yes">
					<val>Estas aplicaciones están listas para su uso.</val>
				</str>
				<str name="RestartText" translate="yes">
				<val>Antes de usar algunas de ellas, es recomendable reiniciar el sistema.</val>
				</str>
			</set>
		</set>
		
		<set name="Uninstall">
			<str name="Title" translate="yes">
				<val>Desinstalación completa</val>
			</str>
			<str name="RestartText" translate="yes">
				<val>Reinicie el sistema.</val>
			</str>
			<set name="PP">
				<str name="CompletedText" translate="yes">
					<val>{0} se ha desinstalado correctamente.</val>
				</str>
			</set>
			<set name="Suite">
				<str name="CompletedText" translate="yes">
					<val>Las siguientes aplicaciones se han desinstalado correctamente.</val>
				</str>
			</set>
		</set>
	</set>
	
    <set name="DoneWithError">
	    <set name="Install">
	        <str name="Title" translate="yes">
	            <val>Instalación completa</val>
	        </str>
	        <str name="CompleteText" translate="yes">
	            <val>La instalación ha finalizado y estas aplicaciones están listas para su uso.</val>
	        </str>
	        <str name="IncompleteWarning" translate="yes">
	            <val>No se han podido instalar correctamente algunos elementos para los siguientes productos.</val>
	        </str>
			<set name="PP">
				<str name="RestartText" translate="yes">
					<val>Es recomendable que reinicie el sistema antes de utilizarlo.</val>
				</str>
			</set>
			<set name="Suite">
				<str name="RestartText" translate="yes">
					<val>Antes de usar algunas de ellas, es recomendable reiniciar el sistema.</val>
				</str>
			</set>
			<set name="Cancelled">
		        <str name="Title" translate="yes">
		            <val>Instalación cancelada</val>
		        </str>
		        <str name="CompleteText" translate="yes">
	            	<val>Sin embargo, se instalaron las siguientes aplicaciones antes de que se pulsara el botón Cancelar. Puede elegir desinstalar estas aplicaciones manualmente.</val>
		        </str>
	        </set>
            <str name="DiskSpaceText" translate="yes">
                <val>No hay espacio suficiente en el disco duro. Libere espacio y vuelva a intentar la instalación.</val>
            </str>
		</set>
	    <set name="Uninstall">
	        <str name="Title" translate="yes">
	            <val>Desinstalación completa</val>
	        </str>
	        <str name="CompleteText" translate="yes">
	            <val>Las siguientes aplicaciones se han desinstalado correctamente</val>
	        </str>
	        <str name="IncompleteWarning" translate="yes">
	            <val>Algunos componentes no se han podido desinstalar.</val>
	        </str>
	        <str name="CleanerToolText" translate="yes">
            	<val>Puede descargar y ejecutar la {0}herramienta de limpieza{1} para completar la limpieza.</val>
        </str>
	    </set>
    </set>

    <set name="Failure">
	    <set name="Install">
	        <str name="Title" translate="yes">
	            <val>Error de instalación</val>
	        </str>
	        <str name="WarningText" translate="yes">
	            <val>Se han producido errores durante la instalación.</val>
	        </str>
			<str name="InitializeTroubleshootingTips" translate="yes">
			    <val>Más sugerencias de solución de problemas:{0}1. Reinicie el ordenador.{0}2. Cierre todas las aplicaciones incluidos los elementos de inicio, y el software de comprobación de virus y el firewall.{0}3. Inicie el instalador y vuelva a instalar las aplicaciones.</val>
            </str>
			<str name="TroubleshootingTips" translate="yes">
			    <val>Más sugerencias de solución de problemas:{0}1. Reinicie el ordenador.{0}2. Cierre todas las aplicaciones incluidos los elementos de inicio, el software de comprobación de virus y el firewall.{0}3. Cierre esta ventana e inicie el instalador de nuevo para volver a instalar las aplicaciones.</val>
            </str>
	        
	        <set name="Cancelled">
		        <str name="Title" translate="yes">
		            <val>Instalación cancelada</val>
		        </str>
		        <str name="WarningText" translate="yes">
		            <val>La instalación se ha cancelado. Inténtelo más tarde.</val>
		        </str>
	        </set>
	        
	        <set name="AGVFailure">
		        <str name="WarningText" translate="yes">
		            <val>Fallo de verificación del software Adobe Genuine</val>
		        </str>
		        <str name="ParagraphOneText" translate="yes">
					<val>El producto que intenta instalar no es un software Adobe Genuine y parece ser un software falsificado. {0}Informe sobre piratería{1} o póngase en contacto con {2}Asistencia al cliente{3} para obtener ayuda.</val>
		        </str>
		        <str name="ReportPiracyLink" translate="yes">
		            <val>http://www.adobe.com/go/reportpiracy_es</val>
		        </str>
	        </set>
	        
	        <set name="SyncFail">
	            <str name="WarningText" translate="yes">
	                <val>Hay incoherencias en la base de datos del instalador. Reinicie el ordenador e instale de nuevo.</val>
	            </str>
	        </set>
	        
	        <set name="MSIRunning">
	            <str name="ParagraphOneText" translate="yes">
	                <val>Hay otro instalador en ejecución, que deberá cerrar antes de instalar el producto. Cierre todos los demás instaladores.</val>
	            </str>
	        </set>
	        
	        <set name="DiskSpace">
	            <str name="ParagraphOneText" translate="yes">
	                <val>No hay espacio suficiente en el disco duro. Libere espacio y vuelva a intentar la instalación.</val>
	            </str>
	        </set>
	    </set>
	    
	    <set name="Uninstall">
	        <str name="Title" translate="yes">
	            <val>Error al desinstalar</val>
	        </str>
	        <str name="WarningText" translate="yes">
	            <val>Se han producido errores durante la desinstalación.</val>
	        </str>
			<str name="InitializeTroubleshootingTips" translate="yes">
			    <val>Sugerencias de solución de problemas:{0}1. Reinicie el ordenador.{0}2. Salga de todas las aplicaciones, incluidos los elementos de inicio, el software de comprobación de virus y el firewall.{0}3. Vuelva a realizar la desinstalación.</val>
            </str>
	        <str name="TroubleshootingTips" translate="yes">
			    <val>Más sugerencias de solución de problemas:{0}1. Reinicie el ordenador.{0}2. Cierre todas las aplicaciones incluidos los elementos de inicio, el software de comprobación de virus y el firewall.{0}3. Vuelva a desinstalar.</val>
            </str>
            <str name="CleanerToolText" translate="yes">
            	<val>También puede descargar y ejecutar la {0}herramienta de limpieza{1}.</val>
        	</str>
        	<str name="MSIRunning" translate="yes">
	            <val>Hay otro instalador en ejecución que deberá cerrar antes de desinstalar el producto. Cierre todos los demás instaladores.</val>
	        </str> 	        
	    </set>
	    
        <set name="InitializationFailed">
            <str name="Paragraph1" translate="yes">
                <val>No se ha podido iniciar el instalador. Es posible que falte un archivo.</val>
            </str>
        </set>
        
        <set name="ConflictingPayload">
            <str name="Paragraph1" translate="yes">
                <val>Existe una versión problemática o preliminar de {0} en este equipo. Debe eliminarse la versión problemática antes de instalar desde el soporte actual.</val>
            </str>
        </set>
        
        <set name="x64BitOn32Bit">
            <str name="Paragraph1" translate="yes">
                <val>Este producto solo puede instalarse en un sistema de 64 bits.</val>
            </str>
        </set>
    </set>
    
	<set name="Common">
		<str name="DefaultProductName" translate="yes">
			<val>Producto de Adobe</val>
		</str>
		<str name="QuitConfirmation" translate="yes">
            <val>¿Seguro que desea salir?</val>
        </str>
		
        <str name="ErrorSummaryText" translate="yes">
            <val>El archivo {0}resumen de errores{1} puede ayudarle a identificar el problema.</val>
        </str>
        <str name="CustomerSupportText" translate="yes">
            <val>Si el problema persiste, póngase en contacto con {0}Asistencia al cliente{1} para obtener ayuda.</val>
        </str>
        <str name="CustomerSupportLink" translate="yes">
            <val>http://www.adobe.com/go/customer_support_es</val>
        </str>
        <str name="NewSubscriptionLink" translate="yes">
        	<val>http://www.adobe.com/go/products_es</val>
        </str>
        <str name="CleanerToolLink" translate="yes">
            <val>http://www.adobe.com/go/cscleanertool_es</val>
        </str>
        
        <str name="SystemRequirementsLink" translate="yes">
            <val>http://www.adobe.com/go/cs_systemreqs_es</val>
        </str>

		<str name="PrivacyPortalLink" translate="yes">
			<val>http://www.adobe.com/go/adobe_privacy_portal_es</val>
		</str>
		
		<str name="PrivacyPolicyLink" translate="yes">
			<val>http://www.adobe.com/go/privacy_es</val>
		</str>
		<str name="GetActivated" translate="yes">
			<val>http://www.adobe.com/go/getactivated_es</val>
		</str>
		<str name="GB" translate="yes">
			<val>GB</val>
		</str>
		<str name="MB" translate="yes">
			<val>MB</val>
		</str>
		<str name="KB" translate="yes">
			<val>KB</val>
		</str>
		<str name="decimalSeparator" translate="yes">
			<val>,</val>
		</str>
		<str name="commaSeparator" translate="yes">
			<val>,</val>
		</str>
	</set>
	
	<set name="OSName">
		<str name="6.2.1" translate="no"><val>Windows Server 2012</val></str>
		<str name="6.2.0" translate="no"><val>Windows 8</val></str>
		<str name="Win8" translate="no"><val>Windows 8</val></str>
		<str name="Win7" translate="no"><val>Windows 7</val></str>
		<str name="Server2008R2" translate="no"><val>Windows Server 2008 R2</val></str>
		<str name="Vista" translate="no"><val>Windows Vista</val></str>
		<str name="Server2008" translate="no"><val>Windows Server 2008</val></str>
		<str name="Server2003" translate="no"><val>Windows Server 2003</val></str>
		<str name="XP" translate="no"><val>Windows XP</val></str>
		<str name="2000" translate="no"><val>Windows 2000</val></str>
		<str name="ME" translate="no"><val>Windows ME</val></str>
		<str name="98" translate="no"><val>Windows 98</val></str>
		<str name="NT4.0" translate="no"><val>Windows NT 4.0</val></str>
		<str name="95" translate="no"><val>Windows 95</val></str>
		<str name="UNKNOWN" translate="no"><val>Windows</val></str>
	</set>
	
	<set name="isoToLanguage">
		<str name="en_US" translate="no"><val>English (North America)</val></str>
		<str name="en_GB" translate="no"><val>English (International)</val></str>
		<str name="en_INT" translate="no"><val>English (International)</val></str>
		<str name="en_AE" translate="no"><val>English يدعم العربية</val></str>
		<str name="en_IL" translate="no"><val>English תומך עברית</val></str>
		<str name="en_XC" translate="no"><val>English (Central Europe)</val></str>
		<str name="en_XM" translate="no"><val>English (Middle East)</val></str>
		
		<str name="fr_FR" translate="no"><val>Français</val></str>
		<str name="fr_CA" translate="no"><val>Français (Canada)</val></str>
		<str name="fr_MA" translate="no"><val>Français (Maroc)</val></str>
		<str name="fr_XM" translate="no"><val>Français (Moyen-Orient)</val></str>
		
		<str name="es_ES" translate="no"><val>Español</val></str>
		<str name="es_MX" translate="no"><val>Español (América Latina)</val></str>
		<str name="es_LA" translate="no"><val>Español de América Latina</val></str>
		<str name="es_NA" translate="no"><val>Español Norteamericano</val></str>
		<str name="es_QM" translate="no"><val>Español (Middle East)</val></str>
		
		<str name="ar_AE" translate="no"><val>العربية</val></str>
		<str name="bg_BG" translate="no"><val>Български</val></str>
		<str name="lv_LV" translate="no"><val>Latviešu</val></str>
		<str name="et_EE" translate="no"><val>Eesti</val></str>
		<str name="hr_HR" translate="no"><val>hrvatski</val></str>
		<str name="sl_SI" translate="no"><val>slovenščina</val></str>
		<str name="sk_SK" translate="no"><val>slovenčina</val></str>
		<str name="th_TH" translate="no"><val>ภาษาไทย</val></str>
		<str name="vi_VN" translate="no"><val>Việt</val></str>
		<str name="sq_AL" translate="no"><val>Shqip</val></str>
		<str name="ar_SA" translate="no"><val>العربية</val></str>
		<str name="be_BY" translate="no"><val>Беларуская</val></str>
		<str name="ca_ES" translate="no"><val>Català</val></str>
		<str name="hi_IN" translate="no"><val>हिन्दी</val></str>
		<str name="is_IS" translate="no"><val>Íslenska</val></str>
		<str name="lt_LT" translate="no"><val>Lietuvių</val></str>
		<str name="mk_MK" translate="no"><val>македонски</val></str>
		<str name="nn_NO" translate="no"><val>Norsk (Nynorsk)</val></str>
		<str name="pt_PT" translate="no"><val>Português de Portugal</val></str>
		<str name="sh_YU" translate="no"><val>Srpsko-Hrvatski</val></str>
		<str name="sr_YU" translate="no"><val>Cрпски</val></str>
		<str name="kk_KZ" translate="no"><val>Қазақ</val></str>
		<str name="az_AZ" translate="no"><val>Azərbaycan dili</val></str>
		<str name="no_NO" translate="no"><val>Norwegian</val></str>
		<str name="cs_CZ" translate="no"><val>česky</val></str>
		<str name="de_DE" translate="no"><val>Deutsch</val></str>
		<str name="el_GR" translate="no"><val>Ελληνικά</val></str>
		<str name="he_IL" translate="no"><val>עברית</val></str>
		<str name="hu_HU" translate="no"><val>magyar</val></str>
		<str name="it_IT" translate="no"><val>Italiano</val></str>
		<str name="ja_JP" translate="no"><val>日本語</val></str>
		<str name="ko_KR" translate="no"><val>한국어</val></str>
		<str name="nl_NL" translate="no"><val>Nederlands</val></str>
		<str name="pl_PL" translate="no"><val>polski</val></str>
		<str name="ro_RO" translate="no"><val>Română</val></str>
		<str name="ru_RU" translate="no"><val>русский</val></str>
		<str name="sv_SE" translate="no"><val>Svenska</val></str>
		<str name="tr_TR" translate="no"><val>Türkçe</val></str>
		<str name="uk_UA" translate="no"><val>українська</val></str>
		<str name="zh_CN" translate="no"><val>简体中文</val></str>
		<str name="zh_TW" translate="no"><val>繁體中文</val></str>
		<str name="da_DK" translate="no"><val>Dansk</val></str>
		<str name="fi_FI" translate="no"><val>suomi</val></str>
		<str name="nb_NO" translate="no"><val>Norsk (Bokmål)</val></str>
		<str name="pt_BR" translate="no"><val>Português do Brasil</val></str>
	</set>

</asf>
