<?xml version='1.0' encoding='utf-8'?>
<!DOCTYPE asf SYSTEM "http://ns.adobe.com/asf/asf_1_0.dtd" >
<asf xmlns="http://ns.adobe.com/asf" locale="pt_BR" version="1.0">
	
	<set name="common">
		<str name="windowTitle" translate="yes">
			<val>Produto Adobe</val>
		</str>
		<str name="day" translate="yes">
			<val>dia</val>
		</str>
		<str name="days" translate="yes">
			<val>dias</val>
		</str>
	</set>
	
	<set name="eula">
		<str name="eula" translate="yes">
			<val>Contrato de licença de software da Adobe</val>
		</str>
		<str name="productLineMsg" translate="yes">
			<val>Este contrato regulamenta a instalação e o uso dos produtos {0}, inclusive deste software. Você pode consultar os contratos aceitos até o momento em {1}.</val>
		</str>
		<str name="eulaOnlineLink" translate="yes">
			<val>www.adobe.com/go/myaccount_br</val>
		</str>
		<str name="eulaOnlineLinkGoURL" translate="yes">
			<val>http://www.adobe.com/go/adobemembership_br</val>
		</str>
		<str name="accept" translate="yes">
			<val>Aceitar</val>
		</str>
		<str name="quit" translate="yes">
			<val>Sair</val>
		</str>		
	</set>

	<set name="register">
		<set name="trial">
			<set name="online">
				<str name="title" translate="yes">
					<val>Entrada necessária</val>
				</str>
				<str name="titleMenuSignIn" translate="yes">
					<val>Entrar</val>
				</str>
				<str name="message" translate="yes">
					<val>Faça logon usando sua ID da Adobe.</val>
				</str>
				<str name="message_device" translate="yes">
					<val>Faça logon usando sua ID da Adobe: {0}.</val>
				</str>
				<str name="notYou" translate="yes">
					<val>(Não é sua ID da Adobe?)</val>
				</str>
				<str name="signInNow" translate="yes">
					<val>Entrar agora</val>
				</str>
				<str name="signIn" translate="yes">
					<val>Entrar</val>
				</str>
				<str name="termTitle" translate="yes">
					<val>Termos e condições do software de avaliação.</val>
				</str>
				<str name="termPara1" translate="yes">
					<val>Poderemos solicitar o fornecimento de informações opcionais para adaptar o conteúdo para você. Você poderá desativar o conteúdo personalizado a qualquer momento indo até Configurações de privacidade na tela de avaliação.</val>
				</str>
				<str name="termPara2" translate="yes">
					<val>Para obter informações sobre dados que coletamos sobre seu uso do produto e como a Adobe usa esses dados, inclusive como divulgamos produtos de acordo com seus interesses, clique {0}aqui{1} e veja a {2}Política de privacidade on-line da Adobe{3}.</val>
				</str>
				<str name="privacyPortalLink" translate="yes">
					<val>http://www.adobe.com/go/adobe_privacy_portal_br</val>
				</str>
				<str name="privacyPolicyLink" translate="yes">
					<val>http://www.adobe.com/go/privacy_br</val>
				</str>
			</set>
		</set>
		
		<set name="subscription">
			<str name="title" translate="yes">
				<val>Entrada necessária</val>
			</str>
			<str name="titleMenuSignIn" translate="yes">
				<val>Entrar</val>
			</str>			
			<str name="message" translate="yes">
				<val>Faça logon com sua ID da Adobe para usar este produto e acessar as informações de sua associação.</val>
			</str>
			<str name="userEmail" translate="yes">
				<val>Você entrará com a ID da Adobe {0}.</val>
			</str>
			<str name="notYou" translate="yes">
				<val>(Não é sua ID da Adobe?)</val>
			</str>
			<str name="signInNow" translate="yes">
				<val>Entrar agora</val>
			</str>
			<str name="signIn" translate="yes">
				<val>Entrar</val>
			</str>
			<str name="back" translate="yes">
				<val>Voltar</val>
			</str>
			<str name="signInLater" translate="yes">
				<val>Entrar mais tarde</val>
			</str>
		</set>
		
		<set name="signInForValidation">
			<str name="title" translate="yes">
				<val>Entrada necessária</val>
			</str>	
			<str name="message" translate="yes">
				<val>É necessário fazer logon com uma ID da Adobe para ativar o software.</val>
			</str>
			<str name="benefit" translate="yes">
				<val>Faça logon com sua ID da Adobe para acessar a sua associação e registrar o produto.</val>
			</str>
			<str name="userEmail" translate="yes">
				<val>Você entrará com a ID da Adobe: {0}.</val>
			</str>
			<str name="notYou" translate="yes">
				<val>(Não é sua ID da Adobe?)</val>
			</str>
			<str name="signInNow" translate="yes">
				<val>Entrar agora</val>
			</str>
			<str name="signIn" translate="yes">
				<val>Entrar</val>
			</str>
			<str name="signInLater" translate="yes">
				<val>Entrar mais tarde</val>
			</str>	
		</set>
		
		<set name="serial">
			<set name="grace">
				<str name="title" translate="yes">
					<val>Entrada necessária</val>
				</str>	
				<str name="titleMenuSignIn" translate="yes">
					<val>Entrar</val>
				</str>		
				<str name="message" translate="yes">
					<val>É necessário entrar com uma ID da Adobe e registrar o software {0} em até {1}; caso contrário, o produto deixará de funcionar.</val>
				</str>
				<str name="benefit" translate="yes">
					<val>Faça logon com sua ID da Adobe para acessar a sua associação e registrar o produto.</val>
				</str>
				<str name="userEmail" translate="yes">
					<val>Você entrará com a ID da Adobe: {0}.</val>
				</str>
				<str name="notYou" translate="yes">
					<val>(Não é sua ID da Adobe?)</val>
				</str>
				<str name="signInNow" translate="yes">
					<val>Entrar agora</val>
				</str>
				<str name="signIn" translate="yes">
					<val>Entrar</val>
				</str>
				<str name="signInLater" translate="yes">
					<val>Entrar mais tarde</val>
				</str>
				<str name="noInternet" translate="yes">
					<val>Está com dificuldades para conectar-se à Internet?</val>
				</str>
			</set>
			
			<set name="post_grace">
				<str name="title" translate="yes">
					<val>Entrada necessária</val>
				</str>	
				<str name="titleMenuSignIn" translate="yes">
					<val>Entrar</val>
				</str>	
				<str name="message" translate="yes">
					<val>Antes de utilizar este software novamente, será necessário entrar com a sua ID da Adobe para registrar o produto {0}.</val>
				</str>
				<str name="benefit" translate="yes">
					<val>Faça logon com sua ID da Adobe para acessar a sua associação e registrar o produto.</val>
				</str>
				<str name="userEmail" translate="yes">
					<val>Você entrará com a ID da Adobe: {0}.</val>
				</str>
				<str name="notYou" translate="yes">
					<val>(Não é sua ID da Adobe?)</val>
				</str>
				<str name="signInNow" translate="yes">
					<val>Entrar agora</val>
				</str>
				<str name="signIn" translate="yes">
					<val>Entrar</val>
				</str>
				<str name="signInLater" translate="yes">
					<val>Entrar mais tarde</val>
				</str>
			</set>
		
			<set name="post_bonus">
				<str name="title" translate="yes">
					<val>Entrada necessária</val>
				</str>	
				<str name="titleMenuSignIn" translate="yes">
					<val>Entrar</val>
				</str>		
				<str name="message" translate="yes">
					<val>Não é possível usar o produto {0} antes de fazer logon com a sua ID da Adobe.</val>
				</str>
				<str name="benefit" translate="yes">
					<val>Faça logon com sua ID da Adobe para acessar a sua associação e registrar o produto.</val>
				</str>
				<str name="userEmail" translate="yes">
					<val>Você entrará com a ID da Adobe: {0}.</val>
				</str>
				<str name="notYou" translate="yes">
					<val>(Não é sua ID da Adobe?)</val>
				</str>
				<str name="signInNow" translate="yes">
					<val>Entrar agora</val>
				</str>
				<str name="signIn" translate="yes">
					<val>Entrar</val>
				</str>
				<str name="quit" translate="yes">
					<val>Fechar</val>
				</str>
			</set>
		</set>
	
		<set name="exceptionScenarios">
			<set name="retail">
				<str name="title" translate="yes">
					<val>Entrar</val>
				</str>	
				<str name="message1" translate="yes">
					<val>Entre para registrar o software em sua ID da Adobe.</val>
				</str>
				<str name="message2" translate="yes">
					<val>Sua ID da Adobe fornece uma maneira fácil de acessar sua associação, a Adobe Creative Cloud e a comunidade Adobe.com.</val>
				</str>		
				<str name="userEmail" translate="yes">
					<val>Agora, entraremos e registraremos este software em sua ID da Adobe: {0}.</val>
				</str>
				<str name="notYou" translate="yes">
					<val>(Não é sua ID da Adobe?)</val>
				</str>
				<str name="signInNow" translate="yes">
					<val>Entrar agora</val>
				</str>
				<str name="signIn" translate="yes">
					<val>Entrar</val>
				</str>
			</set>		
			<set name="volume">
				<str name="title" translate="yes">
					<val>Entrar</val>
				</str>		
				<str name="message" translate="yes">
					<val>Sua ID da Adobe fornece uma maneira fácil de acessar sua associação, a Adobe Creative Cloud e a comunidade Adobe.com.</val>
				</str>		
				<str name="userEmail" translate="yes">
					<val>Você entrará com a ID da Adobe {0}.</val>
				</str>
				<str name="notYou" translate="yes">
					<val>(Não é sua ID da Adobe?)</val>
				</str>
				<str name="signInNow" translate="yes">
					<val>Entrar agora</val>
				</str>
				<str name="signIn" translate="yes">
					<val>Entrar</val>
				</str>
			</set>
		</set>	
	</set>
	
	<set name="trialLaunch">
		<str name="title" translate="yes">
			<val>{0} — Avaliação</val>
		</str>
		
		<set name="start">
			<str name="info" translate="yes">
				<val>Você pode usar esta versão de avaliação do produto por {0} dias.</val>
			</str>
			<str name="info_day" translate="yes">
				<val>Você pode usar esta versão de avaliação do produto por {0} dia.</val>
			</str>
			<str name="additionalInfo" translate="yes">
				<val>Para continuar a usar o produto {0} após o período de avaliação, compre o software.</val>
			</str>
		</set>
		
		<set name="grace">
			<str name="info" translate="yes">
				<val>Sua versão de avaliação expirará em {0} dias.</val>
			</str>
			<str name="info_day" translate="yes">
				<val>Sua versão de avaliação expirará em {0} dia.</val>
			</str>
			<str name="additionalInfo" translate="yes">
				<val>Para continuar a usar o produto {0} após o período de avaliação, compre o software.</val>
			</str>
		</set>
		
		<set name="bonus">
			<str name="info" translate="yes">
				<val>Última inicialização da versão de avaliação</val>
			</str>
			<str name="additionalInfo" translate="yes">
				<val>Sua versão de avaliação expirou, mas você poderá usar o produto {0} mais uma vez apenas.</val>
			</str>
			<str name="bonusInfo" translate="yes">
				<val>Para continuar a usar o software {0}, compre-o.</val>
			</str>
		</set>
		
		<set name="expired">
			<str name="info" translate="yes">
				<val>Sua versão de avaliação expirou.</val>
			</str>
			<str name="additionalInfo" translate="yes">
				<val>Para continuar a usar o software {0}, compre-o.</val>
			</str>
		</set>
		
		<str name="daysRemaining" translate="yes">
			<val>Dia(s) restante(s)</val>
		</str>
		<str name="dayRemaining" translate="yes">
			<val>Dia restante</val>
		</str>
		<str name="buy" translate="yes">
			<val>Comprar agora</val>
		</str>
		<str name="buyLink" translate="no">
			<val>http://www.adobe.com/go/buy</val>
		</str>
		<str name="join" translate="yes">
			<val>Participar agora</val>
		</str>
		<str name="joinLink" translate="yes">
			<val>http://www.adobe.com/go/cc_plans_br</val>
		</str>
		<str name="continue" translate="yes">
			<val>Continuar c/ versão de avaliação</val>
		</str>
		<str name="startTrial" translate="yes">
			<val>Iniciar versão de avaliação</val>
		</str>
		<str name="enterSerial" translate="yes">
			<val>Licenciar este software</val>
		</str>		
	</set>
	
	<set name="deactivate">
		<str name="title" translate="yes">
			<val>Sair</val>
		</str>
		<str name="title_Fail" translate="yes">
			<val>Falha do sair</val>
		</str>
		<str name="infoSubscription" translate="yes">
			<val>A desativação do aplicativo não altera sua assinatura. Para modificar sua assinatura, visite o {0}Gerenciador de assinaturas{1}.</val>
		</str>
		<str name="infoSubscriptionCCMTeam" translate="yes">
			<val>Desativar o aplicativo não modifica sua assinatura.</val>
		</str>
		<str name="adobeIDMessage" translate="yes">
			<val>Você fez logon como {0}.</val>
		</str>
		<str name="message1" translate="yes">
			<val>Ao sair, você pode ativar seus produtos da Adobe em outro computador ou dispositivo, de acordo com o {0}Contrato de licença de software{1}. Certifique-se de estar conectado à Internet antes de sair.</val>
		</str>
		<str name="message2" translate="yes">
			<val>Ao sair, o seguinte software será desativado desta máquina até que você entre novamente.</val>
		</str>
		<str name="messageSubscription" translate="yes">
			<val>A desativação permite que você ative seus produtos Adobe em outro computador, desde que esteja agindo de acordo com o {0}Contrato de licença de software{1}. Certifique-se de estar conectado à Internet antes da desativação.</val>
		</str>
		<str name="deActivationMsgError" translate="yes">
			<val>Se este problema persistir, entre em contato com o {0}Suporte ao cliente{1}. {2}</val>
		</str>
		<str name="customerSupportLink" translate="yes">
			<val>http://www.adobe.com/go/customer_support_br</val>
		</str>
		<str name="eula_Link" translate="yes">
			<val>http://www.adobe.com/go/eulas_br</val>
		</str>
		<str name="failure" translate="yes">
			<val>Falha na desativação. Tente novamente.</val>
		</str>
		<str name="deactivate" translate="yes">
			<val>Sair</val>
		</str>		
		<str name="cancel" translate="yes">
			<val>Cancelar</val>
		</str>
		<str name="continue" translate="yes">
			<val>Continuar</val>
		</str>
		
		<str name="offline" translate="yes">
			<val>Conecte-se à Internet e tente novamente</val>
		</str>		
		<str name="offlineMsg" translate="yes">
			<val>Não é possível sair. Verifique se está conectado à Internet e tente novamente. Se o problema persistir, entre em contato com o {0}Suporte ao cliente{1}.</val>
		</str>	
		<str name="customerSupportLink" translate="yes">
			<val>http://www.adobe.com/go/customer_support_br</val>
		</str>
	</set>
	
	<set name="trialFailed">
		<str name="title" translate="yes">
			<val>Falha ao iniciar a versão de avaliação</val>
		</str>
		<str name="warning" translate="yes">
			<val>A licença não funciona mais.</val>
		</str>
		<str name="message" translate="yes">
			<val>Ocorreu um problema com a licença deste produto. Reinstale o produto e tente novamente. Se o problema persistir após a reinstalação, entre em contato com o {0}Suporte ao cliente{1} para obter ajuda.</val>
		</str>
		<str name="customerSupportLink" translate="yes">
			<val>http://www.adobe.com/go/customer_support_br</val>
		</str>
		<str name="close" translate="yes">
			<val>Fechar</val>
		</str>
		<str name="enterSerial" translate="yes">
			<val>Licenciar este software</val>
		</str>
	</set>
	
	<set name="validateSerial">
		<str name="title" translate="yes">
			<val>Validação do número de série</val>
		</str>
		
		<set name="grace">
			<str name="message" translate="yes">
				<val>Conecte o computador à Internet para validar o número de série.</val>
			</str>
		</set>
		<str name="noInternet" translate="yes">
			<val>Está com dificuldades para conectar-se à Internet?</val>
		</str>
		<str name="validate" translate="yes">
			<val>Validar</val>
		</str>
		<str name="connectLater" translate="yes">
			<val>Conectar depois</val>
		</str>
		<str name="quit" translate="yes">
			<val>Fechar</val>
		</str>
	</set>
	
	<set name="offlineScrim">
		<str name="title" translate="yes">
			<val>Conecte-se à Internet e tente novamente</val>
		</str>
		<str name="message" translate="yes">
			<val>O computador parece estar offline. Uma conexão com a Internet é necessária. Conecte-se à Internet e tente novamente. Se o problema persistir, entre em contato com o {0}Serviço de atendimento ao cliente{1}.</val>
		</str>
		<str name="offlineActivationMsg" translate="yes">
			<val>Se este computador não pode acessar a Internet, consulte {0} em um dispositivo com acesso à Internet para obter mais detalhes.</val>
		</str>
		<str name="offlineActivationLink" translate="yes">
			<val>http://www.adobe.com/go/getactivated_br</val>
		</str>
		<str name="customerSupportLink" translate="yes">
			<val>http://www.adobe.com/go/customer_support_br</val>
		</str>
		<str name="retry" translate="yes">
			<val>Repetir</val>
		</str>
		<str name="connectLater" translate="yes">
			<val>Conectar depois</val>
		</str>
		<str name="cancel" translate="yes">
			<val>Cancelar</val>
		</str>
	</set>
	
	<set name="dspEntitlementOfflineScrim">
		<str name="title" translate="yes">
			<val>Uma conexão com a Internet é necessária para as assinaturas</val>
		</str>
		<str name="message" translate="yes">
			<val>É necessário ter uma conexão com a Internet para iniciar uma assinatura. Se você tiver uma assinatura, conecte-se à Internet e selecione Tentar novamente.</val>
		</str>
		<str name="serialInfo" translate="yes">
			<val>Se você tiver um número de série, selecione Inserir número de série para continuar.</val>
		</str>
		<str name="retry" translate="yes">
			<val>Tentar novamente</val>
		</str>
		<str name="enterSerialNumber" translate="yes">
			<val>Inserir número de série</val>
		</str>
		<str name="cancel" translate="yes">
			<val>Voltar</val>
		</str>
	</set>
	
	<set name="screenLoading">
		<str name="loading" translate="yes">
			<val>Carregando...</val>
		</str>
		<str name="validatingSerial" translate="yes">
			<val>Validando número de série. Isso pode demorar alguns segundos...</val>
		</str>
		<str name="checkCall" translate="yes">
			<val>Validando o status da licença online. Isso pode levar alguns segundos...</val>
		</str>
		<str name="autoprovisionTrial" translate="yes">
			<val>Validando a licença do software...</val>
		</str>
		<str name="activation" translate="yes">
			<val>Validando a licença do software. Isso pode demorar alguns segundos...</val>
		</str>
		<str name="dbaLicenseCheck" translate="yes">
			<val>Validando a licença. Isso pode demorar alguns segundos...</val>
		</str>
	</set>
	
	<set name="overActivation">
		<str name="title" translate="yes">
			<val>Número de série</val>
		</str>
		<str name="stepMessage" translate="yes">
			<val>O número de série {0} já está sendo usado pelo número máximo permitido de computadores. Você precisa desativar outro computador dentro de {1} dias para usar este produto.</val>
		</str>
		<str name="stepMessageOneDay" translate="yes">
			<val>O número de série {0} já está sendo usado pelo número máximo permitido de computadores. Você precisa desativar outro computador dentro de 1 dia para usar este produto.</val>
		</str>
		<str name="stepMessageBonusLaunch" translate="yes">
			<val>O número de série {0} já está sendo usado pelo número máximo permitido de computadores. Você deve desativar outro computador ou fornecer outro número de série válido para usar o produto {1} novamente neste computador.</val>
		</str>
		<str name="radioButton1" translate="yes">
			<val>Tente novamente a ativação. Já desativei um dos meus computadores.</val>
		</str>
		<str name="radioButton2" translate="yes">
			<val>Forneça um número de série diferente.</val>
		</str>
		<str name="continue" translate="yes">
			<val>Continuar</val>
		</str>
	</set>
	<set name="overActivationPOSA">
		<str name="title" translate="yes">
			<val>Nº máximo de ativações excedido</val>
		</str>
		<str name="warning" translate="yes">
			<val>Não foi possível ativar o software neste computador ou dispositivo.</val>
		</str>
		<str name="info" translate="yes">
			<val>Esta ID da Adobe, {0}, já foi usada para fazer login e ativar o software em dois outros computadores ou dispositivos.</val>
		</str>
		<str name="message" translate="yes">
			<val>Tente novamente em {0} dias depois de desativar um dos computadores ou dispositivos. </val>
		</str>
		<str name="messageOneDay" translate="yes">
			<val>Tente novamente em 1 dia depois de desativar um dos computadores ou dispositivos. </val>
		</str>
		<str name="messageBonusLaunch" translate="yes">
			<val>Tente novamente depois de desativar um dos computadores ou dispositivos. </val>
		</str>
		<str name="messageExpired" translate="yes">
			<val>Tente novamente depois de desativar um dos computadores ou dispositivos. </val>
		</str>
		<str name="HaveAnotherAdobeID" translate="yes">
			<val>Tem uma ID da Adobe diferente?</val>
		</str>
		<str name="supportMessage" translate="yes">
			<val>Se o problema continuar, entre em contato com {0}Suporte ao cliente{1}. </val>
		</str>
		<str name="customerSupportLink" translate="yes">
			<val>http://www.adobe.com/go/customer_support_br</val>
		</str>
		<str name="retry" translate="yes">
			<val>Tentar novamente</val>
		</str>
		<str name="cancel" translate="yes">
			<val>Cancelar</val>
		</str>
		<str name="quit" translate="yes">
			<val>Sair</val>
		</str>
	</set>
	
	<set name="activationFailure">
		<str name="title" translate="yes">
			<val>Falha na ativação</val>
		</str>
		<str name="activationStepError" translate="yes">
			<val>Não foi possível ativar a {0}.</val>
		</str>
		<str name="activationMsgError" translate="yes">
			<val>Verifique suas configurações de conexão com a Internet e tente novamente. Se o problema persistir, entre em contato com o {0}Suporte ao cliente{1}. {2}</val>
		</str>
		<str name="customerSupportLink" translate="yes">
			<val>http://www.adobe.com/go/customer_support_br</val>
		</str>
		<str name="close" translate="yes">
			<val>Fechar</val>
		</str>
		<str name="retry" translate="yes">
			<val>Tentar novamente</val>
		</str>
	</set>
	<set name="activationRequired">
		<str name="title" translate="yes">
			<val>Ativação necessária</val>
		</str>
		<str name="activationMsgOneDay" translate="yes">
			<val>Conecte-se à Internet. É necessário ativar o software {0} em até um dia, caso contrário, o produto deixará de funcionar.</val>
		</str>
		<str name="activationMsg" translate="yes">
			<val>Conecte-se à Internet. É necessário ativar o software {0} em até {1} dias, caso contrário, o produto deixará de funcionar.</val>
		</str>
		<str name="activationMsgBonus" translate="yes">
			<val>Conecte-se à Internet. É necessário ativar o software {0} hoje, caso contrário, o produto deixará de funcionar.</val>
		</str>
		<str name="activateLater" translate="yes">
			<val>Ativar mais tarde</val>
		</str>
		<str name="retry" translate="yes">
			<val>Ativar agora</val>
		</str>
	</set>
	<set name="licenseMismatch">
			<str name="title" translate="yes">
				<val>Incompatibilidade de licença</val>
			</str>
			<str name="warning" translate="yes">
				<val>O software instalado nesta máquina tem recursos adicionais que não são autorizados para sua licença atual.</val>
			</str>
			<str name="message" translate="yes">
				<val>Para usar este software, você deve seguir estas etapas para baixar e instalar a versão perpétua do produto:</val>
			</str>
			<str name="point1" translate="yes">
				<val>1. Desinstale o produto baseado em assinaturas existente.</val>
			</str>
			<str name="point2" translate="yes">
				<val>2. Baixe o software {0} de {1}www.adobe.com{2}.</val>
			</str>
			<str name="point3" translate="yes">
				<val>3. Instale o software {0} baixado de adobe.com.</val>
			</str>
			<str name="ok" translate="yes">
				<val>OK</val>
			</str>
			<str name="adobeLnk" translate="yes">
				<val>http://www.adobe.com/go/downloads_br</val>
			</str>
		</set>
	
	<set name="confirmationDialog">
		<str name="title" translate="yes">
			<val>Fechar</val>
		</str>
		<str name="message" translate="yes">
			<val>Tem certeza de que deseja sair?</val>
		</str>
		<str name="primaryButtonLabel" translate="yes">
			<val>Sim</val>
		</str>
		<str name="secondaryButtonLabel" translate="yes">
			<val>Não</val>
		</str>
	</set>
	
	<set name="inAppTrials">
		<str name="loading" translate="yes">
			<val>Carregando...</val>
		</str>
		<str name="title" translate="yes">
			<val>{0} — Avaliação</val>
		</str>
		<str name="continue" translate="yes">
			<val>Continuar c/ versão de avaliação</val>
		</str>
		<str name="startTrial" translate="yes">
			<val>Iniciar versão de avaliação</val>
		</str>
		<str name="enterSerial" translate="yes">
			<val>Licenciar este software</val>
		</str>
		<str name="privacySettings" translate="yes">
			<val>Configurações de privacidade</val>
		</str>
		<str name="tutorialsList" translate="yes">
			<val>{0} de {1}</val>
		</str>
		<str name="videoLoadingError" translate="yes">
			<val>Erro ao carregar o vídeo.</val>
		</str>
		<str name="tryAgain" translate="yes">
			<val>Tentar novamente</val>
		</str>
		<str name="exitFullScreen" translate="yes">
			<val>Pressione Esc para sair do modo de tela inteira.</val>
		</str>
		<str name="okay" translate="yes">
			<val>OK</val>
		</str>
		<str name="cancel" translate="yes">
			<val>Cancelar</val>
		</str>
		<str name="privacyText" translate="yes">
			<val>Poderemos solicitar o fornecimento de informações opcionais, como seu nível de experiência no software, para que possamos adaptar o conteúdo para você.</val>
		</str>
		<str name="privacyPolicyText" translate="yes">
			<val>Para obter informações sobre dados que coletamos sobre seu uso do produto e como a Adobe usa esses dados, inclusive como divulgamos produtos de acordo com seus interesses, {0}clique aqui{1} e leia a {2}Política de privacidade online da Adobe{3}</val>
		</str>
		<str name="optInText" translate="yes">
			<val>Desative a exibição de conteúdo de teste personalizado. Nenhum conteúdo personalizado será apresentado na próxima vez que você iniciar a versão de teste.</val>
		</str>
		<str name="privacyPortalLink" translate="yes">
			<val>http://www.adobe.com/go/adobe_privacy_portal_br</val>
		</str>
		<str name="privacyPolicyLink" translate="yes">
			<val>http://www.adobe.com/go/privacy_br</val>
		</str>		
		
	</set>
	
	<set name="noInternetConnection">
		<str name="title" translate="yes">
			<val>Sem conexão com a Internet.</val>
		</str>
		<str name="para1" translate="yes">
			<val>Não é possível detectar uma conexão com a Internet neste computador.</val>
		</str>
		<str name="para2" translate="yes">
			<val>A ativação e o registro são etapas obrigatórias e devem ser concluídas dentro de {0} dias. Se este computador puder ser conectado à Internet, o processo levará apenas alguns minutos.</val>
		</str>
		<str name="para2_day" translate="yes">
			<val>A ativação e o registro são etapas obrigatórias e devem ser concluídas dentro de 1 dia. Se este computador puder ser conectado à Internet, o processo levará apenas alguns minutos.</val>
		</str>
		<str name="para2_end" translate="yes">
			<val>A ativação e o registro são etapas obrigatórias e devem ser concluídas. Se este computador puder ser conectado à Internet, o processo levará apenas alguns minutos.</val>
		</str>
		<str name="para2_optional" translate="yes">
			<val>A ativação é uma etapa obrigatória e deve ser concluída em {0} dias. Se este computador puder ser conectado à Internet, o processo levará apenas alguns minutos.</val>
		</str>
		<str name="para2_day_optional" translate="yes">
			<val>A ativação é uma etapa obrigatória e deve ser concluída em 1 dia. Se este computador puder ser conectado à Internet, o processo levará apenas alguns minutos.</val>
		</str>
		<str name="para2_end_optional" translate="yes">
			<val>A ativação é uma etapa obrigatória e deve ser concluída. Se este computador puder ser conectado à Internet, o processo levará apenas alguns minutos.</val>
		</str>
		<str name="para3" translate="yes">
			<val>Se este computador não consegue se conectar à Internet, clique em Ativação off-line. Você precisará de um dispositivo com acesso à Internet e do número de série do produto para ativar seu software off-line.</val>
		</str>
		<str name="para3_optional" translate="yes">
			<val>Se este computador não puder jamais ser conectado à Internet, clique em Ativação offline. Você precisará de um dispositivo que possa ser conectado à Internet e do número de série do produto para concluir o processo de ativação offline.</val>
		</str>
		<str name="hyperlinkText" translate="yes">
			<val>Este computador está conectado à Internet. Não sei qual é o problema.</val>
		</str>
		<str name="hyperlinkTooltipText" translate="yes">
			<val>Entre em contato com seu administrador ou ligue para o Suporte ao cliente da Adobe.</val>
		</str>
		<str name="offlineActivate" translate="yes">
			<val>Ativação offline</val>
		</str>
		<str name="back" translate="yes">
			<val>Voltar</val>
		</str>
	</set>
	
	<set name="offlineActivation">
		<str name="title" translate="yes">
			<val>Ativação offline</val>
		</str>
		<set name="StepError">
			<str name="requestCodeExpired" translate="yes">
				<val>O código de solicitação {0} expirou. Siga as etapas abaixo para concluir a ativação offline.</val>
			</str>
			<str name="requestCodeGenError" translate="yes">
				<val>Não foi possível gerar um código de solicitação. Tente novamente.</val>
			</str>
		</set>
		<str name="para1" translate="yes">
			<val>1. Clique em Gerar código de solicitação abaixo. O código é específico do computador e é válido por 72 horas. Se você não concluir o processo dentro de 72 horas, bastará solicitar um novo código.</val>
		</str>
		<str name="para2" translate="yes">
			<val>2. Use seu dispositivo conectado à Internet para acessar Adobe.com/go/getactivated_br.</val>
		</str>
		<str name="para3" translate="yes">
			<val>3. Digite o código da etapa 1 e seu número de série quando solicitados no site. Isso gerará um Código de resposta.</val>
		</str>
		<str name="para4" translate="yes">
			<val>4. Insira o Código de resposta em seu computador off-line e clique em Ativar.</val>
		</str>
		<str name="para5" translate="yes">
			<val>Clique em Voltar para ativar seu software on-line.</val>
		</str>
		<str name="hyperlinkText" translate="yes">
			<val>Quero conectar-me à Internet para concluir a ativação mais rapidamente.</val>
		</str>
		<str name="back" translate="yes">
			<val>Voltar</val>
		</str>
		<str name="activateLater" translate="yes">
			<val>Ativar mais tarde</val>
		</str>
		<str name="quit" translate="yes">
			<val>Sair</val>
		</str>
		<str name="generateRequestCode" translate="yes">
			<val>Gerar código de solicitação</val>
		</str>
		<str name="customerSupportLink" translate="yes">
			<val>http://www.adobe.com/go/customer_support_br</val>
		</str>
	</set>
	
	<set name="offlineActivationCode">
		<str name="title" translate="yes">
			<val>Ativação offline</val>
		</str>
		<set name="StepError">
			<str name="invalidResponseCode" translate="yes">
				<val>O código de resposta digitado é inválido. Digite-o novamente.</val>
			</str>
			<str name="requestCodeExpired" translate="yes">
				<val>O código de solicitação {0} expirou. Siga as etapas abaixo para concluir a ativação offline.</val>
			</str>
			<str name="verifyError" translate="yes">
				<val>Não foi possível verificar o código de resposta digitado. Tente novamente.</val>
			</str>
		</set>
		<str name="requestCode" translate="yes">
			<val>Código de solicitação:</val>
		</str>
		<str name="para1" translate="yes">
			<val>Você tem {0} para obter um código de resposta de www.adobe.com/go/getactivated_br e digitá-lo abaixo.</val>
		</str>
		<str name="responseCode" translate="yes">
			<val>Código de resposta:</val>
		</str>
		<str name="hyperlinkText" translate="yes">
			<val>Quero conectar-me à Internet para concluir a ativação mais rapidamente.</val>
		</str>
		<str name="back" translate="yes">
			<val>Voltar</val>
		</str>
		<str name="activateLater" translate="yes">
			<val>Ativar mais tarde</val>
		</str>
		<str name="quit" translate="yes">
			<val>Sair</val>
		</str>
		<str name="activate" translate="yes">
			<val>Ativar</val>
		</str>
		<str name="hour" translate="yes">
			<val>hora</val>
		</str>
		<str name="hours" translate="yes">
			<val>horas</val>
		</str>
		<str name="customerSupportLink" translate="yes">
			<val>http://www.adobe.com/go/customer_support_br</val>
		</str>
	</set>
	
	<set name="offlineActivationComplete">
		<str name="title" translate="yes">
			<val>Ativação offline concluída</val>
		</str>
		<str name="message" translate="yes">
			<val>O {0} foi ativado com êxito e está pronto para uso.</val>
		</str>
		<str name="close" translate="yes">
			<val>Fechar</val>
		</str>
		<str name="launch" translate="yes">
			<val>Iniciar</val>
		</str>
	</set>
	
	<set name="unableToActivate">
		<str name="title" translate="yes">
			<val>Falha na ativação</val>
		</str>
		<str name="warning" translate="yes">
			<val>Não foi possível ativar a {0}.</val>
		</str>
		<str name="para1" translate="yes">
			<val>Para utilizar o produto, é necessário ativá-lo.</val>
		</str>
		<str name="para2" translate="yes">
			<val>Você deve estar conectado à Internet para utilizar este produto. Verifique as configurações de conexão e selecione Tentar novamente.</val>
		</str>
		<str name="tryAgain" translate="yes">
			<val>Tentar novamente</val>
		</str>
		<str name="close" translate="yes">
			<val>Fechar</val>
		</str>
		<str name="noInternet" translate="yes">
			<val>Está com dificuldades para conectar-se à Internet?</val>
		</str>
	</set>
	
	<set name="dspSubscriptionActivated">
		<str name="title" translate="yes">
			<val>Obrigado</val>
		</str>
		<str name="message" translate="yes">
			<val>{0} será licenciado para {1}. Clique em Continuar para utilizar o software.</val>
		</str>
		<str name="continue" translate="yes">
			<val>Continuar</val>
		</str>
	</set>
	<set name="dspSubscriptionActivatedForTrial">
		<str name="title" translate="yes">
			<val>Obrigado</val>
		</str>
		<str name="message" translate="yes">
			<val>Parabéns por comprar o produto {0} usando sua ID da Adobe {1}. Clique para continuar aproveitando os benefícios da cópia licenciada de seu software.</val>
		</str>
		<str name="continue" translate="yes">
			<val>Continuar</val>
		</str>
	</set>
	
	<set name="dspOverActivation">
		<str name="title" translate="yes">
			<val>Nº máximo de ativações excedido</val>
		</str>
		<str name="warning" translate="yes">
			<val>Não foi possível ativar a {0}.</val>
		</str>
		<str name="message" translate="yes">
			<val>Já existem duas assinaturas ativas com essa ID da Adobe em dois dispositivos, que é o número máximo permitido. Selecione Continuar para desativar os outros dispositivos e ativar a assinatura neste computador ou selecione Licenciar este software para entrar com uma ID da Adobe diferente.</val>
		</str>
		<str name="activationPolicy" translate="yes">
			<val>{0}Política de ativação{1}</val>
		</str>
		<str name="activationPolicyLink" translate="yes">
			<val>http://www.adobe.com/go/activation_br</val>
		</str>
		<str name="licenseThisSoftware" translate="yes">
			<val>Licenciar este software</val>
		</str>
		<str name="continue" translate="yes">
			<val>Continuar</val>
		</str>
	</set>
	<set name="dspSignInFailedOA">
		<str name="title" translate="yes">
			<val>Falha ao entrar</val>
		</str>
		<str name="warning" translate="yes">
			<val>Não foi possível entrar neste computador ou dispositivo.</val>
		</str>
		<str name="message" translate="yes">
			<val>Essa ID da Adobe {0} já foi usada para ativar o software em dois outros computadores ou dispositivos.</val>
		</str>
		<str name="radioButton1" translate="yes">
			<val>Tentar novamente. Eu já saí de um deles.</val>
		</str>
		<str name="radioButton2" translate="yes">
			<val>Sair de todos os outros computadores ou dispositivos.</val>
		</str>
		<str name="differentAdobeIDLink" translate="yes">
			<val>Tem uma ID da Adobe diferente?</val>
		</str>
		<str name="continue" translate="yes">
			<val>Continuar</val>
		</str>
	</set>
	<set name="subscriptionNotFound">
		<str name="title" translate="yes">
			<val>Assinatura não encontrada</val>
		</str>
		<str name="message" translate="yes">
			<val>Não encontramos uma assinatura do produto {0} associada a esta ID da Adobe. Você pode comprar uma {1}nova assinatura{2} ou, se você tiver uma assinatura e não conseguir acessá-la, entrar em contato com o {3}Suporte ao cliente{4}.</val>
		</str>
		<str name="messageTrial" translate="yes">
			<val>Você também pode iniciar este produto na versão de avaliação.</val>
		</str>
		<str name="messageTrialContinue" translate="yes">
			<val>Você também pode continuar usando a versão de avaliação deste produto.</val>
		</str>
		<str name="differentAdobeIDLink" translate="yes">
			<val>Tem uma ID da Adobe diferente?</val>
		</str>
		<str name="quit" translate="yes">
			<val>Sair</val>
		</str>
		<str name="startTrial" translate="yes">
			<val>Iniciar versão de avaliação</val>
		</str>
		<str name="continueTrial" translate="yes">
			<val>Continuar com a versão de avaliação</val>
		</str>
		<str name="NewSubscriptionLinkForCC" translate="yes">
        	<val>http://www.adobe.com/go/cc_plans_br</val>
        </str>
        <str name="NewSubscriptionLinkForNonCC" translate="yes">
        	<val>http://www.adobe.com/go/products_br</val>
        </str>
		<str name="customerSupportLink" translate="yes">
			<val>http://www.adobe.com/go/customer_support_br</val>
		</str>
	</set>
	
	<set name="dspAdobeIDMismatch">
		<str name="title" translate="yes">
			<val>Tentar novamente</val>
		</str>
		<str name="titleReactivationWF" translate="yes">
			<val>Falha ao entrar</val>
		</str>
		<str name="warning" translate="yes">
			<val>A ID da Adobe não corresponde</val>
		</str>
		<str name="warningReactivationWF" translate="yes">
			<val>Não foi possível ativar a assinatura neste computador ou dispositivo.</val>
		</str>
		<str name="message" translate="yes">
			<val>A ID da Adobe com a qual você entrou não corresponde à ID da Adobe associada a esta assinatura. Entre com a ID da Adobe correta.</val>
		</str>
		<str name="message1ReactivationWF" translate="yes">
			<val>A ID da Adobe com a qual você fez logon não corresponde à ID da Adobe associada à licença de assinatura neste computador ou dispositivo.</val>
		</str>
		<str name="message2ReactivationWF" translate="yes">
			<val>Clique em Voltar e faça logon usando a ID da Adobe associada à assinatura ou clique em Entrar mais tarde e faça logon com uma ID da Adobe diferente na próxima inicialização do software.</val>
		</str>
		<str name="back" translate="yes">
			<val>Voltar</val>
		</str>
		<str name="quit" translate="yes">
			<val>Fechar</val>
		</str>
		<str name="signInLater" translate="yes">
			<val>Entrar mais tarde</val>
		</str>
	</set>
	
	<set name="dspSubscriptionExpired">
		<str name="title" translate="yes">
			<val>Renove sua assinatura</val>
		</str>
		<str name="message" translate="yes">
			<val>Vá até o {0}Gerenciador de assinaturas{1} para renovar a sua assinatura da {2} e continuar usando o produto sem interrupções. Se você tiver renovado sua assinatura agora, aguarde 15 minutos e tente novamente.</val>
		</str>
		<str name="messageCCMTeamPara1" translate="yes">
			<val>Contate seu administrador para renovar a assinatura e continuar a usar o produto.</val>
		</str>
		<str name="messageCCMTeamPara2" translate="yes">
			<val>Se a assinatura já tiver sido renovada, aguarde 15 minutos e tente novamente.</val>
		</str>
		<str name="signedInMessage" translate="yes">
			<val>Você fez logon com a ID da Adobe: {0}.</val>
		</str>
		<str name="subscriptionManagerLinkForCC" translate="yes">
			<val> http://www.adobe.com/go/cc_manage_act_br</val>
		</str>
		<str name="subscriptionManagerLinkForNonCC" translate="yes">
			<val>http://www.adobe.com/go/subscription_policy_br</val>
		</str>
		<str name="tryAgain" translate="yes">
			<val>Tentar novamente</val>
		</str>
		<str name="close" translate="yes">
			<val>Fechar</val>
		</str>
		<str name="differentAdobeIDLink" translate="yes">
			<val>Tem uma ID da Adobe diferente?</val>
		</str>
		<str name="OfflineMessage" translate="yes">
			<val>Não foi possível conectar-se ao Adobe Server. Clique {0}aqui{1} para solucionar problemas de conectividade. Se o problema persistir, entre em contato com o {2}Suporte ao cliente{3}.</val>
		</str>
	</set>
	
	<set name="dspCheckGenericError">
		<str name="title" translate="yes">
			<val>Tentar novamente</val>
		</str>
		<str name="warning" translate="yes">
			<val>Não é possível iniciar sua assinatura do {0}.</val>
		</str>
		<str name="message" translate="yes">
			<val>Aguarde alguns minutos e tente novamente.</val>
		</str>
		<str name="tryAgain" translate="yes">
			<val>Tentar novamente</val>
		</str>
		<str name="quit" translate="yes">
			<val>Fechar</val>
		</str>
	</set>
	
	<set name="dspSubscriptionVerified">
		<str name="title" translate="yes">
			<val>Obrigado</val>
		</str>
		<str name="message" translate="yes">
			<val>Sua assinatura do software {0} está ativa. Clique em Continuar para utilizar o produto.</val>
		</str>
		<str name="continue" translate="yes">
			<val>Continuar</val>
		</str>
	</set>
	
	<set name="dspSubscriptionReactivation">
		<str name="title" translate="yes">
			<val>Entrada necessária</val>
		</str>
		<str name="message" translate="yes">
			<val>Você saiu deste computador ou dispositivo. Clique em Entrar agora para ativar sua licença neste dispositivo ou clique em Continuar para entrar na próxima inicialização.</val>
		</str>
		<str name="signInNow" translate="yes">
			<val>Entrar agora</val>
		</str>
		<str name="continue" translate="yes">
			<val>Continuar</val>
		</str>
	</set>
	
	<set name="dspReminder">
		<set name="ccInfoReminder">
			<str name="title" translate="yes">
				<val>Lembrete de assinatura</val>
			</str>
			<str name="message" translate="yes">
				<val>Sua assinatura expirará em breve.</val>
			</str>
			<str name="info" translate="yes">
				<val>Nossos registros indicam que nenhum método de pagamento foi associado a esta conta. Vá até o {0}Gerenciador de assinaturas{1} e forneça as informações de pagamento necessárias para renovar a sua assinatura do produto {2} e continuar usando-o sem interrupções.</val>
			</str>
			<str name="infoCCMTeam" translate="yes">
				<val>Contate o administrador para garantir acesso contínuo ao produto.</val>
			</str>
		</set>
		
		<set name="graceReminder">
			<str name="title" translate="yes">
				<val>Assinatura expirada</val>
			</str>
			<str name="message" translate="yes">
				<val>Sua assinatura do software {0} expirou.</val>
			</str>
			<str name="info" translate="yes">
				<val>Vá até o {0}Gerenciador de assinaturas{1} para renovar a sua assinatura da {2} e continuar usando o produto sem interrupções. Você tem um curto período de tolerância para renovar sua assinatura, após o qual não poderá mais acessar este produto.</val>
			</str>
			<str name="infoCCMTeam" translate="yes">
				<val>Contate seu administrador para renovar a assinatura e continuar usando o produto sem interrupções. Após o vencimento da assinatura, você terá um período de carência para renová-la antes de perder o acesso ao produto.</val>
			</str>
		</set>
		<set name="monthlyGraceReminderOffline">
			<str name="title" translate="yes">
				<val>Não foi possível conectar-se ao Adobe Server</val>
			</str>
			<str name="message" translate="yes">
				<val>Este é apenas um lembrete de que precisamos verificar se a sua associação é atual. Você pode continuar acessando o produto {0} sem se conectar ao Adobe Server até {1}, mas se não se conectar até essa data, o funcionamento do produto será interrompido.</val>
			</str>
			<str name="info" translate="yes">
				<val>Clique {0}aqui{1} para solucionar os problemas de conectividade.</val>
			</str>
		</set>
		<set name="dailyGraceReminderOffline">
			<str name="title" translate="yes">
				<val>Não foi possível conectar-se ao Adobe Server</val>
			</str>
			<str name="message" translate="yes">
				<val>Este é apenas um lembrete de que precisamos verificar se a sua associação é atual. Você pode continuar acessando o produto {0} sem se conectar ao Adobe Server, mas se não se conectar dentro do prazo exibido, o funcionamento do produto será interrompido.</val>
			</str>
			<str name="info" translate="yes">
				<val>Clique {0}aqui{1} para solucionar os problemas de conectividade.</val>
			</str>
		</set>
		<set name="billingFailureReminder">
			<str name="title" translate="yes">
				<val>Verifique as suas informações de cobrança</val>
			</str>
			<str name="message" translate="yes">
				<val>Detectamos um problema com o último pagamento do produto {0}. Conecte-se à Internet para {1}gerenciar sua conta{2} e verificar as informações de cobrança.</val>
			</str>
			<str name="info" translate="yes">
				<val>O funcionamento do produto {0} será interrompido se o problema não for solucionado dentro do prazo exibido.</val>
			</str>
			<str name="messageCCMTeam" translate="yes">
				<val>Detectamos um problema com o último pagamento do aplicativo {0} da equipe. Consulte o administrador para solucionar o problema, ou, se você for o administrador principal, conecte-se para {1}gerenciar sua conta{2}. Se o problema não for solucionado dentro do prazo exibido, o funcionamento do produto será interrompido.</val>
			</str>
			<str name="offlineError" translate="yes">
				<val>Não foi possível conectar-se ao Adobe Server para verificar se o problema de cobrança foi solucionado. Clique {0}aqui{1} para solucionar problemas de conectividade.</val>
			</str>
		</set>
		<set name="billingFailureReminderCCT">
			<str name="title" translate="yes">
				<val>Sua associação vai expirar em breve</val>
			</str>
			<str name="warning" translate="yes">
				<val>Sua associação à Creative Cloud para equipes vai expirar em breve.</val>
			</str>
			<str name="message" translate="yes">
				<val>Não recebemos pagamento para sua associação à Creative Cloud para equipes. Entre em contato com seu administrador para resolver o problema ou, se você for o administrador principal, {0}gerencie sua conta{1}. Se o problema não for resolvido dentro do prazo exibido, a associação à Creative Cloud para equipes será interrompida.</val>
			</str>
			<str name="offlineError" translate="yes">
				<val>Não foi possível conectar-se ao Adobe Server para verificar se o problema de cobrança foi solucionado. Clique {0}aqui{1} para solucionar problemas de conectividade.</val>
			</str>
		</set>
		<set name="combinedSubIssueReminder">
			<str name="title" translate="yes">
				<val>Estamos com problemas para verificar sua associação</val>
			</str>
			<str name="message" translate="yes">
				<val>Você está desconectado ou há um problema de faturamento em sua conta. Conecte-se para gerenciar sua conta e verifique as suas informações de cobrança. Em caso de problemas ou dúvidas, entre em contato com o {0}Suporte ao cliente{1}.</val>
			</str>
			<str name="messageCCMTeam1" translate="yes">
				<val>Você está desconectado ou há um problema de faturamento na conta da equipe. Entre em contato com o Administrador para resolver o problema.</val>
			</str>
			<str name="messageCCMTeam2" translate="yes">
				<val> Em caso de dúvidas, entre em contato com o {0}Suporte ao cliente{1}.</val>
			</str>
			<str name="offlineError" translate="yes">
				<val>Conecte-se para corrigirmos o problema ou clique em Continuar para permanecer desconectado. Nós o lembraremos mais tarde.</val>
			</str>
		</set>
		
		<str name="subscriptionManagerLinkForCC" translate="yes">
			<val>http://www.adobe.com/go/cc_manage_act_br</val>
		</str>
		<str name="subscriptionManagerLinkForNonCC" translate="yes">
			<val>http://www.adobe.com/go/subscription_policy_br</val>
		</str>
		<str name="offline" translate="yes">
			<val>Não é possível conectar-se ao Adobe Server. Verifique as configurações de conexão e escolha Tentar novamente.</val>
		</str>
		<str name="subscriptionPolicy" translate="yes">
			<val>{0}Política de assinatura{1}</val>
		</str>
		<str name="subscriptionPolicyLink" translate="yes">
			<val>http://www.adobe.com/go/subscription_policy_br</val>
		</str>
		<str name="customerSupportLink" translate="yes">
			<val>http://www.adobe.com/go/customer_support_br</val>
		</str>
		<str name="offlineTroubleshootLink" translate="yes">
			<val>http://www.adobe.com/go/activation_network_issues_br</val>
		</str>
		<str name="daysRemaining" translate="yes">
			<val>Dia(s) restante(s)</val>
		</str>
		<str name="dayRemaining" translate="yes">
			<val>Dia restante</val>
		</str>
		<str name="continue" translate="yes">
			<val>Continuar</val>
		</str>
		<str name="tryAgain" translate="yes">
			<val>Tentar novamente</val>
		</str>
		<str name="retry" translate="yes">
			<val>Tentar novamente</val>
		</str>
		<str name="remindLater" translate="yes">
			<val>Lembrar mais tarde</val>
		</str>
		<str name="OK" translate="yes">
			<val>OK</val>
		</str>
	</set>
	
	<set name="dspSuspended">
		<set name="activationSuspended">
			<str name="title" translate="yes">
				<val>Falha na ativação</val>
			</str>
			<str name="warning" translate="yes">
				<val>Não foi possível ativar a {0}.</val>
			</str>
			<str name="message" translate="yes">
				<val>A data de seu sistema não corresponde à data de nosso servidor. A data do seu sistema pode estar até três dias atrás da data do servidor da Adobe ({0}).</val>
			</str>
			<str name="info" translate="yes">
				<val>Verifique as configurações de data no computador e tente novamente. Se o problema persistir, entre em contato com o {0}Suporte ao cliente{1}.</val>
			</str>
		</set>
		
		<set name="subscriptionSuspended">
			<str name="title" translate="yes">
				<val>Suspensão de assinatura</val>
			</str>
			<str name="warning" translate="yes">
				<val>A assinatura do software {0} foi suspensa.</val>
			</str>
			<str name="message" translate="yes">
				<val>A data de seu sistema não corresponde à data de nosso servidor. A data do seu sistema pode estar até três dias atrás da data do servidor da Adobe ({0}).</val>
			</str>
			<str name="info" translate="yes">
				<val>Verifique as configurações de data no computador e tente novamente. Se o problema persistir, entre em contato com o {0}Suporte ao cliente{1}.</val>
			</str>
		</set>
		
		<set name="subscriptionWindback">
			<str name="title" translate="yes">
				<val>Suspensão de assinatura</val>
			</str>
			<str name="warning" translate="yes">
				<val>A assinatura do software {0} foi suspensa.</val>
			</str>
			<str name="message" translate="yes">
				<val>A date e hora do sistema estão incorretas. Ajuste o relógio para a hora atual e selecione Tentar novamente. Se o problema persistir, entre em contato com o {0}Suporte ao cliente{1}.</val>
			</str>
		</set>
		
		<str name="customerSupportLink" translate="yes">
			<val>http://www.adobe.com/go/customer_support_br</val>
		</str>
		<str name="activationPolicy" translate="yes">
			<val>{0}Exibir Política de ativação{1}</val>
		</str>
		<str name="activationPolicyLink" translate="yes">
			<val>http://www.adobe.com/go/activation_br</val>
		</str>
		<str name="subscriptionPolicy" translate="yes">
			<val>{0}Política de assinatura{1}</val>
		</str>
		<str name="subscriptionPolicyLink" translate="yes">
			<val>http://www.adobe.com/go/subscription_policy_br</val>
		</str>
		<str name="quit" translate="yes">
			<val>Fechar</val>
		</str>
		<str name="tryAgain" translate="yes">
			<val>Tentar novamente</val>
		</str>
	</set>
	
	<set name="dateTimeFormats">
		<str name="dateFormat_Long" translate="yes">
			<val>{1}  de  {0}  de  {2}</val>
		</str>
	</set>

	<set name="monthsFull">
		<str name="1" translate="yes">
			<val>janeiro</val>
		</str>
		<str name="2" translate="yes">
			<val>fevereiro</val>
		</str>
		<str name="3" translate="yes">
			<val>março</val>
		</str>
		<str name="4" translate="yes">
			<val>abril</val>
		</str>
		<str name="5" translate="yes">
			<val>maio</val>
		</str>
		<str name="6" translate="yes">
			<val>junho</val>
		</str>
		<str name="7" translate="yes">
			<val>julho</val>
		</str>
		<str name="8" translate="yes">
			<val>agosto</val>
		</str>
		<str name="9" translate="yes">
			<val>setembro</val>
		</str>
		<str name="10" translate="yes">
			<val>outubro</val>
		</str>
		<str name="11" translate="yes">
			<val>novembro</val>
		</str>
		<str name="12" translate="yes">
			<val>dezembro</val>
		</str>
	</set>
	
	<set name="dsp_IMSBusyScrim">
		<str name="WaitAMoment" translate="yes">
			<val>Aguarde....</val>
		</str>
	</set>
	
	<set name="dspSubscriptionRevoked">
		<str name="title" translate="yes">
			<val>Licença suspensa</val>
		</str>
		<str name="warning" translate="yes">
			<val>A licença do produto {0} foi suspensa.</val>
		</str>
		<str name="message" translate="yes">
			<val>As informações da licença do produto {0} não são mais válidas ou foram canceladas. Entre em contato com o {1}Suporte ao cliente{2}.</val>
		</str>
		<str name="subscriptionPolicy" translate="yes">
			<val>{0}Política de assinatura{1}{2}{3}Contrato de licença do software{4}</val>
		</str>
		<str name="subscriptionPolicyLink" translate="yes">
			<val>http://www.adobe.com/go/subscription_policy_br</val>
		</str>
		<str name="eula_Link" translate="yes">
			<val>http://www.adobe.com/go/eulas_br</val>
		</str>
		<str name="customerSupportLink" translate="yes">
			<val>http://www.adobe.com/go/customer_support_br</val>
		</str>
		<str name="quit" translate="yes">
			<val>Sair</val>
		</str>
	</set>
	<set name="deviceBasedActivation">
		<set name="dbaLicenseExpiry">
			<str name="title" translate="yes">
				<val>Licença expirada</val>
			</str>
			<str name="message" translate="yes">
				<val>{0} está em execução com uma licença de avaliação neste dispositivo de {1}. Fale com o administrador para renovar a licença e continuar usando o produto.</val>
			</str>
			<str name="info" translate="yes">
				<val>Se a licença já tiver sido renovada, aguarde 15 minutos e tente novamente.</val>
			</str>
			<str name="tryAgain" translate="yes">
				<val>Tentar novamente</val>
			</str>
			<str name="close" translate="yes">
				<val>Fechar</val>
			</str>
		</set>
	
		<set name="dbaLicenseRenewal">
			<str name="title" translate="yes">
				<val>Renovar a licença</val>
			</str>
			<str name="message" translate="yes">
				<val>Entre em contato com o administrador para renovar a licença da {0} deste produto do pool de implementação {1} e continuar usando o produto.</val>
			</str>
			<str name="info" translate="yes">
				<val>Se a licença já tiver sido renovada, aguarde 15 minutos e tente novamente.</val>
			</str>
			<str name="tryAgain" translate="yes">
				<val>Tentar novamente</val>
			</str>
			<str name="quit" translate="yes">
				<val>Sair</val>
			</str>
		</set>
		<set name="dbaClockWindback">
			<str name="title" translate="yes">
				<val>Licença suspensa</val>
			</str>
			<str name="message" translate="yes">
				<val>A data e hora do sistema estão incorretas neste dispositivo. Ajuste o relógio para a hora atual e selecione Tentar novamente. Se o problema persistir, fale com o administrador.</val>
			</str>
			<str name="warning" translate="yes">
				<val>A licença do produto {0} foi suspensa.</val>
			</str>
			<str name="tryAgain" translate="yes">
				<val>Tentar novamente</val>
			</str>
			<str name="close" translate="yes">
				<val>Fechar</val>
			</str>
		</set>
		<set name="dbaClockMismatch">
			<str name="title" translate="yes">
				<val>Licença suspensa</val>
			</str>
			<str name="message" translate="yes">
				<val>A data no dispositivo não corresponde à data de nosso servidor. A data do seu dispositivo pode estar até três dias atrás da data do servidor da Adobe ({0}). </val>
			</str>
			<str name="warning" translate="yes">
				<val>A licença do produto {0} foi suspensa.</val>
			</str>
			<str name="info" translate="yes">
				<val>Verifique as configurações de data no dispositivo e selecione Tentar novamente. Se o problema persistir, fale com o administrador.</val>
			</str>
			<str name="tryAgain" translate="yes">
				<val>Tentar novamente</val>
			</str>
			<str name="quit" translate="yes">
				<val>Sair</val>
			</str>
		</set>
		<set name="dbaLicenseDenied">
			<str name="title" translate="yes">
				<val>Licença negada</val>
			</str>
			<str name="stepError" translate="yes">
				<val>A licença do produto {0} foi negada neste dispositivo.</val>
			</str>
			<str name="msgError" translate="yes">
				<val>Fale com o administrador para resserializar este dispositivo e adicione-o novamente ao pool {0}. Se o administrador já tiver feito isso, aguarde 15 minutos e tente novamente.</val>
			</str>
			<str name="msgErrorPoolRemoved" translate="yes">
				<val>Fale com o administrador para resserializar este dispositivo. Se o administrador já tiver feito isso, aguarde 15 minutos e tente novamente.</val>
			</str>
			<str name="tryAgain" translate="yes">
				<val>Tentar novamente</val>
			</str>
			<str name="close" translate="yes">
				<val>Fechar</val>
			</str>
		</set>
		<set name="dbaActivationFailure">
			<str name="title" translate="yes">
				<val>Falha na ativação</val>
			</str>
			<str name="stepError" translate="yes">
				<val>Não foi possível ativar a {0}.</val>
			</str>
			<str name="errorCode" translate="yes">
				<val>(Código de erro: {0})</val>
			</str>
			<str name="msgError" translate="yes">
				<val>A ativação do produto é necessária para usar {0} neste dispositivo de {1}. Você deve estar conectado à Internet para utilizar o produto. Verifique as configurações de conexão e selecione Tentar novamente.</val>
			</str>
			<str name="info" translate="yes">
				<val>Se o problema persistir, fale com o administrador.</val>
			</str>
			<str name="offlineError" translate="yes">
				<val>Não foi possível conectar ao Adobe Server. Clique {0}aqui{1} para solucionar problemas de conectividade.</val>
			</str>
			<str name="clockMismatchError" translate="yes">
				<val>Verifique as configurações de data no dispositivo e selecione Tentar novamente.</val>
			</str>
			<str name="tryAgain" translate="yes">
				<val>Tentar novamente</val>
			</str>
			<str name="close" translate="yes">
				<val>Fechar</val>
			</str>
		</set>
		<set name="dbaMonthlyGraceReminderOffline">
			<str name="title" translate="yes">
				<val>Não foi possível conectar-se ao Adobe Server</val>
			</str>
			<str name="message" translate="yes">
				<val>Este é apenas um lembrete de que precisamos verificar se a associação usada neste dispositivo de {0} está é atual. Você pode continuar acessando a {1} offline até {2}, mas se não se conectar até essa data, o funcionamento do produto será interrompido.</val>
			</str>
			<str name="info" translate="yes">
				<val>Clique {0}aqui{1} para solucionar os problemas de conectividade.</val>
			</str>
			<str name="remindLater" translate="yes">
				<val>Lembrar mais tarde</val>
			</str>
			<str name="retry" translate="yes">
				<val>Tentar novamente</val>
			</str>
		</set>
		<set name="dbaDailyGraceReminderOffline">
			<str name="title" translate="yes">
				<val>Não foi possível conectar-se ao Adobe Server</val>
			</str>
			<str name="message" translate="yes">
				<val>Este é apenas um lembrete de que precisamos verificar se a sua licença no dispositivo de {0} é atual. Você pode continuar acessando o produto {1} sem se conectar à Internet, mas se não se conectar dentro do prazo exibido, o funcionamento do produto será interrompido.</val>
			</str>
			<str name="info" translate="yes">
				<val>Clique {0}aqui{1} para solucionar os problemas de conectividade.</val>
			</str>
			<str name="ok" translate="yes">
				<val>OK</val>
			</str>
			<str name="retry" translate="yes">
				<val>Tentar novamente</val>
			</str>
		</set>
		<set name="dbaBonusLaunch">
			<str name="title" translate="yes">
				<val>Última inicialização</val>
			</str>
			<str name="message" translate="yes">
				<val>{0} está em execução com uma licença de avaliação neste dispositivo de {1}. Você pode usar o produto mais uma vez. Para continuar usando o produto, fale com o administrador.</val>
			</str>
			<str name="ok" translate="yes">
				<val>OK</val>
			</str>
		</set>
		<set name="errorScenarios">
			<str name="licenseDeniedError" translate="yes">
				<val>Nenhuma licença associada a este dispositivo.</val>
			</str>
			<str name="clockWindbackError" translate="yes">
				<val>Verifique as configurações de data no dispositivo e selecione Tentar novamente. Se o problema persistir, fale com o administrador.</val>
			</str>
			<str name="offlineError" translate="yes">
				<val>Não foi possível conectar ao Adobe Server. Clique {0}aqui{1} para solucionar problemas de conectividade. Se o problema persistir, fale com o administrador.</val>
			</str>
			<str name="checkCallErrorGeneric" translate="yes">
				<val>Erro ao recuperar as informações de licenciamento. Tente novamente mais tarde.</val>
			</str>
		</set>
		<str name="quit" translate="yes">
			<val>Sair</val>
		</str>
		<str name="daysRemaining" translate="yes">
			<val>Dia(s) restante(s)</val>
		</str>
		<str name="dayRemaining" translate="yes">
			<val>Dia restante</val>
		</str>
		<str name="offlineTroubleshootLink" translate="yes">
			<val>http://www.adobe.com/go/activation_network_issues_br</val>
		</str>
	</set>
	<set name="isoToLanguage">
		<str name="ar_AE" translate="no"><val>العربية</val></str>
		<str name="en_GB" translate="no"><val>English (International)</val></str> 
		<str name="en_INT" translate="no"><val>English (International)</val></str> 
		<str name="fr_CA" translate="no"><val>Français (Canada)</val></str>
		<str name="es_QM" translate="no"><val>Español (Middle East)</val></str>
		<str name="es_LA" translate="no"><val>Español de América Latina</val></str>
		<str name="es_NA" translate="no"><val>Español Norteamericano</val></str>
		<str name="bg_BG" translate="no"><val>Български</val></str>
		<str name="lv_LV" translate="no"><val>Latviešu</val></str>
		<str name="et_EE" translate="no"><val>Eesti</val></str>
		<str name="hr_HR" translate="no"><val>hrvatski</val></str>
		<str name="sl_SI" translate="no"><val>slovenščina</val></str>
		<str name="sk_SK" translate="no"><val>slovenčina</val></str>
		<str name="th_TH" translate="no"><val>ภาษาไทย</val></str> 
		<str name="vi_VN" translate="no"><val>Việt</val></str>
		<str name="en_XC" translate="no"><val>English (Central Europe)</val></str> 
		<str name="en_XM" translate="no"><val>English (Middle East)</val></str>
		<str name="fr_XM" translate="no"><val>Français (Moyen-Orient)</val></str>
		<str name="sq_AL" translate="no"><val>Shqip</val></str> 
		<str name="ar_SA" translate="no"><val>العربية</val></str>
		<str name="be_BY" translate="no"><val>Беларуская</val></str> 
		<str name="ca_ES" translate="no"><val>Català</val></str> 
		<str name="hi_IN" translate="no"><val>हिन्दी</val></str>
		<str name="is_IS" translate="no"><val>Íslenska</val></str> 
		<str name="lt_LT" translate="no"><val>Lietuvių</val></str>
		<str name="mk_MK" translate="no"><val>македонски</val></str>
		<str name="nn_NO" translate="no"><val>Norsk (Nynorsk)</val></str>
		<str name="pt_PT" translate="no"><val>Português de Portugal</val></str> 
		<str name="sh_YU" translate="no"><val>Srpsko-Hrvatski</val></str> 
		<str name="sr_YU" translate="no"><val>Cрпски</val></str> 
		<str name="kk_KZ" translate="no"><val>Қазақ</val></str>
		<str name="az_AZ" translate="no"><val>Azərbaycan dili</val></str> 
		<str name="es_MX" translate="no"><val>Español (América Latina)</val></str>
		<str name="no_NO" translate="no"><val>Norwegian</val></str> 
		<str name="cs_CZ" translate="no"><val>česky</val></str>
		<str name="de_DE" translate="no"><val>Deutsch</val></str>
		<str name="el_GR" translate="no"><val>Ελληνικά</val></str>
		<str name="en_US" translate="no"><val>English (North America)</val></str> 
		<str name="es_ES" translate="no"><val>Español</val></str> 
		<str name="fr_FR" translate="no"><val>Français</val></str>
		<str name="he_IL" translate="no"><val>עברית</val></str> 
		<str name="hu_HU" translate="no"><val>magyar</val></str>
		<str name="it_IT" translate="no"><val>Italiano</val></str>
		<str name="ja_JP" translate="no"><val>日本語</val></str>
		<str name="ko_KR" translate="no"><val>한국어</val></str>
		<str name="nl_NL" translate="no"><val>Nederlands</val></str>
		<str name="pl_PL" translate="no"><val>polski</val></str>
		<str name="ro_RO" translate="no"><val>Română</val></str>
		<str name="ru_RU" translate="no"><val>русский</val></str>
		<str name="sv_SE" translate="no"><val>Svenska</val></str>
		<str name="tr_TR" translate="no"><val>Türkçe</val></str>
		<str name="uk_UA" translate="no"><val>українська</val></str>
		<str name="zh_CN" translate="no"><val>简体中文</val></str>
		<str name="zh_TW" translate="no"><val>繁體中文</val></str>
		<str name="da_DK" translate="no"><val>Dansk</val></str>
		<str name="fi_FI" translate="no"><val>suomi</val></str>
		<str name="nb_NO" translate="no"><val>Norsk (Bokmål)</val></str> 
		<str name="pt_BR" translate="no"><val>Português do Brasil</val></str>
		<str name="en_AE" translate="no"><val>English يدعم العربية</val></str> 
		<str name="en_IL" translate="no"><val>English תומך עברית</val></str> 
		<str name="fr_MA" translate="no"><val>Français (Maroc)</val></str>
	</set>
		
</asf>
