<?xml version='1.0' encoding='utf-8'?>
<!DOCTYPE asf SYSTEM "http://ns.adobe.com/asf/asf_1_0.dtd" >
<asf xmlns="http://ns.adobe.com/asf" locale="sv_SE" version="1.0">
	<set name="install">
		<str name="next" translate="yes">
			<val>NÄSTA</val>
		</str>
		<str name="back" translate="yes">
			<val>TILLBAKA</val>
		</str>
		<str name="exit" translate="yes">
			<val>AVSLUTA</val>
		</str>
		<str name="quit" translate="yes">
			<val>Avsluta</val>
		</str>
		<str name="stop" translate="yes">
			<val>STOPPA</val>
		</str>
		<str name="continue" translate="yes">
			<val>FORTSÄTT</val>
		</str>
		<str name="cancel" translate="yes">
			<val>AVBRYT</val>
		</str>
		<str name="tryAgain" translate="yes">
			<val>FÖRSÖK IGEN</val>
		</str>
		<str name="decline" translate="yes">
			<val>AVBÖJ</val>
		</str>
		<str name="accept" translate="yes">
			<val>ACCEPTERA</val>
		</str>			
		<str name="create" translate="yes">
			<val>SKAPA ADOBE-ID</val>
		</str>			
		<str name="info" translate="yes">
			<val>Mer information</val>
		</str>
		<str name="done" translate="yes">
			<val>KLAR</val>
		</str>
		<str name="install" translate="yes">
			<val>INSTALLERA</val>
		</str>			
		<str name="uninstall" translate="yes">
			<val>AVINSTALLERA</val>
		</str>			
		<str name="btnOK" translate="yes">
			<val>OK</val>
		</str>
		<str name="yes" translate="yes">
			<val>JA</val>
		</str>
		<str name="no" translate="yes">
			<val>NEJ</val>
		</str>
		<str name="subscriptionEdition" translate="no">
			<val>Subscription Edition</val>
		</str>
	</set>
	
	<set name="welcome">
		<str name="welcome" translate="yes">
			<val>Välkommen</val>
		</str>
		<str name="product" translate="yes">
			<val>Installationsprogram för {0}</val>
		</str>
		<str name="view" translate="yes">
			<val>Visa på:</val>
		</str>
		<str name="license" translate="yes">
			<val>Adobes licensavtal för programvara</val>
		</str>
		<str name="sure" translate="yes">
			<val>Vill du avbryta?</val>
		</str>
		<str name="AppTitleInstall" translate="yes">
			<val>Installationsprogram för {0}</val>
		</str>
		<str name="AppTitleUninstall" translate="yes">
			<val>Avinstallationsprogram för {0}</val>
		</str>
	</set>
	
	<set name="serial">
		<str name="welcome" translate="yes">
			<val>Ange serienummer</val>
		</str>
		<str name="serial" translate="yes">
			<val>Ange ett serienummer.</val>
		</str>
		<str name="trial" translate="yes">
			<val>Installera den här produkten som testversion.</val>
		</str>
		<str name="lang" translate="yes">
			<val>Språk:</val>
		</str>
		<str name="license" translate="yes">
			<val>Det här serienumret används för: {0}</val>
		</str>
		<str name="selectLang" translate="yes">
			<val>Välj språk</val>
		</str>
		<str name="locateTT" translate="yes">
			<val>Ditt serienummer finns på baksidan av DVD-fodralet, på licenscertifikatet för Adobe Open Options (endast volyminköp) eller på det kvitto som skickades till dig via e-post från Adobe Store (endast köp av hämtningsbara filer).</val>
		</str>
		<str name="invalid" translate="yes">
			<val>Det här serienumret är inte giltigt för den här produkten:</val>
		</str>
		<str name="also" translate="yes">
			<val>Efter installationen kan du även ange ett serienummer.</val>
		</str>
		<str name="agree" translate="yes">
			<val>Enligt licensavtalet för programvaran görs ett automatiskt försök att aktivera programvaran via Internet. Mer information finns på {0}www.adobe.com/se/activation{1}.</val>
		</str>
		<str name="agreeLink" translate="yes">
			<val>http://www.adobe.com/go/activation_se</val>
		</str>
		<str name="progressMessage" translate="yes">
			<val>Kontrollerar din prenumerationsinformation...</val>
		</str>
	</set>
	
	<set name="options">
		<str name="title" translate="yes">
			<val>Installationsalternativ</val>
		</str>
		<str name="unTitle" translate="yes">
			<val>Avinstallationsalternativ</val>
		</str>
		<str name="unInstruct" translate="yes">
			<val>Om du avinstallerar hela produkten kan du välja att inaktivera serienumret samtidigt.</val>
		</str>
		<str name="total" translate="yes">
			<val>Total installation:</val>
		</str>
		<str name="all" translate="yes">
			<val>Alla komponenter</val>
		</str>
		<str name="loc" translate="yes">
			<val>Plats:</val>
		</str>
		<str name="deactivate" translate="yes">
			<val>Inaktivera</val>
		</str>
		<str name="deactivateTooltip1" translate="yes">
			<val>Om du inaktiverar kan du aktivera din Adobe-produkt på en annan dator så länge som du följer licensavtalet för programvaran. Kontrollera att du är ansluten till Internet innan du inaktiverar.</val>
		</str>
		<str name="deactivateTooltip2" translate="yes">
			<val>Du kan inte inaktivera enskilda komponenter i en licensierad Adobe-produkt. Avinstallera och inaktivera hela produkten på den här datorn först om du vill installera och aktivera din Adobe-produkt på en annan dator.</val>
		</str>
		<str name="remove" translate="yes">
			<val>Ta bort inställningar</val>
		</str>
		<str name="select" translate="yes">
			<val>Klicka på ett produktnamn om du vill anpassa alternativ </val>
		</str>
		<str name="include" translate="yes">
			<val>Omfattar:</val>
		</str>
		<str name="decimalSeparator" translate="yes">
			<val>,</val>
		</str>
		<str name="commaSeparator" translate="yes">
			<val>,</val>
		</str>
		<str name="browse" translate="yes">
			<val>Bläddra efter installationsplats</val>
		</str>
		<str name="reqs" translate="yes">
			 <val>Lägsta systemkrav är inte uppfyllda. {0}Mer information...{1}</val>
		</str>
		<str name="more" translate="yes">
			<val>Mer</val>
		</str>		
		<str name="morelink" translate="yes">
			<val>http://www.adobe.com/go/cs_systemreqs_se</val>
		</str>
		<str name="infolink" translate="yes">
			<val>http://www.adobe.com/go/cs_shared_components_se</val>
		</str>
		<str name="available" translate="yes">
			<val>tillgängligt</val>
		</str>
		<str name="recommend" translate="yes">
			<val>Rekommenderas av:</val>
		</str>	
		<str name="required" translate="yes">
			<val>Krävs av:</val>
		</str>
		<str name="GB" translate="yes">
			<val>GB</val>
		</str>
		<str name="MB" translate="yes">
			<val>MB</val>
		</str>
		<str name="KB" translate="yes">
			<val>kB</val>
		</str>
		<str name="already" translate="yes">
			<val>Redan installerat</val>
		</str>
		
		<str name="again" translate="yes">
			<val>Om du markerar att något av nedanstående objekt ska installeras igen installeras objektet på den aktuella filplatsen.</val>
		</str>		
		<str name="uninstall" translate="yes">
			<val>AVINSTALLERA</val>
		</str>
		<str name="install" translate="yes">
			<val>INSTALLERA</val>
		</str>
		<str name="requirementError" translate="yes">
			<val>Lägsta systemkrav är inte uppfyllda</val>
		</str>
		<str name="conflictError" translate="yes">
			<val>En förhandsversion av den här produkten är redan installerad</val>
		</str>
		<str name="upgradedError" translate="yes">
			<val>En senare version av den här produkten är redan installerad</val>
		</str>
		<str name="langNotPresent" translate="yes">
			<val>Inte tillgängligt för det valda språket</val>
		</str>
		<str name="dependenciesNotEnabled" translate="yes">
			<val>Obligatoriska komponenter har inaktiverats</val>
		</str>
		<str name="avail" translate="yes">
			<val>Hårddiskutrymme:</val>
		</str>
		<str name="drive" translate="yes">
			<val>Enhet {0}</val>
		</str>
		<str name="sure" translate="yes">
			<val>Vill du avbryta avinstallationen?</val>
		</str>
		<str name="browseErrorCaseSensitive" translate="yes">
			<val>Det finns inget stöd för skiftlägeskänsliga diskar.</val>
		</str>
		<str name="browseErrorMappedNetwork" translate="yes">
			<val>Installation på mappade nätverksdiskar stöds inte.</val>
		</str>
		<str name="browseErrorRemovableDrive" translate="yes">
			<val>Installation på borttagbara flashdiskar stöds inte.</val>
		</str>
		<str name="browseErrorTooLong" translate="yes">
			<val>Sökvägen för installationen är för lång.</val>
		</str>
		<str name="browseErrorLockedPath" translate="yes">
			<val>Installation på en låst plats stöds inte.</val>
		</str>
		<str name="browseErrorGeneric" translate="yes">
			<val>Det gick inte att installera på den valda platsen.</val>
		</str>
		<str name="browseErrorRootDrive" translate="yes">
			<val>Installation på rotnivå på diskar stöds inte.</val>
		</str>
		<str name="diskSpaceTooltip" translate="yes">
			<val>Det finns inte tillräckligt med utrymme för att slutföra den här installationen.</val>
		</str>
		<str name="diskSpaceOverlayError" translate="yes">
			<val>De alternativ du valt kräver större plats än vad som finns tillgängligt på hårddisken. Välj en hårddisk med tillräckligt utrymme och kör installationsprogrammet igen.</val>
		</str>
		<str name="uninstallSubscriptionMessage" translate="yes">
			<val>Din prenumeration påverkas inte om du avinstallerar program. Gå till prenumerationshanteraren om du vill ändra din prenumerationsstatus. {0}Ändra din prenumerationsstatus{1}.</val>
		</str>
		<str name="uninstallSubscriptionMessageLink" translate="no">
			<val>http://www.adobe.com/go/subscriptionedition</val>
		</str>
	</set>

	<set name="progress">
		<str name="title" translate="yes">
			<val>Installationsförlopp</val>
		</str>
		<str name="doneErrors" translate="yes">
			<val>Installationsstatus</val>
		</str>
		<str name="curr" translate="yes">
			<val>Installerar...</val>
		</str> 
		<str name="unTitle" translate="yes">
			<val>Avinstallationsförlopp</val>
		</str>
		<str name="unCurr" translate="yes">
			<val>Avinstallerar...</val>
		</str> 
		<str name="cancelling" translate="yes">
			<val>Avbryter installationen...</val>
		</str>
		<str name="removingCache" translate="yes">
			<val>Rensar cacheminne...</val>
		</str> 
		<str name="disc" translate="yes">
			<val>Disk</val>
		</str>		
		<str name="preparing" translate="yes"> 
			<val>Förbereder installation...</val>
		</str>
		<str name="preparingun" translate="yes"> 
			<val>Förbereder avinstallation...</val>
		</str>
		<str name="calculating" translate="yes"> 
			<val>Total återstående tid: Beräknar...</val>
		</str>
		<str name="calculatingun" translate="yes"> 
			<val>Återstående tid: Beräknar...</val>
		</str>
		<str name="complete" translate="yes"> 
			<val>{0}% klart</val>
		</str>
		<str name="remainTotal" translate="yes">
			<val>Total återstående tid: Ungefär {0} minuter</val>
		</str>
		<str name="unRemainTotal" translate="yes">
			<val>Återstående tid: Ungefär {0} minuter</val>
		</str>
		<str name="remainTotalOneMin" translate="yes">
			<val>Total återstående tid: Ungefär {0} minut</val>
		</str>
		<str name="unRemainTotalOneMin" translate="yes">
			<val>Återstående tid: Ungefär {0} minut</val>
		</str>
		<str name="remainMin" translate="yes">
			<val>Total återstående tid: Mindre än en minut</val>
		</str>
		<str name="unRemainMin" translate="yes">
			<val>Återstående tid: Mindre än en minut</val>
		</str>
		<str name="remainDisc" translate="yes">
			<val>Tid till nästa skiva: Ungefär {0} minuter</val>
		</str>				
		<str name="sure" translate="yes">
			<val>Vill du avbryta installationen?</val>
		</str>
		<str name="incorrect" translate="yes">
			<val>Fel skiva sattes i. Försök igen och klicka på Klar.</val>
		</str>
		<str name="insert" translate="yes">
			<val>Sätt in skivan {0} om du vill fortsätta.</val>
		</str>
		<str name="errorClose" translate="yes">
			<val>Stäng samtliga följande program om du vill fortsätta:</val>
		</str>
		<str name="contact" translate="yes">
			<val>Kontakta {0}kundsupport{1} om du vill ha mer hjälp.</val>
		</str>
		<str name="supportLink" translate="no">
			<val>http://www.adobe.com/go/support_loganalyzer</val>
		</str>
		<str name="errorLater" translate="yes">
			<val>Om du vill att installationen ska slutföras när datorn startas om klickar du på Slutför senare.</val>
		</str>
		<str name="finishLater" translate="yes">
			<val>Slutför senare</val>
		</str>
		<str name="cancelMsg" translate="yes">
			<val>Installationen har avbrutits.</val>
		</str>
		<str name="partial" translate="yes">
			<val>Programmen har installerats, men fel uppstod under installationen av vissa program.</val>
		</str>
		<str name="installProblems" translate="yes">
			<val>Det uppstod problem med din installation</val>
		</str>
		<str name="requiredFailWarning" translate="yes">
			<val>Det gick inte att installera vissa nödvändiga komponenter. Det kan påverka funktionen hos de installerade programmen.</val>
		</str>
		<str name="helpTroubleshoot" translate="yes">
			<val>{0}Felsökningsinformationen{1} kan hjälpa dig att lösa det här problemet.</val>
		</str>
		<str name="troubleshootTips" translate="yes">
			<val>Du kan lösa problemet med hjälp av dessa felsökningstips:</val>
		</str>
		<str name="tipOne" translate="yes">
			<val>1. Starta om datorn</val>
		</str>
		<str name="tipTwo" translate="yes">
			<val>2. Avsluta alla program inklusive startobjekt, viruskontroller och brandväggsprogram.</val>
		</str>
		<str name="tipThree" translate="yes">
			<val>3. Starta installationsprogrammet och installera om dina program</val>
		</str>
		<str name="errorLogText" translate="yes">
			<val>Om problemet kvarstår kan du försöka identifiera felet med hjälp av loggfilen nedan.</val>
		</str>
		<str name="customerSupport" translate="yes">
			<val>Kontakta {0}kundsupport{1} och lämna dessa uppgifter.</val>
		</str>
		
		<str name="completely" translate="yes">
			<val>Följande program är klara att börja användas:</val>
		</str>
		<str name="incomplete" translate="yes">
			<val>Följande program måste installeras om:</val>
		</str>
		<str name="installed" translate="yes">
			<val>Installerat:</val>
		</str>
		<str name="notInstalled" translate="yes">
			<val>Inte installerat:</val>
		</str>
		<str name="haserrors" translate="yes">
			<val>Fel påträffades under installationen.</val>
		</str>
		<str name="restart" translate="yes">
			<val>Starta om systemet och försök installera igen.</val>
		</str>
		<str name="timeRemaining" translate="yes">
			<val>Återstående tid</val>
		</str>
		<str name="unDoneTitle" translate="yes">
			<val>Avinstallationsstatus</val>
		</str>
		<str name="unDoneWarning" translate="yes">
			<val>Programmen har avinstallerats, men fel uppstod under avinstallationen av vissa program.</val>
		</str>
		<str name="unComplete" translate="yes">
			<val>Följande program har avinstallerats:</val>
		</str>
		<str name="unIncomplete" translate="yes">
			<val>Följande program avinstallerades inte:</val>
		</str>
		<str name="unInstruct" translate="yes">
			<val>Prova att starta om datorn och avinstallera igen. Om problemet kvarstår laddar du ned och kör {0}Adobe Creative Suite Cleaner Tool{1}.</val>
		</str>
		<str name="unPointWarning" translate="yes">
			<val>Fel påträffades under avinstallationen.</val>
		</str>		
		<str name="cleanScriptLink" translate="no">
			<val>http://www.adobe.com/go/cscleanertool</val>
		</str>
		<str name="deactivateWarning" translate="yes">
			<val>Anslut till Internet om du vill inaktivera. Avmarkera annars Inaktivera på den förra skärmen.</val>
		</str>
		<str name="deactivateFailureWarning" translate="yes">
			<val>Inaktiveringen misslyckades. Du kan fortsätta avinstallera produkten men du kan inte aktivera den på en annan dator utan att först slutföra inaktiveringen.</val>
		</str>		
	</set>	 

	<set name="thanks">
		<str name="title" translate="yes">
			<val>Tack</val>
		</str>
		<str name="titleInsStatus" translate="yes">
			<val>Installationsstatus</val>
		</str>
		
		<str name="subtitle" translate="yes">
			<val>Installationen har slutförts. Fortsätt med proceduren om du vill få största möjliga nytta av programvaran.</val>
		</str>
		<str name="subtitle1" translate="yes">
			<val>Installationen är slutförd.</val>
		</str>
		<str name="subtitle2" translate="yes">
			<val>Ta nästa steg för att få ut ännu mer av din programvara.</val>
		</str>
		<str name="subtitleSubsClaimFail" translate="yes">
			<val>Det går inte att starta prenumerationen på {0}</val>
		</str>
	
		
		<str name="unSubtitle" translate="yes">
			<val>Följande program har avinstallerats:</val>
		</str>

		<str name="unSubtitleNoProductList" translate="yes">
			<val>Avinstallationen är klar.</val>
		</str>

		<str name="appsInstalledHeading" translate="yes">
			<val>Följande produkter har installerats</val>
		</str>
		<str name="appInstalledHeading" translate="yes">
			<val>Följande produkt har installerats</val>
		</str>

		<str name="services" translate="yes">
			<val>Komma igång: Adobe-produkter och -tjänster</val>
		</str>
		<str name="noservices" translate="yes">
			<val>Komma igång: Adobe-produkter</val>
		</str>
		<str name="successWithServices" translate="yes">
			<val>Vi har använt ditt Adobe-id för att registrera din programvara och konfigurera åtkomst till Adobe CS Live-tjänster.</val>
		</str>
		<str name="successWithoutServices" translate="yes">
			<val>Du har registrerat programvaran genom att ange ditt Adobe-id.</val>
		</str>
		<str name="emailVerify" translate="yes">
			<val>Verifiering via e-post krävs för att börja använda Adobe CS Live-tjänster. Kontrollera din inkorg.</val>
		</str>
		<str name="skippedWithServices" translate="yes">
			<val>Du behöver ett Adobe-id för att registrera programvaran och få tillgång till Adobe CS Live-tjänster. Du får en påminnelse om att ange ett Adobe-id när du använder programvaran.</val>
		</str>
		<str name="skippedWithoutServices" translate="yes">
			<val>Du behöver ett Adobe-id för att registrera programvaran. Du får en påminnelse om att ange ett Adobe-id när du använder programvaran.</val>
		</str>
		<str name="trialAdobeIDtext" translate="yes">
			<val>Du måste ha ett Adobe-id för att kunna använda programvaran som testversion. När du startat testversionen första gången har du 7 dagar på dig att ange ett Adobe-id.</val>
		</str>
		<str name="idinfo" translate="yes">
			<val>Vi har använt ditt Adobe-id för att registrera din produkt och konfigurera åtkomst till Adobe CS Live-tjänster.</val>
		</str>	
		<str name="id" translate="yes">
			<val>Med ditt Adobe-id registreras dina produkter.</val>
		</str>
		<str name="provided" translate="yes">
			<val>Du har registrerat produkten genom att ange ditt Adobe-id.</val>
		</str>
		<str name="idservices" translate="yes">
			<val>Med ditt Adobe-id registreras dina produkter och din kostnadsfria prenumeration på Adobe CS Live-tjänster.</val>
		</str>
		<str name="idis" translate="yes">
			<val>Ditt Adobe-id är: {0}</val>
		</str>
		<str name="idnew" translate="yes">
			<val>Ditt Adobe-id är: {0}</val>
		</str>
		
		<str name="email" translate="yes">
			<val>Ett e-postmeddelande har skickats för att verifiera den här e-postadressen. Verifieringen måste genomföras för att du ska kunna använda Adobe CS Live-tjänsterna.</val>
		</str>
		<str name="videos" translate="yes">
			<val>Visa videosjälvstudier</val>
		</str>
		<str name="explore" translate="yes">
			<val>Upptäck Adobe CS LIVE-tjänsterna</val>
		</str>
		<str name="videolink" translate="yes">
			<val>http://www.adobe.com/go/adobetv_howto</val>
		</str>		
		<str name="serviceslink" translate="yes">
			<val>http://www.adobe.com/go/cslive_se</val>
		</str>	
	</set> 
	
	
	<set name="upgrade">
		<str name="title" translate="yes">
			<val>Ange serienummer för uppgradering</val>
		</str>
		<str name="instruct1" translate="yes">
			<val>Serienumret som du har angett är giltigt men det går inte att hitta någon kvalificerande produkt på den här datorn.</val>
		</str>
		<str name="instruct2" translate="yes">
			<val>Om du vill använda serienumret som du angett för uppgraderingen måste du äga någon av följande kvalificerande produkter. Välj produkten du äger och ange serienumret för den:</val>
		</str>
		<str name="serial" translate="yes">
			<val>Serienummer för den här produkten:</val>
		</str>
		<str name="trial" translate="yes">
			<val>INSTALLERA SOM TESTVERSION</val>
		</str>
		<str name="confirm" translate="yes">
			<val>Det här serienumret bekräftar {0}.</val>
		</str>
		<str name="second" translate="yes">
			<val>En andra kvalificerande produkt krävs för den här uppgraderingen. Välj en andra produkt som du äger och ange serienumret för den:</val>
		</str>
		<str name="selproduct" translate="yes">
			<val>Välj produkt</val>
		</str>
		<str name="nogood" translate="yes">
			<val>Det här serienumret gäller inte för en kvalificerande produkt. Ange ett annat serienummer.</val>
		</str>
		<str name="account" translate="yes">
			<val>Om du har registrerat produkter tidigare kan du gå till {0}din kontosida{1} om du vill leta upp befintliga serienummer.</val>
		</str>
		<str name="support" translate="yes">
			<val>Kontakta {0}kundsupport{1} om du vill ha mer hjälp.</val>
		</str>
		<str name="supportlink" translate="no">
			<val>http://www.adobe.com/go/support_loganalyzer</val>
		</str>
		<str name="accountlink" translate="yes">
			<val>http://www.adobe.com/go/adobemembership_se</val>
		</str>
	</set>
	
	<set name="upcode">
		<str name="header" translate="yes">
			<val>Ange din uppgraderingskod.</val>
		</str>
		<str name="instruct1" translate="yes">
			<val>Vidarebefordra följande kod till din kundservicerepresentant när du uppmanas till det:</val>
		</str>
		<str name="challenge" translate="yes">
			<val>Anropskod</val>
		</str>
		<str name="instruct2" translate="yes">
			<val>Ange koden som du får av din kundservicerepresentant:</val>
		</str>
		<str name="support" translate="yes">
			<val>Supportkod</val>
		</str>
		<str name="codeError" translate="yes">
			<val>Ogiltig supportkod</val>
		</str>
		
	</set>
	
	<set name="dvanote">
		<str name="header" translate="yes">
			<val>Viktigt meddelande</val>
		</str>
		<str name="warning32bit" translate="yes">
			<val>Den här datorn körs på ett 32-bitars operativsystem. Adobe Premiere Pro CS5.5, Adobe Premiere Pro CS5, After Effects CS5.5 och After Effects CS5 kan bara köras på 64-bitars operativsystem. Om du vill använda de programmen måste du uppgradera ditt system eller installera 32-bitarsversionerna av CS4. {0}Läs mer{1} om hur du identifierar och installerar CS4-versionerna.</val>
		</str>
		<str name="learnMoreLink" translate="yes">
			<val>http://www.adobe.com/go/32bit_installation_se</val>
		</str>
	</set>

	<set name="nav">
		<str name="welcome" translate="yes">
			<val>VÄLKOMMEN</val>
		</str>
		<str name="serial" translate="yes">
			<val>SERIENUMMER</val>
		</str>
		<str name="id" translate="yes">
			<val>ADOBE-ID</val>
		</str>
		<str name="options" translate="yes">
			<val>ALTERNATIV</val>
		</str>
		<str name="unoptions" translate="yes">
			<val>ALTERNATIV</val>
		</str>
		<str name="install" translate="yes">
			<val>INSTALLERA</val>
		</str>
		<str name="uninstall" translate="yes">
			<val>AVINSTALLERA</val>
		</str>
		<str name="thanks" translate="yes">
			<val>SLUTFÖR</val>
		</str>
	</set>
	
	
	<set name="systemReq">
		<str name="ram" translate="yes">
			<val>{0} RAM rekommenderas</val>
		</str>
		<str name="processor" translate="yes">
			<val>{0} processor rekommenderas</val>
		</str>
		<str name="osWin" translate="yes">
			<val>Windows {0} rekommenderas</val>
		</str>
		<str name="osMac" translate="yes">
			<val>Mac {0} rekommenderas</val>
		</str>
		<str name="screen" translate="yes">
			<val>{0} skärmupplösning rekommenderas</val>
		</str>
	</set>
	
	<set name="installErrorCode">
		<str name="code0" translate="yes">
			<val>Installationen lyckades</val>
		</str>
		<str name="code6" translate="yes">
			<val>Slutfört med fel</val>
		</str>
		<str name="code7in" translate="yes">
			<val>Installationen misslyckades</val>
		</str>
		<str name="code7un" translate="yes">
			<val>Avinstallationen misslyckades</val>
		</str>
		<str name="code8" translate="yes">
			<val>Klart. Du måste starta om systemet för att slutföra arbetsflödet.</val>
		</str>
		<str name="code11" translate="yes">
			<val>En annan distributionskörning pågår redan</val>
		</str>
		<str name="code14" translate="yes">
			<val>Administratörsrättigheter krävs för installation</val>
		</str>
		<str name="code14un" translate="yes">
			<val>Administratörsrättigheter krävs för avinstallation</val>
		</str>
		<str name="code19" translate="yes">
			<val>Processer som står i konflikt körs</val>
		</str>
		<str name="code24" translate="yes">
			<val>Installationen har avbrutits</val>
		</str>
		<str name="code15" translate="yes">
			<val>Inkonsekvens i installationsprogrammets databas. Starta om datorn och installera igen.</val>
		</str>
		<str name="code31" translate="yes">
			<val>De alternativ du valt kräver större plats än vad som finns tillgängligt på hårddisken. Välj en hårddisk med tillräckligt utrymme och kör installationsprogrammet igen.</val>
		</str>
		<str name="code9999" translate="yes">
			<val>Vissa interna fel har inträffat</val>
		</str>
		<str name="internalError" translate="yes">
			<val>Ett fel ({0}) påträffades under installationen. Starta om datorn och försök igen.</val>
		</str>
		<str name="uninternalError" translate="yes">
			<val>Ett fel ({0}) påträffades under avinstallationen. Starta om datorn och försök igen.</val>
		</str>
	</set>
	
	<set name="prescreenResponse">
		<str name="header_NOT_ENABLED" translate="yes">
			<val>Din prenumeration på {0} har upphört</val>
		</str>
		<str name="body_NOT_ENABLED" translate="yes">
			<val>Förnya prenumerationen eller välj Tillbaka om du vill installera produkten som en testversion.</val>
		</str>
		<str name="footerLinkText_NOT_ENABLED" translate="yes">
			<val>Förnya min prenumeration</val>
		</str>
		<str name="footerLink_NOT_ENABLED" translate="no">
			<val>http://www.adobe.com/go/subscriptionedition</val>
		</str>
		
		<str name="header_OFFLINE" translate="yes">
			<val>Det går inte att ansluta till Internet</val>
		</str>
		<str name="body_OFFLINE" translate="yes">
			<val>Du måste ha en fungerande Internetanslutning för att kunna använda den här produkten. Kontrollera anslutningsinställningarna och välj Försök igen. Kontakta kundsupporten om problemet kvarstår, eller välj Tillbaka om du vill installera produkten som en testversion.</val>
		</str>
		<str name="footerLinkText_OFFLINE" translate="yes">
			<val>Kontakta kundsupporten</val>
		</str>
		<str name="footerLink_OFFLINE" translate="yes">
			<val>http://www.adobe.com/go/support_se</val>
		</str>
		
		<str name="header_GENERIC_ERROR" translate="yes">
			<val>Det går inte att starta prenumerationen på {0}</val>
		</str>
		<str name="body_GENERIC_ERROR" translate="yes">
			<val>Du genomför installationen genom att installera produkten som en testversion. När du har installerat programmet och startat det, ombeds du att starta prenumerationen.</val>
		</str>
		<str name="footerLinkText_GENERIC_ERROR" translate="yes">
			<val>Kontakta kundsupporten</val>
		</str>
		<str name="footerLink_GENERIC_ERROR" translate="yes">
			<val>http://www.adobe.com/go/support_se</val>
		</str>
	</set>
	
	<set name="subsClaimResponse">
		<str name="failureStatusHeading" translate="yes">
			<val>Det går inte att starta prenumerationen på {0}</val>
		</str>
		<str name="successStatusHeading" translate="yes">
			<val>Komma igång: Adobe-produkter och -tjänster</val>
		</str>
		
		<str name="adobeIDInfo" translate="yes">
			<val>Vi har använt ditt Adobe-id för att starta prenumerationen på {0} och konfigurera åtkomst till Adobe CS Live-tjänsterna.</val>
		</str>
		
		<str name="idis" translate="yes">
			<val>Ditt Adobe-id är: {0}</val>
		</str>
		<str name="idnew" translate="yes">
			<val>Ditt Adobe-id är: {0}</val>
		</str>
		
		<str name="emailVerify" translate="yes">
			<val>Verifiering via e-post krävs för att börja använda Adobe CS Live-tjänster. Kontrollera din inkorg.</val>
		</str>
		

		<str name="supLinkURL_EXCEPTION_DECODE_FAILED" translate="yes">
			<val>http://www.adobe.com/go/support_se</val>
		</str>			
		<str name="supLinkURL_EXCEPTION_NO_SUCH_USER" translate="yes">
			<val>http://www.adobe.com/go/support_se</val>
		</str>		
		<str name="supLinkURL_EXCEPTION_INVALID_DATA" translate="yes">
			<val>http://www.adobe.com/go/support_se</val>
		</str>
		<str name="supLinkURL_EXCEPTION_SKU_LOOKUP_FAILED" translate="yes">
			<val>http://www.adobe.com/go/support_se</val>
		</str>		
		<str name="supLinkURL_EXCEPTION_AUTHENTICATION_TIMEOUT" translate="yes">
			<val>http://www.adobe.com/go/support_se</val>
		</str>
		<str name="supLinkURL_EXCEPTION_SNSERVER_TIMEOUT" translate="yes">
			<val>http://www.adobe.com/go/support_se</val>
		</str>
		<str name="supLinkURL_EXCEPTION_INTERNAL_TIMEOUT" translate="yes">
			<val>http://www.adobe.com/go/support_se</val>
		</str>
		<str name="supLinkURL_EXCEPTION_INTERNAL_SERVER_ERROR" translate="yes">
			<val>http://www.adobe.com/go/support_se</val>
		</str>
		<str name="supLinkURL_EXCEPTION_SYSTEM_UNAVAILABLE_time" translate="yes">
			<val>http://www.adobe.com/go/support_se</val>
		</str>
		<str name="supLinkURL_EXCEPTION_SYSTEM_UNAVAILABLE" translate="yes">
			<val>http://www.adobe.com/go/support_se</val>
		</str>
		<str name="supLinkURL_EXCEPTION_COMPANY_CODE_MISMATCH" translate="yes">
			<val>http://www.adobe.com/go/subscription_learnmore_se</val>
		</str>
		<str name="supLinkURL_EXCEPTION_SUBSCRIPTION_ALREADY_CLAIMED_DIFF_ADOBEID" translate="yes">
			<val>http://www.adobe.com/go/support_se</val>
		</str>
		<str name="supLinkURL_ERROR_WITH_INFO" translate="yes">
			<val>http://www.adobe.com/go/support_se</val>
		</str>
		<str name="supLinkURL_GENERIC" translate="yes">
			<val>http://www.adobe.com/go/support_se</val>
		</str>
		
		
		<str name="supLinkLbl_EXCEPTION_DECODE_FAILED" translate="yes">
			<val>Kontakta kundsupporten</val>
		</str>			
		<str name="supLinkLbl_EXCEPTION_NO_SUCH_USER" translate="yes">
			<val>Kontakta kundsupporten</val>
		</str>		
		<str name="supLinkLbl_EXCEPTION_INVALID_DATA" translate="yes">
			<val>Kontakta kundsupporten</val>
		</str>
		<str name="supLinkLbl_EXCEPTION_SKU_LOOKUP_FAILED" translate="yes">
			<val>Kontakta kundsupporten</val>
		</str>		
		<str name="supLinkLbl_EXCEPTION_AUTHENTICATION_TIMEOUT" translate="yes">
			<val>Kontakta kundsupporten</val>
		</str>
		<str name="supLinkLbl_EXCEPTION_SNSERVER_TIMEOUT" translate="yes">
			<val>Kontakta kundsupporten</val>
		</str>
		<str name="supLinkLbl_EXCEPTION_INTERNAL_TIMEOUT" translate="yes">
			<val>Kontakta kundsupporten</val>
		</str>
		<str name="supLinkLbl_EXCEPTION_INTERNAL_SERVER_ERROR" translate="yes">
			<val>Kontakta kundsupporten</val>
		</str>
		<str name="supLinkLbl_EXCEPTION_SYSTEM_UNAVAILABLE_time" translate="yes">
			<val>Kontakta kundsupporten</val>
		</str>
		<str name="supLinkLbl_EXCEPTION_SYSTEM_UNAVAILABLE" translate="yes">
			<val>Kontakta kundsupporten</val>
		</str>
		<str name="supLinkLbl_EXCEPTION_SUBSCRIPTION_ALREADY_CLAIMED_DIFF_ADOBEID" translate="yes">
			<val>Kontakta kundsupporten</val>
		</str>
		<str name="supLinkLbl_EXCEPTION_COMPANY_CODE_MISMATCH" translate="yes">
			<val>Mer information</val>
		</str>
		<str name="supLinkLbl_ERROR_WITH_INFO" translate="yes">
			<val>Kontakta kundsupporten</val>
		</str>
		<str name="supLinkLbl_GENERIC" translate="yes">
			<val>Kontakta kundsupporten</val>
		</str>
		
		
		<str name="code_EXCEPTION_DECODE_FAILED" translate="yes">
			<val>Du ombeds starta prenumerationen när du har startat produkten.</val>
		</str>			
		<str name="code_EXCEPTION_NO_SUCH_USER" translate="yes">
			<val>Du ombeds starta prenumerationen när du har startat produkten.</val>
		</str>		
		<str name="code_EXCEPTION_INVALID_DATA" translate="yes">
			<val>Du ombeds starta prenumerationen när du har startat produkten.</val>
		</str>
		<str name="code_EXCEPTION_SKU_LOOKUP_FAILED" translate="yes">
			<val>Du ombeds starta prenumerationen när du har startat produkten.</val>
		</str>		
		<str name="code_EXCEPTION_AUTHENTICATION_TIMEOUT" translate="yes">
			<val>Vänta ett par minuter och försök igen. Du ombeds också att starta prenumerationen när du har startat produkten.</val>
		</str>
		<str name="code_EXCEPTION_SNSERVER_TIMEOUT" translate="yes">
			<val>Vänta ett par minuter och försök igen. Du ombeds också att starta prenumerationen när du har startat produkten.</val>
		</str>
		<str name="code_EXCEPTION_INTERNAL_TIMEOUT" translate="yes">
			<val>Vänta ett par minuter och försök igen. Du ombeds också att starta prenumerationen när du har startat produkten.</val>
		</str>
		<str name="code_EXCEPTION_INTERNAL_SERVER_ERROR" translate="yes">
			<val>Vänta ett par minuter och försök igen. Du ombeds också att starta prenumerationen när du har startat produkten.</val>
		</str>
		<str name="code_EXCEPTION_SYSTEM_UNAVAILABLE_time" translate="yes">
			<val>Våra servrar är för närvarande inte igång på grund av planerat underhåll. Vi beklagar detta och ber dig försöka igen {0}. Du ombeds att starta prenumerationen när du har startat produkten.</val>
		</str>
		<str name="code_EXCEPTION_SYSTEM_UNAVAILABLE" translate="yes">
			<val>Våra servrar är för närvarande inte igång på grund av planerat underhåll. Vi beklagar detta. Du ombeds att starta prenumerationen när du har startat produkten.</val>
		</str>
		<str name="code_EXCEPTION_COMPANY_CODE_MISMATCH" translate="yes">
			<val>Det land som produkten köptes i motsvarar inte landet som anges på ditt Adobe-konto. Du ombeds att logga in med ett annat Adobe-id när du startar produkten.</val>
		</str>
		<str name="code_EXCEPTION_SUBSCRIPTION_ALREADY_CLAIMED_DIFF_ADOBEID" translate="yes">
			<val>Enligt våra noteringar gäller den här prenumerationen ett annat Adobe-id. Du uppmanas logga in med ett annat Adobe-id när du startar produkten. Kontakta kundsupporten om problemet kvarstår.</val>
		</str>
		<str name="code_ESS_TIMEOUT" translate="yes">
			<val>Vänta ett par minuter och försök igen. Du ombeds också att starta prenumerationen när du har startat produkten.</val>
		</str>
		
		<str name="code_ESS_FAILURE" translate="yes">
			<val>Vänta ett par minuter och försök igen. Du ombeds också att starta prenumerationen när du har startat produkten.</val>
		</str>
		
		<str name="code_GENERIC" translate="yes">
			<val>Du ombeds starta prenumerationen när du har startat produkten.</val>
		</str>
	</set>
	
	<set name="claimResponse">
		<str name="code_" translate="yes">
			<val></val>
		</str>
		<str name="code_NonSaas_FAILURE" translate="yes">
			<val>Det gick inte att registrera produkten nu. Försök igen senare.</val>
		</str>
		<str name="code_EXCEPTION_DECODE_FAILED" translate="yes">
			<val>Ogiltigt serienummer. Det gick inte att starta ditt abonnemang på CS Live.</val>
		</str>
		<str name="code_EXCEPTION_NO_SUCH_USER" translate="yes">
			<val>Det gick inte att starta ditt abonnemang på Adobe CS Live. Försök igen senare.</val>
		</str>
		<str name="code_EXCEPTION_INVALID_DATA" translate="yes">
			<val>Det gick inte att starta ditt abonnemang på Adobe CS Live. Försök igen senare.</val>
		</str>
		<str name="code_EXCEPTION_WCD_TIMEOUT" translate="yes">
			<val>Det gick inte att starta ditt abonnemang på Adobe CS Live. Försök igen senare.</val>
		</str>
		<str name="code_EXCEPTION_AUTHENTICATION_TIMEOUT" translate="yes">
			<val>Det gick inte att starta ditt abonnemang på Adobe CS Live. Försök igen senare.</val>
		</str>
		<str name="code_EXCEPTION_SNSERVER_TIMEOUT" translate="yes">
			<val>Det gick inte att starta ditt abonnemang på Adobe CS Live. Försök igen senare.</val>
		</str>
		<str name="code_EXCEPTION_WCD_SESSION_TIMEOUT" translate="yes">
			<val>Det gick inte att starta ditt abonnemang på Adobe CS Live. Försök igen senare.</val>
		</str>
		<str name="code_ESS_TIMEOUT" translate="yes">
			<val>Det gick inte att starta ditt abonnemang på Adobe CS Live. Försök igen senare.</val>
		</str>
		<str name="code_ESS_FAILURE" translate="yes">
			<val>Det gick inte att starta ditt abonnemang på Adobe CS Live. Försök igen senare.</val>
		</str>
		<str name="code_EXCEPTION_INTERNAL_TIMEOUT" translate="yes">
			<val>Det gick inte att starta ditt abonnemang på Adobe CS Live. Försök igen senare.</val>
		</str>
		<str name="code_EXCEPTION_INTERNAL_SERVER_ERROR" translate="yes">
			<val>Det gick inte att starta ditt abonnemang på Adobe CS Live. Försök igen senare.</val>
		</str>
		<str name="code_EXCEPTION_SUBSCRIPTION_ALREADY_CLAIMED" translate="yes">
			<val>Du har redan registrerat dig på Adobe CS Live. Logga in om du vill använda tjänsterna.</val>
		</str>
		<str name="code_EXCEPTION_CLAIM_ALREADY_PROCESSED" translate="yes">
			<val>Det här serienumret är redan kopplat till ett abonnemang på Adobe CS Live. Logga in om du vill använda tjänsterna.</val>
		</str>
		<str name="code_EXCEPTION_SYSTEM_UNAVAILABLE_time" translate="yes">
			<val>Det pågår underhåll av Adobes registreringsserver för tillfället. Arbetet förväntas vara slutfört vid {0}. Vi beklagar och ber dig försöka igen efter den tidpunkten.</val>
		</str>
		<str name="code_EXCEPTION_SYSTEM_UNAVAILABLE" translate="yes">
			<val>Det pågår underhåll av Adobes registreringsserver för tillfället. Vi beklagar detta och ber dig försöka igen senare.</val>
		</str>
		<str name="code_EXCEPTION_SYSTEM_UNAVAILABLE_time_saas" translate="yes">
			<val>Det pågår underhåll av Adobe CS Live för tillfället. Arbetet förväntas vara slutfört vid {0}. Vi beklagar och ber dig försöka igen efter den tidpunkten.</val>
		</str>
		<str name="code_EXCEPTION_SYSTEM_UNAVAILABLE_saas" translate="yes">
			<val>Det pågår underhåll av Adobe CS Live för tillfället. Vi beklagar detta och ber dig försöka igen senare.</val>
		</str>
	</set>	
	
	<set name="alert">
		<str name="alertHeader" translate="yes">
			<val>Adobe Installer</val>
		</str>
		<str name="workflowCloseError" translate="yes">
			<val>Ett problem uppstod vid stängning av icke-distributionsarbetsflöden. Stäng dem och klicka på Installera för att starta installationen igen.</val>
		</str>
		<str name="workflowNeedCloseMessage" translate="yes">
			<val>Andra instanser av Adobe Application Manager körs som måste stängas. Stäng dem om du vill fortsätta.</val>
		</str>
		<str name="cancelMsg" translate="yes">
			<val>Är du säker på att du vill avbryta?</val>
		</str>
		<str name="payloadDataError" translate="yes">
			<val>Installationsprogrammet kunde inte initieras</val>
		</str>
		<str name="payloadMappingError" translate="yes">
			<val>Installationsprogrammet kunde inte initieras</val>
		</str>
		<str name="driverSystemRequirementError" translate="yes">
			<val>Lägsta systemkrav för den här produkten är inte uppfyllda.</val>
		</str>
		<str name="driverConflictError" translate="yes">
			<val>En version som står i konflikt eller en förhandsversion av {0} finns på datorn. Versionen som står i konflikt måste tas bort innan du kan installera från det aktuella mediet.</val>
		</str>
		<str name="eulaDeclineMsg" translate="yes">
			<val>Du måste acceptera Adobes licensavtal för slutanvändare om du vill fortsätta. Vill du avböja?</val>
		</str>
		<str name="authAdobeID" translate="yes">
			<val>Autentiserar Adobe-id...</val>
		</str>
		<str name="sharedComponentMsgInstall" translate="yes">
			<val>Installerar delade komponenter. Vänta ... Det kan ta några minuter beroende på vilka komponenter som installerats tidigare.</val>
		</str>
		<str name="sharedComponentMsgUninstall" translate="yes">
			<val>Avinstallerar delade komponenter. Vänta ... Det kan ta några minuter beroende på vilka komponenter som installerats tidigare.</val>
		</str>
		<str name="diskPrompt" translate="yes">
			<val>Sätt in skivan som är märkt med {0} i hårddiskenheten {1}</val>
		</str>
		<str name="noDriverError" translate="yes">
			<val>Det gick inte att hitta drivrutinens nyttolast</val>
		</str>
		<str name="installerNotApplicable" translate="yes">
			<val>{0} kan bara installeras på ett 64-bitars system</val>
		</str>
		<str name="deactivateMessage" translate="yes">
			<val>Inaktiverar, vänta...</val>
		</str>
		<str name="deactivateFailMessage" translate="yes">
			<val>Det gick inte att inaktivera produkten.</val>
		</str>
		<str name="restartMessage" translate="yes">
			<val>Du rekommenderas att starta om datorn.</val>
		</str>
		
		<str name="connecting" translate="yes">
			<val>Ansluter...</val>
		</str>
		
	</set>	
	
	
	<set name="isoToLanguage">
		<str name="ar_AE" translate="no"><val>العربية</val></str>
		<str name="en_GB" translate="no"><val>English (International)</val></str> 
		<str name="fr_CA" translate="no"><val>Français canadien</val></str>
		<str name="es_QM" translate="no"><val>Español (Middle East)</val></str>
		<str name="es_LA" translate="no"><val>Español de América Latina</val></str>
		<str name="es_NA" translate="no"><val>Español Norteamericano</val></str>
		<str name="bg_BG" translate="no"><val>Български</val></str>
		<str name="lv_LV" translate="no"><val>Latviešu</val></str>
		<str name="et_EE" translate="no"><val>Eesti</val></str>
		<str name="hr_HR" translate="no"><val>hrvatski</val></str>
		<str name="sl_SI" translate="no"><val>slovenščina</val></str>
		<str name="sk_SK" translate="no"><val>slovenčina</val></str>
		<str name="th_TH" translate="no"><val>ภาษาไทย</val></str> 
		<str name="vi_VN" translate="no"><val>Việt</val></str>
		<str name="en_XC" translate="no"><val>English (Central Europe)</val></str> 
		<str name="en_XM" translate="no"><val>English (Middle East)</val></str>
		<str name="fr_XM" translate="no"><val>Français Oriental Moyen</val></str>
		<str name="sq_AL" translate="no"><val>Shqip</val></str> 
		<str name="ar_SA" translate="no"><val>العربية</val></str>
		<str name="be_BY" translate="no"><val>Беларуская</val></str> 
		<str name="ca_ES" translate="no"><val>Català</val></str> 
		<str name="hi_IN" translate="no"><val>हिन्दी</val></str>
		<str name="is_IS" translate="no"><val>Íslenska</val></str> 
		<str name="lt_LT" translate="no"><val>Lietuvių</val></str>
		<str name="mk_MK" translate="no"><val>македонски</val></str>
		<str name="nn_NO" translate="no"><val>Norsk (Nynorsk)</val></str>
		<str name="pt_PT" translate="no"><val>Português de Portugal</val></str> 
		<str name="sh_YU" translate="no"><val>Srpsko-Hrvatski</val></str> 
		<str name="sr_YU" translate="no"><val>Cрпски</val></str> 
		<str name="kk_KZ" translate="no"><val>Қазақ</val></str>
		<str name="az_AZ" translate="no"><val>Azərbaycan dili</val></str> 
		<str name="es_MX" translate="no"><val>Español (América Latina)</val></str>
		<str name="no_NO" translate="no"><val>Norwegian</val></str> 
		<str name="cs_CZ" translate="no"><val>Česky</val></str>
		<str name="de_DE" translate="no"><val>Deutsch</val></str>
		<str name="el_GR" translate="no"><val>Ελληνικά</val></str>
		<str name="en_US" translate="no"><val>English (North America)</val></str> 
		<str name="es_ES" translate="no"><val>Español</val></str> 
		<str name="fr_FR" translate="no"><val>Français</val></str>
		<str name="he_IL" translate="no"><val>עברית</val></str> 
		<str name="hu_HU" translate="no"><val>Magyar</val></str> 
		<str name="it_IT" translate="no"><val>Italiano</val></str>
		<str name="ja_JP" translate="no"><val>日本語</val></str>
		<str name="ko_KR" translate="no"><val>한국어</val></str>
		<str name="nl_NL" translate="no"><val>Nederlands</val></str>
		<str name="pl_PL" translate="no"><val>Polski</val></str>
		<str name="ro_RO" translate="no"><val>Română</val></str>
		<str name="ru_RU" translate="no"><val>Pусский</val></str>
		<str name="sv_SE" translate="no"><val>Svenska</val></str>
		<str name="tr_TR" translate="no"><val>Türkçe</val></str>
		<str name="uk_UA" translate="no"><val>Українська</val></str>
		<str name="zh_CN" translate="no"><val>简体中文</val></str>
		<str name="zh_TW" translate="no"><val>繁體中文</val></str>
		<str name="da_DK" translate="no"><val>Dansk</val></str>
		<str name="fi_FI" translate="no"><val>Suomi</val></str>
		<str name="nb_NO" translate="no"><val>Norsk (Bokmål)</val></str> 
		<str name="pt_BR" translate="no"><val>Português do Brasil</val></str>
	</set>	
</asf>
