<?xml version='1.0' encoding='utf-8'?>
<!DOCTYPE asf SYSTEM "http://ns.adobe.com/asf/asf_1_0.dtd" >
<asf xmlns="http://ns.adobe.com/asf" locale="pl_PL" version="1.0">
	<set name="OptInLegalscreen">
	
		<str name="title" translate="yes">
			<val>Zgoda na uczestnictwo</val>
		</str>
		<str name="info" translate="yes">
			<val>Zezwalaj firmie Adobe na gromadzenie informacji o powodzeniu bądź niepowodzeniu instalowania aktualizacji. Informacje te będą gromadzone i wykorzystywane zgodnie z {0}Zasadami ochrony prywatności firmy Adobe{1} w celu poprawy stabilności tego procesu. Można w dowolnej chwili zrezygnować z udostępniania tych informacji w sekcji Preferencje.</val>
		</str>
		<str name="privacylink" translate="yes">
			<val>http://www.adobe.com/go/privacy_pl</val>
		</str>			
		<str name="no" translate="yes">
			<val>Nie</val>
		</str>			
		<str name="yes" translate="yes">
			<val>Tak</val>
		</str>			
	</set>
	<set name="Launch">
		<str name="title" translate="yes">
			<val>Aktualizacje</val>
		</str>
		<str name="checking" translate="yes">
			<val>Sprawdzanie aktualizacji...</val>
		</str>
	</set>
	<set name="Home">
		<str name="AAM" translate="yes">
			<val>Adobe Application Manager</val>
		</str>
		<str name="title" translate="yes">
			<val>Aktualizacje</val>
		</str>
		<str name="uptodate" translate="yes">
			<val>Twoje aplikacje są aktualne, co zostało sprawdzone {0}</val>
		</str>
		<str name="uptodateNoTime" translate="yes">
			<val>Wszystkie aplikacje mają aktualną wersję.</val>
		</str>
		<str name="lessthanminute" translate="yes">
			<val>mniej niż minutę temu.</val>
		</str>
		<str name="minutes" translate="yes">
			<val>{0} min temu.</val>
		</str>					
		<str name="hours" translate="yes">
			<val>{0} godz. i {0} min temu.</val>
		</str>					
		<str name="days" translate="yes">
			<val>{0}.</val>
		</str>
		<str name="prefs" translate="yes">
			<val>Preferencje</val>
		</str>
		<str name="about" translate="yes">
			<val>Informacje</val>
		</str>
	</set>
	
	<set name="Updates1">
		<str name="title" translate="yes">
			<val>Aktualizacje</val>
		</str>
		<str name="lessthanminute" translate="yes">
			<val>mniej niż minutę temu.</val>
		</str>
		<str name="minutes" translate="yes">
			<val>{0} min temu.</val>
		</str>					
		<str name="hours" translate="yes">
			<val>{0} godz. temu.</val>
		</str>
		<str name="hoursandmins" translate="yes">
			<val>{0} godz. i {1} min temu.</val>
		</str>
		<str name="hoursandonemins" translate="yes">
			<val>{0} godz. i {1} min temu.</val>
		</str>						
		<str name="days" translate="yes">
			<val>{0} d. temu.</val>
		</str>
		<str name="Oneminutes" translate="yes">
			<val>{0} min temu.</val>
		</str>					
		<str name="Onehours" translate="yes">
			<val>{0} godz. temu.</val>
		</str>
		<str name="Onehoursandmins" translate="yes">
			<val>{0} godz. i {1} min temu.</val>
		</str>
		<str name="Onehoursandonemins" translate="yes">
			<val>{0} godz. i {1} min temu.</val>
		</str>	
						
		<str name="Onedays" translate="yes">
			<val>{0} d. temu.</val>
		</str>
		<str name="prefs" translate="yes">
			<val>Preferencje</val>
		</str>
		<str name="about" translate="yes">
			<val>Informacje</val>
		</str>
		<str name="share" translate="yes">
			<val>Współużytkuje miejsce na dysku z:</val>
		</str>
		<str name="dlsize" translate="yes">
			<val>Całkowity rozmiar aktualizacji: {0}</val>
		</str>
		<str name="avail" translate="yes">
			<val>Dostępne miejsce: {0}</val>
		</str>
		<str name="last" translate="yes">
			<val>Ostatnia kontrola aktualizacji: {0}</val>
		</str>
		<str name="refresh" translate="yes">
			<val>Sprawdź najnowsze aktualizacje</val>
		</str>
		<str name="install" translate="yes">
			<val>Aktualizuj</val>
		</str>
		<str name="checking" translate="yes">
			<val>Sprawdzanie aktualizacji...</val>
		</str>
		<str name="clickupdate" translate="yes">
			<val>Kliknij nazwę aktualizacji i dowiedz się więcej</val>
		</str>
		<str name="insuffDiskHover" translate="yes">
			<val>Brak wystarczającej ilości wolnego miejsca na dysku, aby można było ukończyć aktualizację.</val>
		</str>
		<str name="restart" translate="yes">
			<val>Wymagane ponowne uruchomienie komputera</val>
		</str>
	</set>
	
	<set name="DownloadProgress">
		<str name="title" translate="yes">
			<val>Postęp aktualizacji</val>
		</str>
		<str name="initialize" translate="yes">
			<val>Uruchamianie...</val>
		</str>
		<str name="currUpdate" translate="yes">
			<val>Trwa pobieranie...</val>
		</str>
		<str name="onlyPercentage" translate="yes">
			<val>(ukończono {0}%)</val>
		</str>
		<str name="complete" translate="yes">
			<val>Ukończono {0}%</val>
		</str>
		<str name="total" translate="yes">
			<val>Pozostało około {0} min ({1})</val>
		</str>
		<str name="totalMinutes" translate="yes">
			<val>Pozostało około {0} min ({1})</val>
		</str>
		<str name="totalOneMinute" translate="yes">
			<val>Pozostało około {0} min ({1})</val>
		</str>
		<str name="totalSec" translate="yes">
			<val>Pozostało około {0} s ({1})</val>
		</str>
		<str name="totalSeconds" translate="yes">
			<val>Pozostało około {0} s ({1})</val>
		</str>
		<str name="totalOneSecond" translate="yes">
			<val>Pozostało około {0} s ({1})</val>
		</str>
		<str name="totalHr" translate="yes">
			<val>Pozostało około {0} godz. ({1})</val>
		</str>
		<str name="totalHours" translate="yes">
			<val>Pozostało około {0} godz. ({1})</val>
		</str>
		<str name="totalOneHour" translate="yes">
			<val>Pozostało około {0} godz. ({1})</val>
		</str>
		<str name="sure" translate="yes">
			<val>Czy na pewno chcesz anulować aktualizację?</val>
		</str>
		<str name="cancel" translate="yes">
			<val>Anuluj</val>
		</str>
		<str name="yes" translate="yes">
			<val>Tak</val>
		</str>
		<str name="no" translate="yes">
			<val>Nie</val>
		</str>
	</set>
	
	<set name="AuthProxy">
			<str name="title" translate="yes">
				<val>Hasło serwera proxy</val>
			</str>
			<str name="instruct" translate="yes">
				<val>Podaj nazwę użytkownika i hasło serwera proxy</val>
			</str>
			<str name="username" translate="yes">
				<val>Nazwa użytkownika</val>
			</str>
			<str name="password" translate="yes">
				<val>Hasło</val>
			</str>
			<str name="remember" translate="yes">
				<val>Zapamiętaj mnie</val>
			</str>
			<str name="cancel" translate="yes">
				<val>Anuluj</val>
			</str>
			<str name="continue" translate="yes">
				<val>Kontynuuj</val>
			</str>
			<str name="fail" translate="yes">
				<val>Nie można uwierzytelnić użytkownika. Sprawdź nazwę użytkownika i hasło, a następnie ponów próbę.</val>
			</str>
		</set>
	<set name="UpdateProgress">
		<str name="title" translate="yes">
			<val>Postęp aktualizacji</val>
		</str>
		<str name="currUpdate" translate="yes">
			<val>Obecnie trwa aktualizowanie produktu {0}...</val>
		</str>
		<str name="currUpdateNoProduct" translate="yes">
			<val>Obecnie trwa aktualizowanie...</val>
		</str>
		<str name="complete" translate="yes">
			<val>Ukończono {0}%</val>
		</str>
		<str name="total" translate="yes">
			<val>Pozostało około {0} min ({1})</val>
		</str>
		<str name="totalSec" translate="yes">
			<val>Pozostało około {0} s ({1})</val>
		</str>
		<str name="totalHr" translate="yes">
			<val>Pozostało około {0} godz. ({1})</val>
		</str>
		<str name="sure" translate="yes">
			<val>Czy na pewno chcesz anulować aktualizację?</val>
		</str>
		<str name="cancel" translate="yes">
			<val>Anuluj</val>
		</str>
		<str name="yes" translate="yes">
			<val>Tak</val>
		</str>
		<str name="no" translate="yes">
			<val>Nie</val>
		</str>
	</set>	
	
	<set name="Scrim">
		<str name="close" translate="yes">
			<val>Aby kontynuować, zamknij następujące aplikacje.</val>
		</str>
		<str name="cancel" translate="yes">
			<val>Anuluj</val>
		</str>
		<str name="quit" translate="yes">
			<val>Zakończ</val>
		</str>
		<str name="msgforquit" translate="yes">
			<val>Czy na pewno chcesz zakończyć?</val>
		</str>
		<str name="back" translate="yes">
			<val>Wstecz</val>
		</str>
		<str name="tryagain" translate="yes">
			<val>Ponów próbę</val>
		</str>
		<str name="continue" translate="yes">
			<val>Kontynuuj</val>
		</str>
		<str name="servererror" translate="yes">
			<val>Serwer aktualizacji nie odpowiada. Może być tymczasowo w trybie offline albo ustawienia internetowe lub ustawienia zapory są nieprawidłowe.</val>
		</str>
		<str name="NotEnoughDiskSpaceError" translate="yes">
			<val>Za mało miejsca na dysku, aby pobrać to uaktualnienie. Zwolnij miejsce i spróbuj ponownie.</val>
		</str>
		<str name="NoWritePermissionError" translate="yes">
			<val>Podczas pobierania tej aktualizacji wystąpił błąd. Włącz uprawnienia do zapisu w lokalizacji „{0}” (z uwzględnieniem podfolderów i plików) i ponów próbę.</val>
		</str>
		<str name="CFUNoWritePermissionError" translate="yes">
			<val>Nie można zapisać w następującej lokalizacji: „{0}”. Włącz uprawnienia do zapisu w tej lokalizacji i ponów próbę.</val>
		</str>
	</set>
	<set name="DonewithErrors">
		<str name="title" translate="yes">
			<val>Aktualizacja zakończona</val>
		</str>
		<str name="patchsuccessRestart" translate="yes">
			<val>Aktualizacja została pomyślnie zainstalowana. Uruchom ponownie system.</val>
		</str>
		<str name="patchsuccessRestartWithAppName" translate="yes">
			<val>Produkt {0} został pomyślnie zaktualizowany i jest gotowy do użycia. Uruchom ponownie system.</val>
		</str>
		<str name="patchsuccess" translate="yes">
			<val>Aktualizacja została pomyślnie zainstalowana.</val>
		</str>
		<str name="patchsuccessWithAppName" translate="yes">
			<val>Produkt {0} został pomyślnie zaktualizowany i jest gotowy do użycia.</val>
		</str>
		<str name="successNoRestart" translate="yes">
			<val>Pomyślnie zaktualizowano następujące aplikacje.</val>
		</str>
		<str name="successRestart" translate="yes">
			<val>Pomyślnie zaktualizowano następujące aplikacje. Niektóre z nich mogą zalecać ponowne uruchomienie komputera.</val>
		</str>
		<str name="failPartial" translate="yes">
			<val>Nie udało się pomyślnie zaktualizować niektórych składników następujących produktów.</val>
		</str>
		<str name="log" translate="yes">
			<val>W identyfikacji problemu może pomóc plik {0}dziennika błędów{1}. Po zapoznaniu się z nim spróbuj wykonać aktualizację ponownie. {2}</val>	
		</str>	
		<str name="custsupport" translate="yes">
			<val>Jeśli problem będzie nadal występował, skontaktuj się z {0}obsługą klienta{1}, aby uzyskać dalszą pomoc.</val>
		</str>
		<str name="supportlink" translate="yes">
			<val>http://www.adobe.com/go/customer_support_pl</val>
		</str>
		<str name="piracylink" translate="yes">
			<val>http://www.adobe.com/go/reportpiracy_pl</val>
		</str>
		<str name="errorString" translate="yes">
			<val>{0} {1}</val>
		</str>
		<str name="errorCodeString" translate="yes">
			<val>Kod błędu: {0}</val>
		</str>
		<str name="close" translate="yes">
			<val>Zamknij</val>
		</str>
		<str name="patchSuccessRestart" translate="yes">
			<val>Produkt {0} został pomyślnie zaktualizowany i jest gotowy do użycia. Uruchom ponownie system.</val>
		</str>
		<str name="patchSuccessNoRestart" translate="yes">
			<val>Aktualizacja została pomyślnie zainstalowana. Uruchom ponownie system.</val>
		</str>
	</set>
	<set name="Fail">
		<str name="title" translate="yes">
			<val>Niepowodzenie aktualizacji</val>
		</str>
		<str name="warn" translate="yes">
			<val>Nie udało się zastosować aktualizacji</val>
		</str>
		<str name="selfupdateErrorHeader" translate="yes">
			<val>Nie udało się zaktualizować programu Adobe Application Manager</val>
		</str>
		<str name="selfupdateErrorMessage" translate="yes">
			<val>Przed zastosowaniem jakichkolwiek kolejnych aktualizacji konieczne jest zaktualizowanie programu Adobe Application Manager.
{0}Pobierz{1} i zainstaluj najnowszą wersję programu Adobe Application Manager dostępną w lokalizacji {2}</val>
		</str>
		<str name="AAMDownloadLink" translate="yes">
			<val>http://www.adobe.com/go/applicationmanager_pl</val>	
		</str>
		<str name="log" translate="yes">
			<val>W identyfikacji problemu może pomóc plik {0}dziennika błędów{1}. Po zapoznaniu się z nim spróbuj wykonać aktualizację ponownie. {2}</val>	
		</str>
		<str name="custsupport" translate="yes">
			<val>Jeśli problem będzie nadal występował, skontaktuj się z {0}Obsługą klienta{1}, aby uzyskać dalszą pomoc.</val>
		</str>
		<str name="supportlink" translate="yes">
			<val>http://www.adobe.com/go/customer_support_pl</val>
		</str>
		<str name="HttpStatusError" translate="yes">
			<val>Wystąpiły błędy podczas pobierania. Spróbuj ponownie później.</val>
		</str>
		<str name="FileSizeMismatchError" translate="yes">
			<val>Podczas pobierania tej aktualizacji wystąpił błąd. Zakończ i ponów próbę później.</val>
		</str>
		<str name="RIBSSetupAlreadyInUse" translate="yes">
			<val>Program Adobe Application Manager jest już uruchomiony. Przed zastosowaniem aktualizacji zamknij wszystkie jego instancje.</val>
		</str>
		<str name="genericInstall" translate="yes">
			<val>Podczas instalowania tej aktualizacji wystąpił błąd. Zakończ i ponów próbę później.</val>
		</str>
		<str name="NoApplicableUpdates" translate="yes">
			<val>Nie można zastosować aktualizacji.</val>
		</str>
		<str name="code6" translate="yes">
			<val>Podczas instalacji wystąpiły błędy.</val>
		</str>
		<str name="code7" translate="yes">
			<val>Instalacja zakończona niepowodzeniem.</val>
		</str>
		<str name="code27" translate="yes">
			<val>Produktów dostosowanych nie można aktualizować za pomocą programu Adobe Application Manager. Aby uzyskać więcej informacji, skontaktuj się z administratorem firmy Sassafras.</val>
		</str>
		<str name="generic" translate="yes">
			<val>Wystąpił błąd podczas aktualizacji. Zakończ i spróbuj ponownie później.</val>
		</str>
		<str name="InstallFailRebootRequired" translate="yes">
			<val>Instalacja nie powiodła się. W ukończeniu instalacji tego uaktualnienia może pomóc ponowne uruchomienie komputera.</val>
		</str>
		<str name="errorString" translate="yes">
			<val>{0} {1}</val>
		</str>
		<str name="errorCodeString" translate="yes">
			<val>Kod błędu: {0}</val>
		</str>
		<str name="close" translate="yes">
			<val>Zamknij</val>
		</str>
		<str name="aamDamaged" translate="yes">
			<val>Program Adobe Application Manager może być uszkodzony. Pobierz i zainstaluj nową kopię programu {0}Adobe Application Manager{1}.</val>
		</str>
	</set>
	<set name="prefs">
		<str name="title" translate="yes">
			<val>Preferencje</val>
		</str>
		<str name="ok" translate="yes">
			<val>OK</val>
		</str>		
		<str name="cancel" translate="yes">
			<val>Anuluj</val>
		</str>		
		<str name="choose" translate="yes">
			<val>Wyświetl aktualizacje tylko dla następujących produktów:</val>
		</str>
		<str name="info" translate="yes">
			<val>Zezwala firmie Adobe na gromadzenie informacji o instalowaniu aktualizacji w celu poprawy stabilności tego procesu.
Informacje te będą wykorzystywane zgodnie z Zasadami ochrony prywatności firmy Adobe (http://www.adobe.com/go/privacy_pl).</val>
		</str>
		<str name="notify" translate="yes">
			<val>Informuj mnie o nowych aktualizacjach na pasku menu</val>
		</str>
		<str name="allowInfo" translate="yes">
			<val>Zezwalaj firmie Adobe na sprawdzanie stanu aktualizacji przez wysyłanie informacji o stanie niepowodzenia.</val>
		</str>
	</set>
	<set name="About">
		<str name="title" translate="yes">
			<val>Informacje o programie Adobe Application Manager</val>
		</str>
		<str name="close" translate="yes">
			<val>Zamknij</val>
		</str>
	</set>
	<set name="options">
		<str name="decimalSeparator" translate="yes">
			<val>,</val>
		</str>
		<str name="GB" translate="yes">
			<val>GB</val>
		</str>
		<str name="MB" translate="yes">
			<val>MB</val>
		</str>
		<str name="KB" translate="yes">
			<val>KB</val>
		</str>
	</set>
	
	
	
	
	<set name="errors">
		<str name="manifestMissing" translate="yes">
			<val>Aktualizacja, którą próbujesz zainstalować, jest prawdopodobnie uszkodzona. Pobierz ponownie tę poprawkę, a następnie ją zainstaluj.</val>
		</str>
		<str name="AdminRequiredForInstallError" translate="yes">
			<val>Do aktualizacji niezbędne są uprawnienia administratora.</val>
		</str>
		<str name="InstallerSubsystemLaunchCancelledByUser" translate="yes">
			<val>Anulowano autoryzację.</val>
		</str>
		<str name="NoApplicableUpdates" translate="yes">
			<val>Nie można zastosować aktualizacji.</val>
		</str>
		<str name="NoApplicableUpdatesInPatchMode" translate="yes">
			<val>Ta poprawka nie ma zastosowania do Twojego produktu. Sprawdź aktualizacje w menu Pomoc swojego produktu, aby wyświetlić listę najnowszych dostępnych aktualizacji.</val>
		</str>
		<str name="UpdaterSuppressed" translate="yes">
			<val>Aktualizacje są wyłączone.</val>
		</str>
		<str name="NoNetworkConnection" translate="yes">
			<val>Serwer aktualizacji nie odpowiada. Przyczyną może być czasowa niedostępność serwera lub nieprawidłowo ustawione opcje internetowe albo zapora. Ponów próbę później.</val>
		</str>
		<str name="ConflictingProcesses" translate="yes">
			<val>Uruchomione są inne procesy, które kolidują z instalacją aktualizacji. Zamknij je i ponów próbę.</val>
		</str>
		<str name="AnotherUpdateRunningTitle" translate="yes">
			<val>Za chwilę aktualizacje zostaną automatycznie zainstalowane</val>
		</str>
		<str name="AnotherUpdateRunningMessage" translate="yes">
			<val>Trwa oczekiwanie na zakończenie aktualizacji przez inną instancję programu Adobe Application Manager...</val>
		</str>
		<str name="NeedsRebootError" translate="yes">
			<val>Aby zakończyć instalację tego uaktualnienia, uruchom ponownie komputer.</val>
		</str>
		<str name="RebootTryAgainError" translate="yes">
			<val>Aby zastosować aktualizacje, należy ponownie uruchomić komputer.</val>
		</str>
		<str name="SelfUpdateError" translate="yes">
			<val>Podczas instalacji wystąpił błąd wewnętrzny.</val>
		</str>
		<str name="genericDownload" translate="yes">
			<val>Wystąpił błąd podczas pobierania tego uaktualnienia. Zakończ i spróbuj ponownie później.</val>
		</str>
		<str name="genericInstall" translate="yes">
			<val>Wystąpił błąd podczas instalacji tego uaktualnienia. Zakończ i spróbuj ponownie później.</val>
		</str>
		<str name="generic" translate="yes">
			<val>Wystąpił błąd podczas aktualizacji. Zakończ i spróbuj ponownie później.</val>
		</str>
		<str name="InvalidWebfeedError" translate="yes">
			<val>Serwer aktualizacji nie odpowiada. Przyczyną może być czasowa niedostępność serwera lub nieprawidłowo ustawione opcje internetowe albo zapora. Ponów próbę później.</val>
		</str>
		<str name="NotEnoughDiskSpaceError" translate="yes">
			<val>Za mało miejsca na dysku, aby pobrać to uaktualnienie. Zwolnij miejsce i spróbuj ponownie.</val>
		</str>
		<str name="NoWritePermissionError" translate="yes">
			<val>Podczas pobierania tej aktualizacji wystąpił błąd. Włącz uprawnienia do zapisu i ponów próbę.</val>
		</str>
		<str name="FileSizeMismatchError" translate="yes">
			<val>Wystąpił błąd podczas pobierania tego uaktualnienia. Zakończ i spróbuj ponownie później.</val>
		</str>
		<str name="ExceedMaxPathLimitError" translate="yes">
			<val>Wystąpił problem podczas pobierania uaktualnień do lokalizacji określonej w Preferencjach. Zmień lokalizację pobierania i spróbuj ponownie później.</val>
		</str>
		<str name="MissingResourceError" translate="yes">
			<val>Wystąpił błąd podczas pobierania tego uaktualnienia. Zakończ i spróbuj ponownie później.</val>
		</str>
		<str name="HttpStatusError" translate="yes">
			<val>Wystąpiły błędy podczas pobierania. Spróbuj ponownie później.</val>
		</str>
		<str name="UnzipMountError" translate="yes">
			<val>Wystąpił błąd podczas instalacji tego uaktualnienia. Zakończ i spróbuj ponownie później.</val>
		</str>
		<str name="FailureToMoveError" translate="yes">
			<val>Wystąpił błąd podczas instalacji tego uaktualnienia. Zakończ i spróbuj ponownie później.</val>
		</str>
		<str name="ValidationFailureDownload" translate="yes">
			<val>Podczas pobierania tej aktualizacji wystąpił błąd. Zakończ i spróbuj ponownie później.</val>
		</str>
		<str name="ValidationFailureInstall" translate="yes">
			<val>Podczas instalacji tej aktualizacji wystąpił błąd. Zakończ i spróbuj ponownie później.</val>
		</str>
		<str name="InstallerAlreadyInUse" translate="yes">
			<val>Uruchomiony jest już inny program Updater. Spróbuj ponownie później.</val>
		</str>
		<str name="RIBSSetupAlreadyInUse" translate="yes">
			<val>Program Adobe Application Manager jest już uruchomiony. Aby kontynuować instalację, zamknij wszystkie instancje programu Adobe Application Manager.</val>
		</str>
		<str name="notApplicableMsg" translate="yes">
			<val>Nie można zastosować aktualizacji.</val>
		</str>
		<str name="suppressError" translate="yes">
			<val>Jeśli chcesz zastosować aktualizacje na swoim komputerze, skontaktuj się z administratorem. Aktualizacje zostały bowiem wstrzymane przez administratora.</val>
		</str>
		<str name="agvErrorWarning" translate="yes">
			<val>Niepowodzenie weryfikacji oryginalności oprogramowania Adobe</val>
		</str>
		<str name="agvErrorText" translate="yes">
			<val>Produkt, który próbujesz zaktualizować, nie jest oryginalnym oprogramowaniem Adobe i jest prawdopodobnie fałszywy. {0}Zgłoś przypadek piractwa{1} lub skontaktuj się z {2}Obsługą klienta{3} w celu uzyskania pomocy.</val>
		</str>
		<str name="msiError" translate="yes">
			<val>Obecnie jest uruchomiony inny program instalacyjny, który należy zamknąć przed rozpoczęciem instalacji tej aktualizacji. Zamknij inne programy instalacyjne.</val>
		</str>
		<str name="UacOffError" translate="yes">
			<val>Do zainstalowania tej poprawki mogą być potrzebne uprawnienia administratora. Zmień ustawienia Kontroli dostępu użytkownika w Panelu sterowania Windows i ponów próbę.</val>
		</str>
		<str name="InstallFailRebootRequired" translate="yes">
			<val>Instalacja nie powiodła się. W ukończeniu instalacji tego uaktualnienia może pomóc ponowne uruchomienie komputera.</val>
		</str>
	</set>
	<set name="installPBSErrorCode">
		<str name="code0" translate="yes">
			<val>Instalacja powiodła się.</val>
		</str>
		<str name="code6" translate="yes">
			<val>Gotowe. Wystąpiły błędy.</val>
		</str>
		<str name="code7" translate="yes">
			<val>Instalacja nie powiodła się.</val>
		</str>
		<str name="code8" translate="yes">
			<val>Gotowe. Aby zakończyć obieg pracy, należy ponownie uruchomić system.</val>
		</str>
		<str name="code11" translate="yes">
			<val>Jest już uruchomiony inny proces wdrażania.</val>
		</str>
		<str name="code14" translate="yes">
			<val>Aby kontynuować, musisz zalogować się jako administrator.</val>
		</str>
		<str name="code19" translate="yes">
			<val>Uruchomiono procesy, które ze sobą kolidują.</val>
		</str>
		<str name="code24" translate="yes">
			<val>Instalacja anulowana.</val>
		</str>
		<str name="code27" translate="yes">
			<val>Produktów dostosowanych nie można aktualizować za pomocą programu Adobe Application Manager. Aby uzyskać więcej informacji, skontaktuj się z administratorem firmy Sassafras.</val>
		</str>
		<str name="code29Single" translate="yes">
			<val>Produkt {0} został przeniesiony lub nieprawidłowo usunięty. Uruchom tę aplikację lub zainstaluj ją jeszcze raz, aby zaktualizować jej lokalizację, a następnie spróbuj ponownie. Aby usunąć produkt z systemu, odinstaluj go, wykorzystując w tym celu aliasy znajdujące się w katalogu: „/Applications/Utilities/Adobe Installers”.</val>
		</str>
		<str name="code29Many" translate="yes">
			<val>Jeden z następujących produktów został przeniesiony lub nieprawidłowo usunięty: {0}. Uruchom te aplikacje lub zainstaluj je na nowo, aby zaktualizować ich lokalizację, i spróbuj ponownie. Aby usunąć produkt z systemu, odinstaluj go, wykorzystując w tym celu aliasy znajdujące się w katalogu: „/Applications/Utilities/Adobe Installers”.</val>
		</str>
		<str name="code30" translate="yes">
			<val>Za mało miejsca na dysku do ukończenia instalacji.</val>
		</str>
		<str name="code31" translate="yes">
			<val>Za mało miejsca na dysku do ukończenia instalacji.</val>
		</str>
		<str name="code32" translate="yes">
			<val>Nie można zastosować aktualizacji.</val>
		</str>
		<str name="code28" translate="yes">
			<val>Nie można zastosować aktualizacji.</val>
		</str>
		<str name="code36" translate="yes">
			<val>Obecnie jest uruchomiony inny program instalacyjny, który należy zamknąć przed rozpoczęciem instalacji tej aktualizacji. Zamknij inne programy instalacyjne.</val>
		</str>

	</set>	
	<set name="alert">
		<str name="workflowNeedCloseMessage" translate="yes">
			<val>Inne instancje programu Adobe Application Manager są już uruchomione i należy je zamknąć, aby kontynuować. Czy chcesz je zamknąć i kontynuować instalację?</val>
		</str>
		<str name="title" translate="yes">
			<val>Alert</val>
		</str>
		<str name="cancelUpdate" translate="yes">
			<val>Anuluj aktualizację</val>
		</str>
	</set>
	
</asf>	
