<?xml version='1.0' encoding='utf-8'?>
<!DOCTYPE asf SYSTEM "http://ns.adobe.com/asf/asf_1_0.dtd" >
<asf xmlns="http://ns.adobe.com/asf" locale="sv_SE" version="1.0">
	<set name="OptInLegalscreen">
	
		<str name="title" translate="yes">
			<val>Delta</val>
		</str>
		<str name="info" translate="yes">
			<val>Tillåt att Adobe samlar in information om uppdateringsresultatet. Den här informationen samlas in och används i enlighet med {0}Adobes sekretesspolicy{1} i syfte att förbättra tillförlitligheten i samband med uppdateringar. Du kan när du vill inaktivera den här informationsrapporteringen i programmets inställningar.</val>
		</str>
		<str name="privacylink" translate="yes">
			<val>http://www.adobe.com/go/privacy_se</val>
		</str>			
		<str name="no" translate="yes">
			<val>Nej</val>
		</str>			
		<str name="yes" translate="yes">
			<val>Ja</val>
		</str>			
	</set>
	<set name="Launch">
		<str name="title" translate="yes">
			<val>Uppdateringar</val>
		</str>
		<str name="checking" translate="yes">
			<val>Söker efter uppdateringar...</val>
		</str>
	</set>
	<set name="Home">
		<str name="AAM" translate="yes">
			<val>Adobe Application Manager</val>
		</str>
		<str name="title" translate="yes">
			<val>Uppdateringar</val>
		</str>
		<str name="uptodate" translate="yes">
			<val>Programmen är uppdaterade. Kontrollen kördes: {0}</val>
		</str>
		<str name="uptodateNoTime" translate="yes">
			<val>Alla program har de senaste uppdateringarna.</val>
		</str>
		<str name="lessthanminute" translate="yes">
			<val>för mindre än en minut sedan.</val>
		</str>
		<str name="minutes" translate="yes">
			<val>för {0} minut(er) sedan.</val>
		</str>					
		<str name="hours" translate="yes">
			<val>för {0} timma(r) och {0} minuter sedan.</val>
		</str>					
		<str name="days" translate="yes">
			<val>{0}.</val>
		</str>
		<str name="prefs" translate="yes">
			<val>Inställningar</val>
		</str>
		<str name="about" translate="yes">
			<val>Om</val>
		</str>
	</set>
	
	<set name="Updates1">
		<str name="title" translate="yes">
			<val>Uppdateringar</val>
		</str>
		<str name="lessthanminute" translate="yes">
			<val>för mindre än en minut sedan.</val>
		</str>
		<str name="minutes" translate="yes">
			<val>{0} min. sedan.</val>
		</str>					
		<str name="hours" translate="yes">
			<val>{0} tim. sedan.</val>
		</str>
		<str name="hoursandmins" translate="yes">
			<val>{0} tim. och {1} min. sedan.</val>
		</str>
		<str name="hoursandonemins" translate="yes">
			<val>{0} tim. och {1} min. sedan.</val>
		</str>						
		<str name="days" translate="yes">
			<val>{0} dagar sedan.</val>
		</str>
		<str name="Oneminutes" translate="yes">
			<val>{0} min. sedan.</val>
		</str>					
		<str name="Onehours" translate="yes">
			<val>{0} tim. sedan.</val>
		</str>
		<str name="Onehoursandmins" translate="yes">
			<val>{0} tim. och {1} min. sedan.</val>
		</str>
		<str name="Onehoursandonemins" translate="yes">
			<val>{0} tim. och {1} min. sedan.</val>
		</str>	
						
		<str name="Onedays" translate="yes">
			<val>{0} dag sedan.</val>
		</str>
		<str name="prefs" translate="yes">
			<val>Inställningar</val>
		</str>
		<str name="about" translate="yes">
			<val>Om</val>
		</str>
		<str name="share" translate="yes">
			<val>Delar med:</val>
		</str>
		<str name="dlsize" translate="yes">
			<val>Sammanlagd uppdateringsstorlek: {0}</val>
		</str>
		<str name="avail" translate="yes">
			<val>{0} tillgängligt</val>
		</str>
		<str name="last" translate="yes">
			<val>Senaste uppdateringskontrollen: {0}</val>
		</str>
		<str name="refresh" translate="yes">
			<val>Sök efter nya uppdateringar</val>
		</str>
		<str name="install" translate="yes">
			<val>Uppdatera</val>
		</str>
		<str name="checking" translate="yes">
			<val>Söker efter uppdateringar...</val>
		</str>
		<str name="clickupdate" translate="yes">
			<val>Klicka på namnet på en uppdatering om du vill veta mer</val>
		</str>
		<str name="insuffDiskHover" translate="yes">
			<val>Det går inte att slutföra uppdateringen på grund av otillräckligt diskutrymme.</val>
		</str>
		<str name="restart" translate="yes">
			<val>Systemomstart krävs</val>
		</str>
	</set>
	
	<set name="DownloadProgress">
		<str name="title" translate="yes">
			<val>Uppdateringsförlopp</val>
		</str>
		<str name="initialize" translate="yes">
			<val>Initierar...</val>
		</str>
		<str name="currUpdate" translate="yes">
			<val>Hämtar…</val>
		</str>
		<str name="onlyPercentage" translate="yes">
			<val>({0} % klart)</val>
		</str>
		<str name="complete" translate="yes">
			<val>{0} % klart</val>
		</str>
		<str name="total" translate="yes">
			<val>Ungefär {0} minut(er) återstår ({1})</val>
		</str>
		<str name="totalMinutes" translate="yes">
			<val>Ungefär {0} min. återstår ({1})</val>
		</str>
		<str name="totalOneMinute" translate="yes">
			<val>Ungefär {0} min. återstår ({1})</val>
		</str>
		<str name="totalSec" translate="yes">
			<val>Ungefär {0} sekund(er) återstår ({1})</val>
		</str>
		<str name="totalSeconds" translate="yes">
			<val>Ungefär {0} sek. återstår ({1})</val>
		</str>
		<str name="totalOneSecond" translate="yes">
			<val>Ungefär {0} sek. återstår ({1})</val>
		</str>
		<str name="totalHr" translate="yes">
			<val>Ungefär {0} timma(r) återstår ({1})</val>
		</str>
		<str name="totalHours" translate="yes">
			<val>Ungefär {0} tim. återstår ({1})</val>
		</str>
		<str name="totalOneHour" translate="yes">
			<val>Ungefär {0} tim. återstår ({1})</val>
		</str>
		<str name="sure" translate="yes">
			<val>Vill du avbryta uppdateringen?</val>
		</str>
		<str name="cancel" translate="yes">
			<val>Avbryt</val>
		</str>
		<str name="yes" translate="yes">
			<val>Ja</val>
		</str>
		<str name="no" translate="yes">
			<val>Nej</val>
		</str>
	</set>
	
	<set name="AuthProxy">
			<str name="title" translate="yes">
				<val>Lösenord för proxyserver</val>
			</str>
			<str name="instruct" translate="yes">
				<val>Ange ditt användarnamn och lösenord för proxyservern</val>
			</str>
			<str name="username" translate="yes">
				<val>Användarnamn</val>
			</str>
			<str name="password" translate="yes">
				<val>Lösenord</val>
			</str>
			<str name="remember" translate="yes">
				<val>Kom ihåg mig</val>
			</str>
			<str name="cancel" translate="yes">
				<val>Avbryt</val>
			</str>
			<str name="continue" translate="yes">
				<val>Fortsätt</val>
			</str>
			<str name="fail" translate="yes">
				<val>Det gick inte att verifiera användaren. Kontrollera användarnamn och lösenord och försök igen.</val>
			</str>
		</set>
	<set name="UpdateProgress">
		<str name="title" translate="yes">
			<val>Uppdateringsförlopp</val>
		</str>
		<str name="currUpdate" translate="yes">
			<val>Uppdaterar {0}...</val>
		</str>
		<str name="currUpdateNoProduct" translate="yes">
			<val>Uppdaterar...</val>
		</str>
		<str name="complete" translate="yes">
			<val>{0} % klart</val>
		</str>
		<str name="total" translate="yes">
			<val>Ungefär {0} minut(er) återstår ({1})</val>
		</str>
		<str name="totalSec" translate="yes">
			<val>Ungefär {0} sekund(er) återstår ({1})</val>
		</str>
		<str name="totalHr" translate="yes">
			<val>Ungefär {0} timma(r) återstår ({1})</val>
		</str>
		<str name="sure" translate="yes">
			<val>Vill du avbryta uppdateringen?</val>
		</str>
		<str name="cancel" translate="yes">
			<val>Avbryt</val>
		</str>
		<str name="yes" translate="yes">
			<val>Ja</val>
		</str>
		<str name="no" translate="yes">
			<val>Nej</val>
		</str>
	</set>	
	
	<set name="Scrim">
		<str name="close" translate="yes">
			<val>Stäng följande program om du vill fortsätta.</val>
		</str>
		<str name="cancel" translate="yes">
			<val>Avbryt</val>
		</str>
		<str name="quit" translate="yes">
			<val>Avsluta</val>
		</str>
		<str name="msgforquit" translate="yes">
			<val>Vill du avbryta?</val>
		</str>
		<str name="back" translate="yes">
			<val>Bakåt</val>
		</str>
		<str name="tryagain" translate="yes">
			<val>Försök igen</val>
		</str>
		<str name="continue" translate="yes">
			<val>Fortsätt</val>
		</str>
		<str name="servererror" translate="yes">
			<val>Uppdateringsservern svarar inte. Detta kan bero på att servern tillfälligt är offline eller att Internet- eller brandväggsinställningarna är fel.</val>
		</str>
		<str name="NotEnoughDiskSpaceError" translate="yes">
			<val>Det finns inte tillräckligt med hårddiskutrymme för att hämta den här uppdateringen. Frigör utrymme och försök igen.</val>
		</str>
		<str name="NoWritePermissionError" translate="yes">
			<val>Ett fel inträffade när den här uppdateringen skulle hämtas. Ange skrivbehörighet till {0} (inklusive undermappar och filer) och försök igen.</val>
		</str>
		<str name="CFUNoWritePermissionError" translate="yes">
			<val>Det gick inte att skriva till platsen {0}. Tillhandahåll skrivbehörighet till den här platsen och försök igen.</val>
		</str>
	</set>
	<set name="DonewithErrors">
		<str name="title" translate="yes">
			<val>Uppdateringen är klar</val>
		</str>
		<str name="patchsuccessRestart" translate="yes">
			<val>Uppdateringen har installerats. Starta om systemet.</val>
		</str>
		<str name="patchsuccessRestartWithAppName" translate="yes">
			<val>{0} har uppdaterats och är klart att användas. Starta om systemet.</val>
		</str>
		<str name="patchsuccess" translate="yes">
			<val>Uppdateringen har installerats.</val>
		</str>
		<str name="patchsuccessWithAppName" translate="yes">
			<val>{0} har uppdaterats och är klart att användas.</val>
		</str>
		<str name="successNoRestart" translate="yes">
			<val>Följande program har uppdaterats.</val>
		</str>
		<str name="successRestart" translate="yes">
			<val>Följande program har uppdaterats. För vissa av dem rekommenderas en omstart av datorn innan du använder dem.</val>
		</str>
		<str name="failPartial" translate="yes">
			<val>Vissa komponenter i följande produkter kunde inte uppdateras.</val>
		</str>
		<str name="log" translate="yes">
			<val>{0}Felloggen{1} kan innehålla information som hjälper dig att identifiera problemet. Försök sedan uppdatera igen. {2}</val>	
		</str>	
		<str name="custsupport" translate="yes">
			<val>Kontakta {0}kundsupport{1} om problemet kvarstår.</val>
		</str>
		<str name="supportlink" translate="yes">
			<val>http://www.adobe.com/go/customer_support_se</val>
		</str>
		<str name="piracylink" translate="yes">
			<val>http://www.adobe.com/go/reportpiracy_se</val>
		</str>
		<str name="errorString" translate="yes">
			<val>{0} {1}</val>
		</str>
		<str name="errorCodeString" translate="yes">
			<val>Felkod: {0}</val>
		</str>
		<str name="close" translate="yes">
			<val>Stäng</val>
		</str>
		<str name="patchSuccessRestart" translate="yes">
			<val>{0} har uppdaterats och är klart att användas. Starta om datorn.</val>
		</str>
		<str name="patchSuccessNoRestart" translate="yes">
			<val>Uppdateringen har installerats. Starta om datorn.</val>
		</str>
	</set>
	<set name="Fail">
		<str name="title" translate="yes">
			<val>Uppdateringen misslyckades</val>
		</str>
		<str name="warn" translate="yes">
			<val>Det gick inte att tillämpa uppdateringarna</val>
		</str>
		<str name="selfupdateErrorHeader" translate="yes">
			<val>Det gick inte att uppdatera Adobe Application Manager</val>
		</str>
		<str name="selfupdateErrorMessage" translate="yes">
			<val>Adobe Application Manager måste uppdateras innan andra uppdateringar kan tillämpas.
{0}Hämta{1} och installera den senaste versionen av Adobe Application Manager från {2}</val>
		</str>
		<str name="AAMDownloadLink" translate="yes">
			<val>http://www.adobe.com/go/applicationmanager_se</val>	
		</str>
		<str name="log" translate="yes">
			<val>{0}Felloggen{1} kan innehålla information som hjälper dig att identifiera problemet. Försök sedan uppdatera igen. {2}</val>	
		</str>
		<str name="custsupport" translate="yes">
			<val>Kontakta {0}kundsupport{1} om problemet kvarstår.</val>
		</str>
		<str name="supportlink" translate="yes">
			<val>http://www.adobe.com/go/customer_support_se</val>
		</str>
		<str name="HttpStatusError" translate="yes">
			<val>Ett fel inträffade under hämtningen. Försök igen senare.</val>
		</str>
		<str name="FileSizeMismatchError" translate="yes">
			<val>Ett fel inträffade vid hämtningen av den här uppdateringen. Avbryt och försök igen senare.</val>
		</str>
		<str name="RIBSSetupAlreadyInUse" translate="yes">
			<val>Adobe Application Manager körs redan. Stäng alla instanser av Adobe Application Manager innan du tillämpar uppdateringarna.</val>
		</str>
		<str name="genericInstall" translate="yes">
			<val>Ett fel inträffade vid installationen av den här uppdateringen. Avbryt och försök igen senare.</val>
		</str>
		<str name="NoApplicableUpdates" translate="yes">
			<val>Uppdateringen kan inte tillämpas.</val>
		</str>
		<str name="code6" translate="yes">
			<val>Installationen slutfördes med fel.</val>
		</str>
		<str name="code7" translate="yes">
			<val>Installationen misslyckades.</val>
		</str>
		<str name="code27" translate="yes">
			<val>Uppdateringar kan inte installeras på angivna produkter med Adobe Application Manager. Kontakta din Sassafras-administratör för mer information.</val>
		</str>
		<str name="generic" translate="yes">
			<val>Ett fel inträffade vid uppdateringen. Avbryt och försök igen senare.</val>
		</str>
		<str name="InstallFailRebootRequired" translate="yes">
			<val>Installationen misslyckades. En omstart av datorn kanske kan behövas för att du ska kunna slutföra installationen av uppdateringen.</val>
		</str>
		<str name="errorString" translate="yes">
			<val>{0} {1}</val>
		</str>
		<str name="errorCodeString" translate="yes">
			<val>Felkod: {0}</val>
		</str>
		<str name="close" translate="yes">
			<val>Stäng</val>
		</str>
		<str name="aamDamaged" translate="yes">
			<val>Adobe Application Manager kanske är skadat. Hämta och installera ett nytt exemplar av {0}Adobe Application Manager{1}.</val>
		</str>
	</set>
	<set name="prefs">
		<str name="title" translate="yes">
			<val>Inställningar</val>
		</str>
		<str name="ok" translate="yes">
			<val>OK</val>
		</str>		
		<str name="cancel" translate="yes">
			<val>Avbryt</val>
		</str>		
		<str name="choose" translate="yes">
			<val>Visa endast uppdateringar för följande produkter:</val>
		</str>
		<str name="info" translate="yes">
			<val>Tillåter att Adobe samlar in installationsdata om uppdateringar för att förbättra tillförlitligheten i samband med uppdateringar. 
Informationen används i enlighet med Adobes sekretesspolicy (http://www.adobe.com/go/privacy_se).</val>
		</str>
		<str name="notify" translate="yes">
			<val>Meddela mig om nya uppdateringar på menyraden</val>
		</str>
		<str name="allowInfo" translate="yes">
			<val>Tillåt att Adobe kontrollerar uppdateringsresultatet genom att skicka felstatusen.</val>
		</str>
	</set>
	<set name="About">
		<str name="title" translate="yes">
			<val>Om Adobe Application Manager</val>
		</str>
		<str name="close" translate="yes">
			<val>Stäng</val>
		</str>
	</set>
	<set name="options">
		<str name="decimalSeparator" translate="yes">
			<val>,</val>
		</str>
		<str name="GB" translate="yes">
			<val>GB</val>
		</str>
		<str name="MB" translate="yes">
			<val>MB</val>
		</str>
		<str name="KB" translate="yes">
			<val>kB</val>
		</str>
	</set>
	
	
	
	
	<set name="errors">
		<str name="manifestMissing" translate="yes">
			<val>Uppdateringen du försöker installera verkar skadad. Hämta den här korrigeringen igen och installera den.</val>
		</str>
		<str name="AdminRequiredForInstallError" translate="yes">
			<val>Administratörsrättigheter krävs för uppdatering.</val>
		</str>
		<str name="InstallerSubsystemLaunchCancelledByUser" translate="yes">
			<val>Auktoriseringen avbröts.</val>
		</str>
		<str name="NoApplicableUpdates" translate="yes">
			<val>Uppdateringen är inte tillämplig.</val>
		</str>
		<str name="NoApplicableUpdatesInPatchMode" translate="yes">
			<val>Den här korrigeringen är inte tillämplig för dig. Sök efter uppdateringar via Hjälp-menyn i din produkt om du vill se en lista över de senaste uppdateringarna.</val>
		</str>
		<str name="UpdaterSuppressed" translate="yes">
			<val>Uppdateringar har inaktiverats.</val>
		</str>
		<str name="NoNetworkConnection" translate="yes">
			<val>Uppdateringsservern svarar inte. Servern kanske tillfälligt är offline, eller så är inställningarna för Internet eller brandväggen felaktiga. Försök igen senare.</val>
		</str>
		<str name="ConflictingProcesses" translate="yes">
			<val>Andra processer som körs är i konflikt med installationen av uppdateringen. Stäng dem och försök igen.</val>
		</str>
		<str name="AnotherUpdateRunningTitle" translate="yes">
			<val>Uppdateringarna återupptas automatiskt om en stund</val>
		</str>
		<str name="AnotherUpdateRunningMessage" translate="yes">
			<val>Väntar på att en annan instans av Adobe Application Manager ska slutföra uppdateringar...</val>
		</str>
		<str name="NeedsRebootError" translate="yes">
			<val>Starta om datorn för att slutföra installationen av den här uppdateringen.</val>
		</str>
		<str name="RebootTryAgainError" translate="yes">
			<val>Datorn måste startas om för att uppdateringarna ska tillämpas.</val>
		</str>
		<str name="SelfUpdateError" translate="yes">
			<val>Ett internt fel inträffade under installationen.</val>
		</str>
		<str name="genericDownload" translate="yes">
			<val>Ett fel inträffade vid hämtningen av den här uppdateringen. Avbryt och försök igen senare.</val>
		</str>
		<str name="genericInstall" translate="yes">
			<val>Ett fel inträffade vid installationen av den här uppdateringen. Avbryt och försök igen senare.</val>
		</str>
		<str name="generic" translate="yes">
			<val>Ett fel inträffade vid uppdateringen. Avbryt och försök igen senare.</val>
		</str>
		<str name="InvalidWebfeedError" translate="yes">
			<val>Uppdateringsservern svarar inte. Servern kanske tillfälligt är offline, eller så är inställningarna för Internet eller brandväggen felaktiga. Försök igen senare.</val>
		</str>
		<str name="NotEnoughDiskSpaceError" translate="yes">
			<val>Det finns inte tillräckligt med hårddiskutrymme för att hämta den här uppdateringen. Frigör utrymme och försök igen.</val>
		</str>
		<str name="NoWritePermissionError" translate="yes">
			<val>Ett fel inträffade vid hämtningen av den här uppdateringen. Ta bort skrivskyddet och försök igen senare.</val>
		</str>
		<str name="FileSizeMismatchError" translate="yes">
			<val>Ett fel inträffade vid hämtningen av den här uppdateringen. Avbryt och försök igen senare.</val>
		</str>
		<str name="ExceedMaxPathLimitError" translate="yes">
			<val>Ett problem uppstår vid hämtning av den här uppdateringen till den plats som är angiven i Inställningar. Ändra destinationen för hämtningen och försök senare.</val>
		</str>
		<str name="MissingResourceError" translate="yes">
			<val>Ett fel inträffade vid hämtningen av den här uppdateringen. Avbryt och försök igen senare.</val>
		</str>
		<str name="HttpStatusError" translate="yes">
			<val>Ett fel inträffade under hämtningen. Försök igen senare.</val>
		</str>
		<str name="UnzipMountError" translate="yes">
			<val>Ett fel inträffade vid installationen av den här uppdateringen. Avbryt och försök igen senare.</val>
		</str>
		<str name="FailureToMoveError" translate="yes">
			<val>Ett fel inträffade vid installationen av den här uppdateringen. Avbryt och försök igen senare.</val>
		</str>
		<str name="ValidationFailureDownload" translate="yes">
			<val>Ett fel inträffade vid hämtningen av den här uppdateringen. Avbryt och försök igen senare.</val>
		</str>
		<str name="ValidationFailureInstall" translate="yes">
			<val>Ett fel inträffade vid installationen av den här uppdateringen. Avbryt och försök igen senare.</val>
		</str>
		<str name="InstallerAlreadyInUse" translate="yes">
			<val>En annan instans av Updater körs. Försök igen senare.</val>
		</str>
		<str name="RIBSSetupAlreadyInUse" translate="yes">
			<val>Adobe Application Manager körs redan. Stäng alla instanser av Adobe Application Manager för att fortsätta med den här installationen.</val>
		</str>
		<str name="notApplicableMsg" translate="yes">
			<val>Uppdateringen är inte tillämplig.</val>
		</str>
		<str name="suppressError" translate="yes">
			<val>Kontakta din administratör om du vill installera uppdateringar på datorn. Uppdateringar har inaktiverats av administratören.</val>
		</str>
		<str name="agvErrorWarning" translate="yes">
			<val>Det gick inte att verifiera äkta Adobe-programvara</val>
		</str>
		<str name="agvErrorText" translate="yes">
			<val>Produkten du försöker uppdatera är inte äkta Adobe-programvara och kan vara falsk. {0}Rapportera piratkopia{1} eller kontakta {2}kundsupport{3} så får du hjälp.</val>
		</str>
		<str name="msiError" translate="yes">
			<val>Ett annat installationsprogram körs. Det måste stängas innan den här produkten kan uppdateras. Stäng andra installationsprogram.</val>
		</str>
		<str name="UacOffError" translate="yes">
			<val>Administratörsbehörighet kan behövas för att installera den här korrigeringen. Ändra dina User Access Control-inställningar på Kontrollpanelen och försök igen.</val>
		</str>
		<str name="InstallFailRebootRequired" translate="yes">
			<val>Installationen misslyckades. En omstart av datorn kanske kan behövas för att du ska kunna slutföra installationen av uppdateringen.</val>
		</str>
	</set>
	<set name="installPBSErrorCode">
		<str name="code0" translate="yes">
			<val>Installationen lyckades.</val>
		</str>
		<str name="code6" translate="yes">
			<val>Slutfört med fel.</val>
		</str>
		<str name="code7" translate="yes">
			<val>Installationen misslyckades.</val>
		</str>
		<str name="code8" translate="yes">
			<val>Klart. Du måste starta om systemet för att slutföra arbetsflödet.</val>
		</str>
		<str name="code11" translate="yes">
			<val>En annan distributionskörning pågår redan.</val>
		</str>
		<str name="code14" translate="yes">
			<val>Du måste ange administrationsbehörigheter innan du kan fortsätta.</val>
		</str>
		<str name="code19" translate="yes">
			<val>Processer som står i konflikt körs.</val>
		</str>
		<str name="code24" translate="yes">
			<val>Installationen har avbrutits.</val>
		</str>
		<str name="code27" translate="yes">
			<val>Uppdateringar kan inte installeras på angivna produkter med Adobe Application Manager. Kontakta din Sassafras-administratör för mer information.</val>
		</str>
		<str name="code29Single" translate="yes">
			<val>{0} har felaktigt flyttats eller raderats. Starta eller installera om programmet för att uppdatera platsen och försök igen. Om du vill ta bort produkten från systemet avinstallerar du produkten med de alias som finns på "/Applications/Utilities/Adobe Installers".</val>
		</str>
		<str name="code29Many" translate="yes">
			<val>En av följande produkter har felaktigt flyttats eller raderats: {0}. Starta eller installera om programmen för att uppdatera platsen och försök igen. Om du vill ta bort produkten från systemet avinstallerar du produkten med de alias som finns på "/Applications/Utilities/Adobe Installers".</val>
		</str>
		<str name="code30" translate="yes">
			<val>Det finns inte tillräckligt med utrymme för att slutföra den här installationen.</val>
		</str>
		<str name="code31" translate="yes">
			<val>Det finns inte tillräckligt med utrymme för att slutföra den här installationen.</val>
		</str>
		<str name="code32" translate="yes">
			<val>Uppdateringen är inte tillämplig.</val>
		</str>
		<str name="code28" translate="yes">
			<val>Uppdateringen är inte tillämplig.</val>
		</str>
		<str name="code36" translate="yes">
			<val>Ett annat installationsprogram körs. Det måste stängas innan den här produkten kan uppdateras. Stäng andra installationsprogram.</val>
		</str>

	</set>	
	<set name="alert">
		<str name="workflowNeedCloseMessage" translate="yes">
			<val>Andra instanser av Adobe Application Manager körs, och de måste stängas innan du kan fortsätta. Vill du stänga dem och fortsätta med den här installationen?</val>
		</str>
		<str name="title" translate="yes">
			<val>Varning</val>
		</str>
		<str name="cancelUpdate" translate="yes">
			<val>Avbryt uppdatering</val>
		</str>
	</set>
	
</asf>	
