<?xml version='1.0' encoding='utf-8'?>
<!DOCTYPE asf SYSTEM "http://ns.adobe.com/asf/asf_1_0.dtd" >
<asf xmlns="http://ns.adobe.com/asf" locale="tr_TR" version="1.0">
	<set name="ButtonLabel">
		<str name="Quit" translate="yes">
			<val>Çık</val>
		</str>
		<str name="Yes" translate="yes">
			<val>Evet</val>
		</str>
		<str name="Cancel" translate="yes">
			<val>İptal</val>
		</str>
		<str name="Browse" translate="yes">
			<val>Gözat</val>
		</str>
		<str name="Retry" translate="yes">
			<val>Yeniden dene</val>
		</str>
		<str name="Pause" translate="yes">
			<val>Duraklat</val>
		</str>
		<str name="Resume" translate="yes">
			<val>Devam et</val>
		</str>
		<str name="No" translate="yes">
			<val>Hayır</val>
		</str>
		<str name="save" translate="yes">
			<val>Kaydet</val>
		</str>
		<str name="decline" translate="yes">
			<val>Kabul Etmiyorum</val>
		</str>
		<str name="accept" translate="yes">
			<val>Kabul et</val>
		</str>
		<str name="cancelInstall" translate="yes">
			<val>Yüklemeyi İptal Et</val>
		</str>
		<str name="continue" translate="yes">
			<val>Devam</val>
		</str>
	</set>
	<set name="downloadScreen">
		<str name="title" translate="yes">
			<val>İndir</val>
		</str>
	</set>
	<set name="Updates">
		<str name="regularUp" translate="yes">
			<val>Düzenli güncellemeler</val>
		</str>
		<str name="regularUpWithReboot" translate="yes">
			<val>Düzenli güncellemeler. (Yeniden Başlatma Gerekir)</val>
		</str>
		<str name="Update" translate="yes">
			<val>Güncelle</val>
		</str>
		<str name="UpToDate" translate="yes">
			<val>Güncel</val>
		</str>
		<str name="newFeatures" translate="yes">
			<val>Yeni özellikler!</val>
		</str>
		<str name="newFeaturesWtihReboot" translate="yes">
			<val>Yeni özellikler.</val>
		</str>
		<str name="RestartReq" translate="yes">
			<val>(Yeniden başlatma gerekir)</val>
		</str>
		<str name="securityUp" translate="yes">
			<val>Güvenlik güncellemeleri.</val>
		</str>
		<str name="securityUpWithReboot" translate="yes">
			<val>Güvenlik güncellemeleri. (Yeniden Başlatma Gerekir)</val>
		</str>
		<str name="Updates" translate="yes">
			<val>Güncellemeler</val>
		</str>
		<str name="UpdatesCount" translate="yes">
			<val>Güncellemeler ({0})</val>
		</str>
		<str name="Updating" translate="yes">
			<val>Güncelleniyor...</val>
		</str>
		<str name="UpdateFail" translate="yes">
			<val>Güncelleme Başarısız Oldu</val>
		</str>
		<str name="Updated" translate="yes">
			<val>Güncellendi</val>
		</str>
		<str name="UpdateAll" translate="yes">
			<val>Tümünü Güncelle</val>
		</str>
		<str name="finishingUp" translate="yes">
			<val>Tamamlanıyor...</val>
		</str>
		<str name="UpdateWait" translate="yes">
			<val>Güncellenmeyi bekliyor</val>
		</str>
		<str name="NoNewUpdate" translate="yes">
			<val>Uygulamalarınız güncel! Yeni güncelleme yok.</val>
		</str>
		<str name="UpdatingAll" translate="yes">
			<val>Tüm uygulamalar güncelleniyor...</val>
		</str>
		<str name="CancellingUpdate" translate="yes">
			<val>Güncelleme İptal Ediliyor...</val>
		</str>
		<str name="CancelUpdate" translate="yes">
			<val>Güncellemeyi İptal Et</val>
		</str>
	</set>
	<set name="EulaScreen">
		<str name="title" translate="yes">
			<val>Adobe Yazılım Kullanıcı Sözleşmesi</val>
		</str>
	</set>
	<set name="NavigationPanel">
		<str name="preferences" translate="yes">
			<val>Tercihlerim</val>
		</str>
		<str name="OnlyPreferences" translate="yes">
			<val>Tercihler</val>
		</str>
		<str name="help" translate="yes">
			<val>Yardım</val>
		</str>
		<str name="signOut" translate="yes">
			<val>Oturumu Kapat</val>
		</str>
		<str name="allApps" translate="yes">
			<val>Tümü</val>
		</str>
		<str name="allAppsCount" translate="yes">
			<val>Tümü ({0})</val>
		</str>
		<str name="newApps" translate="yes">
			<val>Yeni Uygulamalar ({0})</val>
		</str>
	</set>

	<set name="PreferenceScreen">
		<str name="title" translate="yes">
			<val>Tercihler</val>
		</str>
		<str name="installOptions" translate="yes">
			<val>Yükleme Seçenekleri</val>
		</str>
		<str name="language" translate="yes">
			<val>Dil:</val>
		</str>
		<str name="installLocation" translate="yes">
			<val>Yükleme Konumu:</val>
		</str>
		<str name="useDefaultInstallLocation" translate="yes">
			<val>Varsayılan konumu kullan...</val>
		</str>
		<str name="usingDefaultInstallLocation" translate="yes">
			<val>Varsayılan konum...</val>
		</str>
		<str name="defaultOptions" translate="yes">
			<val>Her zaman varsayılan yükleme seçeneklerini kullan.</val>
		</str>
		<str name="reportsTitle" translate="yes">
			<val>Raporlar</val>
		</str>
		<str name="analyticsReport" translate="yes">
			<val>Yükleme durumu raporları göndererek Adobe’nin indirme ve yükleme deneyimini geliştirmesine yardımcı ol.</val>
		</str>
	</set>
	<set name="PreferencePathError">
			<str name="LongPath" translate="yes">
				<val>Seçili yükleme yolu çok uzun.</val>
			</str>
			<str name="RootDrive" translate="yes">
				<val>Kök sürücüsü konumuna yükleme desteklenmez.</val>
			</str>
			<str name="RemovableDrive" translate="yes">
				<val>Çıkarılabilir flash sürücüye yükleme desteklenmez.</val>
			</str>
			<str name="MappedDrive" translate="yes">
				<val>Eşlenmiş ağ sürücüsüne yükleme desteklenmez.</val>
			</str>
			<str name="CaseSensitive" translate="yes">
				<val>Büyük/küçük harfe duyarlı birimlere yükleme desteklenmez.</val>
			</str>
			<str name="LockedPath" translate="yes">
				<val>Kilitli bir konuma yükleme desteklenmez.</val>
			</str>
			<str name="Generic" translate="yes">
				<val>Seçili konuma yüklenemiyor.</val>
			</str>
		</set>
	<set name="networkErrors">
		<str name="networkDisconnect" translate="yes">
			<val>İnternet'e bağlanın ve ardından yeniden deneyin.</val>
		</str>
	</set>
	<set name="fileSystemError">
		<str name="fileWriteError" translate="yes">
			<val>{0} konumuna yazılamıyor. Devam etmek için alternatif bir klasör seçin.</val>
		</str>
		<str name="writePermissionError" translate="yes">
			<val>{0} konumuna yazma izniniz yok. Bu klasöre yazma izinleri sağlayın ve yeniden deneyin.</val>
		</str>
	</set>
	<set name="Progress">
		<str name="extractionProgress" translate="yes">
			<val>Ayıklanıyor...</val>
		</str>
		<str name="extractionWait" translate="yes">
			<val>Ayıklamak için bekleniyor...</val>
		</str>
		<str name="downloading" translate="yes">
			<val>İndiriliyor...</val>
		</str>
		<str name="percentComplete" translate="yes">
			<val>%{0} tamamlandı</val>
		</str>
		<str name="percentDownloaded" translate="yes">
			<val>%{0} indirildi</val>
		</str>
		<str name="percentInstalled" translate="yes">
			<val>%{0} yüklendi</val>
		</str>
		<str name="percentMbOfMb" translate="yes">
			<val>İndiriliyor: {0} MB / {1} MB</val>
		</str>
		<str name="percentMbOfGb" translate="yes">
			<val>İndiriliyor: {0} MB / {1} GB</val>
		</str>
		<str name="percentGbOfGb" translate="yes">
			<val>İndiriliyor: {0} GB / {1} GB</val>
		</str>
		<str name="minutesRemaining" translate="yes">
			<val>yaklaşık {0} dakika kaldı</val>
		</str>
		<str name="minuteRemaining" translate="yes">
			<val>yaklaşık {0} dakika kaldı</val>
		</str>
		<str name="lessThanMinute" translate="yes">
			<val>bir dakikadan daha az</val>
		</str>
		<str name="calculatingTime" translate="yes">
			<val>kalan süre hesaplanıyor</val>
		</str>
		<str name="downloadWait" translate="yes">
			<val>İndirme bekleniyor...</val>
		</str>
		<str name="downloadCancel" translate="yes">
			<val>İndirme İptal Ediliyor...</val>
		</str>
		<str name="install" translate="yes">
			<val>Yükle</val>
		</str>
		<str name="try" translate="yes">
			<val>Dene</val>
		</str>
		<str name="installing" translate="yes">
			<val>Yükleniyor...</val>
		</str>
		<str name="installWait" translate="yes">
			<val>Yükleme bekleniyor...</val>
		</str>
		<str name="installCancel" translate="yes">
			<val>Yükleme İptal Ediliyor...</val>
		</str>
		<str name="installComplete" translate="yes">
			<val>Yükleme İşlemi Tamamlandı</val>
		</str>
		<str name="closing" translate="yes">
			<val>Kapatılıyor...</val>
		</str>
		<str name="alreadyInstalled" translate="yes">
			<val>Yüklü</val>
		</str>
		<str name="trialDaysRemaining" translate="yes">
			<val>Deneme sürümünde, {0} gün kaldı</val>
		</str>
		<str name="trialDayRemaining" translate="yes">
			<val>Deneme sürümünde, {0} gün kaldı</val>
		</str>
		<str name="appLaunch" translate="yes">
			<val>Başlat</val>
		</str>
	</set>

	<set name="UpdateErrors">
		<str name="fileWriteError" translate="yes">
			<val>Dosyaya/klasöre yazılamıyor. Çıkıp antivirüsünüzü devre dışı bırakıp tekrar deneyebilir veya {0}müşteri desteğine{1} başvurabilirsiniz.</val>
		</str>
		<str name="genericInstallFailure" translate="yes">
			<val>Bu güncelleme yüklenirken bir hata oluştu. Lütfen daha sonra tekrar deneyin veya {0}müşteri desteği{1} ile iletişim kurun.</val>
		</str>
		<str name="updaterNotRunning" translate="yes">
			<val>Hata! Yama yükleyicisi çalışmıyor. Şimdilik çıkıp daha sonra tekrar güncellemeyi deneyebilirsiniz.</val>
		</str>
		<str name="updateNotApplicable" translate="yes">
			<val>Bu güncelleme, bu ürünün yayın öncesi/beta sürümleri için uygulanamaz.</val>
		</str>
		<str name="unableToApplySassafras" translate="yes">
			<val>Anahtarı olan ürünler güncellenemiyor. Daha fazla bilgi için Sassafras Yöneticinizle iletişime geçin.</val>
		</str>
		<str name="conflictingProcessErrTitle" translate="yes">
			<val>{0} Güncellemesi</val>
		</str>
		<str name="patchModeSyncErrorTitle" translate="yes">
			<val>Bir sorun oluştu!</val>
		</str>
		<str name="appMovedErrTitle" translate="yes">
			<val>Uygulama bulunamadı. Çöp kutusuna atılmışsa/farklı birime taşınmışsa geri yükleyin. Aksi takdirde, yeniden yükleyin.</val>
		</str>
		<str name="adminPriviledgeUpdateErr" translate="yes">
			<val>Güncelleme yapmak için yönetici ayrıcalıkları gerekiyor. Lütfen yeniden deneyin veya daha sonra güncellemek için iptal edin.</val>
		</str>
		<str name="aamuAlreadyRunningErr" translate="yes">
			<val>Adobe Application Manager zaten çalışıyor. Güncellemeleri uygulamadan önce diğer örnekleri kapatın veya {0}Müşteri Desteği{1} ile iletişime geçin.</val>
		</str>
	</set>

	<set name="DownloadErrors">
		<str name="retryingTitle" translate="yes">
			<val>Yeniden deneniyor...</val>
		</str>
		<str name="commonDownloadErrTitle" translate="yes">
			<val>İndirme Hatası</val>
		</str>
		<str name="commonDownloadErr" translate="yes">
			<val>İndirme hatası. Tekrar denemek için Yeniden dene'ye basın veya {0}müşteri desteği{1} ile iletişime geçin.</val>
		</str>
		<str name="fatalDownloadErr" translate="yes">
			<val>İndirme hatası. {0}Müşteri desteği{1} ile iletişim kurun.</val>
		</str>
		<str name="genericWriteErr" translate="yes">
			<val>Sabit sürücüye erişilirken hata oluştu. Tekrar denemek için Yeniden dene'ye basın veya {0}müşteri desteği{1} ile iletişime geçin.</val>
		</str>
		<str name="diskSpaceError" translate="yes">
			<val>Yetersiz disk alanı. {0} konumunda yer açın ve yeniden deneyin.</val>
		</str>
		<str name="writeError" translate="yes">
			<val>Geçici dosya konumuna yazarken hata oluştu. Bu sorun devam ederse {0}müşteri desteği{1} ile iletişim kurun.</val>
		</str>
		<str name="InvalidFile" translate="yes">
			<val>İndirme işlemi bozulmuş görünüyor. İptal'e basın, birkaç dakika bekleyin ve yeniden deneyin.</val>
		</str>
		<str name="networkUnavailable" translate="yes">
			<val>Adobe sunucularına erişilemiyor. Internet bağlantınızı, güvenlik duvarı ayarlarını kontrol edin ve ardından yeniden deneyin.</val>
		</str>
		<str name="networkUnavailableRetry" translate="yes">
			<val>Sunucu yanıt vermiyor. İnternet ve güvenlik duvarı ayarlarınızı kontrol edin ve ardından tekrar denemek için Yeniden dene’ye basın.</val>
		</str>
		<str name="maxPathErr" translate="yes">
			<val>İndirme yolu çok uzun. {0}Müşteri desteği{1} ile iletişim kurun.</val>
		</str>
		<str name="pathUnavailable" translate="yes">
			<val>İndirme yolu mevcut değil. Yeniden deneyin. Bu sorun devam ederse {0}müşteri desteği{1} ile iletişim kurun.</val>
		</str>
		<str name="pathUnavailableFatal" translate="yes">
			<val>İndirme yolu mevcut değil. Lütfen çıkın ve daha sonra yeniden deneyin. Bu sorun devam ederse {0}müşteri desteği{1} ile iletişim kurun.</val>
		</str>
	</set>

	<set name="PreferenceErrors">
		<str name="maxPathErr" translate="yes">
			<val>Yükleme yolu çok uzun. Tercihlerinizde başka bir yükleme konumu seçin ve yeniden deneyin.</val>
		</str>
		<str name="rootPathErr" translate="yes">
			<val>Kök yoluna yükleme yapılamaz.</val>
		</str>
		<str name="flashPathErr" translate="yes">
			<val>Çıkarılabilir sürücüye yükleme yapılamaz.</val>
		</str>
		<str name="networkPathErr" translate="yes">
			<val>Bir ağ sürücüsüne yükleme yapılamaz.</val>
		</str>
		<str name="caseSensitivePathErr" translate="yes">
			<val>Büyük/küçük harfe duyarlı sürücüye yükleme yapılamaz.</val>
		</str>
		<str name="GenericErr" translate="yes">
			<val>Yükleme yolu hatası. Tercihlerinizde başka bir yükleme konumu seçin ve yeniden deneyin.</val>
		</str>
	</set>
	
	<set name="InstallErrors">
		<str name="installFailed" translate="yes">
			<val>Yükleme Başarısız Oldu</val>
		</str>
		<str name="InitializeFailed" translate="yes">
			<val>Ürün yüklenemiyor. Tekrar indirmek için Yeniden dene'ye basın.</val>
		</str>
		<str name="conflictErr" translate="yes">
			<val>{0} ürününün çakışan veya yayın öncesi bir sürümü bu bilgisayarda mevcut. Lütfen çıkın ve devam etmeden önce önceki sürümü kaldırın.</val>
		</str>
		<str name="betaVersionErr" translate="yes">
			<val>Bu ürünün bir beta sürümü bilgisayarda mevcut. Devam etmeden önce çıkın ve bu sürümü kaldırın; {0}müşteri desteği{1} ile iletişim kurun</val>
		</str>
		<str name="msiRunningErr" translate="yes">
			<val>Başka bir yükleyici zaten çalışıyor. Bu yükleyicinin işleminin tamamlanmasını bekleyin ve yeniden deneyin.</val>
		</str>
		<str name="aamRunningErr" translate="yes">
			<val>Application Manager zaten çalışıyor. İşleminin tamamlanmasını bekleyin ve yeniden deneyin.</val>
		</str>
		<str name="adminPriviledgeErr" translate="yes">
			<val>Yüklemek için yönetici ayrıcalıkları gerekiyor. Lütfen yeniden deneyin veya daha sonra yüklemek için iptal edin.</val>
		</str>
		<str name="applicationList" translate="yes">
			<val>- {0}</val>
		</str>
		<str name="LockedPathErr" translate="yes">
			<val>{0} kilitli. Tercihlerinizde başka bir yükleme konumu seçin veya klasörün kilidini kaldırın. Ardından yeniden deneyin.</val>
		</str>
		<str name="accessPermissionErr" translate="yes">
			<val>{0} yazma erişimine sahip değil. Tercihlerinizde başka bir yükleme konumu seçin veya klasöre yazma erişimi sağlayın. Ardından yeniden deneyin.</val>
		</str>
		<str name="installPathErr" translate="yes">
			<val>Yükleme yolu hatası. Tercihlerinizde başka bir yükleme konumu seçin ve yeniden deneyin.</val>
		</str>
		<str name="systemReqErr" translate="yes">
			<val>Sistem gereksinimleri karşılanmıyor. Daha fazla ayrıntı için {0}minimum sistem gereksinimlerine{1} bakın.</val>
		</str>
		<str name="diskSpaceErr" translate="yes">
			<val>Yetersiz disk alanı. Tercihlerinizde başka bir yükleme konumu seçin veya disk alanı açın ve tekrar deneyin.</val>
		</str>
		<str name="conflictingProcessErr" translate="yes">
			<val>Devam etmek için aşağıdaki uygulamaları kapatın:</val>
		</str>
		<str name="conflictingProcessErrTitle" translate="yes">
			<val>{0} Yükle</val>
		</str>
		<str name="SyncFailureError" translate="yes">
			<val>Yükleme sırasında bir hatayla karşılaşıldı. Sisteminizi yeniden başlatın ve yeniden deneyin.</val>
		</str>
		<str name="criticalInstallErr" translate="yes">
			<val>Yükleme sırasında hatalarla karşılaşıldı. {0}Daha fazla ayrıntı{1}.</val>
		</str>
		<str name="recommendedInstallErr" translate="yes">
			<val>Bazı önerilen bileşenler düzgün bir şekilde yüklenmemesine rağmen yükleme işlemi tamamlandı. {0}Daha fazla ayrıntı{1}.</val>
		</str>
		<str name="mediadbSyncErr" translate="yes">
			<val>Bazı bileşenler düzgün bir şekilde yüklenmemesine rağmen yükleme işlemi tamamlandı. {0}Daha fazla ayrıntı{1}.</val>
		</str>
		<str name="aamCorruptErr" translate="yes">
			<val>Adobe Application Manager bozuk ve yeniden yüklenmesi gerekiyor. {0}Şimdi indirin{1} veya {2}müşteri desteği{3} ile iletişime geçin.</val>
		</str>
		<str name="doneWithError" translate="yes">
			<val>Bazı isteğe bağlı bileşenler düzgün bir şekilde yüklenmemesine rağmen yükleme işlemi tamamlandı. {0}Daha fazla ayrıntı{1}.</val>
		</str>
		<str name="relaunchAAM" translate="yes">
			<val>Bir sorun oluştu. Adobe Application Manager'dan çıkıp yeniden deneyin. Bu işlemin sorunu gidermesi gerekir.</val>
		</str>
	</set>

	<set name="ExtractionErrors">
		<str name="badPathErr" translate="yes">
			<val>İndirilen dosyalar ayıklanamıyor. Tekrar indirmek için Yeniden dene'ye basın.</val>
		</str>
		<str name="diskSpaceErr" translate="yes">
			<val>Dosyaları ayıklamak için yetersiz disk alanı. {0} konumunda yer açın ve yeniden deneyin.</val>
		</str>
		<str name="writePermissionErr" translate="yes">
			<val>{0} eksik veya korunuyor. Yolu oluşturun, yazma erişimine sahip olduğunuzdan emin olun ve yeniden deneyin.</val>
		</str>
		<str name="maxPathErr" translate="yes">
			<val>Geçici dizine ayıklanamıyor. {1}Müşteri desteği{2} ile iletişime geçin.</val>
		</str>
		<str name="genericExtractionErr" translate="yes">
			<val>Dosyalar ayıklanamıyor. Tekrar indirmek için Yeniden dene'ye basın veya {0}müşteri desteği{1} ile iletişime geçin.</val>
		</str>
	</set>
	<set name="CommonErrors">
		<str name="errorBracket" translate="yes">
			<val> ({0})</val>
		</str>
	</set>

	<set name="authProxy">
		<str name="authTitle" translate="yes">
			<val>Bir şey daha...</val>
		</str>
		<str name="authDesc" translate="yes">
			<val>Devam etmek için proxy kullanıcı adınızı ve şifrenizi girin. Bu genellikle güvenlik duvarı arkasındaysanız gerçekleşir.</val>
		</str>
		<str name="userName" translate="yes">
			<val>Kullanıcı adı:</val>
		</str>
		<str name="password" translate="yes">
			<val>Şifre:</val>
		</str>
		<str name="rememberCredentials" translate="yes">
			<val>Proxy bilgilerimi hatırla.</val>
		</str>

	</set>

	<set name="Common">
		<str name="GB" translate="yes">
			<val>GB</val>
		</str>
		<str name="launching" translate="yes">
			<val>Başlatılıyor...</val>
		</str>
		<str name="QuitConfirmation" translate="yes">
			<val>Çıkmak istediğinizden emin misiniz? Tüm etkin indirme ve yükleme işlemleri iptal edilecek.</val>
		</str>
		<str name="SingleQuitConfirmation" translate="yes">
			<val>Bu yüklemeyi iptal etmek istediğinizden emin misiniz?</val>
		</str>
		<str name="SingleUpdateQuitConfirmation" translate="yes">
			<val>Bu güncellemeyi iptal etmek istediğinizden emin misiniz?</val>
		</str>
		<str name="ErrorSummaryText" translate="yes">
			<val>{0}Hata özeti{1} dosyası, sorunu tanımlamanıza yardımcı olabilir.</val>
		</str>
		<str name="CustomerSupportText" translate="yes">
			<val>Sorunlar devam ederse daha fazla yardım için {0}Müşteri Desteği{1} ile iletişim kurun.</val>
		</str>
		<str name="CustomerSupportLink" translate="yes">
			<val>http://www.adobe.com/go/support_tr</val>
		</str>
		<str name="goSupportLink" translate="yes">
			<val>http://www.adobe.com/go/customer_support_tr</val>
		</str>
		<str name="sysReqLink" translate="yes">
			<val>http://www.adobe.com/go/cc_techspecs_tr</val>
		</str>
		<str name="aamDownloadLink" translate="yes">
			<val>http://www.adobe.com/go/applicationmanager_tr</val>
		</str>
		<str name="MB" translate="yes">
			<val>MB</val>
		</str>
		<str name="KB" translate="yes">
			<val>KB</val>
		</str>
		<str name="of" translate="yes">
			<val>/</val>
		</str>
		<str name="decimalSeparator" translate="yes">
			<val>,</val>
		</str>
		<str name="langFallbackStr" translate="yes">
			<val>({0})</val>
		</str>
		<str name="commaSeparator" translate="yes">
			<val>,</val>
		</str>
		<str name="upgradeConfirmation" translate="yes">
			<val>{0} ürünü deneme sürümünde yüklendiğinde önceki {1} sürümleri kaldırılır.</val>
		</str>
		<str name="upgradeConfirmationTitle" translate="yes">
			<val>Unutmayın...</val>
		</str>
	</set>
	
	<set name="isoToLanguage">
		<str name="ar_AE" translate="no"><val>العربية</val></str>
		<str name="en_GB" translate="no"><val>English (International)</val></str> 
		<str name="fr_CA" translate="no"><val>Français canadien</val></str>
		<str name="es_QM" translate="no"><val>Español (Middle East)</val></str>
		<str name="es_LA" translate="no"><val>Español de América Latina</val></str>
		<str name="es_NA" translate="no"><val>Español Norteamericano</val></str>
		<str name="bg_BG" translate="no"><val>Български</val></str>
		<str name="lv_LV" translate="no"><val>Latviešu</val></str>
		<str name="et_EE" translate="no"><val>Eesti</val></str>
		<str name="hr_HR" translate="no"><val>hrvatski</val></str>
		<str name="sl_SI" translate="no"><val>slovenščina</val></str>
		<str name="sk_SK" translate="no"><val>slovenčina</val></str>
		<str name="th_TH" translate="no"><val>ภาษาไทย</val></str> 
		<str name="vi_VN" translate="no"><val>Việt</val></str>
		<str name="en_XC" translate="no"><val>English (Central Europe)</val></str> 
		<str name="en_XM" translate="no"><val>English (Middle East)</val></str>
		<str name="fr_XM" translate="no"><val>Français Oriental Moyen</val></str>
		<str name="sq_AL" translate="no"><val>Shqip</val></str> 
		<str name="ar_SA" translate="no"><val>العربية</val></str>
		<str name="be_BY" translate="no"><val>Беларуская</val></str> 
		<str name="ca_ES" translate="no"><val>Català</val></str> 
		<str name="hi_IN" translate="no"><val>हिन्दी</val></str>
		<str name="is_IS" translate="no"><val>Íslenska</val></str> 
		<str name="lt_LT" translate="no"><val>Lietuvių</val></str>
		<str name="mk_MK" translate="no"><val>македонски</val></str>
		<str name="nn_NO" translate="no"><val>Norsk (Nynorsk)</val></str>
		<str name="pt_PT" translate="no"><val>Português de Portugal</val></str> 
		<str name="sh_YU" translate="no"><val>Srpsko-Hrvatski</val></str> 
		<str name="sr_YU" translate="no"><val>Cрпски</val></str> 
		<str name="kk_KZ" translate="no"><val>Қазақ</val></str>
		<str name="az_AZ" translate="no"><val>Azərbaycan dili</val></str> 
		<str name="es_MX" translate="no"><val>Español (América Latina)</val></str>
		<str name="no_NO" translate="no"><val>Norwegian</val></str> 
		<str name="cs_CZ" translate="no"><val>Česky</val></str>
		<str name="de_DE" translate="no"><val>Deutsch</val></str>
		<str name="el_GR" translate="no"><val>Ελληνικά</val></str>
		<str name="en_US" translate="no"><val>English (North America)</val></str> 
		<str name="es_ES" translate="no"><val>Español</val></str> 
		<str name="fr_FR" translate="no"><val>Français</val></str>
		<str name="he_IL" translate="no"><val>עברית</val></str> 
		<str name="hu_HU" translate="no"><val>Magyar</val></str> 
		<str name="it_IT" translate="no"><val>Italiano</val></str>
		<str name="ja_JP" translate="no"><val>日本語</val></str>
		<str name="ko_KR" translate="no"><val>한국어</val></str>
		<str name="nl_NL" translate="no"><val>Nederlands</val></str>
		<str name="pl_PL" translate="no"><val>Polski</val></str>
		<str name="ro_RO" translate="no"><val>Română</val></str>
		<str name="ru_RU" translate="no"><val>Pусский</val></str>
		<str name="sv_SE" translate="no"><val>Svenska</val></str>
		<str name="tr_TR" translate="no"><val>Türkçe</val></str>
		<str name="uk_UA" translate="no"><val>Українська</val></str>
		<str name="zh_CN" translate="no"><val>简体中文</val></str>
		<str name="zh_TW" translate="no"><val>繁體中文</val></str>
		<str name="da_DK" translate="no"><val>Dansk</val></str>
		<str name="fi_FI" translate="no"><val>Suomi</val></str>
		<str name="nb_NO" translate="no"><val>Norsk (Bokmål)</val></str> 
		<str name="pt_BR" translate="no"><val>Português do Brasil</val></str>
		<str name="en_AE" translate="no"><val>English يدعم العربية</val></str> 
		<str name="en_IL" translate="no"><val>English תומך עברית</val></str> 
		<str name="fr_MA" translate="no"><val>Français (Maroc)</val></str>
    </set>
	
	<set name="isoToFallbackLanguage">
		<str name="ar_AE" translate="no"><val>العربية</val></str>
		<str name="en_GB" translate="yes"><val>İngilizce</val></str> 
		<str name="fr_CA" translate="no"><val>Français canadien</val></str>
		<str name="es_QM" translate="no"><val>Español</val></str>
		<str name="es_LA" translate="no"><val>Español de América Latina</val></str>
		<str name="es_NA" translate="no"><val>Español Norteamericano</val></str>
		<str name="bg_BG" translate="no"><val>Български</val></str>
		<str name="lv_LV" translate="no"><val>Latviešu</val></str>
		<str name="et_EE" translate="no"><val>Eesti</val></str>
		<str name="hr_HR" translate="no"><val>hrvatski</val></str>
		<str name="sl_SI" translate="no"><val>slovenščina</val></str>
		<str name="sk_SK" translate="no"><val>slovenčina</val></str>
		<str name="th_TH" translate="no"><val>ภาษาไทย</val></str> 
		<str name="vi_VN" translate="no"><val>Việt</val></str>
		<str name="en_XC" translate="yes"><val>İngilizce</val></str> 
		<str name="en_XM" translate="yes"><val>İngilizce</val></str>
		<str name="fr_XM" translate="no"><val>Français Oriental Moyen</val></str>
		<str name="sq_AL" translate="no"><val>Shqip</val></str> 
		<str name="ar_SA" translate="no"><val>العربية</val></str>
		<str name="be_BY" translate="no"><val>Беларуская</val></str> 
		<str name="ca_ES" translate="no"><val>Català</val></str> 
		<str name="hi_IN" translate="no"><val>हिन्दी</val></str>
		<str name="is_IS" translate="no"><val>Íslenska</val></str> 
		<str name="lt_LT" translate="no"><val>Lietuvių</val></str>
		<str name="mk_MK" translate="no"><val>македонски</val></str>
		<str name="nn_NO" translate="no"><val>Norsk</val></str>
		<str name="pt_PT" translate="no"><val>Português de Portugal</val></str> 
		<str name="sh_YU" translate="no"><val>Srpsko-Hrvatski</val></str> 
		<str name="sr_YU" translate="no"><val>Cрпски</val></str> 
		<str name="kk_KZ" translate="no"><val>Қазақ</val></str>
		<str name="az_AZ" translate="no"><val>Azərbaycan dili</val></str> 
		<str name="es_MX" translate="no"><val>Español</val></str>
		<str name="no_NO" translate="no"><val>Norwegian</val></str> 
		<str name="cs_CZ" translate="no"><val>Česky</val></str>
		<str name="de_DE" translate="no"><val>Deutsch</val></str>
		<str name="el_GR" translate="no"><val>Ελληνικά</val></str>
		<str name="en_US" translate="yes"><val>İngilizce</val></str> 
		<str name="es_ES" translate="no"><val>Español</val></str> 
		<str name="fr_FR" translate="no"><val>Français</val></str>
		<str name="he_IL" translate="no"><val>עברית</val></str> 
		<str name="hu_HU" translate="no"><val>Magyar</val></str> 
		<str name="it_IT" translate="no"><val>Italiano</val></str>
		<str name="ja_JP" translate="no"><val>日本語</val></str>
		<str name="ko_KR" translate="no"><val>한국어</val></str>
		<str name="nl_NL" translate="no"><val>Nederlands</val></str>
		<str name="pl_PL" translate="no"><val>Polski</val></str>
		<str name="ro_RO" translate="no"><val>Română</val></str>
		<str name="ru_RU" translate="no"><val>Pусский</val></str>
		<str name="sv_SE" translate="no"><val>Svenska</val></str>
		<str name="tr_TR" translate="no"><val>Türkçe</val></str>
		<str name="uk_UA" translate="no"><val>Українська</val></str>
		<str name="zh_CN" translate="yes"><val>简体中文</val></str>
		<str name="zh_TW" translate="yes"><val>繁體中文</val></str>
		<str name="da_DK" translate="no"><val>Dansk</val></str>
		<str name="fi_FI" translate="no"><val>Suomi</val></str>
		<str name="nb_NO" translate="no"><val>Norsk</val></str> 
		<str name="pt_BR" translate="no"><val>Português do Brasil</val></str>
		<str name="en_AE" translate="no"><val>English يدعم العربية</val></str> 
		<str name="en_IL" translate="no"><val>English תומך עברית</val></str> 
		<str name="fr_MA" translate="no"><val>Français</val></str>
    </set>
	
	<set name="register">
		<set name="subscription">
			<str name="title" translate="yes">
				<val>Giriş Yapılması Gerekiyor</val>
			</str>			
			<str name="message" translate="yes">
				<val>Bu ürünü kullanmak ve Adobe ID'niz ile kaydettirmek için giriş yapmanız gerekmektedir. Adobe ID'niz seri numaralarınızın yanı sıra Adobe Creative Cloud ve Adobe.com topluluğuna erişmeniz için kolay bir yol sağlar.</val>
			</str>
			<str name="userEmail" translate="yes">
				<val>Şu Adobe ID ile giriş yapacaksınız: {0}.</val>
			</str>
			<str name="notYou" translate="yes">
				<val>(Sizin Adobe ID'niz değil mi?)</val>
			</str>
			<str name="signInNow" translate="yes">
				<val>Şimdi giriş yap</val>
			</str>
			<str name="signIn" translate="yes">
				<val>Giriş yap</val>
			</str>
			<str name="back" translate="yes">
				<val>Geri</val>
			</str>
		</set>
	</set>
	<set name="AdobeIdScreen">
		<str name="signinHeader" translate="yes">
			<val>Lütfen Adobe ID’niz ile giriş yapın</val>
		</str>
		<str name="signinSubheader" translate="yes">
			<val>Tüm doğru uygulamaları aldığınızdan emin olmak istiyoruz</val>
		</str>
		<str name="username" translate="yes">
			<val>Adobe ID:</val>
		</str>
		<str name="password" translate="yes">
			<val>Şifre:</val>
		</str>
		<str name="cancel" translate="yes">
			<val>İptal</val>
		</str>
		<str name="Quit" translate="yes">
			<val>Çık</val>
		</str>
		<str name="createAdobeID" translate="yes">
			<val>Adobe ID oluştur</val>
		</str>
		<str name="forgotYourPassword" translate="yes">
			<val>Şifrenizi mi unuttunuz?</val>
		</str>
		<str name="usernameSample" translate="yes">
			<val>john@doe.com</val>
		</str>
		<str name="save" translate="yes">
			<val>Giriş Yap</val>
		</str>
		<str name="createAdobeIDURL" translate="yes">
			<val>/go/adobemembership_tr</val>
		</str>
		<str name="forgotYourPasswordURL" translate="yes">
			<val>/go/forgetpassword_tr</val>
		</str>
	</set>
	<set name="AdobeIdScreenErrors">
	    <str name="doesNotExist" translate="yes">
			<val>Adobe ID mevcut değil</val>
		</str>
		<str name="invalidCredentials" translate="yes">
			<val>Adobe ID ve şifre eşleşmiyor.</val>
		</str>
		<str name="loginDeny" translate="yes">
			<val>Maksimum oturum açma girişimi sayısı aşıldı. Lütfen çıkın ve yeniden deneyin.</val>
		</str>
		<str name="malformedAdobeId" translate="yes">
			<val>Geçersiz Adobe ID.</val>
		</str>
		<str name="networkError" translate="yes">
			<val>Adobe ile iletişim kurulamıyor. İnternet'e bağlanın ve yeniden deneyin.</val>
		</str>
		<str name="internalError" translate="yes">
			<val>Dahili hata. Giriş yapılamıyor.</val>
		</str>
	</set>
	<set name="OptinDialog">
	    <str name="title" translate="yes">
			<val>Bilmek isteyeceğinizi düşündük.</val>
		</str>
		<str name="optinText" translate="yes">
			<val>Bu deneme sürümü ürününü indirdiğinizde, bizim ve işlerimizi sürdürmemize yardımcı olan şirketlerin &lt;a href='{0}'&gt;Gizlilik İlkemize&lt;/a&gt; uygun bir şekilde sizin bilgilerinizi kullanabileceğini ve e-posta, posta veya telefon yoluyla size pazarlamayla ilişkili iletişimler gönderebileceğini kabul etmiş oluyorsunuz. Bizden aldığınız herhangi bir e-postadaki aboneliği iptal et bağlantısını tıklatarak gelecekte bizden e-posta almamayı tercih edebilirsiniz.</val>
		</str>
		<str name="privacyLink" translate="yes">
			<val>http://www.adobe.com/go/privacy_tr</val>
		</str>
		<str name="adobeLink" translate="yes">
			<val>http://www.adobe.com/tr/</val>
		</str>
		<str name="cancel" translate="yes">
			<val>İptal</val>
		</str>
		<str name="ok" translate="yes">
			<val>Tamam</val>
		</str>
	</set>
	<set name="EligibleTrialistDialog">
	    <str name="title" translate="yes">
			<val>Bir dakika bekleyin...</val>
		</str>
		<str name="message" translate="yes">
			<val>{1}, geçerli tercihler dilinize ({0}) göre deneme sürümü olarak yüklenir. Tam ürün için, tercihler dilinizi geçerli bir yerel ayara değiştirin.</val>
		</str>
		<str name="installTrial" translate="yes">
			<val>Deneme Sürümünü Yükle</val>
		</str>
		<str name="cancel" translate="yes">
			<val>İptal</val>
		</str>
		<str name="changePrefs" translate="yes">
			<val>Tercihleri Değiştir</val>
		</str>
	</set>
	<set name="LanguageSelectionDialog">
	    <str name="sl_title" translate="yes">
			<val>Dilinizi değiştirin</val>
		</str>
		<str name="sl_message" translate="yes">
			<val>Satın aldığınız {6}{7}{8} ürününe yönelik güncellemelerin size bildirilebilmesi için dil {0}Tercihlerinizi{1} {2} {3} dilinden {4}{5} diline değiştirin.</val>
		</str>
		<str name="changeNow" translate="yes">
			<val>Şimdi Değiştir</val>
		</str>
		<str name="changeLater" translate="yes">
			<val>Daha Sonra Değiştir</val>
		</str>
		<str name="ml_title" translate="yes">
			<val>Dil seçin</val>
		</str>
		<str name="ml_message" translate="yes">
			<val>Ürününüzü yüklemek için bir dil seçin.</val>
		</str>
		<str name="ml_info" translate="yes">
			<val>Bu dil, {0}Tercihler{1} kısmında da varsayılan dil olarak ayarlanır. Bu dili daha sonra değiştirebilirsiniz.</val>
		</str>
		<str name="continue" translate="yes">
			<val>Devam</val>
		</str>
	</set>
</asf>
