﻿<?xml version="1.0" encoding="utf-8" standalone="no"?>
<!DOCTYPE asf SYSTEM "http://ns.adobe.com/asf/asf_1_0.dtd">
<asf xmlns="http://ns.adobe.com/asf" locale="en_GB" version="1.0">
	<set name="ButtonLabel">
		<str name="Quit">
			<val>Quit</val>
		</str>
		<str name="Yes">
			<val>Yes</val>
		</str>
		<str name="Cancel">
			<val>Cancel</val>
		</str>
		<str name="Browse">
			<val>Browse</val>
		</str>
		<str name="Retry">
			<val>Retry</val>
		</str>
		<str name="Pause">
			<val>Pause</val>
		</str>
		<str name="Resume">
			<val>Resume</val>
		</str>
		<str name="No">
			<val>No</val>
		</str>
		<str name="save">
			<val>Save</val>
		</str>
		<str name="decline">
			<val>Decline</val>
		</str>
		<str name="accept">
			<val>Accept</val>
		</str>
		<str name="cancelInstall">
			<val>Cancel Install</val>
		</str>
		<str name="continue">
			<val>Continue</val>
		</str>
	</set>
	<set name="downloadScreen">
		<str name="title">
			<val>Download</val>
		</str>
	</set>
	<set name="Updates">
		<str name="regularUp">
			<val>Regular updates</val>
		</str>
		<str name="regularUpWithReboot">
			<val>Regular updates.(Restart Required)</val>
		</str>
		<str name="Update">
			<val>Update</val>
		</str>
		<str name="UpToDate">
			<val>Up to date</val>
		</str>
		<str name="newFeatures">
			<val>New features!</val>
		</str>
		<str name="newFeaturesWtihReboot">
			<val>New features.</val>
		</str>
		<str name="RestartReq">
			<val>(Restart Required)</val>
		</str>
		<str name="securityUp">
			<val>Security updates.</val>
		</str>
		<str name="securityUpWithReboot">
			<val>Security updates.(Restart Required)</val>
		</str>
		<str name="Updates">
			<val>Updates</val>
		</str>
		<str name="UpdatesCount">
			<val>Updates ({0})</val>
		</str>
		<str name="Updating">
			<val>Updating...</val>
		</str>
		<str name="UpdateFail">
			<val>Update Failed</val>
		</str>
		<str name="Updated">
			<val>Updated</val>
		</str>
		<str name="UpdateAll">
			<val>Update All</val>
		</str>
		<str name="finishingUp">
			<val>Finishing up...</val>
		</str>
		<str name="UpdateWait">
			<val>Waiting to be updated</val>
		</str>
		<str name="NoNewUpdate">
			<val>You're good! No new updates.</val>
		</str>
		<str name="UpdatingAll">
			<val>Updating all apps...</val>
		</str>
		<str name="CancellingUpdate">
			<val>Cancelling Update...</val>
		</str>
		<str name="CancelUpdate">
			<val>Cancel Update</val>
		</str>
	</set>
	<set name="EulaScreen">
		<str name="title">
			<val>Adobe Software User Agreement</val>
		</str>
	</set>
	<set name="NavigationPanel">
		<str name="preferences">
			<val>My Preferences</val>
		</str>
		<str name="OnlyPreferences">
			<val>Preferences</val>
		</str>
		<str name="help">
			<val>Help</val>
		</str>
		<str name="signOut">
			<val>Sign Out</val>
		</str>
		<str name="allApps">
			<val>All</val>
		</str>
		<str name="allAppsCount">
			<val>All ({0})</val>
		</str>
		<str name="newApps">
			<val>New Apps ({0})</val>
		</str>
	</set>

	<set name="PreferenceScreen">
		<str name="title">
			<val>Preferences</val>
		</str>
		<str name="installOptions">
			<val>Install Options</val>
		</str>
		<str name="language">
			<val>Language:</val>
		</str>
		<str name="installLocation">
			<val>Install Location:</val>
		</str>
		<str name="useDefaultInstallLocation">
			<val>Use default location...</val>
		</str>
		<str name="usingDefaultInstallLocation">
			<val>Default location…</val>
		</str>
		<str name="defaultOptions">
			<val>Always use default install options.</val>
		</str>
		<str name="reportsTitle">
			<val>Reports</val>
		</str>
		<str name="analyticsReport">
			<val>Help Adobe improve the download and install experience by sending installation status reports.</val>
		</str>
	</set>
	<set name="PreferencePathError">
			<str name="LongPath">
				<val>The chosen install path is too long.</val>
			</str>
			<str name="RootDrive">
				<val>Installation to a root drive location is not supported.</val>
			</str>
			<str name="RemovableDrive">
				<val>Installation to a removable flash drive is not supported.</val>
			</str>
			<str name="MappedDrive">
				<val>Installation to mapped network drive is not supported.</val>
			</str>
			<str name="CaseSensitive">
				<val>Installation to case-sensitive volumes is not supported.</val>
			</str>
			<str name="LockedPath">
				<val>Installation to a locked location is not supported.</val>
			</str>
			<str name="Generic">
				<val>Unable to install to chosen location.</val>
			</str>
		</set>
	<set name="networkErrors">
		<str name="networkDisconnect">
			<val>Please connect to internet, then try again.</val>
		</str>
	</set>
	<set name="fileSystemError">
		<str name="fileWriteError">
			<val>Cannot write to {0}.Please select an alternative folder to proceed.</val>
		</str>
		<str name="writePermissionError">
			<val>You do not have permission to write to {0}. Please provide write permissions to this folder and try again.</val>
		</str>
	</set>
	<set name="Progress">
		<str name="extractionProgress">
			<val>Extracting...</val>
		</str>
		<str name="extractionWait">
			<val>Waiting to extract...</val>
		</str>
		<str name="downloading">
			<val>Downloading...</val>
		</str>
		<str name="percentComplete">
			<val>{0}% completed</val>
		</str>
		<str name="percentDownloaded">
			<val>{0}% downloaded</val>
		</str>
		<str name="percentInstalled">
			<val>{0}% installed</val>
		</str>
		<str name="percentMbOfMb">
			<val>{0} MB of {1} MB downloading</val>
		</str>
		<str name="percentMbOfGb">
			<val>{0} MB of {1} GB downloading</val>
		</str>
		<str name="percentGbOfGb">
			<val>{0} GB of {1} GB downloading</val>
		</str>
		<str name="minutesRemaining">
			<val>about {0} minutes remaining</val>
		</str>
		<str name="minuteRemaining">
			<val>about {0} minute remaining</val>
		</str>
		<str name="lessThanMinute">
			<val>less than a minute</val>
		</str>
		<str name="calculatingTime">
			<val>calculating remaining time</val>
		</str>
		<str name="downloadWait">
			<val>Waiting to download...</val>
		</str>
		<str name="downloadCancel">
			<val>Cancelling Download...</val>
		</str>
		<str name="install">
			<val>Install</val>
		</str>
		<str name="try">
			<val>Try</val>
		</str>
		<str name="installing">
			<val>Installing...</val>
		</str>
		<str name="installWait">
			<val>Waiting to install...</val>
		</str>
		<str name="installCancel">
			<val>Cancelling Installation...</val>
		</str>
		<str name="installComplete">
			<val>Installation Complete</val>
		</str>
		<str name="closing">
			<val>Closing...</val>
		</str>
		<str name="alreadyInstalled">
			<val>Installed</val>
		</str>
		<str name="trialDaysRemaining">
			<val>In Trial, {0} days remaining</val>
		</str>
		<str name="trialDayRemaining">
			<val>In Trial, {0} day remaining</val>
		</str>
		<str name="appLaunch">
			<val>Launch App</val>
		</str>
	</set>

	<set name="UpdateErrors">
		<str name="fileWriteError">
			<val>Unable to write to file/folder. You may exit now, try after disabling your anti-virus, or contact {0}customer support{1}.</val>
		</str>
		<str name="genericInstallFailure">
			<val>There was an error installing this update. Please try again later or contact {0}customer support{1}.</val>
		</str>
		<str name="updaterNotRunning">
			<val>Oops! The patch installer doesn't seem to be running. You may exit for now and try to update again later.</val>
		</str>
		<str name="updateNotApplicable">
			<val>This update is not applicable for pre-release/beta versions of this product.</val>
		</str>
		<str name="unableToApplySassafras">
			<val>Unable to update keyed products. Please contact your Sassafras Administrator for more information.</val>
		</str>
		<str name="conflictingProcessErrTitle">
			<val>{0} Update</val>
		</str>
		<str name="patchModeSyncErrorTitle">
			<val>There's a problem!</val>
		</str>
		<str name="appMovedErrTitle">
			<val>Application could not be found. Restore in case it was trashed/moved to a different volume. Reinstall the application otherwise.</val>
		</str>
		<str name="adminPriviledgeUpdateErr">
			<val>Administrator privileges are required to update. Please retry, or cancel to update later.</val>
		</str>
		<str name="aamuAlreadyRunningErr">
			<val>Adobe Application Manager is already running; please close other instances before applying updates. Or contact {0}Customer Support{1}.</val>
		</str>
	</set>

	<set name="DownloadErrors">
		<str name="retryingTitle">
			<val>Retrying...</val>
		</str>
		<str name="commonDownloadErrTitle">
			<val>Download Error</val>
		</str>
		<str name="commonDownloadErr">
			<val>Download error. Press Retry to try again or contact {0}customer support{1}.</val>
		</str>
		<str name="fatalDownloadErr">
			<val>Download error. Please contact {0}customer support{1}.</val>
		</str>
		<str name="genericWriteErr">
			<val>Error accessing hard drive. Press Retry to try again or contact {0}customer support{1}.</val>
		</str>
		<str name="diskSpaceError">
			<val>Insufficient disk space. Please clear space on {0} and try again.</val>
		</str>
		<str name="writeError">
			<val>Error writing to temporary file location. If this problem persists contact {0}customer support{1}.</val>
		</str>
		<str name="InvalidFile">
			<val>The download appears corrupted. Press Cancel, wait a few minutes and try again.</val>
		</str>
		<str name="networkUnavailable">
			<val>Unable to reach Adobe servers. Please check your internet connectivity, firewall settings, and then try again.</val>
		</str>
		<str name="networkUnavailableRetry">
			<val>Server not responding. Please check your internet and firewall settings then press Retry to try again.</val>
		</str>
		<str name="maxPathErr">
			<val>Download path too long. Please contact {0}customer support{1}.</val>
		</str>
		<str name="pathUnavailable">
			<val>Download path unavailable. Please try again. If this problem persists contact {0}customer support{1}.</val>
		</str>
		<str name="pathUnavailableFatal">
			<val>Download path unavailable. Please quit and try again later. If this problem persists contact {0}customer support{1}.</val>
		</str>
	</set>

	<set name="PreferenceErrors">
		<str name="maxPathErr">
			<val>Install path too long. Select another install location in your preferences and try again.</val>
		</str>
		<str name="rootPathErr">
			<val>Cannot install to root path.</val>
		</str>
		<str name="flashPathErr">
			<val>Unable to install to a removable drive.</val>
		</str>
		<str name="networkPathErr">
			<val>Unable to install to a network drive.</val>
		</str>
		<str name="caseSensitivePathErr">
			<val>Unable to install on case sensitive drive.</val>
		</str>
		<str name="GenericErr">
			<val>Install path error. Select another install location in your preferences and try again.</val>
		</str>
	</set>
	
	<set name="InstallErrors">
		<str name="installFailed">
			<val>Installation Failed</val>
		</str>
		<str name="InitializeFailed">
			<val>Unable to install product. Press Retry to download again.</val>
		</str>
		<str name="conflictErr">
			<val>A conflicting or prerelease version of {0} exists on this computer. Please quit and uninstall the prior version before continuing.</val>
		</str>
		<str name="betaVersionErr">
			<val>A beta version of this product exists on the computer. Please quit and uninstall that version before continuing; contact {0}customer support{1}</val>
		</str>
		<str name="msiRunningErr">
			<val>Another installer is already running. Please wait for it to finish and try again.</val>
		</str>
		<str name="aamRunningErr">
			<val>Application Manager already running. Please wait for it to finish and try again.</val>
		</str>
		<str name="adminPriviledgeErr">
			<val>Administrator privileges are required to install. Please retry, or cancel to install later.</val>
		</str>
		<str name="applicationList">
			<val>- {0}</val>
		</str>
		<str name="LockedPathErr">
			<val>{0} locked. Select another install location in your preferences or unlock the folder. Then try again.</val>
		</str>
		<str name="accessPermissionErr">
			<val>{0} does not have write access. Select another install location in your preferences or provide write access to the folder. Then try again.</val>
		</str>
		<str name="installPathErr">
			<val>Install path error. Select another install location in your preferences and try again.</val>
		</str>
		<str name="systemReqErr">
			<val>System requirements not met. See the {0}minimum system requirements{1} for more details.</val>
		</str>
		<str name="diskSpaceErr">
			<val>Insufficient disk space. Select another install location in your preferences or clear disk space and try again.</val>
		</str>
		<str name="conflictingProcessErr">
			<val>Please close the following applications to continue:</val>
		</str>
		<str name="conflictingProcessErrTitle">
			<val>{0} Install</val>
		</str>
		<str name="SyncFailureError">
			<val>Installation encountered an error. Please restart your system and try again.</val>
		</str>
		<str name="criticalInstallErr">
			<val>Errors encountered during installation. {0}More details{1}.</val>
		</str>
		<str name="recommendedInstallErr">
			<val>Installation completed though some recommended components failed to install correctly. {0}More details{1}.</val>
		</str>
		<str name="mediadbSyncErr">
			<val>Installation completed though some components failed to install correctly. {0}More details{1}.</val>
		</str>
		<str name="aamCorruptErr">
			<val>Adobe Application Manager is corrupted and must be reinstalled. {0}Download now{1}, or  contact {2}customer support{3}.</val>
		</str>
		<str name="doneWithError">
			<val>Installation completed though some optional components failed to install correctly. {0}More details{1}.</val>
		</str>
		<str name="relaunchAAM">
			<val>There was a problem. Please quit Adobe Application Manager and try again. That should fix the issue.</val>
		</str>
	</set>

	<set name="ExtractionErrors">
		<str name="badPathErr">
			<val>Unable to extract the downloaded files. Press Retry to download again.</val>
		</str>
		<str name="diskSpaceErr">
			<val>Insufficient disk space to extract files. Please clear space on {0} and try again.</val>
		</str>
		<str name="writePermissionErr">
			<val>{0} is missing or protected. Please create the path, ensure you have write access and try again.</val>
		</str>
		<str name="maxPathErr">
			<val>Unable to extract to temp directory. Please contact {1}customer support{2}.</val>
		</str>
		<str name="genericExtractionErr">
			<val>Unable to extract files. Press Retry to download again or contact {0}customer support{1}.</val>
		</str>
	</set>
	<set name="CommonErrors">
		<str name="errorBracket">
			<val> ({0})</val>
		</str>
	</set>

	<set name="authProxy">
		<str name="authTitle">
			<val>One more thing...</val>
		</str>
		<str name="authDesc">
			<val>Please enter your proxy username and password to continue. This usually happens if you are behind a firewall.</val>
		</str>
		<str name="userName">
			<val>Username:</val>
		</str>
		<str name="password">
			<val>Password:</val>
		</str>
		<str name="rememberCredentials">
			<val>Remember my proxy information.</val>
		</str>

	</set>

	<set name="Common">
		<str name="GB">
			<val>GB</val>
		</str>
		<str name="launching">
			<val>Launching...</val>
		</str>
		<str name="QuitConfirmation">
			<val>Are you sure you want to quit? All active downloads and installs will be cancelled.</val>
		</str>
		<str name="SingleQuitConfirmation">
			<val>Are you sure that you want to cancel this installation?</val>
		</str>
		<str name="SingleUpdateQuitConfirmation">
			<val>Are you sure that you want to cancel this update?</val>
		</str>
		<str name="ErrorSummaryText">
			<val>The {0}error summary{1} file may help you identify the issue.</val>
		</str>
		<str name="CustomerSupportText">
			<val>If the problems persist, please contact {0}Customer Support{1} for further assistance.</val>
		</str>
		<str name="CustomerSupportLink">
			<val>http://www.adobe.com/go/support_uk</val>
		</str>
		<str name="goSupportLink">
			<val>http://www.adobe.com/go/customer_support_uk</val>
		</str>
		<str name="sysReqLink">
			<val>http://www.adobe.com/go/cc_techspecs_uk</val>
		</str>
		<str name="aamDownloadLink">
			<val>http://www.adobe.com/go/applicationmanager_uk</val>
		</str>
		<str name="MB">
			<val>MB</val>
		</str>
		<str name="KB">
			<val>KB</val>
		</str>
		<str name="of">
			<val>of</val>
		</str>
		<str name="decimalSeparator">
			<val>.</val>
		</str>
		<str name="langFallbackStr">
			<val>(In {0})</val>
		</str>
		<str name="commaSeparator">
			<val>,</val>
		</str>
		<str name="upgradeConfirmation">
			<val>Installing {0} in trial will uninstall prior versions of {1}.</val>
		</str>
		<str name="upgradeConfirmationTitle">
			<val>Please note...</val>
		</str>
	</set>
	
	<set name="isoToLanguage">
		<str name="ar_AE" translate="no"><val>العربية</val></str>
		<str name="en_GB" translate="no"><val>English (International)</val></str> 
		<str name="fr_CA" translate="no"><val>Français canadien</val></str>
		<str name="es_QM" translate="no"><val>Español (Middle East)</val></str>
		<str name="es_LA" translate="no"><val>Español de América Latina</val></str>
		<str name="es_NA" translate="no"><val>Español Norteamericano</val></str>
		<str name="bg_BG" translate="no"><val>Български</val></str>
		<str name="lv_LV" translate="no"><val>Latviešu</val></str>
		<str name="et_EE" translate="no"><val>Eesti</val></str>
		<str name="hr_HR" translate="no"><val>hrvatski</val></str>
		<str name="sl_SI" translate="no"><val>slovenščina</val></str>
		<str name="sk_SK" translate="no"><val>slovenčina</val></str>
		<str name="th_TH" translate="no"><val>ภาษาไทย</val></str> 
		<str name="vi_VN" translate="no"><val>Việt</val></str>
		<str name="en_XC" translate="no"><val>English (Central Europe)</val></str> 
		<str name="en_XM" translate="no"><val>English (Middle East)</val></str>
		<str name="fr_XM" translate="no"><val>Français Oriental Moyen</val></str>
		<str name="sq_AL" translate="no"><val>Shqip</val></str> 
		<str name="ar_SA" translate="no"><val>العربية</val></str>
		<str name="be_BY" translate="no"><val>Беларуская</val></str> 
		<str name="ca_ES" translate="no"><val>Català</val></str> 
		<str name="hi_IN" translate="no"><val>हिन्दी</val></str>
		<str name="is_IS" translate="no"><val>Íslenska</val></str> 
		<str name="lt_LT" translate="no"><val>Lietuvių</val></str>
		<str name="mk_MK" translate="no"><val>македонски</val></str>
		<str name="nn_NO" translate="no"><val>Norsk (Nynorsk)</val></str>
		<str name="pt_PT" translate="no"><val>Português de Portugal</val></str> 
		<str name="sh_YU" translate="no"><val>Srpsko-Hrvatski</val></str> 
		<str name="sr_YU" translate="no"><val>Cрпски</val></str> 
		<str name="kk_KZ" translate="no"><val>Қазақ</val></str>
		<str name="az_AZ" translate="no"><val>Azərbaycan dili</val></str> 
		<str name="es_MX" translate="no"><val>Español (América Latina)</val></str>
		<str name="no_NO" translate="no"><val>Norwegian</val></str> 
		<str name="cs_CZ" translate="no"><val>Česky</val></str>
		<str name="de_DE" translate="no"><val>Deutsch</val></str>
		<str name="el_GR" translate="no"><val>Ελληνικά</val></str>
		<str name="en_US" translate="no"><val>English (North America)</val></str> 
		<str name="es_ES" translate="no"><val>Español</val></str> 
		<str name="fr_FR" translate="no"><val>Français</val></str>
		<str name="he_IL" translate="no"><val>עברית</val></str> 
		<str name="hu_HU" translate="no"><val>Magyar</val></str> 
		<str name="it_IT" translate="no"><val>Italiano</val></str>
		<str name="ja_JP" translate="no"><val>日本語</val></str>
		<str name="ko_KR" translate="no"><val>한국어</val></str>
		<str name="nl_NL" translate="no"><val>Nederlands</val></str>
		<str name="pl_PL" translate="no"><val>Polski</val></str>
		<str name="ro_RO" translate="no"><val>Română</val></str>
		<str name="ru_RU" translate="no"><val>Pусский</val></str>
		<str name="sv_SE" translate="no"><val>Svenska</val></str>
		<str name="tr_TR" translate="no"><val>Türkçe</val></str>
		<str name="uk_UA" translate="no"><val>Українська</val></str>
		<str name="zh_CN" translate="no"><val>简体中文</val></str>
		<str name="zh_TW" translate="no"><val>繁體中文</val></str>
		<str name="da_DK" translate="no"><val>Dansk</val></str>
		<str name="fi_FI" translate="no"><val>Suomi</val></str>
		<str name="nb_NO" translate="no"><val>Norsk (Bokmål)</val></str> 
		<str name="pt_BR" translate="no"><val>Português do Brasil</val></str>
		<str name="en_AE" translate="no"><val>English يدعم العربية</val></str> 
		<str name="en_IL" translate="no"><val>English תומך עברית</val></str> 
		<str name="fr_MA" translate="no"><val>Français (Maroc)</val></str>
    </set>
	
	<set name="isoToFallbackLanguage">
		<str name="ar_AE" translate="no"><val>العربية</val></str>
		<str name="en_GB" translate="yes"><val>English</val></str> 
		<str name="fr_CA" translate="no"><val>Français canadien</val></str>
		<str name="es_QM" translate="no"><val>Español</val></str>
		<str name="es_LA" translate="no"><val>Español de América Latina</val></str>
		<str name="es_NA" translate="no"><val>Español Norteamericano</val></str>
		<str name="bg_BG" translate="no"><val>Български</val></str>
		<str name="lv_LV" translate="no"><val>Latviešu</val></str>
		<str name="et_EE" translate="no"><val>Eesti</val></str>
		<str name="hr_HR" translate="no"><val>hrvatski</val></str>
		<str name="sl_SI" translate="no"><val>slovenščina</val></str>
		<str name="sk_SK" translate="no"><val>slovenčina</val></str>
		<str name="th_TH" translate="no"><val>ภาษาไทย</val></str> 
		<str name="vi_VN" translate="no"><val>Việt</val></str>
		<str name="en_XC" translate="yes"><val>English</val></str> 
		<str name="en_XM" translate="yes"><val>English</val></str>
		<str name="fr_XM" translate="no"><val>Français Oriental Moyen</val></str>
		<str name="sq_AL" translate="no"><val>Shqip</val></str> 
		<str name="ar_SA" translate="no"><val>العربية</val></str>
		<str name="be_BY" translate="no"><val>Беларуская</val></str> 
		<str name="ca_ES" translate="no"><val>Català</val></str> 
		<str name="hi_IN" translate="no"><val>हिन्दी</val></str>
		<str name="is_IS" translate="no"><val>Íslenska</val></str> 
		<str name="lt_LT" translate="no"><val>Lietuvių</val></str>
		<str name="mk_MK" translate="no"><val>македонски</val></str>
		<str name="nn_NO" translate="no"><val>Norsk</val></str>
		<str name="pt_PT" translate="no"><val>Português de Portugal</val></str> 
		<str name="sh_YU" translate="no"><val>Srpsko-Hrvatski</val></str> 
		<str name="sr_YU" translate="no"><val>Cрпски</val></str> 
		<str name="kk_KZ" translate="no"><val>Қазақ</val></str>
		<str name="az_AZ" translate="no"><val>Azərbaycan dili</val></str> 
		<str name="es_MX" translate="no"><val>Español</val></str>
		<str name="no_NO" translate="no"><val>Norwegian</val></str> 
		<str name="cs_CZ" translate="no"><val>Česky</val></str>
		<str name="de_DE" translate="no"><val>Deutsch</val></str>
		<str name="el_GR" translate="no"><val>Ελληνικά</val></str>
		<str name="en_US" translate="yes"><val>English</val></str> 
		<str name="es_ES" translate="no"><val>Español</val></str> 
		<str name="fr_FR" translate="no"><val>Français</val></str>
		<str name="he_IL" translate="no"><val>עברית</val></str> 
		<str name="hu_HU" translate="no"><val>Magyar</val></str> 
		<str name="it_IT" translate="no"><val>Italiano</val></str>
		<str name="ja_JP" translate="no"><val>日本語</val></str>
		<str name="ko_KR" translate="no"><val>한국어</val></str>
		<str name="nl_NL" translate="no"><val>Nederlands</val></str>
		<str name="pl_PL" translate="no"><val>Polski</val></str>
		<str name="ro_RO" translate="no"><val>Română</val></str>
		<str name="ru_RU" translate="no"><val>Pусский</val></str>
		<str name="sv_SE" translate="no"><val>Svenska</val></str>
		<str name="tr_TR" translate="no"><val>Türkçe</val></str>
		<str name="uk_UA" translate="no"><val>Українська</val></str>
		<str name="zh_CN" translate="yes"><val>简体中文</val></str>
		<str name="zh_TW" translate="yes"><val>繁體中文</val></str>
		<str name="da_DK" translate="no"><val>Dansk</val></str>
		<str name="fi_FI" translate="no"><val>Suomi</val></str>
		<str name="nb_NO" translate="no"><val>Norsk</val></str> 
		<str name="pt_BR" translate="no"><val>Português do Brasil</val></str>
		<str name="en_AE" translate="no"><val>English يدعم العربية</val></str> 
		<str name="en_IL" translate="no"><val>English תומך עברית</val></str> 
		<str name="fr_MA" translate="no"><val>Français</val></str>
    </set>
	
	<set name="register">
		<set name="subscription">
			<str name="title">
				<val>Sign In Required</val>
			</str>			
			<str name="message">
				<val>Sign in is required to use this product and register it under your Adobe ID. Your Adobe ID provides you an easy way to access your serial numbers, as well as Adobe Creative Cloud and the Adobe.com community.</val>
			</str>
			<str name="userEmail">
				<val>We will sign you in as Adobe ID: {0}.</val>
			</str>
			<str name="notYou">
				<val>(Not your Adobe ID?)</val>
			</str>
			<str name="signInNow">
				<val>Sign in now</val>
			</str>
			<str name="signIn">
				<val>Sign in</val>
			</str>
			<str name="back">
				<val>Back</val>
			</str>
		</set>
	</set>
	<set name="AdobeIdScreen">
		<str name="signinHeader">
			<val>Please sign in with your Adobe ID</val>
		</str>
		<str name="signinSubheader">
			<val>We want to make sure you get all the right apps</val>
		</str>
		<str name="username">
			<val>Adobe ID:</val>
		</str>
		<str name="password">
			<val>Password:</val>
		</str>
		<str name="cancel">
			<val>Cancel</val>
		</str>
		<str name="Quit">
			<val>Quit</val>
		</str>
		<str name="createAdobeID">
			<val>Create an Adobe ID</val>
		</str>
		<str name="forgotYourPassword">
			<val>Forgot password?</val>
		</str>
		<str name="usernameSample">
			<val>john@doe.com</val>
		</str>
		<str name="save">
			<val>Sign In</val>
		</str>
		<str name="createAdobeIDURL">
			<val>/go/adobemembership</val>
		</str>
		<str name="forgotYourPasswordURL">
			<val>/go/forgetpassword</val>
		</str>
	</set>
	<set name="AdobeIdScreenErrors">
	    <str name="doesNotExist">
			<val>Adobe ID does not exist</val>
		</str>
		<str name="invalidCredentials">
			<val>Adobe ID and password do not match.</val>
		</str>
		<str name="loginDeny">
			<val>Maximum login attempts exceeded. Please quit and try again.</val>
		</str>
		<str name="malformedAdobeId">
			<val>Invalid Adobe ID.</val>
		</str>
		<str name="networkError">
			<val>Unable to contact Adobe. Please connect to the internet and try again.</val>
		</str>
		<str name="internalError">
			<val>Internal error. Unable to sign in.</val>
		</str>
	</set>
	<set name="OptinDialog">
	    <str name="title">
			<val>We thought we'd let you know.</val>
		</str>
		<str name="optinText">
			<val>When you download this trial product, you are agreeing that we, and companies that help us run our business, may use your information and send you marketing communications via email, mail, or telephone in accordance with our  &lt;a href='{0}'&gt;Privacy Policy&lt;/a&gt;. You may opt-out of receiving future emails by clicking the unsubscribe link in any email you receive from us.</val>
		</str>
		<str name="privacyLink" translate="yes">
			<val>http://www.adobe.com/go/privacy_uk</val>
		</str>
		<str name="adobeLink">
			<val>http://www.adobe.com/_uk</val>
		</str>
		<str name="cancel">
			<val>Cancel</val>
		</str>
		<str name="ok">
			<val>Ok</val>
		</str>
	</set>
	<set name="EligibleTrialistDialog">
	    <str name="title">
			<val>Wait a minute...</val>
		</str>
		<str name="message">
			<val>Based on your current preferences language {0}, {1} will install in trial. Change your preferences language to an entitled locale for a full product.</val>
		</str>
		<str name="installTrial">
			<val>Install Trial</val>
		</str>
		<str name="cancel">
			<val>Cancel</val>
		</str>
		<str name="changePrefs">
			<val>Change Preferences</val>
		</str>
	</set>
	<set name="LanguageSelectionDialog">
	    <str name="sl_title">
			<val>Change your language</val>
		</str>
		<str name="sl_message">
			<val>Please change your language {0}Preferences{1} from {2} {3}to {4}{5} so that we can notify you of any updates for your purchased product {6}{7}{8}.</val>
		</str>
		<str name="changeNow">
			<val>Change Now</val>
		</str>
		<str name="changeLater">
			<val>Change Later</val>
		</str>
		<str name="ml_title">
			<val>Choose a language</val>
		</str>
		<str name="ml_message">
			<val>Please select a language to install your product.</val>
		</str>
		<str name="ml_info">
			<val>It will also be set as the default language in {0}Preferences{1}, which you may change later.</val>
		</str>
		<str name="continue">
			<val>Continue</val>
		</str>
	</set>
</asf>
