<?xml version='1.0' encoding='utf-8'?>
<!DOCTYPE asf SYSTEM "http://ns.adobe.com/asf/asf_1_0.dtd" >
<asf xmlns="http://ns.adobe.com/asf" locale="es_ES" version="1.0">
	
	<set name="common">
		<str name="windowTitle" translate="yes">
			<val>Producto de Adobe</val>
		</str>
		<str name="day" translate="yes">
			<val>día</val>
		</str>
		<str name="days" translate="yes">
			<val>días</val>
		</str>
	</set>
	
	<set name="eula">
		<str name="eula" translate="yes">
			<val>Acuerdo de licencia del software de Adobe</val>
		</str>
		<str name="accept" translate="yes">
			<val>Aceptar</val>
		</str>
		<str name="quit" translate="yes">
			<val>Salir</val>
		</str>		
	</set>

	<set name="register">
		<set name="trial">
			<set name="online">
				<str name="title" translate="yes">
					<val>Inicio de sesión obligatorio</val>
				</str>
				<str name="message" translate="yes">
					<val>Inicie sesión con el ID de Adobe para usar la versión de prueba de {0}.</val>
				</str>
				<str name="message_device" translate="yes">
					<val>A continuación, vamos a registrar la versión de prueba con su ID de Adobe: {0}.</val>
				</str>
				<str name="notYou" translate="yes">
					<val>(¿No es su ID de Adobe?)</val>
				</str>
				<str name="signInNow" translate="yes">
					<val>Iniciar sesión ahora</val>
				</str>
				<str name="signIn" translate="yes">
					<val>Iniciar sesión</val>
				</str>
				<str name="termTitle" translate="yes">
					<val>Términos y condiciones de la versión de prueba del software.</val>
				</str>
				<str name="termPara1" translate="yes">
					<val>Es posible que se le solicite facilitar a Adobe información opcional para poder personalizar contenidos para usted. Puede desactivar estos contenidos personalizados en cualquier momento yendo a Configuración de privacidad, en la pantalla de la versión de prueba.</val>
				</str>
				<str name="termPara2" translate="yes">
					<val>Para obtener información sobre los datos de uso del producto recopilados y el uso que Adobe hace de estos datos, incluido el modo en que le ofrecemos productos acordes con sus intereses, {0}haga clic aquí{1} y consulte la {2}Política de privacidad de Adobe en línea{3}</val>
				</str>
				<str name="privacyPortalLink" translate="yes">
					<val>http://www.adobe.com/go/adobe_privacy_portal_es</val>
				</str>
				<str name="privacyPolicyLink" translate="yes">
					<val>http://www.adobe.com/go/privacy_es</val>
				</str>
			</set>
		</set>
		
		<set name="subscription">
			<str name="title" translate="yes">
				<val>Inicio de sesión obligatorio</val>
			</str>			
			<str name="message" translate="yes">
				<val>Es obligatorio iniciar sesión para usar este producto y registrarlo con su ID de Adobe. Su ID de Adobe le proporciona una forma sencilla de acceder a sus números de serie, a Adobe Creative Cloud y a la comunidad de Adobe.com.</val>
			</str>
			<str name="userEmail" translate="yes">
				<val>Se iniciará su sesión con este ID de Adobe: {0}.</val>
			</str>
			<str name="notYou" translate="yes">
				<val>(¿No es su ID de Adobe?)</val>
			</str>
			<str name="signInNow" translate="yes">
				<val>Iniciar sesión ahora</val>
			</str>
			<str name="signIn" translate="yes">
				<val>Iniciar sesión</val>
			</str>
			<str name="back" translate="yes">
				<val>Atrás</val>
			</str>
		</set>
		
		
		<set name="serial">
			<set name="grace">
				<str name="title" translate="yes">
					<val>Inicio de sesión obligatorio</val>
				</str>			
				<str name="message" translate="yes">
					<val>Debe iniciar sesión en {1} con un ID de Adobe para registrar {0}; de lo contrario, dejará de funcionar.</val>
				</str>
				<str name="benefit" translate="yes">
					<val>Su ID de Adobe le proporciona una forma sencilla de acceder a sus números de serie, así como a Adobe Creative Cloud y a la comunidad de Adobe.com.</val>
				</str>
				<str name="userEmail" translate="yes">
					<val>Iniciaremos sesión con este ID de Adobe: {0}.</val>
				</str>
				<str name="notYou" translate="yes">
					<val>(¿No es su ID de Adobe?)</val>
				</str>
				<str name="signInNow" translate="yes">
					<val>Iniciar sesión ahora</val>
				</str>
				<str name="signIn" translate="yes">
					<val>Iniciar sesión</val>
				</str>
				<str name="signInLater" translate="yes">
					<val>Iniciar sesión más adelante</val>
				</str>
			</set>
			
			<set name="post_grace">
				<str name="title" translate="yes">
					<val>Inicio de sesión obligatorio</val>
				</str>			
				<str name="message" translate="yes">
					<val>Debe iniciar sesión con su ID de Adobe para registrar {0} antes de volver a utilizar este software.</val>
				</str>
				<str name="benefit" translate="yes">
					<val>Su ID de Adobe le proporciona una forma sencilla de acceder a sus números de serie, así como a Adobe Creative Cloud y a la comunidad de Adobe.com.</val>
				</str>
				<str name="userEmail" translate="yes">
					<val>Iniciaremos sesión con este ID de Adobe: {0}.</val>
				</str>
				<str name="notYou" translate="yes">
					<val>(¿No es su ID de Adobe?)</val>
				</str>
				<str name="signInNow" translate="yes">
					<val>Iniciar sesión ahora</val>
				</str>
				<str name="signIn" translate="yes">
					<val>Iniciar sesión</val>
				</str>
				<str name="signInLater" translate="yes">
					<val>Iniciar sesión más adelante</val>
				</str>
			</set>
		
			<set name="post_bonus">
				<str name="title" translate="yes">
					<val>Inicio de sesión obligatorio</val>
				</str>			
				<str name="message" translate="yes">
					<val>No puede utilizar {0} sin iniciar sesión con su ID de Adobe para realizar el registro.</val>
				</str>
				<str name="benefit" translate="yes">
					<val>Su ID de Adobe le proporciona una forma sencilla de acceder a sus números de serie, así como a Adobe Creative Cloud y a la comunidad de Adobe.com.</val>
				</str>
				<str name="userEmail" translate="yes">
					<val>Iniciaremos sesión con este ID de Adobe: {0}.</val>
				</str>
				<str name="notYou" translate="yes">
					<val>(¿No es su ID de Adobe?)</val>
				</str>
				<str name="signInNow" translate="yes">
					<val>Iniciar sesión ahora</val>
				</str>
				<str name="signIn" translate="yes">
					<val>Iniciar sesión</val>
				</str>
				<str name="quit" translate="yes">
					<val>Salir</val>
				</str>
			</set>
		
			<set name="go_online_grace">
				<str name="title" translate="yes">
					<val>Inicio de sesión obligatorio</val>
				</str>			
				<str name="message" translate="yes">
					<val>Conéctese a Internet. Debe iniciar sesión en {1} con su ID de Adobe para registrar {0}; de lo contrario, dejará de funcionar.</val>
				</str>
				<str name="benefit" translate="yes">
					<val>Su ID de Adobe le proporciona una forma sencilla de acceder a sus números de serie, así como a Adobe Creative Cloud y a la comunidad de Adobe.com.</val>
				</str>
				<str name="userEmail" translate="yes">
					<val>Iniciaremos sesión con este ID de Adobe: {0}.</val>
				</str>
				<str name="notYou" translate="yes">
					<val>(¿No es su ID de Adobe?)</val>
				</str>
				<str name="noInternet" translate="yes">
					<val>¿Tiene problemas para conectarse a Internet?</val>
				</str>
				<str name="signInNow" translate="yes">
					<val>Iniciar sesión ahora</val>
				</str>
				<str name="signIn" translate="yes">
					<val>Iniciar sesión</val>
				</str>
				<str name="signInLater" translate="yes">
					<val>Iniciar sesión más adelante</val>
				</str>
			</set>
		
			<set name="go_online_post_grace">
				<str name="title" translate="yes">
					<val>Inicio de sesión obligatorio</val>
				</str>			
				<str name="message" translate="yes">
					<val>Debe iniciar sesión con su ID de Adobe para registrar {0} antes de volver a utilizar este software.</val>
				</str>
				<str name="benefit" translate="yes">
					<val>Su ID de Adobe le proporciona una forma sencilla de acceder a sus números de serie, así como a Adobe Creative Cloud y a la comunidad de Adobe.com.</val>
				</str>
				<str name="userEmail" translate="yes">
					<val>Iniciaremos sesión con este ID de Adobe: {0}.</val>
				</str>
				<str name="notYou" translate="yes">
					<val>(¿No es su ID de Adobe?)</val>
				</str>
				<str name="noInternet" translate="yes">
					<val>¿Tiene problemas para conectarse a Internet?</val>
				</str>
				<str name="signInNow" translate="yes">
					<val>Iniciar sesión ahora</val>
				</str>
				<str name="signIn" translate="yes">
					<val>Iniciar sesión</val>
				</str>
				<str name="signInLater" translate="yes">
					<val>Iniciar sesión más adelante</val>
				</str>
			</set>
		
			<set name="go_online_post_bonus">
				<str name="title" translate="yes">
					<val>Inicio de sesión obligatorio</val>
				</str>			
				<str name="message" translate="yes">
					<val>No puede utilizar {0} sin iniciar sesión con su ID de Adobe para realizar el registro.</val>
				</str>
				<str name="benefit" translate="yes">
					<val>Su ID de Adobe le proporciona una forma sencilla de acceder a sus números de serie, así como a Adobe Creative Cloud y a la comunidad de Adobe.com.</val>
				</str>
				<str name="userEmail" translate="yes">
					<val>Iniciaremos sesión con este ID de Adobe: {0}.</val>
				</str>
				<str name="noInternet" translate="yes">
					<val>¿Tiene problemas para conectarse a Internet?</val>
				</str>
				<str name="notYou" translate="yes">
					<val>(¿No es su ID de Adobe?)</val>
				</str>
				<str name="signInNow" translate="yes">
					<val>Iniciar sesión ahora</val>
				</str>
				<str name="signIn" translate="yes">
					<val>Iniciar sesión</val>
				</str>
				<str name="quit" translate="yes">
					<val>Salir</val>
				</str>
			</set>
		</set>
	</set>
	
	
	<set name="registerOptional">
		<set name="serial">
			<str name="title" translate="yes">
				<val>Registro del producto</val>
			</str>			
			<str name="paragraphOneText" translate="yes">
				<val>Registre {0} con su ID de Adobe.</val>
			</str>
			<str name="paragraphOneTextWithAdobeID" translate="yes">
				<val>Registre {0} con su ID de Adobe:</val>
			</str>
			<str name="paragraphTwoHeader" translate="yes">
				<val>Al registrar el producto, podrá realizar lo siguiente:</val>
			</str>
			<str name="pointOne" translate="yes">
				<val>Obtener acceso a soporte técnico</val>
			</str>
			<str name="pointTwo" translate="yes">
				<val>Realizar el seguimiento de su número de serie</val>
			</str>
			<str name="pointThree" translate="yes">
				<val>Ser uno de los primeros en conseguir actualizaciones y notificaciones sobre {0}</val>
			</str>
			<str name="pointFour" translate="yes">
				<val>Obtener {0}ventajas adicionales{1} por registrarse.</val>
			</str>
			<str name="complementaryBenefitsLink" translate="yes">
				<val>https://www.adobe.com/go/benefit_es</val>
			</str>
			<str name="notYou" translate="yes">
				<val>(¿No es usted?)</val>
			</str>
			<str name="neverCheckBoxText" translate="yes">
				<val>No volver a mostrar esto</val>
			</str>
			<str name="registerNow" translate="yes">
				<val>Registrar ahora</val>
			</str>
			<str name="skip" translate="yes">
				<val>Omitir</val>
			</str>
		</set>
	</set>
	
	<set name="trialLaunch">
		<str name="title" translate="yes">
			<val>Prueba de {0}</val>
		</str>
		
		<set name="start">
			<str name="info" translate="yes">
				<val>Puede probar este producto durante {0} días.</val>
			</str>
			<str name="info_day" translate="yes">
				<val>Puede probar este producto durante {0} día.</val>
			</str>
			<str name="additionalInfo" translate="yes">
				<val>Una vez finalizado el periodo de prueba, puede continuar utilizando {0} si adquiere el software.</val>
			</str>
		</set>
		
		<set name="grace">
			<str name="info" translate="yes">
				<val>Su versión de prueba caduca en {0} días.</val>
			</str>
			<str name="info_day" translate="yes">
				<val>Su versión de prueba caduca en {0} día.</val>
			</str>
			<str name="additionalInfo" translate="yes">
				<val>Una vez finalizado el periodo de prueba, puede continuar utilizando {0} si adquiere el software.</val>
			</str>
		</set>
		
		<set name="bonus">
			<str name="info" translate="yes">
				<val>Último inicio de la versión de prueba</val>
			</str>
			<str name="additionalInfo" translate="yes">
				<val>Su versión de prueba ha caducado, pero puede utilizar {0} una última vez.</val>
			</str>
			<str name="bonusInfo" translate="yes">
				<val>Puede continuar utilizando {0} si adquiere el software.</val>
			</str>
		</set>
		
		<set name="expired">
			<str name="info" translate="yes">
				<val>Su versión de prueba ha caducado.</val>
			</str>
			<str name="additionalInfo" translate="yes">
				<val>Puede continuar utilizando {0} si adquiere el software.</val>
			</str>
		</set>
		
		<str name="daysRemaining" translate="yes">
			<val>Días restantes</val>
		</str>
		<str name="dayRemaining" translate="yes">
			<val>Día restante</val>
		</str>
		<str name="buy" translate="yes">
			<val>Comprar ahora</val>
		</str>
		<str name="buyLink" translate="no">
			<val>http://www.adobe.com/go/buy</val>
		</str>
		<str name="continue" translate="yes">
			<val>Continuar versión de prueba</val>
		</str>
		<str name="startTrial" translate="yes">
			<val>Iniciar versión de prueba</val>
		</str>
		<str name="enterSerial" translate="yes">
			<val>Licencia de este software</val>
		</str>		
	</set>
	
	<set name="deactivate">
		<str name="title" translate="yes">
			<val>Desactivar</val>
		</str>
		<str name="title_Fail" translate="yes">
			<val>Fallo al desactivar</val>
		</str>
		<str name="infoSubscription" translate="yes">
			<val>La desactivación de la aplicación no altera la suscripción. Para modificar su suscripción, visite el {0}Administrador de suscripción{1}.</val>
		</str>
		<str name="infoSubscriptionCCMTeam" translate="yes">
			<val>La desactivación de la aplicación no altera la suscripción.</val>
		</str>
		<str name="message" translate="yes">
			<val>La desactivación permite activar los productos de Adobe en otro equipo, siempre que actúe según lo establecido en el {0}Acuerdo de licencia del software{1}. Asegúrese de que está conectado a Internet antes de desactivarlo. Puede volver a activarlo en este equipo al volver a introducir el número de serie.</val>
		</str>
		<str name="messageSubscription" translate="yes">
			<val>La desactivación permite activar los productos de Adobe en otro equipo, siempre que actúe según lo establecido en el {0}Acuerdo de licencia del software{1}. Asegúrese de que está conectado a Internet antes de desactivarlo.</val>
		</str>
		<str name="deActivationMsgError" translate="yes">
			<val>Si el problema persiste, póngase en contacto con {0}Asistencia al cliente{1}. {2}</val>
		</str>
		<str name="customerSupportLink" translate="yes">
			<val>http://www.adobe.com/go/customer_support_es</val>
		</str>
		<str name="eula_Link" translate="yes">
			<val>http://www.adobe.com/go/eulas_es</val>
		</str>
		<str name="subscriptionManagerLinkForCC" translate="yes">
			<val> http://www.adobe.com/go/cc_manage_act_es</val>
		</str>
		<str name="subscriptionManagerLinkForNonCC" translate="yes">
			<val>http://www.adobe.com/go/subscriptionedition_es</val>
		</str>
		<str name="failure" translate="yes">
			<val>La desactivación no se ha realizado correctamente. Inténtelo de nuevo.</val>
		</str>
		<str name="deactivate" translate="yes">
			<val>Desactivar</val>
		</str>		
		<str name="cancel" translate="yes">
			<val>Cancelar</val>
		</str>
		<str name="continue" translate="yes">
			<val>Continuar</val>
		</str>
		
		<str name="offline" translate="yes">
			<val>Conéctese a Internet e inténtelo de nuevo</val>
		</str>		
		<str name="offlineMsg" translate="yes">
			<val>No se puede desactivar. Asegúrese de que está conectado a Internet e inténtelo de nuevo. Si el problema persiste, póngase en contacto con {0}Asistencia al cliente{1}.</val>
		</str>	
		<str name="customerSupportLink" translate="yes">
			<val>http://www.adobe.com/go/customer_support_es</val>
		</str>
	</set>
	
	<set name="trialFailed">
		<str name="title" translate="yes">
			<val>Error de inicialización de la versión de prueba</val>
		</str>
		<str name="warning" translate="yes">
			<val>La licencia ha dejado de funcionar.</val>
		</str>
		<str name="message" translate="yes">
			<val>Se ha producido un problema con la licencia de este producto. Reinstale el producto y vuelva a intentarlo. Si el problema persiste tras la reinstalación, póngase en contacto con {0}Asistencia al cliente{1} para obtener ayuda.</val>
		</str>
		<str name="customerSupportLink" translate="yes">
			<val>http://www.adobe.com/go/customer_support_es</val>
		</str>
		<str name="close" translate="yes">
			<val>Cerrar</val>
		</str>
		<str name="enterSerial" translate="yes">
			<val>Licencia de este software</val>
		</str>
	</set>
	
	<set name="validateSerial">
		<str name="title" translate="yes">
			<val>Validación del número de serie</val>
		</str>
		
		<set name="grace">
			<str name="message" translate="yes">
				<val>Conéctese a Internet para validar su número de serie. Tiene un plazo de {0} para validarlo. De lo contrario, el software dejará de funcionar.</val>
			</str>
		</set>
		
		<set name="post_grace">
			<str name="message" translate="yes">
				<val>Conéctese a Internet para validar su número de serie. La próxima vez que inicie el software, se le solicitará que se conecte a Internet. Si no se conecta, el software no funcionará.</val>
			</str>
		</set>
		
		<set name="post_bonus">
			<str name="message" translate="yes">
				<val>Conéctese a Internet para validar su número de serie. Este software no funcionará si no se activa ni se valida el número de serie. Necesita conexión a Internet para continuar.</val>
			</str>
		</set>
		
		<str name="noInternet" translate="yes">
			<val>¿Tiene problemas para conectarse a Internet?</val>
		</str>
		<str name="validate" translate="yes">
			<val>Validar</val>
		</str>
		<str name="connectLater" translate="yes">
			<val>Conectarse más adelante</val>
		</str>
		<str name="quit" translate="yes">
			<val>Salir</val>
		</str>
	</set>

	<set name="deactivateSuccess">
		<str name="title" translate="yes">
			<val>Desactivación correcta</val>
		</str>
		<str name="message" translate="yes">
			<val>Ya puede usar {0} en otro ordenador. Para volver a usar {0} en este ordenador vuelva a introducir un número de serie válido o seleccione Probar e introduzca el ID de Adobe asociado a su suscripción.</val>
		</str>
		<str name="close" translate="yes">
			<val>Cerrar</val>
		</str>	
	</set>
	
	<set name="offlineScrim">
		<str name="title" translate="yes">
			<val>Conéctese a Internet e inténtelo de nuevo</val>
		</str>
		<str name="message" translate="yes">
			<val>El ordenador parece estar sin conexión. Es necesario disponer de conexión a Internet. Conéctese a Internet e inténtelo de nuevo. Si el problema persiste, póngase en contacto con {0}Asistencia al cliente{1}.</val>
		</str>
		<str name="offlineActivationMsg" translate="yes">
			<val>Si no puede acceder a Internet desde este ordenador, puede obtener más detalles en {0} utilizando un dispositivo con acceso a Internet.</val>
		</str>
		<str name="offlineActivationLink" translate="yes">
			<val>http://www.adobe.com/go/getactivated_es</val>
		</str>
		<str name="customerSupportLink" translate="yes">
			<val>http://www.adobe.com/go/customer_support_es</val>
		</str>
		<str name="retry" translate="yes">
			<val>Reintentar</val>
		</str>
		<str name="connectLater" translate="yes">
			<val>Conectarse más adelante</val>
		</str>
		<str name="cancel" translate="yes">
			<val>Cancelar</val>
		</str>
	</set>
	
	<set name="dspEntitlementOfflineScrim">
		<str name="title" translate="yes">
			<val>Conexión a Internet requerida para suscripciones</val>
		</str>
		<str name="message" translate="yes">
			<val>Se necesita conexión a Internet para iniciar una suscripción. Si tiene una, conéctese a Internet y seleccione Reintentar.</val>
		</str>
		<str name="serialInfo" translate="yes">
			<val>Si tiene un número de serie, seleccione Introduzca el número de serie para continuar.</val>
		</str>
		<str name="retry" translate="yes">
			<val>Reintentar</val>
		</str>
		<str name="enterSerialNumber" translate="yes">
			<val>Introduzca el número de serie</val>
		</str>
		<str name="cancel" translate="yes">
			<val>Atrás</val>
		</str>
	</set>
	
	<set name="screenLoading">
		<str name="loading" translate="yes">
			<val>Cargando...</val>
		</str>
		<str name="validatingSerial" translate="yes">
			<val>Validando número de serie. Esta operación puede tardar varios segundos...</val>
		</str>
	</set>
	
	<set name="overActivation">
		<str name="title" translate="yes">
			<val>Número de serie</val>
		</str>
		<str name="stepMessage" translate="yes">
			<val>El número de serie {0} ya está en uso por el máximo permitido de ordenadores. Debe desactivar otro ordenador en el plazo de {1} días para poder usar este producto.</val>
		</str>
		<str name="stepMessageOneDay" translate="yes">
			<val>El número de serie {0} ya está en uso por el máximo permitido de ordenadores. Debe desactivar otro ordenador en el plazo de 1 día para poder usar este producto.</val>
		</str>
		<str name="stepMessageBonusLaunch" translate="yes">
			<val>El número de serie {0} ya está en uso por el máximo permitido de ordenadores. Debe desactivar otro ordenador o proporcionar otro número de serie válido para poder volver a usar {1} en este equipo.</val>
		</str>
		<str name="radioButton1" translate="yes">
			<val>Reintentar activación. Ya he desactivado uno de los demás ordenadores.</val>
		</str>
		<str name="radioButton2" translate="yes">
			<val>Proporcionar un número de serie diferente.</val>
		</str>
		<str name="continue" translate="yes">
			<val>Continuar</val>
		</str>
	</set>
	
	<set name="activationFailure">
		<str name="title" translate="yes">
			<val>Error de activación</val>
		</str>
		<str name="activationStepError" translate="yes">
			<val>No se ha podido activar {0}</val>
		</str>
		<str name="activationMsgError" translate="yes">
			<val>Compruebe su configuración de conexión a Internet e inténtelo de nuevo. Si el problema persiste, póngase en contacto con {0}Asistencia al cliente{1}. {2}</val>
		</str>
		<str name="customerSupportLink" translate="yes">
			<val>http://www.adobe.com/go/customer_support_es</val>
		</str>
		<str name="close" translate="yes">
			<val>Cerrar</val>
		</str>
		<str name="retry" translate="yes">
			<val>Reintentar</val>
		</str>
	</set>
	<set name="activationRequired">
		<str name="title" translate="yes">
			<val>Activación obligatoria</val>
		</str>
		<str name="activationMsgOneDay" translate="yes">
			<val>Conéctese a Internet. Es necesario que active {0} en el plazo de un día, de lo contrario, dejará de funcionar.</val>
		</str>
		<str name="activationMsg" translate="yes">
			<val>Conéctese a Internet. Es necesario que active {0} en el plazo de {1} días, de lo contrario, dejará de funcionar.</val>
		</str>
		<str name="activationMsgBonus" translate="yes">
			<val>Conéctese a Internet. Es necesario que active {0} hoy, de lo contrario, dejará de funcionar.</val>
		</str>
		<str name="activateLater" translate="yes">
			<val>Activar más tarde</val>
		</str>
		<str name="retry" translate="yes">
			<val>Activar ahora</val>
		</str>
	</set>
	
	<set name="confirmationDialog">
		<str name="title" translate="yes">
			<val>Salir</val>
		</str>
		<str name="message" translate="yes">
			<val>¿Seguro que desea salir?</val>
		</str>
		<str name="primaryButtonLabel" translate="yes">
			<val>Sí</val>
		</str>
		<str name="secondaryButtonLabel" translate="yes">
			<val>No</val>
		</str>
	</set>
	
	<set name="inAppTrials">
		<str name="loading" translate="yes">
			<val>Cargando...</val>
		</str>
		<str name="title" translate="yes">
			<val>Prueba de {0}</val>
		</str>
		<str name="continue" translate="yes">
			<val>Continuar versión de prueba</val>
		</str>
		<str name="startTrial" translate="yes">
			<val>Iniciar versión de prueba</val>
		</str>
		<str name="enterSerial" translate="yes">
			<val>Licencia de este software</val>
		</str>
		<str name="privacySettings" translate="yes">
			<val>Configuración de privacidad</val>
		</str>
		<str name="tutorialsList" translate="yes">
			<val>{0} de {1}</val>
		</str>
		<str name="videoLoadingError" translate="yes">
			<val>Error al cargar el vídeo.</val>
		</str>
		<str name="tryAgain" translate="yes">
			<val>Intentar de nuevo</val>
		</str>
		<str name="exitFullScreen" translate="yes">
			<val>Pulse ESC para salir del modo de pantalla completa.</val>
		</str>
		<str name="okay" translate="yes">
			<val>OK</val>
		</str>
		<str name="cancel" translate="yes">
			<val>Cancelar</val>
		</str>
		<str name="privacyText" translate="yes">
			<val>Es posible que le pidamos que nos proporcione información opcional como su nivel de experiencia con el software para que podamos personalizar contenido para usted.</val>
		</str>
		<str name="privacyPolicyText" translate="yes">
			<val>Para obtener información sobre los datos que recopilamos sobre su uso del producto y el uso que Adobe hace de estos datos, incluido el modo en que le ofrecemos productos acordes con sus intereses, {0}haga clic aquí{1} y consulte la {2}Política de privacidad de Adobe en línea{3}</val>
		</str>
		<str name="optInText" translate="yes">
			<val>Desactive la visualización de contenido de prueba personalizado. La próxima vez que inicie la prueba, no se mostrará contenido personalizado.</val>
		</str>
		<str name="privacyPortalLink" translate="yes">
			<val>http://www.adobe.com/go/adobe_privacy_portal_es</val>
		</str>
		<str name="privacyPolicyLink" translate="yes">
			<val>http://www.adobe.com/go/privacy_es</val>
		</str>		
		
	</set>
	
	<set name="noInternetConnection">
		<str name="title" translate="yes">
			<val>Sin conexión a Internet</val>
		</str>
		<str name="para1" translate="yes">
			<val>No hemos podido detectar una conexión a Internet en este equipo.</val>
		</str>
		<str name="para2" translate="yes">
			<val>Es necesario que complete la activación y el registro en los próximos {0} días. Si el ordenador dispone de conexión a Internet, el proceso solo tardará unos minutos.</val>
		</str>
		<str name="para2_day" translate="yes">
			<val>Es necesario que complete la activación y el registro en el próximo día. Si el ordenador dispone de conexión a Internet, el proceso solo tardará unos minutos.</val>
		</str>
		<str name="para2_end" translate="yes">
			<val>Es necesario que complete la activación y el registro. Si el ordenador dispone de conexión a Internet, el proceso solo tardará unos minutos.</val>
		</str>
		<str name="para2_optional" translate="yes">
			<val>La activación es obligatoria y debe completarse en el plazo de {0} días. Si el ordenador dispone de conexión a Internet, el proceso solo tardará unos minutos.</val>
		</str>
		<str name="para2_day_optional" translate="yes">
			<val>La activación es obligatoria y debe completarse en el plazo de 1 día. Si el ordenador dispone de conexión a Internet, el proceso solo tardará unos minutos.</val>
		</str>
		<str name="para2_end_optional" translate="yes">
			<val>La activación es necesaria y debe completarse. Si el ordenador dispone de conexión a Internet, el proceso solo tardará unos minutos.</val>
		</str>
		<str name="para3" translate="yes">
			<val>Si este ordenador no puede conectarse a Internet, haga clic en Activación sin conexión. Necesitará un dispositivo con acceso a Internet y el número de serie del producto para activar el software sin conexión.</val>
		</str>
		<str name="para3_optional" translate="yes">
			<val>Si este ordenador nunca dispone de conexión a Internet, haga clic en Activación sin conexión. Necesitará un dispositivo con acceso a Internet y el número de serie del producto para completar el proceso de activación fuera de línea.</val>
		</str>
		<str name="hyperlinkText" translate="yes">
			<val>Este ordenador está conectado a Internet. No sé cuál es el problema.</val>
		</str>
		<str name="hyperlinkTooltipText" translate="yes">
			<val>Póngase en contacto con el administrador o llame a Asistencia al cliente de Adobe.</val>
		</str>
		<str name="offlineActivate" translate="yes">
			<val>Activación sin conexión</val>
		</str>
		<str name="back" translate="yes">
			<val>Atrás</val>
		</str>
	</set>
	
	<set name="offlineActivation">
		<str name="title" translate="yes">
			<val>Activación sin conexión</val>
		</str>
		<set name="StepError">
			<str name="requestCodeExpired" translate="yes">
				<val>El código de solicitud {0} ha caducado. Siga los pasos siguientes para completar la activación sin conexión a Internet.</val>
			</str>
			<str name="requestCodeGenError" translate="yes">
				<val>No podemos generar un código de solicitud. Inténtelo de nuevo.</val>
			</str>
		</set>
		<str name="para1" translate="yes">
			<val>1. Haga clic en Generar código de solicitud a continuación. El código es específico de cada máquina y es válido durante 72 horas. Si no puede completar el proceso en esas 72 horas, solo tiene que solicitar un nuevo código.</val>
		</str>
		<str name="para2" translate="yes">
			<val>2. Utilice el dispositivo con conexión a Internet para acceder a Adobe.com/go/getactivated_es.</val>
		</str>
		<str name="para3" translate="yes">
			<val>3. Introduzca el código del paso 1 y el número de serie cuando así se le solicite en el sitio. Al hacerlo, se generará un código de respuesta.</val>
		</str>
		<str name="para4" translate="yes">
			<val>4. Introduzca el código de respuesta en su ordenador sin conexión y haga clic en Activar.</val>
		</str>
		<str name="para5" translate="yes">
			<val>Haga clic en Atrás para activar el software en línea.</val>
		</str>
		<str name="hyperlinkText" translate="yes">
			<val>Quiero conectarme a Internet para realizar la activación más rápido.</val>
		</str>
		<str name="back" translate="yes">
			<val>Atrás</val>
		</str>
		<str name="activateLater" translate="yes">
			<val>Activar más tarde</val>
		</str>
		<str name="quit" translate="yes">
			<val>Salir</val>
		</str>
		<str name="generateRequestCode" translate="yes">
			<val>Generar código de solicitud</val>
		</str>
		<str name="customerSupportLink" translate="yes">
			<val>http://www.adobe.com/go/customer_support_es</val>
		</str>
	</set>
	
	<set name="offlineActivationCode">
		<str name="title" translate="yes">
			<val>Activación sin conexión</val>
		</str>
		<set name="StepError">
			<str name="invalidResponseCode" translate="yes">
				<val>El código de respuesta introducido no es válido. Vuelva a introducirlo.</val>
			</str>
			<str name="requestCodeExpired" translate="yes">
				<val>El código de solicitud {0} ha caducado. Siga los pasos siguientes para completar la activación sin conexión a Internet.</val>
			</str>
			<str name="verifyError" translate="yes">
				<val>No podemos verificar el código de respuesta que ha introducido. Inténtelo de nuevo.</val>
			</str>
		</set>
		<str name="requestCode" translate="yes">
			<val>Código de solicitud:</val>
		</str>
		<str name="para1" translate="yes">
			<val>Tiene un plazo de {0} para obtener un código de respuesta desde www.adobe.com/go/getactivated_es e introducirlo a continuación.</val>
		</str>
		<str name="responseCode" translate="yes">
			<val>Código de respuesta:</val>
		</str>
		<str name="hyperlinkText" translate="yes">
			<val>Quiero conectarme a Internet para realizar la activación más rápido.</val>
		</str>
		<str name="back" translate="yes">
			<val>Atrás</val>
		</str>
		<str name="activateLater" translate="yes">
			<val>Activar más tarde</val>
		</str>
		<str name="quit" translate="yes">
			<val>Salir</val>
		</str>
		<str name="activate" translate="yes">
			<val>Activar</val>
		</str>
		<str name="hour" translate="yes">
			<val>hora</val>
		</str>
		<str name="hours" translate="yes">
			<val>horas</val>
		</str>
		<str name="customerSupportLink" translate="yes">
			<val>http://www.adobe.com/go/customer_support_es</val>
		</str>
	</set>
	
	<set name="offlineActivationComplete">
		<str name="title" translate="yes">
			<val>Activación sin conexión completa</val>
		</str>
		<str name="message" translate="yes">
			<val>{0} se ha activado correctamente y está listo para usarse.</val>
		</str>
		<str name="close" translate="yes">
			<val>Cerrar</val>
		</str>
		<str name="launch" translate="yes">
			<val>Iniciar</val>
		</str>
	</set>
	
	<set name="unableToActivate">
		<str name="title" translate="yes">
			<val>Error de activación</val>
		</str>
		<str name="warning" translate="yes">
			<val>No se ha podido activar {0}</val>
		</str>
		<str name="para1" translate="yes">
			<val>Para utilizar este producto, es necesario activarlo.</val>
		</str>
		<str name="para2" translate="yes">
			<val>Para activar este producto, deberá disponer de una conexión a Internet operativa. Compruebe la configuración de su conexión y seleccione Intentar de nuevo.</val>
		</str>
		<str name="tryAgain" translate="yes">
			<val>Intentar de nuevo</val>
		</str>
		<str name="close" translate="yes">
			<val>Cerrar</val>
		</str>
		<str name="noInternet" translate="yes">
			<val>¿Tiene problemas para conectarse a Internet?</val>
		</str>
	</set>
	
	<set name="dspSubscriptionActivated">
		<str name="title" translate="yes">
			<val>Suscripción activada</val>
		</str>
		<str name="message" translate="yes">
			<val>Gracias por suscribirse a {0}.</val>
		</str>
		<str name="close" translate="yes">
			<val>Cerrar</val>
		</str>
	</set>
	
	<set name="dspOverActivation">
		<str name="title" translate="yes">
			<val>Número máximo de activaciones</val>
		</str>
		<str name="warning" translate="yes">
			<val>No se ha podido activar {0}.</val>
		</str>
		<str name="message" translate="yes">
			<val>Ya existe una suscripción activa a este producto con este ID de Adobe en el máximo de 2 dispositivos. Seleccione Continuar para desactivar los otros dispositivos y activar la suscripción en este, o seleccione Licencia de este software para iniciar sesión con un ID de Adobe diferente.</val>
		</str>
		<str name="activationPolicy" translate="yes">
			<val>{0}Política de activación{1}</val>
		</str>
		<str name="activationPolicyLink" translate="yes">
			<val>http://www.adobe.com/go/activation_es</val>
		</str>
		<str name="licenseThisSoftware" translate="yes">
			<val>Licencia de este software</val>
		</str>
		<str name="continue" translate="yes">
			<val>Continuar</val>
		</str>
	</set>
	
	<set name="dspAdobeIDMismatch">
		<str name="title" translate="yes">
			<val>Intentar de nuevo</val>
		</str>
		<str name="warning" translate="yes">
			<val>El ID de Adobe no coincide</val>
		</str>
		<str name="message" translate="yes">
			<val>El ID de Adobe con el que ha iniciado sesión no coincide con el ID de Adobe asociado a esta suscripción. Inicie sesión con el ID de Adobe asociado a esta suscripción.</val>
		</str>
		<str name="back" translate="yes">
			<val>Atrás</val>
		</str>
		<str name="quit" translate="yes">
			<val>Salir</val>
		</str>
	</set>
	
	<set name="dspSubscriptionExpired">
		<str name="title" translate="yes">
			<val>Renueve su suscripción</val>
		</str>
		<str name="message" translate="yes">
			<val>Vaya al {0}Administrador de suscripción{1} para renovar la suscripción de {2} y continuar usando el producto de forma ininterrumpida. Si acaba de renovar la suscripción, espere 15 minutos e inténtelo de nuevo.</val>
		</str>
		<str name="messageCCMTeamPara1" translate="yes">
			<val>Póngase en contacto con el administrador para renovar la suscripción y seguir utilizando el producto.</val>
		</str>
		<str name="messageCCMTeamPara2" translate="yes">
			<val>Si ya ha renovado la suscripción, espere 15 minutos y vuelva a intentarlo.</val>
		</str>
		<str name="signedInMessage" translate="yes">
			<val>Ha iniciado sesión con el ID de Adobe: {0}. Si desea iniciar sesión con un ID de Adobe diferente, seleccione Licencia de este software.</val>
		</str>
		<str name="subscriptionManagerLinkForCC" translate="yes">
			<val> http://www.adobe.com/go/cc_manage_act_es</val>
		</str>
		<str name="subscriptionManagerLinkForNonCC" translate="yes">
			<val>http://www.adobe.com/go/subscriptionedition_es</val>
		</str>
		<str name="tryAgain" translate="yes">
			<val>Intentar de nuevo</val>
		</str>
		<str name="close" translate="yes">
			<val>Cerrar</val>
		</str>
		<str name="licenseThisSoftware" translate="yes">
			<val>Licencia de este software</val>
		</str>
	</set>
	
	<set name="dspCheckGenericError">
		<str name="title" translate="yes">
			<val>Intentar de nuevo</val>
		</str>
		<str name="warning" translate="yes">
			<val>No se ha podido iniciar su suscripción a {0}.</val>
		</str>
		<str name="message" translate="yes">
			<val>Espere unos momentos y vuelva a intentarlo.</val>
		</str>
		<str name="tryAgain" translate="yes">
			<val>Intentar de nuevo</val>
		</str>
		<str name="quit" translate="yes">
			<val>Salir</val>
		</str>
	</set>
	
	<set name="dspSubscriptionVerified">
		<str name="title" translate="yes">
			<val>Gracias</val>
		</str>
		<str name="message" translate="yes">
			<val>Ya está activa su suscripción a {0}. Haga clic en Continuar para utilizar el producto.</val>
		</str>
		<str name="continue" translate="yes">
			<val>Continuar</val>
		</str>
	</set>
	
	<set name="dspSubscriptionReactivation">
		<str name="title" translate="yes">
			<val>Inicio de sesión obligatorio</val>
		</str>
		<str name="message" translate="yes">
			<val>Nuestros registros indican que esta suscripción ya se ha activado en otro equipo. Para activar {0} en este equipo, inicie sesión con su ID de Adobe.</val>
		</str>
		<str name="signIn" translate="yes">
			<val>Iniciar sesión</val>
		</str>
		<str name="quit" translate="yes">
			<val>Salir</val>
		</str>
	</set>
	
	<set name="dspReminder">
		<set name="ccInfoReminder">
			<str name="title" translate="yes">
				<val>Recordatorio de suscripción</val>
			</str>
			<str name="message" translate="yes">
				<val>Su suscripción caducará pronto.</val>
			</str>
			<str name="info" translate="yes">
				<val>Nuestros registros indican que no se ha asociado una tarjeta de crédito a esta cuenta de suscripción. Vaya al {0}Administrador de suscripción{1} y proporcione una tarjeta de crédito para renovar la suscripción por {2} y continuar usando el producto de forma ininterrumpida.</val>
			</str>
			<str name="infoCCMTeam" translate="yes">
				<val>Póngase en contacto con el administrador para asegurarse un acceso continuado a este producto.</val>
			</str>
		</set>
		
		<set name="graceReminder">
			<str name="title" translate="yes">
				<val>Suscripción caducada</val>
			</str>
			<str name="message" translate="yes">
				<val>Su suscripción a {0} ha caducado.</val>
			</str>
			<str name="info" translate="yes">
				<val>Vaya al {0}Administrador de suscripción{1} para renovar la suscripción por {2} y continuar usando el producto de forma ininterrumpida. Cuenta con un breve período extra para renovar su suscripción. Si no la renueva, ya no podrá acceder a este producto.</val>
			</str>
			<str name="infoCCMTeam" translate="yes">
				<val>Póngase en contacto con el administrador para renovar la suscripción y seguir utilizando el producto sin interrupción. Existe un breve período de gracia para renovar la suscripción tras el cual dejará de tener acceso a este producto.</val>
			</str>
		</set>
		<set name="combinedSubIssueReminder">
			<str name="title" translate="yes">
				<val>No podemos verificar su suscripción</val>
			</str>
			<str name="message" translate="yes">
				<val>Está desconectado o existe un problema de facturación con su cuenta. Conéctese para gestionar su cuenta y verificar los datos de facturación. Si tiene algún problema o alguna pregunta, póngase en contacto con {0}Asistencia al cliente{1}.</val>
			</str>
			<str name="messageCCMTeam1" translate="yes">
				<val>Está desconectado o existe un problema de facturación con su cuenta. Póngase en contacto con el administrador para resolver este problema.</val>
			</str>
			<str name="messageCCMTeam2" translate="yes">
				<val>Si tiene alguna otra pregunta, póngase en contacto con {0}Asistencia al cliente{1}.</val>
			</str>
			<str name="offlineError" translate="yes">
				<val>Conéctese para que podamos solucionar el problema o haga clic en Continuar para seguir sin conexión y se lo recordaremos más tarde.</val>
			</str>
		</set>
		
		<str name="subscriptionManagerLinkForCC" translate="yes">
			<val> http://www.adobe.com/go/cc_manage_act_es</val>
		</str>
		<str name="subscriptionManagerLinkForNonCC" translate="yes">
			<val>http://www.adobe.com/go/subscriptionedition_es</val>
		</str>
		<str name="offline" translate="yes">
			<val>No se ha podido establecer la conexión a Internet. Compruebe la configuración de la conexión y seleccione Intentar de nuevo.</val>
		</str>
		<str name="subscriptionPolicy" translate="yes">
			<val>{0}Política de suscripción{1}</val>
		</str>
		<str name="subscriptionPolicyLink" translate="yes">
			<val>http://www.adobe.com/go/subscription_policy_es</val>
		</str>
		<str name="customerSupportLink" translate="yes">
			<val>http://www.adobe.com/go/customer_support_es</val>
		</str>
		<str name="daysRemaining" translate="yes">
			<val>Días restantes</val>
		</str>
		<str name="dayRemaining" translate="yes">
			<val>Día restante</val>
		</str>
		<str name="continue" translate="yes">
			<val>Continuar</val>
		</str>
		<str name="tryAgain" translate="yes">
			<val>Intentar de nuevo</val>
		</str>
		<str name="retry" translate="yes">
			<val>Reintentar</val>
		</str>
	</set>
	
	<set name="dspSuspended">
		<set name="activationSuspended">
			<str name="title" translate="yes">
				<val>Error de activación</val>
			</str>
			<str name="warning" translate="yes">
				<val>No se ha podido activar {0}.</val>
			</str>
			<str name="message" translate="yes">
				<val>La fecha de su sistema no coincide con la fecha de nuestros servidores. La fecha de su sistema puede tener hasta 3 días de diferencia con respecto a la fecha de los servidores de Adobe ({0}).</val>
			</str>
			<str name="info" translate="yes">
				<val>Compruebe la configuración de fecha de su equipo e inténtelo de nuevo. Si el problema persiste, póngase en contacto con {0}Asistencia al cliente{1}.</val>
			</str>
		</set>
		
		<set name="subscriptionSuspended">
			<str name="title" translate="yes">
				<val>Suscripción en suspensión</val>
			</str>
			<str name="warning" translate="yes">
				<val>Se ha suspendido la suscripción a {0}.</val>
			</str>
			<str name="message" translate="yes">
				<val>La fecha de su sistema no coincide con la fecha de nuestros servidores. La fecha de su sistema puede tener hasta 3 días de diferencia con respecto a la fecha de los servidores de Adobe ({0}).</val>
			</str>
			<str name="info" translate="yes">
				<val>Compruebe la configuración de fecha de su equipo e inténtelo de nuevo. Si el problema persiste, póngase en contacto con {0}Asistencia al cliente{1}.</val>
			</str>
		</set>
		
		<set name="subscriptionWindback">
			<str name="title" translate="yes">
				<val>Suscripción en suspensión</val>
			</str>
			<str name="warning" translate="yes">
				<val>Se ha suspendido la suscripción a {0}.</val>
			</str>
			<str name="message" translate="yes">
				<val>La fecha y la hora del sistema no se han configurado correctamente. Configure el reloj del sistema según la hora actual y seleccione Intentar de nuevo. Si el problema persiste, póngase en contacto con {0}Asistencia al cliente{1}.</val>
			</str>
		</set>
		
		<str name="customerSupportLink" translate="yes">
			<val>http://www.adobe.com/go/customer_support_es</val>
		</str>
		<str name="activationPolicy" translate="yes">
			<val>{0}Ver política de activación{1}</val>
		</str>
		<str name="activationPolicyLink" translate="yes">
			<val>http://www.adobe.com/go/activation_es</val>
		</str>
		<str name="subscriptionPolicy" translate="yes">
			<val>{0}Política de suscripción{1}</val>
		</str>
		<str name="subscriptionPolicyLink" translate="yes">
			<val>http://www.adobe.com/go/subscription_policy_es</val>
		</str>
		<str name="quit" translate="yes">
			<val>Salir</val>
		</str>
		<str name="tryAgain" translate="yes">
			<val>Intentar de nuevo</val>
		</str>
	</set>
	
	<set name="dateTimeFormats">
		<str name="dateFormat_Long" translate="yes">
			<val>{1}.{0}{2}</val>
		</str>
	</set>

	<set name="monthsFull">
		<str name="1" translate="yes">
			<val>1.</val>
		</str>
		<str name="2" translate="yes">
			<val>2.</val>
		</str>
		<str name="3" translate="yes">
			<val>3.</val>
		</str>
		<str name="4" translate="yes">
			<val>4.</val>
		</str>
		<str name="5" translate="yes">
			<val>5.</val>
		</str>
		<str name="6" translate="yes">
			<val>6.</val>
		</str>
		<str name="7" translate="yes">
			<val>7.</val>
		</str>
		<str name="8" translate="yes">
			<val>8.</val>
		</str>
		<str name="9" translate="yes">
			<val>9.</val>
		</str>
		<str name="10" translate="yes">
			<val>10.</val>
		</str>
		<str name="11" translate="yes">
			<val>11.</val>
		</str>
		<str name="12" translate="yes">
			<val>12.</val>
		</str>
	</set>
	
	<set name="dsp_IMSBusyScrim">
		<str name="WaitAMoment" translate="yes">
			<val>Espere un momento...</val>
		</str>
	</set>
	
	<set name="dspSubscriptionRevoked">
		<str name="title" translate="yes">
			<val>Suscripción en suspensión</val>
		</str>
		<str name="warning" translate="yes">
			<val>Se ha suspendido la suscripción a {0}.</val>
		</str>
		<str name="message" translate="yes">
			<val>La licencia de suscripción ya no es válida o se ha revocado. Póngase en contacto con {0}Asistencia al cliente{1}.</val>
		</str>
		<str name="subscriptionPolicy" translate="yes">
			<val>{0}Política de suscripción{1}</val>
		</str>
		<str name="subscriptionPolicyLink" translate="yes">
			<val>http://www.adobe.com/go/subscription_policy_es</val>
		</str>
		<str name="customerSupportLink" translate="yes">
			<val>http://www.adobe.com/go/customer_support_es</val>
		</str>
		<str name="quit" translate="yes">
			<val>Salir</val>
		</str>
	</set>
	
	<set name="isoToLanguage">
		<str name="ar_AE" translate="no"><val>العربية</val></str>
		<str name="en_GB" translate="no"><val>English (International)</val></str> 
		<str name="en_INT" translate="no"><val>English (International)</val></str> 
		<str name="fr_CA" translate="no"><val>Français canadien</val></str>
		<str name="es_QM" translate="no"><val>Español (Middle East)</val></str>
		<str name="es_LA" translate="no"><val>Español de América Latina</val></str>
		<str name="es_NA" translate="no"><val>Español Norteamericano</val></str>
		<str name="bg_BG" translate="no"><val>Български</val></str>
		<str name="lv_LV" translate="no"><val>Latviešu</val></str>
		<str name="et_EE" translate="no"><val>Eesti</val></str>
		<str name="hr_HR" translate="no"><val>hrvatski</val></str>
		<str name="sl_SI" translate="no"><val>slovenščina</val></str>
		<str name="sk_SK" translate="no"><val>Slovenčina</val></str>
		<str name="th_TH" translate="no"><val>ภาษาไทย</val></str> 
		<str name="vi_VN" translate="no"><val>Việt</val></str>
		<str name="en_XC" translate="no"><val>English (Central Europe)</val></str> 
		<str name="en_XM" translate="no"><val>English (Middle East)</val></str>
		<str name="fr_XM" translate="no"><val>Français Oriental Moyen</val></str>
		<str name="sq_AL" translate="no"><val>Shqip</val></str> 
		<str name="ar_SA" translate="no"><val>العربية</val></str>
		<str name="be_BY" translate="no"><val>Беларуская</val></str> 
		<str name="ca_ES" translate="no"><val>Català</val></str> 
		<str name="hi_IN" translate="no"><val>हिन्दी</val></str>
		<str name="is_IS" translate="no"><val>Íslenska</val></str> 
		<str name="lt_LT" translate="no"><val>Lietuvių</val></str>
		<str name="mk_MK" translate="no"><val>македонски</val></str>
		<str name="nn_NO" translate="no"><val>Norsk (Nynorsk)</val></str>
		<str name="pt_PT" translate="no"><val>Português de Portugal</val></str> 
		<str name="sh_YU" translate="no"><val>Srpsko-Hrvatski</val></str> 
		<str name="sr_YU" translate="no"><val>Cрпски</val></str> 
		<str name="kk_KZ" translate="no"><val>Қазақ</val></str>
		<str name="az_AZ" translate="no"><val>Azərbaycan dili</val></str> 
		<str name="es_MX" translate="no"><val>Español (América Latina)</val></str>
		<str name="no_NO" translate="no"><val>Norwegian</val></str> 
		<str name="cs_CZ" translate="no"><val>Česky</val></str>
		<str name="de_DE" translate="no"><val>Deutsch</val></str>
		<str name="el_GR" translate="no"><val>Ελληνικά</val></str>
		<str name="en_US" translate="no"><val>English (North America)</val></str> 
		<str name="es_ES" translate="no"><val>Español</val></str> 
		<str name="fr_FR" translate="no"><val>Français</val></str>
		<str name="he_IL" translate="no"><val>עברית</val></str> 
		<str name="hu_HU" translate="no"><val>Magyar</val></str> 
		<str name="it_IT" translate="no"><val>Italiano</val></str>
		<str name="ja_JP" translate="no"><val>日本語</val></str>
		<str name="ko_KR" translate="no"><val>한국어</val></str>
		<str name="nl_NL" translate="no"><val>Nederlands</val></str>
		<str name="pl_PL" translate="no"><val>Polski</val></str>
		<str name="ro_RO" translate="no"><val>Română</val></str>
		<str name="ru_RU" translate="no"><val>Pусский</val></str>
		<str name="sv_SE" translate="no"><val>Svenska</val></str>
		<str name="tr_TR" translate="no"><val>Türkçe</val></str>
		<str name="uk_UA" translate="no"><val>Українська</val></str>
		<str name="zh_CN" translate="no"><val>简体中文</val></str>
		<str name="zh_TW" translate="no"><val>繁體中文</val></str>
		<str name="da_DK" translate="no"><val>Dansk</val></str>
		<str name="fi_FI" translate="no"><val>Suomi</val></str>
		<str name="nb_NO" translate="no"><val>Norsk (Bokmål)</val></str> 
		<str name="pt_BR" translate="no"><val>Português do Brasil</val></str>
		<str name="en_AE" translate="no"><val>English يدعم العربية</val></str> 
		<str name="en_IL" translate="no"><val>English תומך עברית</val></str> 
		<str name="fr_MA" translate="no"><val>Français (Maroc)</val></str>
	</set>
		
</asf>
