<?xml version='1.0' encoding='utf-8'?>
<!DOCTYPE asf SYSTEM "http://ns.adobe.com/asf/asf_1_0.dtd" >
<asf xmlns="http://ns.adobe.com/asf" locale="zh_TW" version="1.0">
	
	<set name="common">
		<str name="windowTitle" translate="yes">
			<val>Adobe 產品</val>
		</str>
		<str name="day" translate="yes">
			<val>天</val>
		</str>
		<str name="days" translate="yes">
			<val>天</val>
		</str>
	</set>
	
	<set name="eula">
		<str name="eula" translate="yes">
			<val>Adobe 軟體授權合約</val>
		</str>
		<str name="accept" translate="yes">
			<val>接受</val>
		</str>
		<str name="quit" translate="yes">
			<val>結束</val>
		</str>		
	</set>

	<set name="register">
		<set name="trial">
			<set name="online">
				<str name="title" translate="yes">
					<val>需要登入</val>
				</str>
				<str name="message" translate="yes">
					<val>請使用您的 Adobe ID 登入以使用 {0} 的試用版。</val>
				</str>
				<str name="message_device" translate="yes">
					<val>我們現在會將試用版註冊至您的 Adobe ID: {0}。</val>
				</str>
				<str name="notYou" translate="yes">
					<val>(不是您的 Adobe ID?)</val>
				</str>
				<str name="signInNow" translate="yes">
					<val>立即登入</val>
				</str>
				<str name="signIn" translate="yes">
					<val>登入</val>
				</str>
				<str name="termTitle" translate="yes">
					<val>試用版軟體的條款及條件。</val>
				</str>
				<str name="termPara1" translate="yes">
					<val>我們會要求您提供選擇性資訊，以便為您提供量身打造的內容。您可以前往位於試用體驗畫面中的「隱私設定」，隨時關閉此自訂內容。</val>
				</str>
				<str name="termPara2" translate="yes">
					<val>如需有關我們針對您使用產品方式所收集的資料，以及 Adobe 如何使用該資料銷售所需產品的詳細資訊，請按一下{0}這裡{1}並參閱 {2}Adobe 線上隱私權原則{3}。</val>
				</str>
				<str name="privacyPortalLink" translate="yes">
					<val>http://www.adobe.com/go/adobe_privacy_portal_tw</val>
				</str>
				<str name="privacyPolicyLink" translate="yes">
					<val>http://www.adobe.com/go/privacy_tw</val>
				</str>
			</set>
		</set>
		
		<set name="subscription">
			<str name="title" translate="yes">
				<val>需要登入</val>
			</str>			
			<str name="message" translate="yes">
				<val>使用此產品需要登入，並使用您的 Adobe ID 註冊該產品。您的 Adobe ID 提供一種簡單的方式，存取序號，以及 Adobe Creative Cloud 和 Adobe.com 社群。</val>
			</str>
			<str name="userEmail" translate="yes">
				<val>您會以 Adobe ID: {0} 登入。</val>
			</str>
			<str name="notYou" translate="yes">
				<val>(不是您的 Adobe ID?)</val>
			</str>
			<str name="signInNow" translate="yes">
				<val>立即登入</val>
			</str>
			<str name="signIn" translate="yes">
				<val>登入</val>
			</str>
			<str name="back" translate="yes">
				<val>上一步</val>
			</str>
		</set>
		
		
		<set name="serial">
			<set name="grace">
				<str name="title" translate="yes">
					<val>需要登入</val>
				</str>			
				<str name="message" translate="yes">
					<val>使用 Adobe ID 登入，並在 {1}內完成 {0} 註冊，否則產品將停止運作。</val>
				</str>
				<str name="benefit" translate="yes">
					<val>您的 Adobe ID 提供一種簡單的方式，存取序號、Adobe Creative Cloud 和 Adobe.com 社群。</val>
				</str>
				<str name="userEmail" translate="yes">
					<val>您會以 Adobe ID: {0} 登入。</val>
				</str>
				<str name="notYou" translate="yes">
					<val>(不是您的 Adobe ID?)</val>
				</str>
				<str name="signInNow" translate="yes">
					<val>立即登入</val>
				</str>
				<str name="signIn" translate="yes">
					<val>登入</val>
				</str>
				<str name="signInLater" translate="yes">
					<val>稍後登入</val>
				</str>
			</set>
			
			<set name="post_grace">
				<str name="title" translate="yes">
					<val>需要登入</val>
				</str>			
				<str name="message" translate="yes">
					<val>您必須先使用 Adobe ID 登入以註冊 {0}，下次才能使用此軟體。</val>
				</str>
				<str name="benefit" translate="yes">
					<val>您的 Adobe ID 提供一種簡單的方式，存取序號、Adobe Creative Cloud 和 Adobe.com 社群。</val>
				</str>
				<str name="userEmail" translate="yes">
					<val>您會以 Adobe ID: {0} 登入。</val>
				</str>
				<str name="notYou" translate="yes">
					<val>(不是您的 Adobe ID?)</val>
				</str>
				<str name="signInNow" translate="yes">
					<val>立即登入</val>
				</str>
				<str name="signIn" translate="yes">
					<val>登入</val>
				</str>
				<str name="signInLater" translate="yes">
					<val>稍後登入</val>
				</str>
			</set>
		
			<set name="post_bonus">
				<str name="title" translate="yes">
					<val>需要登入</val>
				</str>			
				<str name="message" translate="yes">
					<val>沒有使用 Adobe ID 登入並註冊，將無法使用 {0}。</val>
				</str>
				<str name="benefit" translate="yes">
					<val>您的 Adobe ID 提供一種簡單的方式，存取序號、Adobe Creative Cloud 和 Adobe.com 社群。</val>
				</str>
				<str name="userEmail" translate="yes">
					<val>您會以 Adobe ID: {0} 登入。</val>
				</str>
				<str name="notYou" translate="yes">
					<val>(不是您的 Adobe ID?)</val>
				</str>
				<str name="signInNow" translate="yes">
					<val>立即登入</val>
				</str>
				<str name="signIn" translate="yes">
					<val>登入</val>
				</str>
				<str name="quit" translate="yes">
					<val>結束</val>
				</str>
			</set>
		
			<set name="go_online_grace">
				<str name="title" translate="yes">
					<val>需要登入</val>
				</str>			
				<str name="message" translate="yes">
					<val>請連線至網際網路。使用 Adobe ID 登入以進行註冊。必須在 {1}內完成 {0} 註冊，否則產品將停止運作。</val>
				</str>
				<str name="benefit" translate="yes">
					<val>您的 Adobe ID 提供一種簡單的方式，存取序號、Adobe Creative Cloud 和 Adobe.com 社群。</val>
				</str>
				<str name="userEmail" translate="yes">
					<val>您會以 Adobe ID: {0} 登入。</val>
				</str>
				<str name="notYou" translate="yes">
					<val>(不是您的 Adobe ID?)</val>
				</str>
				<str name="noInternet" translate="yes">
					<val>無法連線至網際網路嗎?</val>
				</str>
				<str name="signInNow" translate="yes">
					<val>立即登入</val>
				</str>
				<str name="signIn" translate="yes">
					<val>登入</val>
				</str>
				<str name="signInLater" translate="yes">
					<val>稍後登入</val>
				</str>
			</set>
		
			<set name="go_online_post_grace">
				<str name="title" translate="yes">
					<val>需要登入</val>
				</str>			
				<str name="message" translate="yes">
					<val>您必須先使用 Adobe ID 登入以註冊 {0}，下次才能使用此軟體。</val>
				</str>
				<str name="benefit" translate="yes">
					<val>您的 Adobe ID 提供一種簡單的方式，存取序號、Adobe Creative Cloud 和 Adobe.com 社群。</val>
				</str>
				<str name="userEmail" translate="yes">
					<val>您會以 Adobe ID: {0} 登入。</val>
				</str>
				<str name="notYou" translate="yes">
					<val>(不是您的 Adobe ID?)</val>
				</str>
				<str name="noInternet" translate="yes">
					<val>無法連線至網際網路嗎?</val>
				</str>
				<str name="signInNow" translate="yes">
					<val>立即登入</val>
				</str>
				<str name="signIn" translate="yes">
					<val>登入</val>
				</str>
				<str name="signInLater" translate="yes">
					<val>稍後登入</val>
				</str>
			</set>
		
			<set name="go_online_post_bonus">
				<str name="title" translate="yes">
					<val>需要登入</val>
				</str>			
				<str name="message" translate="yes">
					<val>沒有使用 Adobe ID 登入並註冊，將無法使用 {0}。</val>
				</str>
				<str name="benefit" translate="yes">
					<val>您的 Adobe ID 提供一種簡單的方式，存取序號、Adobe Creative Cloud 和 Adobe.com 社群。</val>
				</str>
				<str name="userEmail" translate="yes">
					<val>您會以 Adobe ID: {0} 登入。</val>
				</str>
				<str name="noInternet" translate="yes">
					<val>無法連線至網際網路嗎?</val>
				</str>
				<str name="notYou" translate="yes">
					<val>(不是您的 Adobe ID?)</val>
				</str>
				<str name="signInNow" translate="yes">
					<val>立即登入</val>
				</str>
				<str name="signIn" translate="yes">
					<val>登入</val>
				</str>
				<str name="quit" translate="yes">
					<val>結束</val>
				</str>
			</set>
		</set>
	</set>
	
	
	<set name="registerOptional">
		<set name="serial">
			<str name="title" translate="yes">
				<val>註冊您的產品</val>
			</str>			
			<str name="paragraphOneText" translate="yes">
				<val>請使用您的 Adobe ID 註冊 {0}。</val>
			</str>
			<str name="paragraphOneTextWithAdobeID" translate="yes">
				<val>請使用您的 Adobe ID 註冊 {0}：</val>
			</str>
			<str name="paragraphTwoHeader" translate="yes">
				<val>透過註冊產品，您將可以：</val>
			</str>
			<str name="pointOne" translate="yes">
				<val>存取技術支援</val>
			</str>
			<str name="pointTwo" translate="yes">
				<val>追蹤您的序號</val>
			</str>
			<str name="pointThree" translate="yes">
				<val>搶鮮取得 {0} 的相關更新與通知</val>
			</str>
			<str name="pointFour" translate="yes">
				<val>您也將收到{0}附贈的優惠{1}，感謝您進行註冊。</val>
			</str>
			<str name="complementaryBenefitsLink" translate="yes">
				<val>https://www.adobe.com/go/benefit_tw</val>
			</str>
			<str name="notYou" translate="yes">
				<val>(這不是您的 Adobe ID?)</val>
			</str>
			<str name="neverCheckBoxText" translate="yes">
				<val>不要再顯示</val>
			</str>
			<str name="registerNow" translate="yes">
				<val>立即註冊</val>
			</str>
			<str name="skip" translate="yes">
				<val>略過</val>
			</str>
		</set>
	</set>
	
	<set name="trialLaunch">
		<str name="title" translate="yes">
			<val>{0} 試用版</val>
		</str>
		
		<set name="start">
			<str name="info" translate="yes">
				<val>您可以試用本產品 {0} 天。</val>
			</str>
			<str name="info_day" translate="yes">
				<val>您可以試用本產品 {0} 天。</val>
			</str>
			<str name="additionalInfo" translate="yes">
				<val>購買軟體，即可在試用期後繼續使用 {0}。</val>
			</str>
		</set>
		
		<set name="grace">
			<str name="info" translate="yes">
				<val>您的試用版將在 {0} 天後到期。</val>
			</str>
			<str name="info_day" translate="yes">
				<val>您的試用版將在 {0} 天後到期。</val>
			</str>
			<str name="additionalInfo" translate="yes">
				<val>購買軟體，即可在試用期後繼續使用 {0}。</val>
			</str>
		</set>
		
		<set name="bonus">
			<str name="info" translate="yes">
				<val>最後一次試用版啟動</val>
			</str>
			<str name="additionalInfo" translate="yes">
				<val>您的試用版已經過期，但您可以使用 {0} 最後一次。</val>
			</str>
			<str name="bonusInfo" translate="yes">
				<val>購買軟體，即可繼續使用 {0}。</val>
			</str>
		</set>
		
		<set name="expired">
			<str name="info" translate="yes">
				<val>您的試用版已經過期。</val>
			</str>
			<str name="additionalInfo" translate="yes">
				<val>購買軟體，即可繼續使用 {0}。</val>
			</str>
		</set>
		
		<str name="daysRemaining" translate="yes">
			<val>剩餘天數</val>
		</str>
		<str name="dayRemaining" translate="yes">
			<val>剩餘天數</val>
		</str>
		<str name="buy" translate="yes">
			<val>立即購買</val>
		</str>
		<str name="buyLink" translate="no">
			<val>http://www.adobe.com/go/buy</val>
		</str>
		<str name="continue" translate="yes">
			<val>繼續使用試用版</val>
		</str>
		<str name="startTrial" translate="yes">
			<val>開始試用</val>
		</str>
		<str name="enterSerial" translate="yes">
			<val>授權給此軟體</val>
		</str>		
	</set>
	
	<set name="deactivate">
		<str name="title" translate="yes">
			<val>取消啟用</val>
		</str>
		<str name="title_Fail" translate="yes">
			<val>取消啟用失敗</val>
		</str>
		<str name="infoSubscription" translate="yes">
			<val>取消啟用應用程式並不會變更您的訂閱。若要修改您的訂閱，請造訪{0}訂閱管理員{1}。</val>
		</str>
		<str name="infoSubscriptionCCMTeam" translate="yes">
			<val>停用應用程式並不會改變您的訂閱。</val>
		</str>
		<str name="message" translate="yes">
			<val>取消啟用可讓您在另一部電腦上啟用 Adobe 產品，不過前提是您必須依照{0}軟體授權合約{1}操作。請先確定您已連線到網際網路，然後再取消啟用。您可以重新輸入您的序號，再次在這部電腦上重新啟用。</val>
		</str>
		<str name="messageSubscription" translate="yes">
			<val>取消啟用可讓您在另一部電腦上啟用 Adobe 產品，不過前提是您必須依照{0}軟體授權合約{1}操作。請先確定您已連線到網際網路，然後再取消啟用。</val>
		</str>
		<str name="deActivationMsgError" translate="yes">
			<val>如果這個問題仍然持續存在，請聯絡{0}客戶支援{1}。{2}</val>
		</str>
		<str name="customerSupportLink" translate="yes">
			<val>http://www.adobe.com/go/customer_support_tw</val>
		</str>
		<str name="eula_Link" translate="yes">
			<val>http://www.adobe.com/go/eulas_tw</val>
		</str>
		<str name="subscriptionManagerLink" translate="no">
			<val>http://www.creative.adobe.com/go/account</val>
		</str>
		<str name="failure" translate="yes">
			<val>取消啟用未成功。請再試一次。</val>
		</str>
		<str name="deactivate" translate="yes">
			<val>取消啟用</val>
		</str>		
		<str name="cancel" translate="yes">
			<val>取消</val>
		</str>
		<str name="continue" translate="yes">
			<val>繼續</val>
		</str>
		
		<str name="offline" translate="yes">
			<val>請連線至網際網路，然後再試一次</val>
		</str>		
		<str name="offlineMsg" translate="yes">
			<val>無法取消啟用。請確定您已連線至網際網路，然後再試一次。如果問題仍然持續存在，請聯絡{0}客戶支援{1}。</val>
		</str>	
		<str name="customerSupportLink" translate="yes">
			<val>http://www.adobe.com/go/customer_support_tw</val>
		</str>
	</set>
	
	<set name="trialFailed">
		<str name="title" translate="yes">
			<val>試用版初始化失敗</val>
		</str>
		<str name="warning" translate="yes">
			<val>授權已經停止運作。</val>
		</str>
		<str name="message" translate="yes">
			<val>授權本產品發生問題。請重新安裝本產品，然後再試一次。如果重新安裝後這個問題仍然存在，請聯絡{0}客戶支援{1}以取得進一步協助。</val>
		</str>
		<str name="customerSupportLink" translate="yes">
			<val>http://www.adobe.com/go/customer_support_tw</val>
		</str>
		<str name="close" translate="yes">
			<val>關閉</val>
		</str>
		<str name="enterSerial" translate="yes">
			<val>授權給此軟體</val>
		</str>
	</set>
	
	<set name="validateSerial">
		<str name="title" translate="yes">
			<val>序號驗證</val>
		</str>
		
		<set name="grace">
			<str name="message" translate="yes">
				<val>請連線至網際網路以驗證序號。您必須在 {0}內驗證序號，否則軟體將停止運作。</val>
			</str>
		</set>
		
		<set name="post_grace">
			<str name="message" translate="yes">
				<val>請連線至網際網路以驗證序號。您下次啟動時必須連線至網際網路，否則軟體將無法運作。</val>
			</str>
		</set>
		
		<set name="post_bonus">
			<str name="message" translate="yes">
				<val>請連線至網際網路以驗證序號。如果不啟用並驗證序號，軟體將無法運作。您需要連線至網際網路後才能繼續。</val>
			</str>
		</set>
		
		<str name="noInternet" translate="yes">
			<val>無法連線至網際網路嗎?</val>
		</str>
		<str name="validate" translate="yes">
			<val>驗證</val>
		</str>
		<str name="connectLater" translate="yes">
			<val>稍後連線</val>
		</str>
		<str name="quit" translate="yes">
			<val>結束</val>
		</str>
	</set>

	<set name="deactivateSuccess">
		<str name="title" translate="yes">
			<val>取消啟用成功</val>
		</str>
		<str name="message" translate="yes">
			<val>您現在可以在另一部電腦上使用 {0}。若要再次在這部電腦上使用 {0}，請重新輸入有效序號，或是選擇「試用」並輸入與您訂閱相關聯的 Adobe ID。</val>
		</str>
		<str name="close" translate="yes">
			<val>關閉</val>
		</str>	
	</set>
	
	<set name="offlineScrim">
		<str name="title" translate="yes">
			<val>請連線至網際網路，然後再試一次</val>
		</str>
		<str name="message" translate="yes">
			<val>您的電腦似乎離線。需要有網際網路連線。請連線至網際網路，然後再試一次。如果問題仍然持續存在，請聯絡{0}客戶服務{1}。</val>
		</str>
		<str name="offlineActivationMsg" translate="yes">
			<val>如果這部電腦無法存取網際網路，請在 {0} 取得詳細資訊 (請使用具備網際網路功能的裝置)。</val>
		</str>
		<str name="offlineActivationLink" translate="yes">
			<val>http://www.adobe.com/go/getactivated_tw</val>
		</str>
		<str name="customerSupportLink" translate="yes">
			<val>http://www.adobe.com/go/customer_support_tw</val>
		</str>
		<str name="retry" translate="yes">
			<val>再試一次</val>
		</str>
		<str name="connectLater" translate="yes">
			<val>稍後連線</val>
		</str>
		<str name="cancel" translate="yes">
			<val>取消</val>
		</str>
	</set>
	
	<set name="dspEntitlementOfflineScrim">
		<str name="title" translate="yes">
			<val>需要網際網路連線才能使用訂閱</val>
		</str>
		<str name="message" translate="yes">
			<val>您需要網際網路連線才能啟動訂閱。如果您擁有訂閱，請連線至網際網路並選擇「重試」。</val>
		</str>
		<str name="serialInfo" translate="yes">
			<val>如果您有序號，請選擇「輸入序號」繼續。</val>
		</str>
		<str name="retry" translate="yes">
			<val>再試一次</val>
		</str>
		<str name="enterSerialNumber" translate="yes">
			<val>輸入序號</val>
		</str>
		<str name="cancel" translate="yes">
			<val>上一步</val>
		</str>
	</set>
	
	<set name="screenLoading">
		<str name="loading" translate="yes">
			<val>正在載入...</val>
		</str>
		<str name="validatingSerial" translate="yes">
			<val>正在驗證序號。這可能需要一點時間...</val>
		</str>
	</set>
	
	<set name="overActivation">
		<str name="title" translate="yes">
			<val>序號</val>
		</str>
		<str name="stepMessage" translate="yes">
			<val>序號 {0} 已經由所允許的最大電腦數目所使用。您必須在 {1} 天內取消啟用另一部電腦，才能使用本產品。</val>
		</str>
		<str name="stepMessageOneDay" translate="yes">
			<val>序號 {0} 已經由所允許的最大電腦數目所使用。您必須在 1 天內取消啟用另一部電腦，才能使用本產品。</val>
		</str>
		<str name="stepMessageBonusLaunch" translate="yes">
			<val>序號 {0} 已經由所允許的最大電腦數目所使用。您必須取消啟用另一部電腦或提供另一個有效的序號，才能再次在這部電腦使用 {1}。</val>
		</str>
		<str name="radioButton1" translate="yes">
			<val>重試啟用。我已經取消啟用其中一部電腦。</val>
		</str>
		<str name="radioButton2" translate="yes">
			<val>提供不同序號。</val>
		</str>
		<str name="continue" translate="yes">
			<val>繼續</val>
		</str>
	</set>
	
	<set name="activationFailure">
		<str name="title" translate="yes">
			<val>啟用失敗</val>
		</str>
		<str name="activationStepError" translate="yes">
			<val>我們無法啟用 {0}</val>
		</str>
		<str name="activationMsgError" translate="yes">
			<val>請檢查您的網際網路連線設定，然後再試一次。如果這個問題仍然持續存在，請聯絡{0}客戶支援{1}。{2}</val>
		</str>
		<str name="customerSupportLink" translate="yes">
			<val>http://www.adobe.com/go/customer_support_tw</val>
		</str>
		<str name="close" translate="yes">
			<val>關閉</val>
		</str>
		<str name="retry" translate="yes">
			<val>再試一次</val>
		</str>
	</set>
	<set name="activationRequired">
		<str name="title" translate="yes">
			<val>必須啟用</val>
		</str>
		<str name="activationMsgOneDay" translate="yes">
			<val>請連線至網際網路。必須在 1 天內啟用 {0}，否則產品將停止運作。</val>
		</str>
		<str name="activationMsg" translate="yes">
			<val>請連線至網際網路。必須在 {1} 天內啟用 {0}，否則產品將停止運作。</val>
		</str>
		<str name="activationMsgBonus" translate="yes">
			<val>請連線至網際網路。必須在今天啟用 {0}，否則產品將停止運作。</val>
		</str>
		<str name="activateLater" translate="yes">
			<val>稍後啟用</val>
		</str>
		<str name="retry" translate="yes">
			<val>立即啟用</val>
		</str>
	</set>
	
	<set name="confirmationDialog">
		<str name="title" translate="yes">
			<val>結束</val>
		</str>
		<str name="message" translate="yes">
			<val>您確定要結束嗎?</val>
		</str>
		<str name="primaryButtonLabel" translate="yes">
			<val>是</val>
		</str>
		<str name="secondaryButtonLabel" translate="yes">
			<val>否</val>
		</str>
	</set>
	
	<set name="inAppTrials">
		<str name="loading" translate="yes">
			<val>正在載入...</val>
		</str>
		<str name="title" translate="yes">
			<val>{0} 試用版</val>
		</str>
		<str name="continue" translate="yes">
			<val>繼續試用</val>
		</str>
		<str name="startTrial" translate="yes">
			<val>開始試用</val>
		</str>
		<str name="enterSerial" translate="yes">
			<val>授權給此軟體</val>
		</str>
		<str name="privacySettings" translate="yes">
			<val>隱私設定</val>
		</str>
		<str name="tutorialsList" translate="yes">
			<val>{0} / {1}</val>
		</str>
		<str name="videoLoadingError" translate="yes">
			<val>載入視訊時發生錯誤。</val>
		</str>
		<str name="tryAgain" translate="yes">
			<val>再試一次</val>
		</str>
		<str name="exitFullScreen" translate="yes">
			<val>按一下 ESC 結束全螢幕模式。</val>
		</str>
		<str name="okay" translate="yes">
			<val>確定</val>
		</str>
		<str name="cancel" translate="yes">
			<val>取消</val>
		</str>
		<str name="privacyText" translate="yes">
			<val>我們會要求您提供軟體體驗等級之類的選擇性資訊，以便為您提供量身打造的內容。</val>
		</str>
		<str name="privacyPolicyText" translate="yes">
			<val>如需有關我們針對您使用產品方式所收集的資料，以及 Adobe 如何使用該資料銷售所需產品的詳細資訊，請{0}按一下這裡{1}並參閱 {2}Adobe 線上隱私權原則{3}</val>
		</str>
		<str name="optInText" translate="yes">
			<val>關閉自訂試用版內容的顯示。下次啟動試用版時，不會顯示任何自訂內容。</val>
		</str>
		<str name="privacyPortalLink" translate="yes">
			<val>http://www.adobe.com/go/adobe_privacy_portal_tw</val>
		</str>
		<str name="privacyPolicyLink" translate="yes">
			<val>http://www.adobe.com/go/privacy_tw</val>
		</str>		
		
	</set>
	
	<set name="noInternetConnection">
		<str name="title" translate="yes">
			<val>沒有網際網路連線</val>
		</str>
		<str name="para1" translate="yes">
			<val>我們無法在這部電腦上偵測網際網路連線。</val>
		</str>
		<str name="para2" translate="yes">
			<val>必須在 {0} 天內執行並完成啟用和註冊。如果這部電腦可以連線，則程序只需花費幾分鐘。</val>
		</str>
		<str name="para2_day" translate="yes">
			<val>必須在 1 天內執行並完成啟用和註冊。如果這部電腦可以連線，則程序只需花費幾分鐘。</val>
		</str>
		<str name="para2_end" translate="yes">
			<val>必須執行並完成啟用和註冊。如果這部電腦可以連線，則程序只需花費幾分鐘。</val>
		</str>
		<str name="para2_optional" translate="yes">
			<val>必須在 {0} 天內執行並完成啟用。如果這部電腦可以連線，則程序只需花費幾分鐘。</val>
		</str>
		<str name="para2_day_optional" translate="yes">
			<val>必須在 1 天內執行並完成啟用。如果這部電腦可以連線，則程序只需花費幾分鐘。</val>
		</str>
		<str name="para2_end_optional" translate="yes">
			<val>必須執行並完成啟用。如果這部電腦可以連線，則程序只需花費幾分鐘。</val>
		</str>
		<str name="para3" translate="yes">
			<val>如果此電腦無法連線至網際網路，請按一下「離線啟用」。您需要具備網際網路存取功能的裝置及產品序號，才能離線啟用您的軟體。</val>
		</str>
		<str name="para3_optional" translate="yes">
			<val>如果此電腦無法連線至網際網路，請按一下「離線啟用」。您需要具備網際網路功能的裝置及產品序號，才能完成離線啟用程序。</val>
		</str>
		<str name="hyperlinkText" translate="yes">
			<val>此電腦已連線到網際網路。我不知道哪裡有問題。</val>
		</str>
		<str name="hyperlinkTooltipText" translate="yes">
			<val>請聯絡系統管理員或撥打 Adobe 客戶支援。</val>
		</str>
		<str name="offlineActivate" translate="yes">
			<val>離線啟用</val>
		</str>
		<str name="back" translate="yes">
			<val>上一步</val>
		</str>
	</set>
	
	<set name="offlineActivation">
		<str name="title" translate="yes">
			<val>離線啟用</val>
		</str>
		<set name="StepError">
			<str name="requestCodeExpired" translate="yes">
				<val>要求代碼 {0} 已過期。請依照下列步驟完成離線啟用。</val>
			</str>
			<str name="requestCodeGenError" translate="yes">
				<val>我們無法產生要求代碼。請再試一次。</val>
			</str>
		</set>
		<str name="para1" translate="yes">
			<val>1. 按一下下方的「產生要求代碼」。這是電腦專用代碼，有效期間為 72 小時。如果您未在 72 小時內完成此程序，請直接要求新代碼即可。</val>
		</str>
		<str name="para2" translate="yes">
			<val>2. 使用網際網路連線的裝置存取 Adobe.com/go/getactivated_tw。</val>
		</str>
		<str name="para3" translate="yes">
			<val>3. 網站出現提示時，輸入步驟 1 的代碼及您的序號。這將產生回應代碼。</val>
		</str>
		<str name="para4" translate="yes">
			<val>4. 在您的離線電腦上輸入回應代碼，並按一下「啟用」。</val>
		</str>
		<str name="para5" translate="yes">
			<val>按一下「上一步」線上啟用您的軟體。</val>
		</str>
		<str name="hyperlinkText" translate="yes">
			<val>我要連線，以便更快速地啟用。</val>
		</str>
		<str name="back" translate="yes">
			<val>上一步</val>
		</str>
		<str name="activateLater" translate="yes">
			<val>稍後啟用</val>
		</str>
		<str name="quit" translate="yes">
			<val>結束</val>
		</str>
		<str name="generateRequestCode" translate="yes">
			<val>產生要求代碼</val>
		</str>
		<str name="customerSupportLink" translate="yes">
			<val>http://www.adobe.com/go/customer_support_tw</val>
		</str>
	</set>
	
	<set name="offlineActivationCode">
		<str name="title" translate="yes">
			<val>離線啟用</val>
		</str>
		<set name="StepError">
			<str name="invalidResponseCode" translate="yes">
				<val>輸入的回應代碼無效。請重新輸入。</val>
			</str>
			<str name="requestCodeExpired" translate="yes">
				<val>要求代碼 {0} 已過期。請依照下列步驟完成離線啟用。</val>
			</str>
			<str name="verifyError" translate="yes">
				<val>我們無法驗證輸入的回應代碼。請再試一次。</val>
			</str>
		</set>
		<str name="requestCode" translate="yes">
			<val>要求代碼:</val>
		</str>
		<str name="para1" translate="yes">
			<val>您有 {0}的時間可以從 www.adobe.com/go/getactivated_tw 取得回應代碼，並在下面輸入代碼。</val>
		</str>
		<str name="responseCode" translate="yes">
			<val>回應代碼:</val>
		</str>
		<str name="hyperlinkText" translate="yes">
			<val>我要連線，以便更快速地啟用。</val>
		</str>
		<str name="back" translate="yes">
			<val>上一步</val>
		</str>
		<str name="activateLater" translate="yes">
			<val>稍後啟用</val>
		</str>
		<str name="quit" translate="yes">
			<val>結束</val>
		</str>
		<str name="activate" translate="yes">
			<val>啟用</val>
		</str>
		<str name="hour" translate="yes">
			<val>小時</val>
		</str>
		<str name="hours" translate="yes">
			<val>小時</val>
		</str>
		<str name="customerSupportLink" translate="yes">
			<val>http://www.adobe.com/go/customer_support_tw</val>
		</str>
	</set>
	
	<set name="offlineActivationComplete">
		<str name="title" translate="yes">
			<val>離線啟用完成</val>
		</str>
		<str name="message" translate="yes">
			<val>{0} 已成功啟用且可供使用。</val>
		</str>
		<str name="close" translate="yes">
			<val>關閉</val>
		</str>
		<str name="launch" translate="yes">
			<val>啟動</val>
		</str>
	</set>
	
	<set name="unableToActivate">
		<str name="title" translate="yes">
			<val>啟用失敗</val>
		</str>
		<str name="warning" translate="yes">
			<val>我們無法啟用 {0}</val>
		</str>
		<str name="para1" translate="yes">
			<val>您必須啟用產品，才能使用本產品。</val>
		</str>
		<str name="para2" translate="yes">
			<val>您必須有可用的網際網路連線才能啟用本產品。請檢查連線設定並選擇「再試一次」。</val>
		</str>
		<str name="tryAgain" translate="yes">
			<val>再試一次</val>
		</str>
		<str name="close" translate="yes">
			<val>關閉</val>
		</str>
		<str name="noInternet" translate="yes">
			<val>無法連線至網際網路嗎?</val>
		</str>
	</set>
	
	<set name="dspSubscriptionActivated">
		<str name="title" translate="yes">
			<val>感謝您</val>
		</str>
		<str name="message" translate="yes">
			<val>{0} 現在將授權給 {1}。按一下繼續，盡情享用本軟體。</val>
		</str>
		<str name="close" translate="yes">
			<val>繼續</val>
		</str>
	</set>
	
	<set name="dspOverActivation">
		<str name="title" translate="yes">
			<val>超過啟用上限</val>
		</str>
		<str name="warning" translate="yes">
			<val>我們無法啟用 {0}。</val>
		</str>
		<str name="message" translate="yes">
			<val>此 Adobe ID 名下的此產品已由上限 2 部裝置所啟用。請選擇「繼續」取消啟用其他裝置並在此裝置上啟用您的訂閱，或選擇「授權給此軟體」以使用不同的 Adobe ID 登入。</val>
		</str>
		<str name="activationPolicy" translate="yes">
			<val>{0}啟用政策{1}</val>
		</str>
		<str name="activationPolicyLink" translate="yes">
			<val>http://www.adobe.com/go/activation_tw</val>
		</str>
		<str name="licenseThisSoftware" translate="yes">
			<val>授權給此軟體</val>
		</str>
		<str name="continue" translate="yes">
			<val>繼續</val>
		</str>
	</set>
	
	<set name="dspAdobeIDMismatch">
		<str name="title" translate="yes">
			<val>再試一次</val>
		</str>
		<str name="warning" translate="yes">
			<val>Adobe ID 不相符</val>
		</str>
		<str name="message" translate="yes">
			<val>您登入的 Adobe ID 不符合與此訂閱相關的 Adobe ID。請使用與此訂閱相關的 Adobe ID 登入。</val>
		</str>
		<str name="back" translate="yes">
			<val>上一步</val>
		</str>
		<str name="quit" translate="yes">
			<val>結束</val>
		</str>
	</set>
	
	<set name="dspSubscriptionExpired">
		<str name="title" translate="yes">
			<val>續訂您的訂閱</val>
		</str>
		<str name="message" translate="yes">
			<val>請移至{0}訂閱管理員{1}續訂您的 {2} 訂閱，以繼續使用您的產品而不致中斷。如果您剛完成續訂，請稍候 15 分鐘並再試一次。</val>
		</str>
		<str name="messageCCMTeamPara1" translate="yes">
			<val>如需要續訂訂閱並繼續使用您的產品，請連絡管理員。</val>
		</str>
		<str name="messageCCMTeamPara2" translate="yes">
			<val>如果已續訂訂閱，請等候 15 分鐘後再試一次。</val>
		</str>
		<str name="signedInMessage" translate="yes">
			<val>您目前使用 Adobe ID: {0} 登入。如果您想要使用不同的 Adobe ID 登入，請選取「授權給此軟體」。</val>
		</str>
		<str name="subscriptionManagerLink" translate="no">
			<val>http://www.creative.adobe.com/go/account</val>
		</str>
		<str name="tryAgain" translate="yes">
			<val>再試一次</val>
		</str>
		<str name="close" translate="yes">
			<val>關閉</val>
		</str>
		<str name="licenseThisSoftware" translate="yes">
			<val>授權給此軟體</val>
		</str>
	</set>
	
	<set name="dspCheckGenericError">
		<str name="title" translate="yes">
			<val>再試一次</val>
		</str>
		<str name="warning" translate="yes">
			<val>無法開始您的 {0} 訂閱。</val>
		</str>
		<str name="message" translate="yes">
			<val>請稍候片刻並再試一次。</val>
		</str>
		<str name="tryAgain" translate="yes">
			<val>再試一次</val>
		</str>
		<str name="quit" translate="yes">
			<val>結束</val>
		</str>
	</set>
	
	<set name="dspSubscriptionVerified">
		<str name="title" translate="yes">
			<val>感謝您</val>
		</str>
		<str name="message" translate="yes">
			<val>您的 {0} 訂閱現在已生效。請按一下「繼續」以使用您的產品。</val>
		</str>
		<str name="continue" translate="yes">
			<val>繼續</val>
		</str>
	</set>
	
	<set name="dspSubscriptionReactivation">
		<str name="title" translate="yes">
			<val>需要登入</val>
		</str>
		<str name="message" translate="yes">
			<val>我們的記錄顯示這份訂閱已經在另一部電腦上使用中。若要在這部電腦上啟用 {0}，請使用您的 Adobe ID 登入。</val>
		</str>
		<str name="signIn" translate="yes">
			<val>登入</val>
		</str>
		<str name="quit" translate="yes">
			<val>結束</val>
		</str>
	</set>
	
	<set name="dspReminder">
		<set name="ccInfoReminder">
			<str name="title" translate="yes">
				<val>續訂提醒</val>
			</str>
			<str name="message" translate="yes">
				<val>您的訂閱即將過期。</val>
			</str>
			<str name="info" translate="yes">
				<val>我們的記錄指出還沒有與此帳戶相關聯的信用卡。請移至{0}訂閱管理員{1}並提供信用卡號，續訂您的 {2} 訂閱，以繼續使用您的產品而不致中斷。</val>
			</str>
			<str name="infoCCMTeam" translate="yes">
				<val>如需繼續存取產品，請連絡您的管理員。</val>
			</str>
		</set>
		
		<set name="graceReminder">
			<str name="title" translate="yes">
				<val>訂閱過期</val>
			</str>
			<str name="message" translate="yes">
				<val>您的 {0} 訂閱已過期。</val>
			</str>
			<str name="info" translate="yes">
				<val>請移至{0}訂閱管理員{1}續訂您的 {2} 訂閱，以繼續使用您的產品而不致中斷。您有一段短暫的寬限期可續訂您的訂閱，超過此期限後您將無法再存取本產品。</val>
			</str>
			<str name="infoCCMTeam" translate="yes">
				<val>請連絡您的管理員以續訂您的訂閱，並繼續不中斷地使用您的產品。您會有一個短暫的續訂訂閱寬限期，在寬限期過後您將無法繼續存取本產品。</val>
			</str>
		</set>
		
		<str name="subscriptionManagerLink" translate="no">
			<val>http://www.creative.adobe.com/go/account</val>
		</str>
		<str name="offline" translate="yes">
			<val>無法連線至網際網路。請檢查連線設定並選擇「再試一次」。</val>
		</str>
		<str name="subscriptionPolicy" translate="yes">
			<val>{0}訂閱政策{1}</val>
		</str>
		<str name="subscriptionPolicyLink" translate="yes">
			<val>http://www.adobe.com/go/subscription_policy_tw</val>
		</str>
		<str name="daysRemaining" translate="yes">
			<val>剩餘天數</val>
		</str>
		<str name="dayRemaining" translate="yes">
			<val>剩餘天數</val>
		</str>
		<str name="continue" translate="yes">
			<val>繼續</val>
		</str>
		<str name="tryAgain" translate="yes">
			<val>再試一次</val>
		</str>
	</set>
	
	<set name="dspSuspended">
		<set name="activationSuspended">
			<str name="title" translate="yes">
				<val>啟用失敗</val>
			</str>
			<str name="warning" translate="yes">
				<val>我們無法啟用 {0}。</val>
			</str>
			<str name="message" translate="yes">
				<val>您的系統日期與伺服器的日期不相符。您的系統日期最多可以比 Adobe 伺服器的日期快三天 ({0})。</val>
			</str>
			<str name="info" translate="yes">
				<val>請檢查您電腦上的日期設定，然後再試一次。如果問題仍然持續存在，請聯絡{0}客戶支援{1}。</val>
			</str>
		</set>
		
		<set name="subscriptionSuspended">
			<str name="title" translate="yes">
				<val>訂閱暫停</val>
			</str>
			<str name="warning" translate="yes">
				<val>{0} 訂閱已暫停。</val>
			</str>
			<str name="message" translate="yes">
				<val>您的系統日期與伺服器的日期不相符。您的系統日期最多可以比 Adobe 伺服器的日期快三天 ({0})。</val>
			</str>
			<str name="info" translate="yes">
				<val>請檢查您電腦上的日期設定，然後再試一次。如果問題仍然持續存在，請聯絡{0}客戶支援{1}。</val>
			</str>
		</set>
		
		<set name="subscriptionWindback">
			<str name="title" translate="yes">
				<val>訂閱暫停</val>
			</str>
			<str name="warning" translate="yes">
				<val>{0} 訂閱已暫停。</val>
			</str>
			<str name="message" translate="yes">
				<val>系統日期與時間設定錯誤。請將系統時鐘設定為目前時間並選擇「再試一次」。如果問題仍然持續存在，請聯絡{0}客戶支援{1}。</val>
			</str>
		</set>
		
		<str name="customerSupportLink" translate="yes">
			<val>http://www.adobe.com/go/customer_support_tw</val>
		</str>
		<str name="activationPolicy" translate="yes">
			<val>{0}檢視啟用政策{1}</val>
		</str>
		<str name="activationPolicyLink" translate="yes">
			<val>http://www.adobe.com/go/activation_tw</val>
		</str>
		<str name="subscriptionPolicy" translate="yes">
			<val>{0}訂閱政策{1}</val>
		</str>
		<str name="subscriptionPolicyLink" translate="yes">
			<val>http://www.adobe.com/go/subscription_policy_tw</val>
		</str>
		<str name="quit" translate="yes">
			<val>結束</val>
		</str>
		<str name="tryAgain" translate="yes">
			<val>再試一次</val>
		</str>
	</set>
	
	<set name="dateTimeFormats">
		<str name="dateFormat_Long" translate="yes">
			<val>{2} 年 {0} {1} 日</val>
		</str>
	</set>

	<set name="monthsFull">
		<str name="1" translate="yes">
			<val>1 月</val>
		</str>
		<str name="2" translate="yes">
			<val>2 月</val>
		</str>
		<str name="3" translate="yes">
			<val>3 月</val>
		</str>
		<str name="4" translate="yes">
			<val>4 月</val>
		</str>
		<str name="5" translate="yes">
			<val>5 月</val>
		</str>
		<str name="6" translate="yes">
			<val>6 月</val>
		</str>
		<str name="7" translate="yes">
			<val>7 月</val>
		</str>
		<str name="8" translate="yes">
			<val>8 月</val>
		</str>
		<str name="9" translate="yes">
			<val>9 月</val>
		</str>
		<str name="10" translate="yes">
			<val>10 月</val>
		</str>
		<str name="11" translate="yes">
			<val>11 月</val>
		</str>
		<str name="12" translate="yes">
			<val>12 月</val>
		</str>
	</set>
	
	<set name="dsp_IMSBusyScrim">
		<str name="WaitAMoment" translate="yes">
			<val>請稍候...</val>
		</str>
	</set>
	
	<set name="dspSubscriptionRevoked">
		<str name="title" translate="yes">
			<val>訂閱暫停</val>
		</str>
		<str name="warning" translate="yes">
			<val>{0} 訂閱已暫停。</val>
		</str>
		<str name="message" translate="yes">
			<val>訂閱授權已經失效或已經遭到撤銷。請聯絡{0}客戶支援{1}。</val>
		</str>
		<str name="subscriptionPolicy" translate="yes">
			<val>{0}訂閱政策{1}</val>
		</str>
		<str name="subscriptionPolicyLink" translate="yes">
			<val>http://www.adobe.com/go/subscription_policy_tw</val>
		</str>
		<str name="customerSupportLink" translate="yes">
			<val>http://www.adobe.com/go/customer_support_tw</val>
		</str>
		<str name="quit" translate="yes">
			<val>結束</val>
		</str>
	</set>
	
	<set name="isoToLanguage">
		<str name="ar_AE" translate="no"><val>العربية</val></str>
		<str name="en_GB" translate="no"><val>English (International)</val></str> 
		<str name="en_INT" translate="no"><val>English (International)</val></str> 
		<str name="fr_CA" translate="no"><val>Français canadien</val></str>
		<str name="es_QM" translate="no"><val>Español (Middle East)</val></str>
		<str name="es_LA" translate="no"><val>Español de América Latina</val></str>
		<str name="es_NA" translate="no"><val>Español Norteamericano</val></str>
		<str name="bg_BG" translate="no"><val>Български</val></str>
		<str name="lv_LV" translate="no"><val>Latviešu</val></str>
		<str name="et_EE" translate="no"><val>Eesti</val></str>
		<str name="hr_HR" translate="no"><val>hrvatski</val></str>
		<str name="sl_SI" translate="no"><val>slovenščina</val></str>
		<str name="sk_SK" translate="no"><val>Slovenčina</val></str>
		<str name="th_TH" translate="no"><val>ภาษาไทย</val></str> 
		<str name="vi_VN" translate="no"><val>Việt</val></str>
		<str name="en_XC" translate="no"><val>English (Central Europe)</val></str> 
		<str name="en_XM" translate="no"><val>English (Middle East)</val></str>
		<str name="fr_XM" translate="no"><val>Français Oriental Moyen</val></str>
		<str name="sq_AL" translate="no"><val>Shqip</val></str> 
		<str name="ar_SA" translate="no"><val>العربية</val></str>
		<str name="be_BY" translate="no"><val>Беларуская</val></str> 
		<str name="ca_ES" translate="no"><val>Català</val></str> 
		<str name="hi_IN" translate="no"><val>हिन्दी</val></str>
		<str name="is_IS" translate="no"><val>Íslenska</val></str> 
		<str name="lt_LT" translate="no"><val>Lietuvių</val></str>
		<str name="mk_MK" translate="no"><val>македонски</val></str>
		<str name="nn_NO" translate="no"><val>Norsk (Nynorsk)</val></str>
		<str name="pt_PT" translate="no"><val>Português de Portugal</val></str> 
		<str name="sh_YU" translate="no"><val>Srpsko-Hrvatski</val></str> 
		<str name="sr_YU" translate="no"><val>Cрпски</val></str> 
		<str name="kk_KZ" translate="no"><val>Қазақ</val></str>
		<str name="az_AZ" translate="no"><val>Azərbaycan dili</val></str> 
		<str name="es_MX" translate="no"><val>Español (América Latina)</val></str>
		<str name="no_NO" translate="no"><val>Norwegian</val></str> 
		<str name="cs_CZ" translate="no"><val>Česky</val></str>
		<str name="de_DE" translate="no"><val>Deutsch</val></str>
		<str name="el_GR" translate="no"><val>Ελληνικά</val></str>
		<str name="en_US" translate="no"><val>English (North America)</val></str> 
		<str name="es_ES" translate="no"><val>Español</val></str> 
		<str name="fr_FR" translate="no"><val>Français</val></str>
		<str name="he_IL" translate="no"><val>עברית</val></str> 
		<str name="hu_HU" translate="no"><val>Magyar</val></str> 
		<str name="it_IT" translate="no"><val>Italiano</val></str>
		<str name="ja_JP" translate="no"><val>日本語</val></str>
		<str name="ko_KR" translate="no"><val>한국어</val></str>
		<str name="nl_NL" translate="no"><val>Nederlands</val></str>
		<str name="pl_PL" translate="no"><val>Polski</val></str>
		<str name="ro_RO" translate="no"><val>Română</val></str>
		<str name="ru_RU" translate="no"><val>Pусский</val></str>
		<str name="sv_SE" translate="no"><val>Svenska</val></str>
		<str name="tr_TR" translate="no"><val>Türkçe</val></str>
		<str name="uk_UA" translate="no"><val>Українська</val></str>
		<str name="zh_CN" translate="no"><val>简体中文</val></str>
		<str name="zh_TW" translate="no"><val>繁體中文</val></str>
		<str name="da_DK" translate="no"><val>Dansk</val></str>
		<str name="fi_FI" translate="no"><val>Suomi</val></str>
		<str name="nb_NO" translate="no"><val>Norsk (Bokmål)</val></str> 
		<str name="pt_BR" translate="no"><val>Português do Brasil</val></str>
		<str name="en_AE" translate="no"><val>English يدعم العربية</val></str> 
		<str name="en_IL" translate="no"><val>English תומך עברית</val></str> 
		<str name="fr_MA" translate="no"><val>Français (Maroc)</val></str>
	</set>
		
</asf>
