<?xml version='1.0' encoding='utf-8'?>
<!DOCTYPE asf SYSTEM "http://ns.adobe.com/asf/asf_1_0.dtd" >
<asf xmlns="http://ns.adobe.com/asf" locale="tr_TR" version="1.0">
	
	<set name="common">
		<str name="windowTitle" translate="yes">
			<val>Adobe Ürünü</val>
		</str>
		<str name="day" translate="yes">
			<val>gün</val>
		</str>
		<str name="days" translate="yes">
			<val>gün</val>
		</str>
	</set>
	
	<set name="eula">
		<str name="eula" translate="yes">
			<val>Adobe Yazılım Lisans Sözleşmesi</val>
		</str>
		<str name="accept" translate="yes">
			<val>Kabul et</val>
		</str>
		<str name="quit" translate="yes">
			<val>Çık</val>
		</str>		
	</set>

	<set name="register">
		<set name="trial">
			<set name="online">
				<str name="title" translate="yes">
					<val>Giriş Yapılması Gerekiyor</val>
				</str>
				<str name="message" translate="yes">
					<val>{0} deneme sürümünüzü kullanmak için Adobe ID'nizle oturum açın.</val>
				</str>
				<str name="message_device" translate="yes">
					<val>Şimdi deneme sürümünüzü Adobe ID'nize kaydedeceğiz: {0}.</val>
				</str>
				<str name="notYou" translate="yes">
					<val>(Sizin Adobe ID'niz değil mi?)</val>
				</str>
				<str name="signInNow" translate="yes">
					<val>Şimdi giriş yap</val>
				</str>
				<str name="signIn" translate="yes">
					<val>Giriş yap</val>
				</str>
				<str name="termTitle" translate="yes">
					<val>Deneme sürümü yazılımı için şartlar ve koşullar.</val>
				</str>
				<str name="termPara1" translate="yes">
					<val>İçeriği sizin ihtiyaçlarınıza göre düzenlemek için sizden isteğe bağlı olarak sunacağınız bilgiler sağlamanızı isteyebiliriz. Deneme sürümü deneyimi ekranında bulunan Gizlilik Ayarları bölümüne giderek istediğiniz zaman bu özelleştirilmiş içeriği kapatabilirsiniz.</val>
				</str>
				<str name="termPara2" translate="yes">
					<val>Ürün kullanımınızla ilgili topladığımız bilgiler ve Adobe'nin bu bilgileri nasıl kullandığıyla ilgili bilgi için (ilgi alanlarınıza göre yaptığımız pazarlama faaliyetleri dahil olmak üzere) {0}burayı{1} tıklatın ve {2}Adobe Çevrimiçi Gizlilik İlkesi{3}'ne bakın.</val>
				</str>
				<str name="privacyPortalLink" translate="yes">
					<val>http://www.adobe.com/go/adobe_privacy_portal_tr</val>
				</str>
				<str name="privacyPolicyLink" translate="yes">
					<val>http://www.adobe.com/go/privacy_tr</val>
				</str>
			</set>
		</set>
		
		<set name="subscription">
			<str name="title" translate="yes">
				<val>Giriş Yapılması Gerekiyor</val>
			</str>			
			<str name="message" translate="yes">
				<val>Bu ürünü kullanmak ve Adobe ID'niz ile kaydettirmek için giriş yapmanız gerekmektedir. Adobe ID'niz seri numaralarınızın yanı sıra Adobe Creative Cloud ve Adobe.com topluluğuna erişmeniz için kolay bir yol sağlar.</val>
			</str>
			<str name="userEmail" translate="yes">
				<val>Şu Adobe ID ile giriş yapacaksınız: {0}.</val>
			</str>
			<str name="notYou" translate="yes">
				<val>(Sizin Adobe ID'niz değil mi?)</val>
			</str>
			<str name="signInNow" translate="yes">
				<val>Şimdi giriş yap</val>
			</str>
			<str name="signIn" translate="yes">
				<val>Giriş yap</val>
			</str>
			<str name="back" translate="yes">
				<val>Geri</val>
			</str>
		</set>
		
		
		<set name="serial">
			<set name="grace">
				<str name="title" translate="yes">
					<val>Giriş Yapılması Gerekiyor</val>
				</str>			
				<str name="message" translate="yes">
					<val>{1} içinde Adobe ID ile giriş yapmanız ve {0} ürününü kaydettirmeniz gerekir. Aksi takdirde ürün çalışmayı durdurur.</val>
				</str>
				<str name="benefit" translate="yes">
					<val>Adobe ID'niz seri numaralarınızın yanı sıra Adobe Creative Cloud ve Adobe.com topluluğuna erişmeniz için kolay bir yol sağlar.</val>
				</str>
				<str name="userEmail" translate="yes">
					<val>Şu Adobe ID ile giriş yapacaksınız: {0}.</val>
				</str>
				<str name="notYou" translate="yes">
					<val>(Sizin Adobe ID'niz değil mi?)</val>
				</str>
				<str name="signInNow" translate="yes">
					<val>Şimdi giriş yap</val>
				</str>
				<str name="signIn" translate="yes">
					<val>Giriş yap</val>
				</str>
				<str name="signInLater" translate="yes">
					<val>Daha sonra giriş yap</val>
				</str>
			</set>
			
			<set name="post_grace">
				<str name="title" translate="yes">
					<val>Giriş Yapılması Gerekiyor</val>
				</str>			
				<str name="message" translate="yes">
					<val>Bu yazılımı bir sonraki kullanımınızdan önce {0} ürününü kaydettirmek için Adobe ID'nizle giriş yapmanız gerekir.</val>
				</str>
				<str name="benefit" translate="yes">
					<val>Adobe ID'niz seri numaralarınızın yanı sıra Adobe Creative Cloud ve Adobe.com topluluğuna erişmeniz için kolay bir yol sağlar.</val>
				</str>
				<str name="userEmail" translate="yes">
					<val>Şu Adobe ID ile giriş yapacaksınız: {0}.</val>
				</str>
				<str name="notYou" translate="yes">
					<val>(Sizin Adobe ID'niz değil mi?)</val>
				</str>
				<str name="signInNow" translate="yes">
					<val>Şimdi giriş yap</val>
				</str>
				<str name="signIn" translate="yes">
					<val>Giriş yap</val>
				</str>
				<str name="signInLater" translate="yes">
					<val>Daha sonra giriş yap</val>
				</str>
			</set>
		
			<set name="post_bonus">
				<str name="title" translate="yes">
					<val>Giriş Yapılması Gerekiyor</val>
				</str>			
				<str name="message" translate="yes">
					<val>Kayıt için Adobe ID'nizle giriş yapmadan {0} öğesini kullanamazsınız.</val>
				</str>
				<str name="benefit" translate="yes">
					<val>Adobe ID'niz seri numaralarınızın yanı sıra Adobe Creative Cloud ve Adobe.com topluluğuna erişmeniz için kolay bir yol sağlar.</val>
				</str>
				<str name="userEmail" translate="yes">
					<val>Şu Adobe ID ile giriş yapacaksınız: {0}.</val>
				</str>
				<str name="notYou" translate="yes">
					<val>(Sizin Adobe ID'niz değil mi?)</val>
				</str>
				<str name="signInNow" translate="yes">
					<val>Şimdi giriş yap</val>
				</str>
				<str name="signIn" translate="yes">
					<val>Giriş yap</val>
				</str>
				<str name="quit" translate="yes">
					<val>Çık</val>
				</str>
			</set>
		
			<set name="go_online_grace">
				<str name="title" translate="yes">
					<val>Giriş Yapılması Gerekiyor</val>
				</str>			
				<str name="message" translate="yes">
					<val>İnternet'e bağlanın. {1} içinde {0} ürününü kaydettirmek için Adobe ID'niz ile giriş yapmanız gerekir. Aksi takdirde, ürününüz çalışmayı durdurur.</val>
				</str>
				<str name="benefit" translate="yes">
					<val>Adobe ID'niz seri numaralarınızın yanı sıra Adobe Creative Cloud ve Adobe.com topluluğuna erişmeniz için kolay bir yol sağlar.</val>
				</str>
				<str name="userEmail" translate="yes">
					<val>Şu Adobe ID ile giriş yapacaksınız: {0}.</val>
				</str>
				<str name="notYou" translate="yes">
					<val>(Sizin Adobe ID'niz değil mi?)</val>
				</str>
				<str name="noInternet" translate="yes">
					<val>İnternet'e bağlanırken sorun mu yaşıyorsunuz?</val>
				</str>
				<str name="signInNow" translate="yes">
					<val>Şimdi giriş yap</val>
				</str>
				<str name="signIn" translate="yes">
					<val>Giriş yap</val>
				</str>
				<str name="signInLater" translate="yes">
					<val>Daha sonra giriş yap</val>
				</str>
			</set>
		
			<set name="go_online_post_grace">
				<str name="title" translate="yes">
					<val>Giriş Yapılması Gerekiyor</val>
				</str>			
				<str name="message" translate="yes">
					<val>Bu yazılımı bir sonraki kullanımınızdan önce {0} ürününü kaydettirmek için Adobe ID'nizle giriş yapmanız gerekir.</val>
				</str>
				<str name="benefit" translate="yes">
					<val>Adobe ID'niz seri numaralarınızın yanı sıra Adobe Creative Cloud ve Adobe.com topluluğuna erişmeniz için kolay bir yol sağlar.</val>
				</str>
				<str name="userEmail" translate="yes">
					<val>Şu Adobe ID ile giriş yapacaksınız: {0}.</val>
				</str>
				<str name="notYou" translate="yes">
					<val>(Sizin Adobe ID'niz değil mi?)</val>
				</str>
				<str name="noInternet" translate="yes">
					<val>İnternet'e bağlanırken sorun mu yaşıyorsunuz?</val>
				</str>
				<str name="signInNow" translate="yes">
					<val>Şimdi giriş yap</val>
				</str>
				<str name="signIn" translate="yes">
					<val>Giriş yap</val>
				</str>
				<str name="signInLater" translate="yes">
					<val>Daha sonra giriş yap</val>
				</str>
			</set>
		
			<set name="go_online_post_bonus">
				<str name="title" translate="yes">
					<val>Giriş Yapılması Gerekiyor</val>
				</str>			
				<str name="message" translate="yes">
					<val>Kayıt için Adobe ID'nizle giriş yapmadan {0} öğesini kullanamazsınız.</val>
				</str>
				<str name="benefit" translate="yes">
					<val>Adobe ID'niz seri numaralarınızın yanı sıra Adobe Creative Cloud ve Adobe.com topluluğuna erişmeniz için kolay bir yol sağlar.</val>
				</str>
				<str name="userEmail" translate="yes">
					<val>Şu Adobe ID ile giriş yapacaksınız: {0}.</val>
				</str>
				<str name="noInternet" translate="yes">
					<val>İnternet'e bağlanırken sorun mu yaşıyorsunuz?</val>
				</str>
				<str name="notYou" translate="yes">
					<val>(Sizin Adobe ID'niz değil mi?)</val>
				</str>
				<str name="signInNow" translate="yes">
					<val>Şimdi giriş yap</val>
				</str>
				<str name="signIn" translate="yes">
					<val>Giriş yap</val>
				</str>
				<str name="quit" translate="yes">
					<val>Çık</val>
				</str>
			</set>
		</set>
	</set>
	
	
	<set name="registerOptional">
		<set name="serial">
			<str name="title" translate="yes">
				<val>Ürününüzü Kaydettirin</val>
			</str>			
			<str name="paragraphOneText" translate="yes">
				<val>{0} ürününü Adobe ID'nizi kullanarak kaydettirin.</val>
			</str>
			<str name="paragraphOneTextWithAdobeID" translate="yes">
				<val>{0} ürününü Adobe ID'nizi kullanarak kaydettirin:</val>
			</str>
			<str name="paragraphTwoHeader" translate="yes">
				<val>Ürününüzü kaydettirdiğinizde:</val>
			</str>
			<str name="pointOne" translate="yes">
				<val>Teknik desteğe erişim sağlayabilirsiniz</val>
			</str>
			<str name="pointTwo" translate="yes">
				<val>Seri numaranızı takip edebilirsiniz</val>
			</str>
			<str name="pointThree" translate="yes">
				<val>{0} hakkındaki güncellemeleri ve bildirimleri ilk alanlardan biri olabilirsiniz</val>
			</str>
			<str name="pointFour" translate="yes">
				<val>Ayrıca ürününüzü kaydettirdiğiniz için {0}ücretsiz bir avantaj{1} da elde edeceksiniz.</val>
			</str>
			<str name="complementaryBenefitsLink" translate="yes">
				<val>https://www.adobe.com/go/benefit_tr</val>
			</str>
			<str name="notYou" translate="yes">
				<val>(Sizin hesabınız değil mi?)</val>
			</str>
			<str name="neverCheckBoxText" translate="yes">
				<val>Bunu bir daha gösterme</val>
			</str>
			<str name="registerNow" translate="yes">
				<val>Şimdi Kaydettir</val>
			</str>
			<str name="skip" translate="yes">
				<val>Atla</val>
			</str>
		</set>
	</set>
	
	<set name="trialLaunch">
		<str name="title" translate="yes">
			<val>{0} Deneme Sürümü</val>
		</str>
		
		<set name="start">
			<str name="info" translate="yes">
				<val>Bu ürünü {0} gün süresince deneyebilirsiniz.</val>
			</str>
			<str name="info_day" translate="yes">
				<val>Bu ürünü {0} gün süresince deneyebilirsiniz.</val>
			</str>
			<str name="additionalInfo" translate="yes">
				<val>Yazılımı satın alarak {0} ürününü deneme sürümünüz bittikten sonra kullanmaya devam edebilirsiniz.</val>
			</str>
		</set>
		
		<set name="grace">
			<str name="info" translate="yes">
				<val>Bu ürünü {0} gün süresince deneyebilirsiniz.</val>
			</str>
			<str name="info_day" translate="yes">
				<val>Bu ürünü {0} gün süresince deneyebilirsiniz.</val>
			</str>
			<str name="additionalInfo" translate="yes">
				<val>Yazılımı satın alarak {0} ürününü deneme sürümünüz bittikten sonra kullanmaya devam edebilirsiniz.</val>
			</str>
		</set>
		
		<set name="bonus">
			<str name="info" translate="yes">
				<val>Son deneme sürümü başlatması</val>
			</str>
			<str name="additionalInfo" translate="yes">
				<val>Deneme sürümünüzün süresi doldu ancak {0} ürününü son bir kez daha kullanabilirsiniz.</val>
			</str>
			<str name="bonusInfo" translate="yes">
				<val>Yazılımı satın alarak {0} ürününü kullanmaya devam edebilirsiniz.</val>
			</str>
		</set>
		
		<set name="expired">
			<str name="info" translate="yes">
				<val>Deneme sürümünüzün süresi doldu.</val>
			</str>
			<str name="additionalInfo" translate="yes">
				<val>Yazılımı satın alarak {0} ürününü kullanmaya devam edebilirsiniz.</val>
			</str>
		</set>
		
		<str name="daysRemaining" translate="yes">
			<val>Gün Kaldı</val>
		</str>
		<str name="dayRemaining" translate="yes">
			<val>Gün Kaldı</val>
		</str>
		<str name="buy" translate="yes">
			<val>Şimdi Satın Al</val>
		</str>
		<str name="buyLink" translate="no">
			<val>http://www.adobe.com/go/buy</val>
		</str>
		<str name="continue" translate="yes">
			<val>Deneme Sürümüne Devam Et</val>
		</str>
		<str name="startTrial" translate="yes">
			<val>Deneme Sürümünü Başlat</val>
		</str>
		<str name="enterSerial" translate="yes">
			<val>Bu Yazılımı Lisansla</val>
		</str>		
	</set>
	
	<set name="deactivate">
		<str name="title" translate="yes">
			<val>Devre Dışı Bırak</val>
		</str>
		<str name="title_Fail" translate="yes">
			<val>Devre Dışı Bırakma Başarısız Oldu</val>
		</str>
		<str name="infoSubscription" translate="yes">
			<val>Uygulamayı devre dışı bırakmak aboneliğinizi değiştirmez. Aboneliğinizi değiştirmek için {0}Abonelik Yöneticisi{1}'ni ziyaret edin.</val>
		</str>
		<str name="infoSubscriptionCCMTeam" translate="yes">
			<val>Uygulamayı devre dışı bırakmak aboneliğinizi değiştirmez.</val>
		</str>
		<str name="message" translate="yes">
			<val>Devre dışı bırakma işlemi, {0}Yazılım Lisans Sözleşmesi{1}'ne uygun hareket ettiğiniz sürece, Adobe ürünlerinizi başka bir bilgisayarda etkinleştirmenizi sağlar. Devre dışı bırakmaya başlamadan önce İnternet'e bağlı olduğunuzdan emin olun. Seri numaranızı tekrar girerek bu bilgisayarda yeniden etkinleştirme gerçekleştirebilirsiniz.</val>
		</str>
		<str name="messageSubscription" translate="yes">
			<val>Devre dışı bırakma işlemi, {0}Yazılım Lisans Sözleşmesi{1}'ne uygun hareket ettiğiniz sürece, Adobe ürünlerinizi başka bir bilgisayarda etkinleştirmenizi sağlar. Devre dışı bırakmaya başlamadan önce İnternet'e bağlı olduğunuzdan emin olun.</val>
		</str>
		<str name="deActivationMsgError" translate="yes">
			<val>Bu sorun devam ederse {0}Müşteri Desteği{1} ile iletişim kurun. {2}</val>
		</str>
		<str name="customerSupportLink" translate="yes">
			<val>http://www.adobe.com/go/customer_support_tr</val>
		</str>
		<str name="eula_Link" translate="yes">
			<val>http://www.adobe.com/go/eulas_tr</val>
		</str>
		<str name="subscriptionManagerLink" translate="no">
			<val>http://www.creative.adobe.com/go/account</val>
		</str>
		<str name="failure" translate="yes">
			<val>Devre dışı bırakma başarısız oldu. Tekrar deneyin.</val>
		</str>
		<str name="deactivate" translate="yes">
			<val>Devre Dışı Bırak</val>
		</str>		
		<str name="cancel" translate="yes">
			<val>İptal</val>
		</str>
		<str name="continue" translate="yes">
			<val>Devam</val>
		</str>
		
		<str name="offline" translate="yes">
			<val>İnternet'e bağlanın ve yeniden deneyin</val>
		</str>		
		<str name="offlineMsg" translate="yes">
			<val>Devre dışı bırakılamıyor. İnternet'e bağlı olduğunuzdan emin olun ve tekrar deneyin. Sorun devam ederse {0}Müşteri Desteği{1} ile iletişim kurun.</val>
		</str>	
		<str name="customerSupportLink" translate="yes">
			<val>http://www.adobe.com/go/customer_support_tr</val>
		</str>
	</set>
	
	<set name="trialFailed">
		<str name="title" translate="yes">
			<val>Deneme Sürümü Başlatılamadı</val>
		</str>
		<str name="warning" translate="yes">
			<val>Lisans çalışmayı bıraktı.</val>
		</str>
		<str name="message" translate="yes">
			<val>Bu ürünün lisansı ile ilgili bir sorun oluştu. Bu ürünü tekrar yükleyin ve yeniden deneyin. Yeniden yükleme işleminden sonra bu sorun oluşmaya devam ediyorsa daha fazla yardım için {0}Müşteri Desteği{1} ile iletişim kurun.</val>
		</str>
		<str name="customerSupportLink" translate="yes">
			<val>http://www.adobe.com/go/customer_support_tr</val>
		</str>
		<str name="close" translate="yes">
			<val>Kapat</val>
		</str>
		<str name="enterSerial" translate="yes">
			<val>Bu Yazılımı Lisansla</val>
		</str>
	</set>
	
	<set name="validateSerial">
		<str name="title" translate="yes">
			<val>Seri Numarası Doğrulaması</val>
		</str>
		
		<set name="grace">
			<str name="message" translate="yes">
				<val>Seri numaranızı doğrulamak için İnternet'e bağlanın. {0} içinde doğrulamadığınız takdirde yazılımınız çalışmayı durdurur.</val>
			</str>
		</set>
		
		<set name="post_grace">
			<str name="message" translate="yes">
				<val>Seri numaranızı doğrulamak için İnternet'e bağlanın. Uygulamayı bir sonraki başlatışınızda İnternet'e bağlı olmanız gerekir. Aksi takdirde, yazılım çalışmaz.</val>
			</str>
		</set>
		
		<set name="post_bonus">
			<str name="message" translate="yes">
				<val>Seri numaranızı doğrulamak için İnternet'e bağlanın. Bu yazılım, etkinleştirme ve seri numarası doğrulama işlemleri gerçekleştirilmeden çalışmaz. Devam etmek için İnternet'e bağlanmanız gerekiyor.</val>
			</str>
		</set>
		
		<str name="noInternet" translate="yes">
			<val>İnternet'e bağlanırken sorun mu yaşıyorsunuz?</val>
		</str>
		<str name="validate" translate="yes">
			<val>Doğrula</val>
		</str>
		<str name="connectLater" translate="yes">
			<val>Daha Sonra Bağlan</val>
		</str>
		<str name="quit" translate="yes">
			<val>Çık</val>
		</str>
	</set>

	<set name="deactivateSuccess">
		<str name="title" translate="yes">
			<val>Devre Dışı Bırakma Başarılı Oldu</val>
		</str>
		<str name="message" translate="yes">
			<val>Artık {0} ürününü başka bir bilgisayarda kullanabilirsiniz. {0} ürününü bu bilgisayarda tekrar kullanmak için tekrar geçerli bir seri numarasını girin veya Dene'yi seçerek aboneliğinizle ilişkili Adobe ID'yi girin.</val>
		</str>
		<str name="close" translate="yes">
			<val>Kapat</val>
		</str>	
	</set>
	
	<set name="offlineScrim">
		<str name="title" translate="yes">
			<val>İnternet'e bağlanın ve yeniden deneyin</val>
		</str>
		<str name="message" translate="yes">
			<val>Bilgisayarınız çevrimdışı görünüyor. Bir İnternet bağlantısı gerekiyor. İnternet'e bağlanın ve tekrar deneyin. Bu sorun devam ederse {0}Müşteri Hizmetleri{1} ile iletişim kurun.</val>
		</str>
		<str name="offlineActivationMsg" translate="yes">
			<val>Bu bilgisayar İnternet'e erişemiyorsa, İnternet'i olan bir cihaz kullanarak {0} adresinden daha fazla ayrıntıya ulaşabilirsiniz.</val>
		</str>
		<str name="offlineActivationLink" translate="yes">
			<val>http://www.adobe.com/go/getactivated_tr</val>
		</str>
		<str name="customerSupportLink" translate="yes">
			<val>http://www.adobe.com/go/customer_support_tr</val>
		</str>
		<str name="retry" translate="yes">
			<val>Yeniden dene</val>
		</str>
		<str name="connectLater" translate="yes">
			<val>Daha Sonra Bağlan</val>
		</str>
		<str name="cancel" translate="yes">
			<val>İptal</val>
		</str>
	</set>
	
	<set name="dspEntitlementOfflineScrim">
		<str name="title" translate="yes">
			<val>Abonelikler için İnternet bağlantısı gerekir</val>
		</str>
		<str name="message" translate="yes">
			<val>Abonelik başlatmak için İnternet bağlantısına ihtiyacınız vardır. Aboneliğiniz varsa İnternet'e bağlanın ve Yeniden dene'yi seçin.</val>
		</str>
		<str name="serialInfo" translate="yes">
			<val>Seri numaranız varsa devam etmek için Seri Numarası Gir seçeneğini belirleyin.</val>
		</str>
		<str name="retry" translate="yes">
			<val>Yeniden dene</val>
		</str>
		<str name="enterSerialNumber" translate="yes">
			<val>Seri Numarası Gir</val>
		</str>
		<str name="cancel" translate="yes">
			<val>Geri</val>
		</str>
	</set>
	
	<set name="screenLoading">
		<str name="loading" translate="yes">
			<val>Yükleniyor...</val>
		</str>
		<str name="validatingSerial" translate="yes">
			<val>Seri Numarası doğrulanıyor. Bu işlem birkaç dakika sürebilir...</val>
		</str>
	</set>
	
	<set name="overActivation">
		<str name="title" translate="yes">
			<val>Seri Numarası</val>
		</str>
		<str name="stepMessage" translate="yes">
			<val>{0} seri numarası, zaten izin verilen maksimum sayıda bilgisayar tarafından kullanılıyor. Bu ürünü kullanmak için başka bir bilgisayarı {1} gün içinde devre dışı bırakmanız gerekir.</val>
		</str>
		<str name="stepMessageOneDay" translate="yes">
			<val>{0} seri numarası, zaten izin verilen maksimum sayıda bilgisayar tarafından kullanılıyor. Bu ürünü kullanmak için başka bir bilgisayarı 1 gün içinde devre dışı bırakmanız gerekir.</val>
		</str>
		<str name="stepMessageBonusLaunch" translate="yes">
			<val>{0} seri numarası, zaten izin verilen maksimum sayıda bilgisayar tarafından kullanılıyor. {1} ürününü bu bilgisayarda tekrar kullanabilmek için başka bir bilgisayarı devre dışı bırakmanız veya başka bir geçerli seri numarası sağlamanız gerekir.</val>
		</str>
		<str name="radioButton1" translate="yes">
			<val>Etkinleştirmeyi yeniden deneyin. Diğer bilgisayarlarımdan birini zaten devre dışı bıraktım.</val>
		</str>
		<str name="radioButton2" translate="yes">
			<val>Farklı bir seri numarası sağlayın.</val>
		</str>
		<str name="continue" translate="yes">
			<val>Devam</val>
		</str>
	</set>
	
	<set name="activationFailure">
		<str name="title" translate="yes">
			<val>Etkinleştirme Başarısız Oldu</val>
		</str>
		<str name="activationStepError" translate="yes">
			<val>{0} ürününüzü etkinleştiremiyoruz</val>
		</str>
		<str name="activationMsgError" translate="yes">
			<val>İnternet bağlantısı ayarlarınızı kontrol edin ve tekrar deneyin. Bu sorun devam ederse {0}Müşteri Desteği{1} ile iletişim kurun. {2}</val>
		</str>
		<str name="customerSupportLink" translate="yes">
			<val>http://www.adobe.com/go/customer_support_tr</val>
		</str>
		<str name="close" translate="yes">
			<val>Kapat</val>
		</str>
		<str name="retry" translate="yes">
			<val>Yeniden dene</val>
		</str>
	</set>
	<set name="activationRequired">
		<str name="title" translate="yes">
			<val>Etkinleştirme Gerekli</val>
		</str>
		<str name="activationMsgOneDay" translate="yes">
			<val>Lütfen İnternet'e bağlanın. 1 gün içinde {0} ürününü etkinleştirmeniz gerekir. Aksi takdirde, ürününüz çalışmayı durdurur.</val>
		</str>
		<str name="activationMsg" translate="yes">
			<val>Lütfen İnternet'e bağlanın. {1} gün içinde {0} ürününü etkinleştirmeniz gerekir. Aksi takdirde, ürününüz çalışmayı durdurur.</val>
		</str>
		<str name="activationMsgBonus" translate="yes">
			<val>Lütfen İnternet'e bağlanın. {0} ürününü bugün etkinleştirmeniz gerekiyor. Etkinleştirmezseniz ürününüz çalışmayı durdurur.</val>
		</str>
		<str name="activateLater" translate="yes">
			<val>Daha Sonra Etkinleştir</val>
		</str>
		<str name="retry" translate="yes">
			<val>Şimdi Etkinleştir</val>
		</str>
	</set>
	
	<set name="confirmationDialog">
		<str name="title" translate="yes">
			<val>Çık</val>
		</str>
		<str name="message" translate="yes">
			<val>Çıkmak istediğinizden emin misiniz?</val>
		</str>
		<str name="primaryButtonLabel" translate="yes">
			<val>Evet</val>
		</str>
		<str name="secondaryButtonLabel" translate="yes">
			<val>Hayır</val>
		</str>
	</set>
	
	<set name="inAppTrials">
		<str name="loading" translate="yes">
			<val>Yükleniyor...</val>
		</str>
		<str name="title" translate="yes">
			<val>{0} Deneme Sürümü</val>
		</str>
		<str name="continue" translate="yes">
			<val>Deneme Sürümüne Devam Et</val>
		</str>
		<str name="startTrial" translate="yes">
			<val>Deneme Sürümünü Başlat</val>
		</str>
		<str name="enterSerial" translate="yes">
			<val>Bu Yazılımı Lisansla</val>
		</str>
		<str name="privacySettings" translate="yes">
			<val>Gizlilik Ayarları</val>
		</str>
		<str name="tutorialsList" translate="yes">
			<val>{0} / {1}</val>
		</str>
		<str name="videoLoadingError" translate="yes">
			<val>Video yüklenirken hata oluştu.</val>
		</str>
		<str name="tryAgain" translate="yes">
			<val>Yeniden dene</val>
		</str>
		<str name="exitFullScreen" translate="yes">
			<val>Tam ekran modundan çıkmak için Esc tuşuna basın.</val>
		</str>
		<str name="okay" translate="yes">
			<val>Tamam</val>
		</str>
		<str name="cancel" translate="yes">
			<val>İptal</val>
		</str>
		<str name="privacyText" translate="yes">
			<val>İçeriği sizin ihtiyaçlarınıza göre düzenlemek için sizden yazılım deneyimi düzeyiniz gibi isteğe bağlı olarak sunacağınız bilgiler sağlamanızı isteyebiliriz.</val>
		</str>
		<str name="privacyPolicyText" translate="yes">
			<val>Ürün kullanımınızla ilgili topladığımız bilgiler ve Adobe'nin bu bilgileri nasıl kullandığıyla ilgili bilgi için (ilgi alanlarınıza göre yaptığımız pazarlama faaliyetleri dahil olmak üzere) {0}burayı tıklatın{1} ve {2}Adobe Çevrimiçi Gizlilik İlkesi{3}'ne bakın.</val>
		</str>
		<str name="optInText" translate="yes">
			<val>Özelleştirilmiş deneme sürümü içeriğini görüntüleme özelliğini kapatın. Deneme sürümünü bir sonraki başlatışınızda hiçbir özelleştirilmiş içerik gösterilmeyecektir.</val>
		</str>
		<str name="privacyPortalLink" translate="yes">
			<val>http://www.adobe.com/go/adobe_privacy_portal_tr</val>
		</str>
		<str name="privacyPolicyLink" translate="yes">
			<val>http://www.adobe.com/go/privacy_tr</val>
		</str>		
		
	</set>
	
	<set name="noInternetConnection">
		<str name="title" translate="yes">
			<val>İnternet Bağlantısı Yok</val>
		</str>
		<str name="para1" translate="yes">
			<val>Bu makinede İnternet bağlantısı algılanamıyor.</val>
		</str>
		<str name="para2" translate="yes">
			<val>Etkinleştirme ve kayıt işlemleri gereklidir ve bu işlemler {0} gün içinde tamamlanmalıdır. Bu bilgisayar çevrimiçi olabiliyorsa, işlem yalnızca birkaç dakika sürecektir.</val>
		</str>
		<str name="para2_day" translate="yes">
			<val>Etkinleştirme ve kayıt işlemleri gereklidir ve bu işlemler 1 gün içinde tamamlanmalıdır. Bu bilgisayar çevrimiçi olabiliyorsa, işlem yalnızca birkaç dakika sürecektir.</val>
		</str>
		<str name="para2_end" translate="yes">
			<val>Etkinleştirme ve kayıt işlemleri gereklidir ve bu işlemler tamamlanmalıdır. Bu bilgisayar çevrimiçi olabiliyorsa, işlem yalnızca birkaç dakika sürer.</val>
		</str>
		<str name="para2_optional" translate="yes">
			<val>Etkinleştirme gereklidir ve {0} gün içinde tamamlanmalıdır. Bu bilgisayar çevrimiçi olabiliyorsa, işlem yalnızca birkaç dakika sürer.</val>
		</str>
		<str name="para2_day_optional" translate="yes">
			<val>Etkinleştirme gereklidir ve 1 gün içinde tamamlanmalıdır. Bu bilgisayar çevrimiçi olabiliyorsa, işlem yalnızca birkaç dakika sürer.</val>
		</str>
		<str name="para2_end_optional" translate="yes">
			<val>Etkinleştirme gereklidir ve tamamlanmalıdır. Bu bilgisayar çevrimiçi olabiliyorsa, işlem yalnızca birkaç dakika sürer.</val>
		</str>
		<str name="para3" translate="yes">
			<val>Bu bilgisayar İnternet'e bağlanamıyorsa, Çevrimdışı Etkinleştirme'yi tıklatın. Yazılımınızı çevrimdışı etkinleştirmek için İnternet'e erişimi olan bir cihaza ve ürününüzün seri numarasına ihtiyacınız olacak.</val>
		</str>
		<str name="para3_optional" translate="yes">
			<val>Bu bilgisayar İnternet'e bağlanamıyorsa, Çevrimdışı Etkinleştirme'yi tıklatın. Çevrimdışı etkinleştirme işlemini tamamlamak için İnternet'i olan bir cihaza ve ürününüzün seri numarasına ihtiyacınız olacak.</val>
		</str>
		<str name="hyperlinkText" translate="yes">
			<val>Bu bilgisayar İnternet'e bağlı. Sorunun ne olduğunu bilmiyorum.</val>
		</str>
		<str name="hyperlinkTooltipText" translate="yes">
			<val>Yöneticinizle iletişime geçin veya Adobe müşteri desteğini arayın.</val>
		</str>
		<str name="offlineActivate" translate="yes">
			<val>Çevrimdışı Etkinleştirme</val>
		</str>
		<str name="back" translate="yes">
			<val>Geri</val>
		</str>
	</set>
	
	<set name="offlineActivation">
		<str name="title" translate="yes">
			<val>Çevrimdışı Etkinleştirme</val>
		</str>
		<set name="StepError">
			<str name="requestCodeExpired" translate="yes">
				<val>İstek kodunun {0} süresi doldu. Çevrimdışı etkinleştirmeyi tamamlamak için aşağıdaki adımları uygulayın.</val>
			</str>
			<str name="requestCodeGenError" translate="yes">
				<val>Bir İstek Kodu oluşturamıyoruz. Lütfen yeniden deneyin.</val>
			</str>
		</set>
		<str name="para1" translate="yes">
			<val>1. Aşağıda İstek Kodu Oluştur'u tıklatın. Kod makineye özeldir ve 72 saat için geçerlidir. Bu işlemi 72 saat içinde tamamlayamazsanız yeni bir kod isteyin.</val>
		</str>
		<str name="para2" translate="yes">
			<val>2. İnternet'e bağlı cihazınızı Adobe.com/go/getactivated_tr adresine erişmek için kullanın.</val>
		</str>
		<str name="para3" translate="yes">
			<val>3. Sitede istendiğinde 1. adımdaki kodu ve seri numaranızı girin. Bu bir Yanıt Kodu oluşturacaktır.</val>
		</str>
		<str name="para4" translate="yes">
			<val>4. Çevrimdışı makinenizde Yanıt Kodu'nu girin ve Etkinleştir'i tıklatın.</val>
		</str>
		<str name="para5" translate="yes">
			<val>Yazılımınızı çevrimiçi etkinleştirmek için Geri'yi tıklatın.</val>
		</str>
		<str name="hyperlinkText" translate="yes">
			<val>Çevrimiçi olarak daha hızlı bir şekilde etkinleştirmek istiyorum.</val>
		</str>
		<str name="back" translate="yes">
			<val>Geri</val>
		</str>
		<str name="activateLater" translate="yes">
			<val>Daha Sonra Etkinleştir</val>
		</str>
		<str name="quit" translate="yes">
			<val>Çık</val>
		</str>
		<str name="generateRequestCode" translate="yes">
			<val>İstek Kodu Oluştur</val>
		</str>
		<str name="customerSupportLink" translate="yes">
			<val>http://www.adobe.com/go/customer_support_tr</val>
		</str>
	</set>
	
	<set name="offlineActivationCode">
		<str name="title" translate="yes">
			<val>Çevrimdışı Etkinleştirme</val>
		</str>
		<set name="StepError">
			<str name="invalidResponseCode" translate="yes">
				<val>Girilen yanıt kodu geçersiz. Tekrar girin.</val>
			</str>
			<str name="requestCodeExpired" translate="yes">
				<val>İstek kodunun {0} süresi doldu. Çevrimdışı etkinleştirmeyi tamamlamak için aşağıdaki adımları uygulayın.</val>
			</str>
			<str name="verifyError" translate="yes">
				<val>Girilen İstek Kodunu doğrulayamıyoruz. Lütfen yeniden deneyin.</val>
			</str>
		</set>
		<str name="requestCode" translate="yes">
			<val>İstek Kodu:</val>
		</str>
		<str name="para1" translate="yes">
			<val>www.adobe.com/go/getactivated_tr adresinden Yanıt Kodu almak ve aşağıya girmek için {0} süreniz var.</val>
		</str>
		<str name="responseCode" translate="yes">
			<val>Yanıt Kodu:</val>
		</str>
		<str name="hyperlinkText" translate="yes">
			<val>Çevrimiçi olarak daha hızlı bir şekilde etkinleştirmek istiyorum.</val>
		</str>
		<str name="back" translate="yes">
			<val>Geri</val>
		</str>
		<str name="activateLater" translate="yes">
			<val>Daha Sonra Etkinleştir</val>
		</str>
		<str name="quit" translate="yes">
			<val>Çık</val>
		</str>
		<str name="activate" translate="yes">
			<val>Etkinleştir</val>
		</str>
		<str name="hour" translate="yes">
			<val>saat</val>
		</str>
		<str name="hours" translate="yes">
			<val>saat</val>
		</str>
		<str name="customerSupportLink" translate="yes">
			<val>http://www.adobe.com/go/customer_support_tr</val>
		</str>
	</set>
	
	<set name="offlineActivationComplete">
		<str name="title" translate="yes">
			<val>Çevrimdışı Etkinleştirme Tamamlandı</val>
		</str>
		<str name="message" translate="yes">
			<val>{0} başarıyla etkinleştirildi ve kullanıma hazır.</val>
		</str>
		<str name="close" translate="yes">
			<val>Kapat</val>
		</str>
		<str name="launch" translate="yes">
			<val>Başlat</val>
		</str>
	</set>
	
	<set name="unableToActivate">
		<str name="title" translate="yes">
			<val>Etkinleştirme Başarısız Oldu</val>
		</str>
		<str name="warning" translate="yes">
			<val>{0} ürününüzü etkinleştiremiyoruz</val>
		</str>
		<str name="para1" translate="yes">
			<val>Bu ürünü kullanmak için ürün etkinleştirmesi gerekir.</val>
		</str>
		<str name="para2" translate="yes">
			<val>Bu ürünü etkinleştirmek için çalışan bir İnternet bağlantınız olması gerekir. Bağlantı ayarlarınızı kontrol edin ve Yeniden Dene'yi seçin.</val>
		</str>
		<str name="tryAgain" translate="yes">
			<val>Yeniden Dene</val>
		</str>
		<str name="close" translate="yes">
			<val>Kapat</val>
		</str>
		<str name="noInternet" translate="yes">
			<val>İnternet'e bağlanırken sorun mu yaşıyorsunuz?</val>
		</str>
	</set>
	
	<set name="dspSubscriptionActivated">
		<str name="title" translate="yes">
			<val>Teşekkür Ederiz</val>
		</str>
		<str name="message" translate="yes">
			<val>{0}, artık {1} lisansına sahip olacaktır. Yazılımın keyfini çıkarmak için Devam'ı tıklatın.</val>
		</str>
		<str name="close" translate="yes">
			<val>Devam</val>
		</str>
	</set>
	
	<set name="dspOverActivation">
		<str name="title" translate="yes">
			<val>Maksimum Etkinleştirme Sayısı Geçildi</val>
		</str>
		<str name="warning" translate="yes">
			<val>{0} ürününüzü etkinleştiremiyoruz.</val>
		</str>
		<str name="message" translate="yes">
			<val>Bu ürünün aboneliği, aynı Adobe ID ile en fazla sayı olan 2 cihazda zaten etkin. Diğer cihazlarınızı devre dışı bırakmak ve aboneliğinizi bu bilgisayarda etkinleştirmek için Devam'ı veya farklı bir Adobe ID ile giriş yapmak için Bu Yazılımı Lisansla’yı seçin.</val>
		</str>
		<str name="activationPolicy" translate="yes">
			<val>{0}Etkinleştirme İlkesi{1}</val>
		</str>
		<str name="activationPolicyLink" translate="yes">
			<val>http://www.adobe.com/go/activation_tr</val>
		</str>
		<str name="licenseThisSoftware" translate="yes">
			<val>Bu Yazılımı Lisansla</val>
		</str>
		<str name="continue" translate="yes">
			<val>Devam</val>
		</str>
	</set>
	
	<set name="dspAdobeIDMismatch">
		<str name="title" translate="yes">
			<val>Yeniden Dene</val>
		</str>
		<str name="warning" translate="yes">
			<val>Adobe ID'ler Eşleşmiyor</val>
		</str>
		<str name="message" translate="yes">
			<val>Giriş yapmak için kullandığınız Adobe ID bu abonelikle ilişkili olan Adobe ID ile eşleşmiyor. Lütfen bu abonelikle ilişkili olan Adobe ID ile giriş yapın.</val>
		</str>
		<str name="back" translate="yes">
			<val>Geri</val>
		</str>
		<str name="quit" translate="yes">
			<val>Çık</val>
		</str>
	</set>
	
	<set name="dspSubscriptionExpired">
		<str name="title" translate="yes">
			<val>Aboneliğinizi yenileyin</val>
		</str>
		<str name="message" translate="yes">
			<val>{2} aboneliğinizi yenilemek ve ürününüzü kesintisiz bir şekilde kullanmaya devam etmek için {0}Abonelik Yöneticisi{1} bölümüne gidin. Aboneliğinizi yakın zamanda yenilediyseniz 15 dakika bekleyin ve yeniden deneyin.</val>
		</str>
		<str name="messageCCMTeamPara1" translate="yes">
			<val>Aboneliği yenilemek ve ürününüzü kullanmaya devam etmek için Yönetici ile iletişim kurun.</val>
		</str>
		<str name="messageCCMTeamPara2" translate="yes">
			<val>Abonelik zaten yenilendiyse 15 dakika bekleyip tekrar deneyin.</val>
		</str>
		<str name="signedInMessage" translate="yes">
			<val>Şu Adobe ID ile giriş yaptınız: {0}. Farklı bir Adobe ID ile giriş yapmak istiyorsanız Bu Yazılımı Lisansla öğesini seçin.</val>
		</str>
		<str name="subscriptionManagerLink" translate="no">
			<val>http://www.creative.adobe.com/go/account</val>
		</str>
		<str name="tryAgain" translate="yes">
			<val>Yeniden Dene</val>
		</str>
		<str name="close" translate="yes">
			<val>Kapat</val>
		</str>
		<str name="licenseThisSoftware" translate="yes">
			<val>Bu Yazılımı Lisansla</val>
		</str>
	</set>
	
	<set name="dspCheckGenericError">
		<str name="title" translate="yes">
			<val>Yeniden Dene</val>
		</str>
		<str name="warning" translate="yes">
			<val>{0} aboneliğiniz başlatılamıyor.</val>
		</str>
		<str name="message" translate="yes">
			<val>Birkaç dakika bekleyin ve tekrar deneyin.</val>
		</str>
		<str name="tryAgain" translate="yes">
			<val>Yeniden Dene</val>
		</str>
		<str name="quit" translate="yes">
			<val>Çık</val>
		</str>
	</set>
	
	<set name="dspSubscriptionVerified">
		<str name="title" translate="yes">
			<val>Teşekkür Ederiz</val>
		</str>
		<str name="message" translate="yes">
			<val>{0} aboneliğiniz artık etkin. Ürününüzü kullanmak için Devam'ı tıklatın.</val>
		</str>
		<str name="continue" translate="yes">
			<val>Devam</val>
		</str>
	</set>
	
	<set name="dspSubscriptionReactivation">
		<str name="title" translate="yes">
			<val>Giriş Yapılması Gerekiyor</val>
		</str>
		<str name="message" translate="yes">
			<val>Kayıtlarımız bu aboneliğin başka bir bilgisayarda zaten etkin olduğunu gösteriyor. {0} uygulamasını bu makinede etkinleştirmek için Adobe ID'niz ile giriş yapın.</val>
		</str>
		<str name="signIn" translate="yes">
			<val>Giriş yap</val>
		</str>
		<str name="quit" translate="yes">
			<val>Çık</val>
		</str>
	</set>
	
	<set name="dspReminder">
		<set name="ccInfoReminder">
			<str name="title" translate="yes">
				<val>Abonelik Anımsatıcısı</val>
			</str>
			<str name="message" translate="yes">
				<val>Aboneliğinizin süresi yakında dolacak.</val>
			</str>
			<str name="info" translate="yes">
				<val>Kayıtlarımız bu abonelik hesabıyla bir kredi kartının ilişkilendirilmediğini gösteriyor. {0}Abonelik Yöneticisi{1} bölümüne gidin ve {2} aboneliğinizi yenilemek ve ürününüzü kesintisiz bir şekilde kullanmaya devam etmek için kredi kartı bilgileri sağlayın.</val>
			</str>
			<str name="infoCCMTeam" translate="yes">
				<val>Bu ürüne kesintisiz olarak erişim sağlamak için Yöneticiniz ile iletişim kurun.</val>
			</str>
		</set>
		
		<set name="graceReminder">
			<str name="title" translate="yes">
				<val>Aboneliğin Süresi Doldu</val>
			</str>
			<str name="message" translate="yes">
				<val>{0} aboneliğinizin süresi dolmuş.</val>
			</str>
			<str name="info" translate="yes">
				<val>{2} aboneliğinizi yenilemek ve ürününüzü kesintisiz bir şekilde kullanmaya devam etmek için {0}Abonelik Yöneticisi{1} bölümüne gidin. Aboneliğinizi yenilemeniz için tanınan kısa bir süre vardır. Bu süre bittikten sonra ürüne erişemezsiniz.</val>
			</str>
			<str name="infoCCMTeam" translate="yes">
				<val>Aboneliği yenilemek ve ürününüzü kesintisiz olarak kullanmaya devam etmek için Yönetici ile iletişim kurun. Aboneliği yenilemek için tanınan kısa bir süre vardır. Bu süre bittikten sonra ürüne erişemezsiniz.</val>
			</str>
		</set>
		
		<str name="subscriptionManagerLink" translate="no">
			<val>http://www.creative.adobe.com/go/account</val>
		</str>
		<str name="offline" translate="yes">
			<val>İnternete bağlanılamadı. Bağlantı ayarlarınızı kontrol edin ve Yeniden Dene'yi seçin.</val>
		</str>
		<str name="subscriptionPolicy" translate="yes">
			<val>{0}Abonelik İlkesi{1}</val>
		</str>
		<str name="subscriptionPolicyLink" translate="yes">
			<val>http://www.adobe.com/go/subscription_policy_tr</val>
		</str>
		<str name="daysRemaining" translate="yes">
			<val>Gün Kaldı</val>
		</str>
		<str name="dayRemaining" translate="yes">
			<val>Gün Kaldı</val>
		</str>
		<str name="continue" translate="yes">
			<val>Devam</val>
		</str>
		<str name="tryAgain" translate="yes">
			<val>Yeniden Dene</val>
		</str>
	</set>
	
	<set name="dspSuspended">
		<set name="activationSuspended">
			<str name="title" translate="yes">
				<val>Etkinleştirme Başarısız Oldu</val>
			</str>
			<str name="warning" translate="yes">
				<val>{0} ürününüzü etkinleştiremiyoruz.</val>
			</str>
			<str name="message" translate="yes">
				<val>Sisteminizdeki tarih ile sunucumuzdaki tarih eşleşmiyor. Sistem tarihiniz Adobe sunucu tarihinin ({0}) üç gün önünde olabilir.</val>
			</str>
			<str name="info" translate="yes">
				<val>Bilgisayarınızdaki tarih ayarlarını kontrol edin ve yeniden deneyin. Sorun devam ederse {0}Müşteri Desteği{1} ile iletişim kurun.</val>
			</str>
		</set>
		
		<set name="subscriptionSuspended">
			<str name="title" translate="yes">
				<val>Abonelik Askıya Alındı</val>
			</str>
			<str name="warning" translate="yes">
				<val>{0} aboneliği askıya alındı.</val>
			</str>
			<str name="message" translate="yes">
				<val>Sisteminizdeki tarih ile sunucumuzdaki tarih eşleşmiyor. Sistem tarihiniz Adobe sunucu tarihinin ({0}) üç gün önünde olabilir.</val>
			</str>
			<str name="info" translate="yes">
				<val>Bilgisayarınızdaki tarih ayarlarını kontrol edin ve yeniden deneyin. Sorun devam ederse {0}Müşteri Desteği{1} ile iletişim kurun.</val>
			</str>
		</set>
		
		<set name="subscriptionWindback">
			<str name="title" translate="yes">
				<val>Abonelik Askıya Alındı</val>
			</str>
			<str name="warning" translate="yes">
				<val>{0} aboneliği askıya alındı.</val>
			</str>
			<str name="message" translate="yes">
				<val>Sistem tarihi ve saati yanlış ayarlanmış. Sistem saatini geçerli saate ayarlayın ve Yeniden Dene'yi seçin. Sorun devam ederse {0}Müşteri Desteği{1} ile iletişim kurun.</val>
			</str>
		</set>
		
		<str name="customerSupportLink" translate="yes">
			<val>http://www.adobe.com/go/customer_support_tr</val>
		</str>
		<str name="activationPolicy" translate="yes">
			<val>{0}Etkinleştirme İlkesi'ni Görüntüleyin{1}</val>
		</str>
		<str name="activationPolicyLink" translate="yes">
			<val>http://www.adobe.com/go/activation_tr</val>
		</str>
		<str name="subscriptionPolicy" translate="yes">
			<val>{0}Abonelik İlkesi{1}</val>
		</str>
		<str name="subscriptionPolicyLink" translate="yes">
			<val>http://www.adobe.com/go/subscription_policy_tr</val>
		</str>
		<str name="quit" translate="yes">
			<val>Çık</val>
		</str>
		<str name="tryAgain" translate="yes">
			<val>Yeniden Dene</val>
		</str>
	</set>
	
	<set name="dateTimeFormats">
		<str name="dateFormat_Long" translate="yes">
			<val>{1} {0} {2}</val>
		</str>
	</set>

	<set name="monthsFull">
		<str name="1" translate="yes">
			<val>Oca</val>
		</str>
		<str name="2" translate="yes">
			<val>Şub</val>
		</str>
		<str name="3" translate="yes">
			<val>Mar</val>
		</str>
		<str name="4" translate="yes">
			<val>Nis</val>
		</str>
		<str name="5" translate="yes">
			<val>May</val>
		</str>
		<str name="6" translate="yes">
			<val>Haz</val>
		</str>
		<str name="7" translate="yes">
			<val>Tem</val>
		</str>
		<str name="8" translate="yes">
			<val>Ağu</val>
		</str>
		<str name="9" translate="yes">
			<val>Eyl</val>
		</str>
		<str name="10" translate="yes">
			<val>Eki</val>
		</str>
		<str name="11" translate="yes">
			<val>Kas</val>
		</str>
		<str name="12" translate="yes">
			<val>Ara</val>
		</str>
	</set>
	
	<set name="dsp_IMSBusyScrim">
		<str name="WaitAMoment" translate="yes">
			<val>Bir dakika bekleyin...</val>
		</str>
	</set>
	
	<set name="dspSubscriptionRevoked">
		<str name="title" translate="yes">
			<val>Abonelik Askıya Alındı</val>
		</str>
		<str name="warning" translate="yes">
			<val>{0} aboneliği askıya alındı.</val>
		</str>
		<str name="message" translate="yes">
			<val>Abonelik lisansı artık geçerli değil veya iptal edilmiş. {0}Müşteri Desteği{1} ile iletişim kurun.</val>
		</str>
		<str name="subscriptionPolicy" translate="yes">
			<val>{0}Abonelik İlkesi{1}</val>
		</str>
		<str name="subscriptionPolicyLink" translate="yes">
			<val>http://www.adobe.com/go/subscription_policy_tr</val>
		</str>
		<str name="customerSupportLink" translate="yes">
			<val>http://www.adobe.com/go/customer_support_tr</val>
		</str>
		<str name="quit" translate="yes">
			<val>Çık</val>
		</str>
	</set>
	
	<set name="isoToLanguage">
		<str name="ar_AE" translate="no"><val>العربية</val></str>
		<str name="en_GB" translate="no"><val>English (International)</val></str> 
		<str name="en_INT" translate="no"><val>English (International)</val></str> 
		<str name="fr_CA" translate="no"><val>Français canadien</val></str>
		<str name="es_QM" translate="no"><val>Español (Middle East)</val></str>
		<str name="es_LA" translate="no"><val>Español de América Latina</val></str>
		<str name="es_NA" translate="no"><val>Español Norteamericano</val></str>
		<str name="bg_BG" translate="no"><val>Български</val></str>
		<str name="lv_LV" translate="no"><val>Latviešu</val></str>
		<str name="et_EE" translate="no"><val>Eesti</val></str>
		<str name="hr_HR" translate="no"><val>hrvatski</val></str>
		<str name="sl_SI" translate="no"><val>slovenščina</val></str>
		<str name="sk_SK" translate="no"><val>Slovenčina</val></str>
		<str name="th_TH" translate="no"><val>ภาษาไทย</val></str> 
		<str name="vi_VN" translate="no"><val>Việt</val></str>
		<str name="en_XC" translate="no"><val>English (Central Europe)</val></str> 
		<str name="en_XM" translate="no"><val>English (Middle East)</val></str>
		<str name="fr_XM" translate="no"><val>Français Oriental Moyen</val></str>
		<str name="sq_AL" translate="no"><val>Shqip</val></str> 
		<str name="ar_SA" translate="no"><val>العربية</val></str>
		<str name="be_BY" translate="no"><val>Беларуская</val></str> 
		<str name="ca_ES" translate="no"><val>Català</val></str> 
		<str name="hi_IN" translate="no"><val>हिन्दी</val></str>
		<str name="is_IS" translate="no"><val>Íslenska</val></str> 
		<str name="lt_LT" translate="no"><val>Lietuvių</val></str>
		<str name="mk_MK" translate="no"><val>македонски</val></str>
		<str name="nn_NO" translate="no"><val>Norsk (Nynorsk)</val></str>
		<str name="pt_PT" translate="no"><val>Português de Portugal</val></str> 
		<str name="sh_YU" translate="no"><val>Srpsko-Hrvatski</val></str> 
		<str name="sr_YU" translate="no"><val>Cрпски</val></str> 
		<str name="kk_KZ" translate="no"><val>Қазақ</val></str>
		<str name="az_AZ" translate="no"><val>Azərbaycan dili</val></str> 
		<str name="es_MX" translate="no"><val>Español (América Latina)</val></str>
		<str name="no_NO" translate="no"><val>Norwegian</val></str> 
		<str name="cs_CZ" translate="no"><val>Česky</val></str>
		<str name="de_DE" translate="no"><val>Deutsch</val></str>
		<str name="el_GR" translate="no"><val>Ελληνικά</val></str>
		<str name="en_US" translate="no"><val>English (North America)</val></str> 
		<str name="es_ES" translate="no"><val>Español</val></str> 
		<str name="fr_FR" translate="no"><val>Français</val></str>
		<str name="he_IL" translate="no"><val>עברית</val></str> 
		<str name="hu_HU" translate="no"><val>Magyar</val></str> 
		<str name="it_IT" translate="no"><val>Italiano</val></str>
		<str name="ja_JP" translate="no"><val>日本語</val></str>
		<str name="ko_KR" translate="no"><val>한국어</val></str>
		<str name="nl_NL" translate="no"><val>Nederlands</val></str>
		<str name="pl_PL" translate="no"><val>Polski</val></str>
		<str name="ro_RO" translate="no"><val>Română</val></str>
		<str name="ru_RU" translate="no"><val>Pусский</val></str>
		<str name="sv_SE" translate="no"><val>Svenska</val></str>
		<str name="tr_TR" translate="no"><val>Türkçe</val></str>
		<str name="uk_UA" translate="no"><val>Українська</val></str>
		<str name="zh_CN" translate="no"><val>简体中文</val></str>
		<str name="zh_TW" translate="no"><val>繁體中文</val></str>
		<str name="da_DK" translate="no"><val>Dansk</val></str>
		<str name="fi_FI" translate="no"><val>Suomi</val></str>
		<str name="nb_NO" translate="no"><val>Norsk (Bokmål)</val></str> 
		<str name="pt_BR" translate="no"><val>Português do Brasil</val></str>
		<str name="en_AE" translate="no"><val>English يدعم العربية</val></str> 
		<str name="en_IL" translate="no"><val>English תומך עברית</val></str> 
		<str name="fr_MA" translate="no"><val>Français (Maroc)</val></str>
	</set>
		
</asf>
