<?xml version='1.0' encoding='utf-8'?>
<!DOCTYPE asf SYSTEM "http://ns.adobe.com/asf/asf_1_0.dtd" >
<asf xmlns="http://ns.adobe.com/asf" locale="sk_SK" version="1.0">
	
	<set name="common">
		<str name="windowTitle" translate="yes">
			<val>Produkt Adobe</val>
		</str>
		<str name="day" translate="yes">
			<val>dňa</val>
		</str>
		<str name="days" translate="yes">
			<val>dní</val>
		</str>
	</set>
	
	<set name="eula">
		<str name="eula" translate="yes">
			<val>Licenčná zmluva softvéru od spoločnosti Adobe</val>
		</str>
		<str name="productLineMsg" translate="yes">
			<val>Podmienky v zmluve sú platné pre všetky inštalácie a použitie produktov {0}, ktoré sú súčasťou tohto softvéru. Informácie o doteraz prijatých zmluvách nájdete na adrese {1}.</val>
		</str>
		<str name="eulaOnlineLink" translate="yes">
			<val>www.adobe.com/go/myaccount_sk</val>
		</str>
		<str name="eulaOnlineLinkGoURL" translate="yes">
			<val>http://www.adobe.com/go/adobemembership_sk</val>
		</str>
		<str name="accept" translate="yes">
			<val>Prijať</val>
		</str>
		<str name="quit" translate="yes">
			<val>Skončiť</val>
		</str>		
	</set>

	<set name="register">
		<set name="trial">
			<set name="online">
				<str name="title" translate="yes">
					<val>Vyžaduje sa prihlásenie</val>
				</str>
				<str name="titleMenuSignIn" translate="yes">
					<val>Prihlásiť sa</val>
				</str>
				<str name="message" translate="yes">
					<val>Prihláste sa pomocou svojho identifikátora Adobe ID.</val>
				</str>
				<str name="message_device" translate="yes">
					<val>Prihláste sa pomocou svojho identifikátora Adobe ID: {0}.</val>
				</str>
				<str name="notYou" translate="yes">
					<val>(Nie je to váš identifikátor Adobe ID?)</val>
				</str>
				<str name="signInNow" translate="yes">
					<val>Prihlásiť sa teraz</val>
				</str>
				<str name="signIn" translate="yes">
					<val>Prihlásiť sa</val>
				</str>
				<str name="termTitle" translate="yes">
					<val>Podmienky skúšobnej verzie softvéru.</val>
				</str>
				<str name="termPara1" translate="yes">
					<val>Možno vás požiadame o dobrovoľné vyplnenie informácií, ktoré využijeme k lepšiemu prispôsobeniu obsahu vašim potrebám. Prostredníctvom ponuky Nastavenia ochrany osobných údajov na obrazovke skúšobnej verzie môžete tento prispôsobený obsah kedykoľvek vypnúť.</val>
				</str>
				<str name="termPara2" translate="yes">
					<val>Informácie o zhromažďovaných údajoch týkajúcich sa používania produktu a o spôsobe, ako s nimi spoločnosť Adobe nakladá, nájdete {0}tu{1} v dokumente {2}Zásady ochrany osobných údajov online{3} spoločnosti Adobe.</val>
				</str>
				<str name="privacyPortalLink" translate="yes">
					<val>http://www.adobe.com/go/adobe_privacy_portal_sk</val>
				</str>
				<str name="privacyPolicyLink" translate="yes">
					<val>http://www.adobe.com/go/privacy_sk</val>
				</str>
			</set>
		</set>
		
		<set name="subscription">
			<str name="title" translate="yes">
				<val>Vyžaduje sa prihlásenie</val>
			</str>
			<str name="titleMenuSignIn" translate="yes">
				<val>Prihlásenie</val>
			</str>			
			<str name="message" translate="yes">
				<val>K použitiu tohto produktu a využívaniu informácie o vašom členstve je potrebné sa prihlásiť pomocou identifikátora Adobe ID.</val>
			</str>
			<str name="userEmail" translate="yes">
				<val>Prihlásime vás pomocou identifikátora Adobe ID: {0}.</val>
			</str>
			<str name="notYou" translate="yes">
				<val>(Nie je to váš identifikátor Adobe ID?)</val>
			</str>
			<str name="signInNow" translate="yes">
				<val>Prihlásiť sa teraz</val>
			</str>
			<str name="signIn" translate="yes">
				<val>Prihlásiť sa</val>
			</str>
			<str name="back" translate="yes">
				<val>Späť</val>
			</str>
			<str name="signInLater" translate="yes">
				<val>Prihlásiť sa neskôr</val>
			</str>
		</set>
		
		<set name="signInForValidation">
			<str name="title" translate="yes">
				<val>Vyžaduje sa prihlásenie</val>
			</str>	
			<str name="message" translate="yes">
				<val>K aktivácii produktu je potrebné sa prihlásiť prostredníctvom identifikátora Adobe ID.</val>
			</str>
			<str name="benefit" translate="yes">
				<val>K použitiu tohto produktu a využívaniu informácie o vašom členstve je potrebné zadať identifikátor Adobe ID.</val>
			</str>
			<str name="userEmail" translate="yes">
				<val>Budete prihlásení pomocou identifikátora Adobe ID: {0}.</val>
			</str>
			<str name="notYou" translate="yes">
				<val>(Nie je to váš identifikátor Adobe ID?)</val>
			</str>
			<str name="signInNow" translate="yes">
				<val>Prihlásiť sa teraz</val>
			</str>
			<str name="signIn" translate="yes">
				<val>Prihlásiť sa</val>
			</str>
			<str name="signInLater" translate="yes">
				<val>Prihlásiť sa neskôr</val>
			</str>	
		</set>
		
		<set name="serial">
			<set name="grace">
				<str name="title" translate="yes">
					<val>Vyžaduje sa prihlásenie</val>
				</str>	
				<str name="titleMenuSignIn" translate="yes">
					<val>Prihlásiť sa</val>
				</str>		
				<str name="message" translate="yes">
					<val>Do {1} je potrebné sa prihlásiť pomocou vášho identifikátora Adobe ID a zaregistrovať produkt {0}. Ak tak neurobíte, produkt prestane fungovať.</val>
				</str>
				<str name="benefit" translate="yes">
					<val>K použitiu tohto produktu a využívaniu informácie o vašom členstve je potrebné zadať identifikátor Adobe ID.</val>
				</str>
				<str name="userEmail" translate="yes">
					<val>Budete prihlásení pomocou identifikátora Adobe ID: {0}.</val>
				</str>
				<str name="notYou" translate="yes">
					<val>(Nie je to váš identifikátor Adobe ID?)</val>
				</str>
				<str name="signInNow" translate="yes">
					<val>Prihlásiť sa teraz</val>
				</str>
				<str name="signIn" translate="yes">
					<val>Prihlásiť sa</val>
				</str>
				<str name="signInLater" translate="yes">
					<val>Prihlásiť sa neskôr</val>
				</str>
				<str name="noInternet" translate="yes">
					<val>Máte problémy s pripojením na internet?</val>
				</str>
			</set>
			
			<set name="post_grace">
				<str name="title" translate="yes">
					<val>Vyžaduje sa prihlásenie</val>
				</str>	
				<str name="titleMenuSignIn" translate="yes">
					<val>Prihlásiť sa</val>
				</str>	
				<str name="message" translate="yes">
					<val>Aby ste mohli tento softvér ďalej používať, je potrebné prihlásiť sa pomocou vášho identifikátora Adobe ID a zaregistrovať tento softvér {0}.</val>
				</str>
				<str name="benefit" translate="yes">
					<val>K použitiu tohto produktu a využívaniu informácie o vašom členstve je potrebné zadať identifikátor Adobe ID.</val>
				</str>
				<str name="userEmail" translate="yes">
					<val>Budete prihlásení pomocou identifikátora Adobe ID: {0}.</val>
				</str>
				<str name="notYou" translate="yes">
					<val>(Nie je to váš identifikátor Adobe ID?)</val>
				</str>
				<str name="signInNow" translate="yes">
					<val>Prihlásiť sa teraz</val>
				</str>
				<str name="signIn" translate="yes">
					<val>Prihlásiť sa</val>
				</str>
				<str name="signInLater" translate="yes">
					<val>Prihlásiť sa neskôr</val>
				</str>
			</set>
		
			<set name="post_bonus">
				<str name="title" translate="yes">
					<val>Vyžaduje sa prihlásenie</val>
				</str>	
				<str name="titleMenuSignIn" translate="yes">
					<val>Prihlásiť sa</val>
				</str>		
				<str name="message" translate="yes">
					<val>Produkt {0} nie je možné používať, pokiaľ sa neprihlásite pomocou identifikátora Adobe ID.</val>
				</str>
				<str name="benefit" translate="yes">
					<val>K použitiu tohto produktu a využívaniu informácie o vašom členstve je potrebné zadať identifikátor Adobe ID.</val>
				</str>
				<str name="userEmail" translate="yes">
					<val>Budete prihlásení pomocou identifikátora Adobe ID: {0}.</val>
				</str>
				<str name="notYou" translate="yes">
					<val>(Nie je to váš identifikátor Adobe ID?)</val>
				</str>
				<str name="signInNow" translate="yes">
					<val>Prihlásiť sa teraz</val>
				</str>
				<str name="signIn" translate="yes">
					<val>Prihlásiť sa</val>
				</str>
				<str name="quit" translate="yes">
					<val>Skončiť</val>
				</str>
			</set>
		</set>
	
		<set name="exceptionScenarios">
			<set name="retail">
				<str name="title" translate="yes">
					<val>Prihlásenie</val>
				</str>	
				<str name="message1" translate="yes">
					<val>Prihláste sa a zaregistrujte softvér k svojmu identifikátoru Adobe ID.</val>
				</str>
				<str name="message2" translate="yes">
					<val>Identifikátor Adobe ID umožňuje jednoduchý prístup k vášmu členstvu, službe Adobe Creative Cloud a komunite na stránkach Adobe.com.</val>
				</str>		
				<str name="userEmail" translate="yes">
					<val>Teraz prihlásime a zaregistrujeme tento softvér k vášmu identifikátoru Adobe ID: {0}.</val>
				</str>
				<str name="notYou" translate="yes">
					<val>(Nie je to váš identifikátor Adobe ID?)</val>
				</str>
				<str name="signInNow" translate="yes">
					<val>Prihlásiť sa teraz</val>
				</str>
				<str name="signIn" translate="yes">
					<val>Prihlásiť sa</val>
				</str>
			</set>		
			<set name="volume">
				<str name="title" translate="yes">
					<val>Prihlásenie</val>
				</str>		
				<str name="message" translate="yes">
					<val>Identifikátor Adobe ID umožňuje jednoduchý prístup k vášmu členstvu, službe Adobe Creative Cloud a komunite na stránkach Adobe.com.</val>
				</str>		
				<str name="userEmail" translate="yes">
					<val>Prihlásime vás pomocou identifikátora Adobe ID: {0}.</val>
				</str>
				<str name="notYou" translate="yes">
					<val>(Nie je to váš identifikátor Adobe ID?)</val>
				</str>
				<str name="signInNow" translate="yes">
					<val>Prihlásiť sa teraz</val>
				</str>
				<str name="signIn" translate="yes">
					<val>Prihlásiť sa</val>
				</str>
			</set>
		</set>	
	</set>
	
	<set name="trialLaunch">
		<str name="title" translate="yes">
			<val>Skúšobná verzia {0}</val>
		</str>
		
		<set name="start">
			<str name="info" translate="yes">
				<val>Produkt môžete skúšobne používať {0} dní.</val>
			</str>
			<str name="info_day" translate="yes">
				<val>Produkt si môžete vyskúšať po dobu {0} dňa.</val>
			</str>
			<str name="additionalInfo" translate="yes">
				<val>Aby bolo možné aplikáciu {0} používať aj po uplynutí skúšobného obdobia, je nutné ju zakúpiť.</val>
			</str>
		</set>
		
		<set name="grace">
			<str name="info" translate="yes">
				<val>Platnosť skúšobnej verzie vyprší o nasledujúci počet dní: {0}.</val>
			</str>
			<str name="info_day" translate="yes">
				<val>Platnosť skúšobnej verzie uplynie o {0} deň.</val>
			</str>
			<str name="additionalInfo" translate="yes">
				<val>Aby bolo možné aplikáciu {0} používať aj po uplynutí skúšobného obdobia, je nutné ju zakúpiť.</val>
			</str>
		</set>
		
		<set name="bonus">
			<str name="info" translate="yes">
				<val>Posledné spustenie skúšobnej verzie</val>
			</str>
			<str name="additionalInfo" translate="yes">
				<val>Platnosť skúšobnej verzie uplynula, ale aplikáciu {0} môžete použiť ešte raz.</val>
			</str>
			<str name="bonusInfo" translate="yes">
				<val>Aby bolo možné aplikáciu {0} používať naďalej, je nutné ju zakúpiť.</val>
			</str>
		</set>
		
		<set name="expired">
			<str name="info" translate="yes">
				<val>Platnosť skúšobnej verzie uplynula.</val>
			</str>
			<str name="additionalInfo" translate="yes">
				<val>Aby bolo možné aplikáciu {0} používať naďalej, je nutné ju zakúpiť.</val>
			</str>
		</set>
		
		<str name="daysRemaining" translate="yes">
			<val>Zostávajúce dni</val>
		</str>
		<str name="dayRemaining" translate="yes">
			<val>Zostávajúce dni</val>
		</str>
		<str name="buy" translate="yes">
			<val>Kúpiť</val>
		</str>
		<str name="buyLink" translate="no">
			<val>http://www.adobe.com/go/buy</val>
		</str>
		<str name="join" translate="yes">
			<val>Pripojiť sa</val>
		</str>
		<str name="joinLink" translate="yes">
			<val>http://www.adobe.com/go/cc_plans_sk</val>
		</str>
		<str name="continue" translate="yes">
			<val>Ďalej používať skúšobnú verziu</val>
		</str>
		<str name="startTrial" translate="yes">
			<val>Spustiť skúšobnú verziu</val>
		</str>
		<str name="enterSerial" translate="yes">
			<val>Získanie licencie k tomuto softvéru</val>
		</str>		
	</set>
	
	<set name="deactivate">
		<str name="title" translate="yes">
			<val>Odhlásenie</val>
		</str>
		<str name="title_Fail" translate="yes">
			<val>Odhlásenie prebehlo neúspešne</val>
		</str>
		<str name="infoSubscription" translate="yes">
			<val>Deaktivácia aplikácie váš odber nezmení. Ak si želáte stav odberu zmeniť, prejdite do {0}Správcu odberu{1}.</val>
		</str>
		<str name="infoSubscriptionCCMTeam" translate="yes">
			<val>Deaktivácia aplikácie nemá vplyv na vaše predplatné.</val>
		</str>
		<str name="adobeIDMessage" translate="yes">
			<val>Aktuálne ste prihlásení prostredníctvom identifikátora {0}.</val>
		</str>
		<str name="message1" translate="yes">
			<val>Po deaktivácii možno produkt Adobe aktivovať v inom počítači alebo zariadení, ak je to v súlade s {0}licenčnou zmluvou k softvéru{1}. Pred odhlásením sa uistite, že ste pripojení na internet.</val>
		</str>
		<str name="message2" translate="yes">
			<val>Ak sa odhlásite, bude v tomto zariadení až do opätovného prihlásenia deaktivovaný nasledujúci sotfvér.</val>
		</str>
		<str name="messageSubscription" translate="yes">
			<val>Po deaktivácii možno produkt Adobe aktivovať v inom počítači, ak je to v súlade s {0}licenčnou zmluvou softvéru{1}. Pred aktiváciou sa musíte pripojiť na internet.</val>
		</str>
		<str name="deActivationMsgError" translate="yes">
			<val>Ak problém pretrváva, kontaktujte centrum {0}zákazníckej podpory{1}. {2}</val>
		</str>
		<str name="customerSupportLink" translate="yes">
			<val>http://www.adobe.com/go/customer_support_sk</val>
		</str>
		<str name="eula_Link" translate="yes">
			<val>http://www.adobe.com/go/eulas_sk</val>
		</str>
		<str name="failure" translate="yes">
			<val>Deaktivácia nebola úspešná. Skúste to znova.</val>
		</str>
		<str name="deactivate" translate="yes">
			<val>Odhlásiť sa</val>
		</str>		
		<str name="cancel" translate="yes">
			<val>Zrušiť</val>
		</str>
		<str name="continue" translate="yes">
			<val>Pokračovať</val>
		</str>
		
		<str name="offline" translate="yes">
			<val>Pripojte sa na internet a skúste to znova</val>
		</str>		
		<str name="offlineMsg" translate="yes">
			<val>Nemožno vás odhlásiť. Skontrolujte, či ste pripojení ku sieti internet, a skúste to znova. Ak problém pretrváva, obráťte sa na oddelenie {0}zákazníckej podpory{1}.</val>
		</str>	
		<str name="customerSupportLink" translate="yes">
			<val>http://www.adobe.com/go/customer_support_sk</val>
		</str>
	</set>
	
	<set name="trialFailed">
		<str name="title" translate="yes">
			<val>Spustenie skúšobnej verzie bolo neúspešné</val>
		</str>
		<str name="warning" translate="yes">
			<val>Licencia prestala fungovať.</val>
		</str>
		<str name="message" translate="yes">
			<val>Vyskytol sa problém s licenciou k tomuto produktu. Reštartujte počítač a produkt spustite znova. Ak problém pretrváva aj po reštartovaní, požiadajte o pomoc oddelenie {0}zákazníckej podpory{1}.</val>
		</str>
		<str name="customerSupportLink" translate="yes">
			<val>http://www.adobe.com/go/customer_support_sk</val>
		</str>
		<str name="close" translate="yes">
			<val>Zavrieť</val>
		</str>
		<str name="enterSerial" translate="yes">
			<val>Získanie licencie k tomuto softvéru</val>
		</str>
	</set>
	
	<set name="validateSerial">
		<str name="title" translate="yes">
			<val>Overenie sériového čísla</val>
		</str>
		
		<set name="grace">
			<str name="message" translate="yes">
				<val>Pripojte sa k internetu a overte tak svoje sériové číslo.</val>
			</str>
		</set>
		<str name="noInternet" translate="yes">
			<val>Máte problémy s pripojením na internet?</val>
		</str>
		<str name="validate" translate="yes">
			<val>Overiť</val>
		</str>
		<str name="connectLater" translate="yes">
			<val>Pripojiť neskôr</val>
		</str>
		<str name="quit" translate="yes">
			<val>Skončiť</val>
		</str>
	</set>
	
	<set name="offlineScrim">
		<str name="title" translate="yes">
			<val>Pripojte sa na internet a skúste to znova</val>
		</str>
		<str name="message" translate="yes">
			<val>Zdá sa, že váš počítač je v režime offline. Je potrebné internetové pripojenie. Pripojte sa na internet a skúste to znova. Ak problém pretrváva, požiadajte o pomoc oddelenie {0}služieb zákazníkom{1}.</val>
		</str>
		<str name="offlineActivationMsg" translate="yes">
			<val>Ak tento počítač nemá prístup na internet, vyhľadajte ďalšie informácie na {0} pomocou zariadenia s pripojením na internet.</val>
		</str>
		<str name="offlineActivationLink" translate="yes">
			<val>http://www.adobe.com/go/getactivated_sk</val>
		</str>
		<str name="customerSupportLink" translate="yes">
			<val>http://www.adobe.com/go/customer_support_sk</val>
		</str>
		<str name="retry" translate="yes">
			<val>Znova</val>
		</str>
		<str name="connectLater" translate="yes">
			<val>Pripojiť neskôr</val>
		</str>
		<str name="cancel" translate="yes">
			<val>Zrušiť</val>
		</str>
	</set>
	
	<set name="dspEntitlementOfflineScrim">
		<str name="title" translate="yes">
			<val>Vyžaduje sa pripojenie na internet pre odber</val>
		</str>
		<str name="message" translate="yes">
			<val>Pre zahájenie odberu musíte byť pripojení k internetu. Ak máte odber, pripojte sa k internetu a vyberte možnosť Znova.</val>
		</str>
		<str name="serialInfo" translate="yes">
			<val>Ak máte sériové číslo, pokračujte výberom možnosti Zadať sériové číslo.</val>
		</str>
		<str name="retry" translate="yes">
			<val>Znova</val>
		</str>
		<str name="enterSerialNumber" translate="yes">
			<val>Zadať sériové číslo</val>
		</str>
		<str name="cancel" translate="yes">
			<val>Späť</val>
		</str>
	</set>
	
	<set name="screenLoading">
		<str name="loading" translate="yes">
			<val>Načítava sa...</val>
		</str>
		<str name="validatingSerial" translate="yes">
			<val>Overuje sa sériové číslo. Môže to trvať niekoľko sekúnd...</val>
		</str>
		<str name="checkCall" translate="yes">
			<val>Prebieha overovanie licencie online. Tento proces môže chvíľu trvať...</val>
		</str>
		<str name="autoprovisionTrial" translate="yes">
			<val>Overuje sa licencia na softvér...</val>
		</str>
		<str name="activation" translate="yes">
			<val>Prebieha overovanie licencie k softvéru. Tento proces môže chvíľu trvať...</val>
		</str>
		<str name="dbaLicenseCheck" translate="yes">
			<val>Prebieha overovanie licencie. Tento proces môže chvíľu trvať...</val>
		</str>
	</set>
	
	<set name="overActivation">
		<str name="title" translate="yes">
			<val>Sériové číslo</val>
		</str>
		<str name="stepMessage" translate="yes">
			<val>Sériové číslo {0} už používa maximálny povolený počet počítačov. Ak chcete produkt používať, musíte v priebehu {1} dní deaktivovať iný počítač.</val>
		</str>
		<str name="stepMessageOneDay" translate="yes">
			<val>Sériové číslo {0} už používa maximálny povolený počet počítačov. Ak chcete produkt používať, musíte v priebehu 1 dňa deaktivovať iný počítač.</val>
		</str>
		<str name="stepMessageBonusLaunch" translate="yes">
			<val>Sériové číslo {0} už používa maximálny povolený počet počítačov. Aby ste produkt {1} mohli i naďalej v tomto počítači používať, musíte deaktivovať iný počítač alebo zadať iné platné sériové číslo.</val>
		</str>
		<str name="radioButton1" translate="yes">
			<val>Zopakovať aktiváciu. Jeden z ďalších počítačov už bol deaktivovaný.</val>
		</str>
		<str name="radioButton2" translate="yes">
			<val>Zadajte iné sériové číslo.</val>
		</str>
		<str name="continue" translate="yes">
			<val>Pokračovať</val>
		</str>
	</set>
	<set name="overActivationPOSA">
		<str name="title" translate="yes">
			<val>Prekročili ste maximálny počet aktivácií</val>
		</str>
		<str name="warning" translate="yes">
			<val>Na tomto počítači alebo zariadení nemožno software aktivovať.</val>
		</str>
		<str name="info" translate="yes">
			<val>Tento identifikátor Adobe ID {0} bol už použitý na prihlásenie a aktiváciu softwaru na dvoch rôznych počítačoch alebo zariadeniach.</val>
		</str>
		<str name="message" translate="yes">
			<val>Opakujte pokus po tom, čo počas {0} dní deaktivujete jeden z vašich ďalších počítačov alebo zariadení. </val>
		</str>
		<str name="messageOneDay" translate="yes">
			<val>Opakujte pokus po tom, čo počas 1 dňa deaktivujete jeden z vašich ďalších počítačov alebo zariadení. </val>
		</str>
		<str name="messageBonusLaunch" translate="yes">
			<val>Opakujte pokus po tom, čo obratom deaktivujete jeden z vašich ďalších počítačov alebo zariadení. </val>
		</str>
		<str name="messageExpired" translate="yes">
			<val>Opakujte pokus po tom, čo obratom deaktivujete jeden z vašich ďalších počítačov alebo zariadení.</val>
		</str>
		<str name="HaveAnotherAdobeID" translate="yes">
			<val>Využívate iný identifikátor Adobe ID?</val>
		</str>
		<str name="supportMessage" translate="yes">
			<val>Ak problémy pretrvávajú, obráťte sa na oddelenie {0}Zákazníckej podpory{1}. </val>
		</str>
		<str name="customerSupportLink" translate="yes">
			<val>http://www.adobe.com/go/customer_support_sk</val>
		</str>
		<str name="retry" translate="yes">
			<val>Skúsiť znovu</val>
		</str>
		<str name="cancel" translate="yes">
			<val>Zrušiť</val>
		</str>
		<str name="quit" translate="yes">
			<val>Skončiť</val>
		</str>
	</set>
	
	<set name="activationFailure">
		<str name="title" translate="yes">
			<val>Aktivácia bola neúspešná</val>
		</str>
		<str name="activationStepError" translate="yes">
			<val>Nebolo možné aktivovať produkt {0}.</val>
		</str>
		<str name="activationMsgError" translate="yes">
			<val>Skontrolujte nastavenia pripojenia na internet a skúste to znova. Ak problém pretrváva, požiadajte o pomoc oddelenie {0}zákazníckej podpory{1}. {2}</val>
		</str>
		<str name="customerSupportLink" translate="yes">
			<val>http://www.adobe.com/go/customer_support_sk</val>
		</str>
		<str name="close" translate="yes">
			<val>Zavrieť</val>
		</str>
		<str name="retry" translate="yes">
			<val>Znova</val>
		</str>
	</set>
	<set name="activationRequired">
		<str name="title" translate="yes">
			<val>Vyžaduje sa aktivácia</val>
		</str>
		<str name="activationMsgOneDay" translate="yes">
			<val>Pripojte sa k internetu. Aktiváciu produktu {0} je potrebné uskutočniť do 1 dňa, inak produkt prestane fungovať.</val>
		</str>
		<str name="activationMsg" translate="yes">
			<val>Pripojte sa k internetu. Aktiváciu produktu {0} je potrebné uskutočniť do {1} dní, inak produkt prestane fungovať.</val>
		</str>
		<str name="activationMsgBonus" translate="yes">
			<val>Pripojte sa k internetu. Aktiváciu produktu {0} je potrebné uskutočniť dnes, inak produkt prestane fungovať.</val>
		</str>
		<str name="activateLater" translate="yes">
			<val>Aktivovať neskôr</val>
		</str>
		<str name="retry" translate="yes">
			<val>Aktivovať teraz</val>
		</str>
	</set>
	<set name="licenseMismatch">
			<str name="title" translate="yes">
				<val>Rozdielne licencie</val>
			</str>
			<str name="warning" translate="yes">
				<val>Softvér nainštalovaný v tomto zariadení ponúka ďalšie funkcie, ktoré nie ste v rámci aktuálnej licencie oprávnení využívať.</val>
			</str>
			<str name="message" translate="yes">
				<val>Ak chcete tento softvér používať, stiahnite a nainštalujte podľa nasledujúceho postupu trvalú kópiu tohto produktu:</val>
			</str>
			<str name="point1" translate="yes">
				<val>1. Odinštalujte aktuálny produkt využívajúci predplatenú licenciu.</val>
			</str>
			<str name="point2" translate="yes">
				<val>2. Stiahnite produkt {0} zo stránok {1}www.adobe.com{2}</val>
			</str>
			<str name="point3" translate="yes">
				<val>3. Nainštalujte produkt {0} stiahnutý z webu adobe.com</val>
			</str>
			<str name="ok" translate="yes">
				<val>OK</val>
			</str>
			<str name="adobeLnk" translate="yes">
				<val>http://www.adobe.com/go/downloads_sk</val>
			</str>
		</set>
	
	<set name="confirmationDialog">
		<str name="title" translate="yes">
			<val>Skončiť</val>
		</str>
		<str name="message" translate="yes">
			<val>Naozaj chcete skončiť?</val>
		</str>
		<str name="primaryButtonLabel" translate="yes">
			<val>Áno</val>
		</str>
		<str name="secondaryButtonLabel" translate="yes">
			<val>Nie</val>
		</str>
	</set>
	
	<set name="inAppTrials">
		<str name="loading" translate="yes">
			<val>Načítava sa...</val>
		</str>
		<str name="title" translate="yes">
			<val>Skúšobná verzia {0}</val>
		</str>
		<str name="continue" translate="yes">
			<val>Ďalej používať skúšobnú verziu</val>
		</str>
		<str name="startTrial" translate="yes">
			<val>Spustiť skúšobnú verziu</val>
		</str>
		<str name="enterSerial" translate="yes">
			<val>Získanie licencie k tomuto softvéru</val>
		</str>
		<str name="privacySettings" translate="yes">
			<val>Nastavenia súkromia</val>
		</str>
		<str name="tutorialsList" translate="yes">
			<val>{0} z {1}</val>
		</str>
		<str name="videoLoadingError" translate="yes">
			<val>Pri načítaní videa sa vyskytla chyba.</val>
		</str>
		<str name="tryAgain" translate="yes">
			<val>Skúsiť znova</val>
		</str>
		<str name="exitFullScreen" translate="yes">
			<val>Stlačením klávesu ESC ukončíte režim celej obrazovky.</val>
		</str>
		<str name="okay" translate="yes">
			<val>OK</val>
		</str>
		<str name="cancel" translate="yes">
			<val>Zrušiť</val>
		</str>
		<str name="privacyText" translate="yes">
			<val>Možno vás požiadame o dobrovoľné vyplnenie informácií, ako napríklad vaše skúsenosti so softvérom. Tieto informácie využívame k lepšiemu prispôsobeniu obsahu vašim potrebám.</val>
		</str>
		<str name="privacyPolicyText" translate="yes">
			<val>Informácie o zhromažďovaných dátach týkajúcich sa používania produktu a o spôsobe, ako s nimi spoločnosť Adobe nakladá, {0}nájdete tu{1} a v dokumente {2}Zásady ochrany osobných údajov online{3} vydanom spoločnosťou Adobe.</val>
		</str>
		<str name="optInText" translate="yes">
			<val>Vypnite zobrazovanie skúšobného obsahu. Pri budúcom spustení skúšobnej verzie nebude obsah zobrazený.</val>
		</str>
		<str name="privacyPortalLink" translate="yes">
			<val>http://www.adobe.com/go/adobe_privacy_portal_sk</val>
		</str>
		<str name="privacyPolicyLink" translate="yes">
			<val>http://www.adobe.com/go/privacy_sk</val>
		</str>		
		
	</set>
	
	<set name="noInternetConnection">
		<str name="title" translate="yes">
			<val>Internetové pripojenie nie je k dispozícii</val>
		</str>
		<str name="para1" translate="yes">
			<val>Na tomto zariadení nebolo nájdené žiadne pripojenie na internet.</val>
		</str>
		<str name="para2" translate="yes">
			<val>Do {0} dní je nutné vykonať aktiváciu a registráciu. Ak je počítač pripojený na internet, bude tento proces trvať iba niekoľko minút.</val>
		</str>
		<str name="para2_day" translate="yes">
			<val>Do 1 dňa je nutné vykonať aktiváciu a registráciu. Ak je počítač pripojený na internet, bude tento proces trvať iba niekoľko minút.</val>
		</str>
		<str name="para2_end" translate="yes">
			<val>Je nutné vykonať aktiváciu a registráciu. Ak je počítač pripojený na internet, bude tento proces trvať iba niekoľko minút.</val>
		</str>
		<str name="para2_optional" translate="yes">
			<val>V priebehu {0} dní je nutné vykonať aktiváciu. Ak je počítač pripojený na internet, bude tento proces trvať iba niekoľko minút.</val>
		</str>
		<str name="para2_day_optional" translate="yes">
			<val>V priebehu 1 dňa je nutné vykonať aktiváciu. Ak je počítač pripojený na internet, bude tento proces trvať iba niekoľko minút.</val>
		</str>
		<str name="para2_end_optional" translate="yes">
			<val>Je nutné vykonať aktiváciu. Ak je počítač pripojený na internet, bude tento proces trvať iba niekoľko minút.</val>
		</str>
		<str name="para3" translate="yes">
			<val>Ak nie je možné tento počítač pripojiť na internet, kliknite na tlačidlo „Aktivácia bez pripojenia na internet“. Pre dokončenie procesu aktivácie softvéru bez pripojenia na internet budete potrebovať iné zariadenie disponujúce pripojením na internet a sériové číslo produktu.</val>
		</str>
		<str name="para3_optional" translate="yes">
			<val>Ak nie je možné tento počítač pripojiť na internet, kliknite na tlačidlo „Aktivácia bez pripojenia na internet“. Pre dokončenie procesu aktivácie budete potrebovať iné zariadenie disponujúce pripojením na internet a sériové číslo produktu.</val>
		</str>
		<str name="hyperlinkText" translate="yes">
			<val>Tento počítač je pripojený na internet. Nepoznám príčinu problému.</val>
		</str>
		<str name="hyperlinkTooltipText" translate="yes">
			<val>Obráťte sa na svojho správcu alebo na zákaznícku podporu spoločnosti Adobe.</val>
		</str>
		<str name="offlineActivate" translate="yes">
			<val>Aktivácia bez pripojenia na internet</val>
		</str>
		<str name="back" translate="yes">
			<val>Späť</val>
		</str>
	</set>
	
	<set name="offlineActivation">
		<str name="title" translate="yes">
			<val>Aktivácia bez pripojenia na internet</val>
		</str>
		<set name="StepError">
			<str name="requestCodeExpired" translate="yes">
				<val>Platnosť kódu žiadosti {0} vypršala. Aktiváciu bez pripojenia na internet vykonajte podľa postupu uvedeného nižšie.</val>
			</str>
			<str name="requestCodeGenError" translate="yes">
				<val>Nepodarilo sa vygenerovať kód žiadosti. Skúste to znova.</val>
			</str>
		</set>
		<str name="para1" translate="yes">
			<val>1. Kliknite na nižšie uvedené tlačidlo Vygenerovať kód žiadosti. Kód je špecifický pre daný počítač a je platný 72 hodín. Ak nedokončíte proces počas 72 hodín, jednoducho požiadajte o nový kód.</val>
		</str>
		<str name="para2" translate="yes">
			<val>2. Pomocou zariadenia s pripojením na internet sa pripojte na stránku Adobe.com/go/getactivated_sk.</val>
		</str>
		<str name="para3" translate="yes">
			<val>3. Po zobrazení výzvy na stránke zadajte kód z kroku 1 a sériové číslo. Systém vygeneruje overovací kód.</val>
		</str>
		<str name="para4" translate="yes">
			<val>4. Na zariadení bez pripojenia na internet zadajte overovací kód a kliknite na tlačidlo Aktivovať.</val>
		</str>
		<str name="para5" translate="yes">
			<val>Kliknutím na tlačidlo Späť aktivujete software online.</val>
		</str>
		<str name="hyperlinkText" translate="yes">
			<val>Mám záujem o rýchlejšiu aktiváciu. Pripojím sa na internet.</val>
		</str>
		<str name="back" translate="yes">
			<val>Späť</val>
		</str>
		<str name="activateLater" translate="yes">
			<val>Aktivovať neskôr</val>
		</str>
		<str name="quit" translate="yes">
			<val>Skončiť</val>
		</str>
		<str name="generateRequestCode" translate="yes">
			<val>Vygenerovať kód žiadosti</val>
		</str>
		<str name="customerSupportLink" translate="yes">
			<val>http://www.adobe.com/go/customer_support_sk</val>
		</str>
	</set>
	
	<set name="offlineActivationCode">
		<str name="title" translate="yes">
			<val>Aktivácia bez pripojenia na internet</val>
		</str>
		<set name="StepError">
			<str name="invalidResponseCode" translate="yes">
				<val>Zadaný overovací kód je neplatný. Opakujte zadanie.</val>
			</str>
			<str name="requestCodeExpired" translate="yes">
				<val>Platnosť kódu žiadosti {0} vypršala. Aktiváciu bez pripojenia na internet vykonajte podľa postupu uvedeného nižšie.</val>
			</str>
			<str name="verifyError" translate="yes">
				<val>Zadaný overovací kód sa nepodarilo overiť. Skúste to znova.</val>
			</str>
		</set>
		<str name="requestCode" translate="yes">
			<val>Kód žiadosti:</val>
		</str>
		<str name="para1" translate="yes">
			<val>Na získanie overovacieho kódu zo stránok www.adobe.com/go/getactivated_sk a jeho zadanie do nižšie zobrazeného poľa máte {0}.</val>
		</str>
		<str name="responseCode" translate="yes">
			<val>Overovací kód:</val>
		</str>
		<str name="hyperlinkText" translate="yes">
			<val>Mám záujem o rýchlejšiu aktiváciu. Pripojím sa na internet.</val>
		</str>
		<str name="back" translate="yes">
			<val>Späť</val>
		</str>
		<str name="activateLater" translate="yes">
			<val>Aktivovať neskôr</val>
		</str>
		<str name="quit" translate="yes">
			<val>Skončiť</val>
		</str>
		<str name="activate" translate="yes">
			<val>Aktivovať</val>
		</str>
		<str name="hour" translate="yes">
			<val>hodina</val>
		</str>
		<str name="hours" translate="yes">
			<val>hodín</val>
		</str>
		<str name="customerSupportLink" translate="yes">
			<val>http://www.adobe.com/go/customer_support_sk</val>
		</str>
	</set>
	
	<set name="offlineActivationComplete">
		<str name="title" translate="yes">
			<val>Aktivácia bez pripojenia na internet bola dokončená</val>
		</str>
		<str name="message" translate="yes">
			<val>Aplikácia {0} bola úspešne aktivovaná a je pripravená na použitie.</val>
		</str>
		<str name="close" translate="yes">
			<val>Zavrieť</val>
		</str>
		<str name="launch" translate="yes">
			<val>Spustiť</val>
		</str>
	</set>
	
	<set name="unableToActivate">
		<str name="title" translate="yes">
			<val>Aktivácia bola neúspešná</val>
		</str>
		<str name="warning" translate="yes">
			<val>Nebolo možné aktivovať produkt {0}.</val>
		</str>
		<str name="para1" translate="yes">
			<val>Aby bolo možné tento produkt používať, je potrebné ho aktivovať.</val>
		</str>
		<str name="para2" translate="yes">
			<val>Pre potreby aktivácie tohto produktu je potrebné funkčné pripojenie na internet. Skontrolujte nastavenia pripojenia a vyberte možnosť „Skúsiť znova“.</val>
		</str>
		<str name="tryAgain" translate="yes">
			<val>Skúsiť znova</val>
		</str>
		<str name="close" translate="yes">
			<val>Zavrieť</val>
		</str>
		<str name="noInternet" translate="yes">
			<val>Máte problémy s pripojením na internet?</val>
		</str>
	</set>
	
	<set name="dspSubscriptionActivated">
		<str name="title" translate="yes">
			<val>Ďakujeme</val>
		</str>
		<str name="message" translate="yes">
			<val>Licencia k produktu {0} bude pridelená k identifikátoru {1}. Po kliknutí na tlačidlo Pokračovať môžete začať softvér používať.</val>
		</str>
		<str name="continue" translate="yes">
			<val>Pokračovať</val>
		</str>
	</set>
	<set name="dspSubscriptionActivatedForTrial">
		<str name="title" translate="yes">
			<val>Ďakujeme</val>
		</str>
		<str name="message" translate="yes">
			<val>Gratulujeme vám k zakúpeniu produktu {0} prostredníctvom identifikátora Adobe ID {1}. Po kliknutí na možnosť Pokračovať vám už bude k dispozícii licencovaná kópia softvéru.</val>
		</str>
		<str name="continue" translate="yes">
			<val>Pokračovať</val>
		</str>
	</set>
	
	<set name="dspOverActivation">
		<str name="title" translate="yes">
			<val>Prekročili ste maximálny počet aktivácií</val>
		</str>
		<str name="warning" translate="yes">
			<val>Nebolo možné aktivovať produkt {0}.</val>
		</str>
		<str name="message" translate="yes">
			<val>Odber produktu pod týmto identifikátorom Adobe ID je už aktívny na dvoch zariadeniach, čo je maximálny povolený počet. Ak chcete niektoré z týchto zariadení deaktivovať a aktivovať odber v aktuálnom zariadení, vyberte možnosť Pokračovať. Ak sa chcete prihlásiť pomocou iného identifikátora Adobe ID, vyberte možnosť Získanie licencie k tomuto softvéru.</val>
		</str>
		<str name="activationPolicy" translate="yes">
			<val>{0}Zásady aktivácie{1}</val>
		</str>
		<str name="activationPolicyLink" translate="yes">
			<val>http://www.adobe.com/go/activation_sk</val>
		</str>
		<str name="licenseThisSoftware" translate="yes">
			<val>Získanie licencie k tomuto softvéru</val>
		</str>
		<str name="continue" translate="yes">
			<val>Pokračovať</val>
		</str>
	</set>
	<set name="dspSignInFailedOA">
		<str name="title" translate="yes">
			<val>Pokus o prihlásenie zlyhal</val>
		</str>
		<str name="warning" translate="yes">
			<val>Na tomto počítači alebo zariadení sa nedá prihlásiť.</val>
		</str>
		<str name="message" translate="yes">
			<val>Tento identifikátor Adobe ID {0} bol už použitý na aktiváciu softvéru na dvoch rôznych počítačoch alebo zariadeniach.</val>
		</str>
		<str name="radioButton1" translate="yes">
			<val>Zopakovať pokus; už som sa na jednom z nich odhlásil.</val>
		</str>
		<str name="radioButton2" translate="yes">
			<val>Odhláste ma na všetkých ostatných počítačoch alebo zariadeniach.</val>
		</str>
		<str name="differentAdobeIDLink" translate="yes">
			<val>Využívate iný identifikátor Adobe ID?</val>
		</str>
		<str name="continue" translate="yes">
			<val>Pokračovať</val>
		</str>
	</set>
	<set name="subscriptionNotFound">
		<str name="title" translate="yes">
			<val>Nebol nájdený žiadny odber</val>
		</str>
		<str name="message" translate="yes">
			<val>Nepodarilo sa nám nájsť odber k produktu {0} spojený s týmto identifikátorom Adobe ID. Podľa potreby môžete zakúpiť {1}nový odber{2} alebo, ak odber máte, ale nemôžete ho využívať, obráťte sa na oddelenie {3}zákazníckej podpory{4}.</val>
		</str>
		<str name="messageTrial" translate="yes">
			<val>Podľa potreby môžete spustiť aj skúšobnú verziu tohto produktu. </val>
		</str>
		<str name="messageTrialContinue" translate="yes">
			<val>Podľa potreby môžete tiež pokračovať v skúšobnej verzii tohto produktu.</val>
		</str>
		<str name="differentAdobeIDLink" translate="yes">
			<val>Využívate iný identifikátor Adobe ID?</val>
		</str>
		<str name="quit" translate="yes">
			<val>Skončiť</val>
		</str>
		<str name="startTrial" translate="yes">
			<val>Spustiť skúšobnú verziu</val>
		</str>
		<str name="continueTrial" translate="yes">
			<val>Pokračovať so skúšobnou verziou</val>
		</str>
		<str name="NewSubscriptionLinkForCC" translate="yes">
        	<val>http://www.adobe.com/go/cc_plans_sk</val>
        </str>
        <str name="NewSubscriptionLinkForNonCC" translate="yes">
        	<val>http://www.adobe.com/go/products_sk</val>
        </str>
		<str name="customerSupportLink" translate="yes">
			<val>http://www.adobe.com/go/customer_support_sk</val>
		</str>
	</set>
	
	<set name="dspAdobeIDMismatch">
		<str name="title" translate="yes">
			<val>Skúsiť znova</val>
		</str>
		<str name="titleReactivationWF" translate="yes">
			<val>Pokus o prihlásenie zlyhal</val>
		</str>
		<str name="warning" translate="yes">
			<val>Nezodpovedajúci identifikátor Adobe ID</val>
		</str>
		<str name="warningReactivationWF" translate="yes">
			<val>Na tomto počítači alebo zariadení nie je možné odber aktivovať.</val>
		</str>
		<str name="message" translate="yes">
			<val>Identifikátor Adobe ID, pomocou ktorého ste sa prihlásili, sa nezhoduje s identifikátorom Adobe ID, ktorý sa viaže k tomuto odberu. Prihláste sa pomocou identifikátora Adobe ID, ktorý sa viaže k tomuto odberu.</val>
		</str>
		<str name="message1ReactivationWF" translate="yes">
			<val>Identifikátor Adobe ID, s ktorým ste sa prihlásili, sa nezhoduje s identifikátorom Adobe ID, ktorý sa viaže na licenciu pre aktuálny odber na tomto počítači alebo zariadení.</val>
		</str>
		<str name="message2ReactivationWF" translate="yes">
			<val>Kliknite na tlačidlo Späť a prihláste sa pomocou identifikátora Adobe ID spojeného s týmto odberom alebo kliknite na možnosť Prihlásiť sa neskôr a pri budúcom spustení softvéru sa prihláste pod iným identifikátorom Adobe ID.</val>
		</str>
		<str name="back" translate="yes">
			<val>Späť</val>
		</str>
		<str name="quit" translate="yes">
			<val>Skončiť</val>
		</str>
		<str name="signInLater" translate="yes">
			<val>Prihlásiť sa neskôr</val>
		</str>
	</set>
	
	<set name="dspSubscriptionExpired">
		<str name="title" translate="yes">
			<val>Obnoviť odber</val>
		</str>
		<str name="message" translate="yes">
			<val>Prejdite do {0}Správcu odberu{1} a obnovte odber produktu {2}, aby ste mohli produkt používať naďalej bez prerušovania. Ak ste obnovenie produktu práve vykonali, počkajte 15 minút a skúste to znova.</val>
		</str>
		<str name="messageCCMTeamPara1" translate="yes">
			<val>Obráťte sa na správcu, aby ste obnovili predplatné a mohli pokračovať v používaní produktu.</val>
		</str>
		<str name="messageCCMTeamPara2" translate="yes">
			<val>Pokiaľ už máte predplatné obnovené, počkajte 15 minút a potom to skúste znova.</val>
		</str>
		<str name="signedInMessage" translate="yes">
			<val>Ste prihlásení pod nasledujúcim identifikátorom Adobe ID: {0}.</val>
		</str>
		<str name="subscriptionManagerLinkForCC" translate="yes">
			<val> http://www.adobe.com/go/cc_manage_act_sk</val>
		</str>
		<str name="subscriptionManagerLinkForNonCC" translate="yes">
			<val>http://www.adobe.com/go/subscriptionedition_sk</val>
		</str>
		<str name="tryAgain" translate="yes">
			<val>Skúsiť znova</val>
		</str>
		<str name="close" translate="yes">
			<val>Zavrieť</val>
		</str>
		<str name="differentAdobeIDLink" translate="yes">
			<val>Využívate iný identifikátor Adobe ID?</val>
		</str>
		<str name="OfflineMessage" translate="yes">
			<val>Je nám ľúto, ale nedarí sa nám pripojiť sa k serveru Adobe Server. Kliknutím {0}sem{1} sa môžete pokúsiť vyriešiť problémy s pripojením. Ak problém pretrváva, obráťte sa na oddelenie {2}zákazníckej podpory{3}.</val>
		</str>
	</set>
	
	<set name="dspCheckGenericError">
		<str name="title" translate="yes">
			<val>Skúsiť znova</val>
		</str>
		<str name="warning" translate="yes">
			<val>Nie je možné spustiť váš odber produktu {0}.</val>
		</str>
		<str name="message" translate="yes">
			<val>Počkajte chvíľu a skúste znova.</val>
		</str>
		<str name="tryAgain" translate="yes">
			<val>Skúsiť znova</val>
		</str>
		<str name="quit" translate="yes">
			<val>Skončiť</val>
		</str>
	</set>
	
	<set name="dspSubscriptionVerified">
		<str name="title" translate="yes">
			<val>Ďakujeme</val>
		</str>
		<str name="message" translate="yes">
			<val>Váš odber produktu {0} je teraz aktívny. Kliknutím na možnosť Pokračovať môžete začať používať produkt.</val>
		</str>
		<str name="continue" translate="yes">
			<val>Pokračovať</val>
		</str>
	</set>
	
	<set name="dspSubscriptionReactivation">
		<str name="title" translate="yes">
			<val>Vyžaduje sa prihlásenie</val>
		</str>
		<str name="message" translate="yes">
			<val>Prebehlo vaše odhlásenie z tohto počítača alebo zariadenia. Kliknutím na tlačidlo Prihlásiť sa teraz môžete svoju licenciu na tomto zariadení aktivovať. Ak kliknete na tlačidlo Pokračovať, prihlásenie bude odložené až do ďalšieho spustenia.</val>
		</str>
		<str name="signInNow" translate="yes">
			<val>Prihlásiť sa teraz</val>
		</str>
		<str name="continue" translate="yes">
			<val>Pokračovať</val>
		</str>
	</set>
	
	<set name="dspReminder">
		<set name="ccInfoReminder">
			<str name="title" translate="yes">
				<val>Pripomienka týkajúca sa odberu</val>
			</str>
			<str name="message" translate="yes">
				<val>Platnosť odberu už čoskoro vyprší.</val>
			</str>
			<str name="info" translate="yes">
				<val>Naše záznamy uvádzajú, že u tohto účtu odberu nebol uvedený žiadny spôsob platby. Prejdite do {0}Správcu odberu{1} a zadajte informácie o spôsobe platby, aby ste obnovili odber produktu {2} a mohli tak produkt naďalej používať bez prerušovania.</val>
			</str>
			<str name="infoCCMTeam" translate="yes">
				<val>Obráťte sa na správcu, aby ste si zabezpečili trvalý prístup k tomuto produktu.</val>
			</str>
		</set>
		
		<set name="graceReminder">
			<str name="title" translate="yes">
				<val>Platnosť odberu skončila</val>
			</str>
			<str name="message" translate="yes">
				<val>Platnosť odberu produktu {0} uplynula.</val>
			</str>
			<str name="info" translate="yes">
				<val>Prejdite do {0}Správcu odberu{1} a obnovte odber produktu {2}, aby ste mohli produkt používať naďalej bez prerušovania. Budete mať k dispozícii krátku lehotu na obnovenie odberu, po ktorej uplynutí už nebudete mať k tomuto produktu prístup.</val>
			</str>
			<str name="infoCCMTeam" translate="yes">
				<val>Obráťte sa na správcu, aby ste obnovili predplatné a mohli bez prerušenia pokračovať v používaní produktu. Na obnovu predplatného máte k dispozícii krátku dobu odkladu, po jej uplynutí už nebude možné tento produkt používať.</val>
			</str>
		</set>
		<set name="monthlyGraceReminderOffline">
			<str name="title" translate="yes">
				<val>Je nám ľúto, ale nedarí sa nám pripojiť sa k serveru Adobe Server</val>
			</str>
			<str name="message" translate="yes">
				<val>Pripomíname, že potrebujeme overiť platnosť vášho členstva. Produkt {0} môžete využívať v režime off-line až do {1}, ale ak sa do tejto doby nepripojíte k serveru Adobe Server, produkt prestane fungovať.</val>
			</str>
			<str name="info" translate="yes">
				<val>Kliknutím {0}sem{1} sa môžete pokúsiť vyriešiť akékoľvek problémy s pripojením.</val>
			</str>
		</set>
		<set name="dailyGraceReminderOffline">
			<str name="title" translate="yes">
				<val>Je nám ľúto, ale nedarí sa nám pripojiť sa k serveru Adobe Server</val>
			</str>
			<str name="message" translate="yes">
				<val>Pripomíname, že potrebujeme overiť platnosť vášho členstva. Produkt {0} môžete využívať off-line, ale ak sa v uvedenej dobe nepripojíte k serveru Adobe Server, produkt prestane fungovať.</val>
			</str>
			<str name="info" translate="yes">
				<val>Kliknutím {0}sem{1} sa môžete pokúsiť vyriešiť problémy s pripojením.</val>
			</str>
		</set>
		<set name="billingFailureReminder">
			<str name="title" translate="yes">
				<val>Skontrolujte svoje fakturačné údaje</val>
			</str>
			<str name="message" translate="yes">
				<val>Objavili sme problémy s vašou poslednou platbou za produkt {0}. Prejdite online k nastaveniam {1}Správa účtu{2} a overte fakturačné údaje.</val>
			</str>
			<str name="info" translate="yes">
				<val>Ak problémy počas uvedenej doby nevyriešite, produkt {0} prestane pracovať.</val>
			</str>
			<str name="messageCCMTeam" translate="yes">
				<val>Objavili sme problémy s vašou poslednou platbou za produkt {0} pre tímy. Obráťte sa na správcu so žiadosťou o vyriešenie problémov alebo ak ste hlavným správcom vy, prejdite online k nastaveniam {1}Správa účtu{2}. Ak problémy počas uvedenej doby nevyriešite, produkt {0} prestane pracovať.</val>
			</str>
			<str name="offlineError" translate="yes">
				<val>Je nám ľúto, ale nedarí sa nám pripojiť sa k serveru Adobe Server a overiť, či ste vyriešili problémy s fakturáciou. Kliknutím {0}sem{1} sa môžete pokúsiť vyriešiť problémy s pripojením.</val>
			</str>
		</set>
		<set name="billingFailureReminderCCT">
			<str name="title" translate="yes">
				<val>Vaše členstvo čoskoro vyprší.</val>
			</str>
			<str name="warning" translate="yes">
				<val>Členstvo v službe Creative Cloud pre tímy Vám čoskoro vyprší.</val>
			</str>
			<str name="message" translate="yes">
				<val>Nedostali sme od Vás platbu za členstvo v službe Creative Cloud pre tímy. Požiadajte prosím svojho správcu, aby tento problém vyriešil, alebo ak ste hlavným správcom, prejdite online na nastavenia {0}Správa účtu{1}. Ak sa tento problém nevyrieši do zobrazeného času, stratíte prístup k členstvu v službe Creative Cloud pre tímy.</val>
			</str>
			<str name="offlineError" translate="yes">
				<val>Je nám ľúto, ale nedarí sa nám pripojiť sa k serveru Adobe Server a overiť, či ste vyriešili problémy s fakturáciou. Kliknutím {0}sem{1} sa môžete pokúsiť vyriešiť problémy s pripojením.</val>
			</str>
		</set>
		<set name="combinedSubIssueReminder">
			<str name="title" translate="yes">
				<val>Nedarí sa nám overiť vaše členstvo</val>
			</str>
			<str name="message" translate="yes">
				<val>Nachádzate sa v režime offline alebo nastali problémy pri fakturácii z vášho účtu. Prejdite do režimu online a overte vaše fakturačné údaje. V prípade ďalších otázok sa obráťte na {0}zákaznícku podporu{1}.</val>
			</str>
			<str name="messageCCMTeam1" translate="yes">
				<val>Nachádzate sa v režime offline alebo nastali problémy pri fakturácii z účtu pre váš tým. Obráťte sa na správcu a požiadajte ho o vyriešenie problémov s fakturáciou.</val>
			</str>
			<str name="messageCCMTeam2" translate="yes">
				<val> V prípade ďalších otázok sa obráťte na {0}zákaznícku podporu{1}.</val>
			</str>
			<str name="offlineError" translate="yes">
				<val>Prejdite do režimu online, aby sme mohli problém vyriešiť, alebo kliknutím na tlačidlo Pokračovať pokračujte v režime offline a upozornenie sa vám zobrazí neskôr.</val>
			</str>
		</set>
		
		<str name="subscriptionManagerLinkForCC" translate="yes">
			<val>http://www.adobe.com/go/cc_manage_act_sk</val>
		</str>
		<str name="subscriptionManagerLinkForNonCC" translate="yes">
			<val>http://www.adobe.com/go/subscriptionedition_sk</val>
		</str>
		<str name="offline" translate="yes">
			<val>Pripojenie k serveru Adobe Server zlyhalo. Skontrolujte nastavenie pripojenia a kliknite na možnosť Skúsiť znova.</val>
		</str>
		<str name="subscriptionPolicy" translate="yes">
			<val>{0}Zásady odberu{1}</val>
		</str>
		<str name="subscriptionPolicyLink" translate="yes">
			<val>http://www.adobe.com/go/subscription_policy_sk</val>
		</str>
		<str name="customerSupportLink" translate="yes">
			<val>http://www.adobe.com/go/customer_support_sk</val>
		</str>
		<str name="offlineTroubleshootLink" translate="yes">
			<val>http://www.adobe.com/go/activation_network_issues_sk</val>
		</str>
		<str name="daysRemaining" translate="yes">
			<val>Dni zostávajú</val>
		</str>
		<str name="dayRemaining" translate="yes">
			<val>Deň zostáva</val>
		</str>
		<str name="continue" translate="yes">
			<val>Pokračovať</val>
		</str>
		<str name="tryAgain" translate="yes">
			<val>Skúsiť znova</val>
		</str>
		<str name="retry" translate="yes">
			<val>Opakovať</val>
		</str>
		<str name="remindLater" translate="yes">
			<val>Pripomenúť neskôr</val>
		</str>
		<str name="OK" translate="yes">
			<val>OK</val>
		</str>
	</set>
	
	<set name="dspSuspended">
		<set name="activationSuspended">
			<str name="title" translate="yes">
				<val>Aktivácia bola neúspešná</val>
			</str>
			<str name="warning" translate="yes">
				<val>Nebolo možné aktivovať produkt {0}.</val>
			</str>
			<str name="message" translate="yes">
				<val>Dátum vo vašom systéme nezodpovedá dátumu na našom serveri. Dátum vo vašom systéme sa môže líšiť až o tri dni v porovnaní s dátumom na serveri Adobe ({0}).</val>
			</str>
			<str name="info" translate="yes">
				<val>Skontrolujte v počítači nastavenie dátumu a skúste to znova. Ak problém pretrváva, obráťte sa na oddelenie {0}zákazníckej podpory{1}.</val>
			</str>
		</set>
		
		<set name="subscriptionSuspended">
			<str name="title" translate="yes">
				<val>Odber prerušený</val>
			</str>
			<str name="warning" translate="yes">
				<val>Odber produktu {0} bol prerušený.</val>
			</str>
			<str name="message" translate="yes">
				<val>Dátum vo vašom systéme nezodpovedá dátumu na našom serveri. Dátum vo vašom systéme sa môže líšiť až o tri dni v porovnaní s dátumom na serveri Adobe ({0}).</val>
			</str>
			<str name="info" translate="yes">
				<val>Skontrolujte v počítači nastavenie dátumu a skúste to znova. Ak problém pretrváva, obráťte sa na oddelenie {0}zákazníckej podpory{1}.</val>
			</str>
		</set>
		
		<set name="subscriptionWindback">
			<str name="title" translate="yes">
				<val>Odber prerušený</val>
			</str>
			<str name="warning" translate="yes">
				<val>Odber produktu {0} bol prerušený.</val>
			</str>
			<str name="message" translate="yes">
				<val>Systémový dátum a čas nie sú nastavené správne. Nastavte systémové hodiny na aktuálny čas a vyberte možnosť Skúsiť znova. Ak problém pretrváva, obráťte sa na oddelenie {0}zákazníckej podpory{1}.</val>
			</str>
		</set>
		
		<str name="customerSupportLink" translate="yes">
			<val>http://www.adobe.com/go/customer_support_sk</val>
		</str>
		<str name="activationPolicy" translate="yes">
			<val>{0}Zobraziť zásady aktivácie{1}</val>
		</str>
		<str name="activationPolicyLink" translate="yes">
			<val>http://www.adobe.com/go/activation_sk</val>
		</str>
		<str name="subscriptionPolicy" translate="yes">
			<val>{0}Zásady odberu{1}</val>
		</str>
		<str name="subscriptionPolicyLink" translate="yes">
			<val>http://www.adobe.com/go/subscription_policy_sk</val>
		</str>
		<str name="quit" translate="yes">
			<val>Skončiť</val>
		</str>
		<str name="tryAgain" translate="yes">
			<val>Skúsiť znova</val>
		</str>
	</set>
	
	<set name="dateTimeFormats">
		<str name="dateFormat_Long" translate="yes">
			<val>{1}. {0} {2}</val>
		</str>
	</set>

	<set name="monthsFull">
		<str name="1" translate="yes">
			<val>jan.</val>
		</str>
		<str name="2" translate="yes">
			<val>feb.</val>
		</str>
		<str name="3" translate="yes">
			<val>mar.</val>
		</str>
		<str name="4" translate="yes">
			<val>apr.</val>
		</str>
		<str name="5" translate="yes">
			<val>máj</val>
		</str>
		<str name="6" translate="yes">
			<val>jún</val>
		</str>
		<str name="7" translate="yes">
			<val>júl</val>
		</str>
		<str name="8" translate="yes">
			<val>aug.</val>
		</str>
		<str name="9" translate="yes">
			<val>sep.</val>
		</str>
		<str name="10" translate="yes">
			<val>okt.</val>
		</str>
		<str name="11" translate="yes">
			<val>nov.</val>
		</str>
		<str name="12" translate="yes">
			<val>dec.</val>
		</str>
	</set>
	
	<set name="dsp_IMSBusyScrim">
		<str name="WaitAMoment" translate="yes">
			<val>Počkajte chvíľu...</val>
		</str>
	</set>
	
	<set name="dspSubscriptionRevoked">
		<str name="title" translate="yes">
			<val>Prerušenie licencie</val>
		</str>
		<str name="warning" translate="yes">
			<val>Licencia k produktu {0} bola prerušená.</val>
		</str>
		<str name="message" translate="yes">
			<val>Licenčné informácie pre {0} už nie sú platné alebo boli odvolané. Obráťte sa na {1}zákaznícku podporu{2}.</val>
		</str>
		<str name="subscriptionPolicy" translate="yes">
			<val>{0}Zásady pre odber{1}{2}{3}Licenčná zmluva k softwaru{4}</val>
		</str>
		<str name="subscriptionPolicyLink" translate="yes">
			<val>http://www.adobe.com/go/subscription_policy_sk</val>
		</str>
		<str name="eula_Link" translate="yes">
			<val>http://www.adobe.com/go/eulas_sk</val>
		</str>
		<str name="customerSupportLink" translate="yes">
			<val>http://www.adobe.com/go/customer_support_sk</val>
		</str>
		<str name="quit" translate="yes">
			<val>Skončiť</val>
		</str>
	</set>
	<set name="deviceBasedActivation">
		<set name="dbaLicenseExpiry">
			<str name="title" translate="yes">
				<val>Platnosť licencie sa skončila</val>
			</str>
			<str name="message" translate="yes">
				<val>Produkt {0} na tomto zariadení používateľa {1} využíva voľnú licenciu. Ak budete chcieť produkt nerušene používať aj naďalej, obráťte sa na správcu so žiadosťou o obnovenie licencie.</val>
			</str>
			<str name="info" translate="yes">
				<val>Ak už bola licencia obnovená, počkajte 15 minút a potom pokus zopakujte.</val>
			</str>
			<str name="tryAgain" translate="yes">
				<val>Skúsiť znova</val>
			</str>
			<str name="close" translate="yes">
				<val>Zavrieť</val>
			</str>
		</set>
	
		<set name="dbaLicenseRenewal">
			<str name="title" translate="yes">
				<val>Obnoviť licenciu</val>
			</str>
			<str name="message" translate="yes">
				<val>Ak budete chcieť produkt nerušene používať aj naďalej, obráťte sa na správcu so žiadosťou o obnovenie licencie k produktu {0} na tomto zariadení z fondu pre nasadenie {1}.</val>
			</str>
			<str name="info" translate="yes">
				<val>Ak už bola licencia obnovená, počkajte 15 minút a potom pokus zopakujte.</val>
			</str>
			<str name="tryAgain" translate="yes">
				<val>Skúsiť znova</val>
			</str>
			<str name="quit" translate="yes">
				<val>Skončiť</val>
			</str>
		</set>
		<set name="dbaClockWindback">
			<str name="title" translate="yes">
				<val>Prerušenie licencie</val>
			</str>
			<str name="message" translate="yes">
				<val>Systémový dátum a čas nie sú na tomto zariadení nastavené správne. Nastavte systémové hodiny na aktuálny čas a vyberte možnosť Skúsiť znova. Ak problém pretrváva, obráťte sa na správcu.</val>
			</str>
			<str name="warning" translate="yes">
				<val>Licencia k produktu {0} bola prerušená.</val>
			</str>
			<str name="tryAgain" translate="yes">
				<val>Skúsiť znova</val>
			</str>
			<str name="close" translate="yes">
				<val>Zavrieť</val>
			</str>
		</set>
		<set name="dbaClockMismatch">
			<str name="title" translate="yes">
				<val>Prerušenie licencie</val>
			</str>
			<str name="message" translate="yes">
				<val>Dátum na tomto zariadení nezodpovedá dátumu na našom serveri. Dátum na tomto zariadení sa môže líšiť až o tri dni oproti dátumu na serveri Adobe ({0}). </val>
			</str>
			<str name="warning" translate="yes">
				<val>Licencia k produktu {0} bola prerušená.</val>
			</str>
			<str name="info" translate="yes">
				<val>Skontrolujte nastavenie dátumu v tomto zariadení a vyberte možnosť Skúsiť znovu. Ak problém pretrváva, obráťte sa na správcu.</val>
			</str>
			<str name="tryAgain" translate="yes">
				<val>Skúsiť znova</val>
			</str>
			<str name="quit" translate="yes">
				<val>Skončiť</val>
			</str>
		</set>
		<set name="dbaLicenseDenied">
			<str name="title" translate="yes">
				<val>Licencia bola zamietnutá</val>
			</str>
			<str name="stepError" translate="yes">
				<val>Licencia k produktu {0} na tomto zariadení bola odopretá.</val>
			</str>
			<str name="msgError" translate="yes">
				<val>Obráťte sa na správcu so žiadosťou o serializáciu zariadenia a jeho opätovné zapojenie do fondu {0}. Ak správca tento krok už dokončil, počkajte 15 minút a pokus zopakujte.</val>
			</str>
			<str name="msgErrorPoolRemoved" translate="yes">
				<val>Obráťte sa na správcu so žiadosťou o serializáciu zariadenia. Ak správca tento krok už dokončil, počkajte 15 minút a pokus zopakujte.</val>
			</str>
			<str name="tryAgain" translate="yes">
				<val>Skúsiť znova</val>
			</str>
			<str name="close" translate="yes">
				<val>Zavrieť</val>
			</str>
		</set>
		<set name="dbaActivationFailure">
			<str name="title" translate="yes">
				<val>Zlyhanie aktivácie</val>
			</str>
			<str name="stepError" translate="yes">
				<val>Nebolo možné aktivovať produkt {0}.</val>
			</str>
			<str name="errorCode" translate="yes">
				<val>(Kód chyby: {0})</val>
			</str>
			<str name="msgError" translate="yes">
				<val>Ak budete chcieť používať produkt {0} na zariadení používateľa {1}, je nutné vykonať jeho aktiváciu. K aktivácii tohto produktu je potrebné funkčné pripojenie k internetu. Skontrolujte nastavenia pripojenia a pokus zopakujte.</val>
			</str>
			<str name="info" translate="yes">
				<val>Ak problém pretrváva, obráťte sa na správcu.</val>
			</str>
			<str name="offlineError" translate="yes">
				<val>Je nám ľúto, ale v tejto chvíli sa k serveru Adobe nie je možné pripojiť. Kliknutím na tento odkaz {0}odkaz{1} môžete skúsiť vyriešiť problémy s pripojením.</val>
			</str>
			<str name="clockMismatchError" translate="yes">
				<val>Skontrolujte nastavenia dátumu v tomto zariadení a vyberte možnosť Skúsiť znova.</val>
			</str>
			<str name="tryAgain" translate="yes">
				<val>Skúsiť znova</val>
			</str>
			<str name="close" translate="yes">
				<val>Zavrieť</val>
			</str>
		</set>
		<set name="dbaMonthlyGraceReminderOffline">
			<str name="title" translate="yes">
				<val>Je nám ľúto, ale nedarí sa nám pripojiť sa k serveru Adobe Server</val>
			</str>
			<str name="message" translate="yes">
				<val>Nezabudnite, že potrebujeme overiť platnosť licencie užívateľa {0} na tomto zariadení. Produkt {1} môžete využívať offline až do {2}, ale ak sa do tejto doby nepripojíte k internetu, prestane tento produkt fungovať.</val>
			</str>
			<str name="info" translate="yes">
				<val>Kliknutím {0}sem{1} sa môžete pokúsiť vyriešiť problémy s pripojením.</val>
			</str>
			<str name="remindLater" translate="yes">
				<val>Pripomenúť neskôr</val>
			</str>
			<str name="retry" translate="yes">
				<val>Skúsiť znova</val>
			</str>
		</set>
		<set name="dbaDailyGraceReminderOffline">
			<str name="title" translate="yes">
				<val>Je nám ľúto, ale nedarí sa nám pripojiť sa k serveru Adobe Server</val>
			</str>
			<str name="message" translate="yes">
				<val>Pripomíname, že potrebujeme overiť platnosť licencie používateľa {0} na tomto zariadení. Produkt {1} môžete využívať offline, ale ak sa do uvedenej doby nepripojíte k internetu, prestane tento produkt fungovať.</val>
			</str>
			<str name="info" translate="yes">
				<val>Kliknutím {0}sem{1} sa môžete pokúsiť vyriešiť problémy s pripojením.</val>
			</str>
			<str name="ok" translate="yes">
				<val>OK</val>
			</str>
			<str name="retry" translate="yes">
				<val>Skúsiť znova</val>
			</str>
		</set>
		<set name="dbaBonusLaunch">
			<str name="title" translate="yes">
				<val>Posledné spustenie</val>
			</str>
			<str name="message" translate="yes">
				<val>Produkt {0} na tomto zariadení používateľa {1} využíva voľnú licenciu. Produkt je teraz možné použiť ešte raz. Ak budete chcieť produkt používať aj naďalej, obráťte sa na správcu.</val>
			</str>
			<str name="ok" translate="yes">
				<val>OK</val>
			</str>
		</set>
		<set name="errorScenarios">
			<str name="licenseDeniedError" translate="yes">
				<val>S týmto zariadením nie je spojená žiadna licencia.</val>
			</str>
			<str name="clockWindbackError" translate="yes">
				<val>Skontrolujte nastavenie dátumu v zariadení a vyberte možnosť Skúsiť znovu. Ak problém pretrváva, obráťte sa na správcu.</val>
			</str>
			<str name="offlineError" translate="yes">
				<val>Je nám ľúto, ale v tejto chvíli sa k serveru Adobe nie je možné pripojiť. Kliknutím na tento odkaz {0}odkaz{1} môžete skúsiť vyriešiť problémy s pripojením. Pokiaľ problém pretrváva, obráťte sa na správcu.</val>
			</str>
			<str name="checkCallErrorGeneric" translate="yes">
				<val>Počas zhromažďovania licenčných údajov došlo k chybe. Skúste znovu neskôr.</val>
			</str>
		</set>
		<str name="quit" translate="yes">
			<val>Skončiť</val>
		</str>
		<str name="daysRemaining" translate="yes">
			<val>dní zostáva</val>
		</str>
		<str name="dayRemaining" translate="yes">
			<val>deň zostáva</val>
		</str>
		<str name="offlineTroubleshootLink" translate="yes">
			<val>http://www.adobe.com/go/activation_network_issues_sk</val>
		</str>
	</set>
	<set name="isoToLanguage">
		<str name="ar_AE" translate="no"><val>العربية</val></str>
		<str name="en_GB" translate="no"><val>English (International)</val></str> 
		<str name="en_INT" translate="no"><val>English (International)</val></str> 
		<str name="fr_CA" translate="no"><val>Français (Canada)</val></str>
		<str name="es_QM" translate="no"><val>Español (Middle East)</val></str>
		<str name="es_LA" translate="no"><val>Español de América Latina</val></str>
		<str name="es_NA" translate="no"><val>Español Norteamericano</val></str>
		<str name="bg_BG" translate="no"><val>Български</val></str>
		<str name="lv_LV" translate="no"><val>Latviešu</val></str>
		<str name="et_EE" translate="no"><val>Eesti</val></str>
		<str name="hr_HR" translate="no"><val>hrvatski</val></str>
		<str name="sl_SI" translate="no"><val>slovenščina</val></str>
		<str name="sk_SK" translate="no"><val>slovenčina</val></str>
		<str name="th_TH" translate="no"><val>ภาษาไทย</val></str> 
		<str name="vi_VN" translate="no"><val>Việt</val></str>
		<str name="en_XC" translate="no"><val>English (Central Europe)</val></str> 
		<str name="en_XM" translate="no"><val>English (Middle East)</val></str>
		<str name="fr_XM" translate="no"><val>Français (Moyen-Orient)</val></str>
		<str name="sq_AL" translate="no"><val>Shqip</val></str> 
		<str name="ar_SA" translate="no"><val>العربية</val></str>
		<str name="be_BY" translate="no"><val>Беларуская</val></str> 
		<str name="ca_ES" translate="no"><val>Català</val></str> 
		<str name="hi_IN" translate="no"><val>हिन्दी</val></str>
		<str name="is_IS" translate="no"><val>Íslenska</val></str> 
		<str name="lt_LT" translate="no"><val>Lietuvių</val></str>
		<str name="mk_MK" translate="no"><val>македонски</val></str>
		<str name="nn_NO" translate="no"><val>Norsk (Nynorsk)</val></str>
		<str name="pt_PT" translate="no"><val>Português de Portugal</val></str> 
		<str name="sh_YU" translate="no"><val>Srpsko-Hrvatski</val></str> 
		<str name="sr_YU" translate="no"><val>Cрпски</val></str> 
		<str name="kk_KZ" translate="no"><val>Қазақ</val></str>
		<str name="az_AZ" translate="no"><val>Azərbaycan dili</val></str> 
		<str name="es_MX" translate="no"><val>Español (América Latina)</val></str>
		<str name="no_NO" translate="no"><val>Norwegian</val></str> 
		<str name="cs_CZ" translate="no"><val>česky</val></str>
		<str name="de_DE" translate="no"><val>Deutsch</val></str>
		<str name="el_GR" translate="no"><val>Ελληνικά</val></str>
		<str name="en_US" translate="no"><val>English (North America)</val></str> 
		<str name="es_ES" translate="no"><val>Español</val></str> 
		<str name="fr_FR" translate="no"><val>Français</val></str>
		<str name="he_IL" translate="no"><val>עברית</val></str> 
		<str name="hu_HU" translate="no"><val>magyar</val></str>
		<str name="it_IT" translate="no"><val>Italiano</val></str>
		<str name="ja_JP" translate="no"><val>日本語</val></str>
		<str name="ko_KR" translate="no"><val>한국어</val></str>
		<str name="nl_NL" translate="no"><val>Nederlands</val></str>
		<str name="pl_PL" translate="no"><val>polski</val></str>
		<str name="ro_RO" translate="no"><val>Română</val></str>
		<str name="ru_RU" translate="no"><val>русский</val></str>
		<str name="sv_SE" translate="no"><val>Svenska</val></str>
		<str name="tr_TR" translate="no"><val>Türkçe</val></str>
		<str name="uk_UA" translate="no"><val>українська</val></str>
		<str name="zh_CN" translate="no"><val>简体中文</val></str>
		<str name="zh_TW" translate="no"><val>繁體中文</val></str>
		<str name="da_DK" translate="no"><val>Dansk</val></str>
		<str name="fi_FI" translate="no"><val>suomi</val></str>
		<str name="nb_NO" translate="no"><val>Norsk (Bokmål)</val></str> 
		<str name="pt_BR" translate="no"><val>Português do Brasil</val></str>
		<str name="en_AE" translate="no"><val>English يدعم العربية</val></str> 
		<str name="en_IL" translate="no"><val>English תומך עברית</val></str> 
		<str name="fr_MA" translate="no"><val>Français (Maroc)</val></str>
	</set>
		
</asf>
