<?xml version='1.0' encoding='utf-8'?>
<!DOCTYPE asf SYSTEM "http://ns.adobe.com/asf/asf_1_0.dtd" >
<asf xmlns="http://ns.adobe.com/asf" locale="cs_CZ" version="1.0">
	
	<set name="common">
		<str name="adobeProduct" translate="yes">
			<val>Produkt společnosti Adobe</val>
		</str>
		<str name="adobeTrial" translate="yes">
			<val>Zkušební verze produktu společnosti Adobe</val>
		</str>
		<str name="actPolicy" translate="yes">
			<val>Zásady společnosti Adobe pro aktivaci licence</val>
		</str>
		<str name="subEdition" translate="no">
			<val>Subscription Edition</val>
		</str>
		<str name="progressMessage" translate="yes">
			<val>Probíhá připojování...</val>
		</str>
	</set>
	
	<set name="provision">
		<str name="buy" translate="yes">
			<val>ZAKOUPIT</val>
		</str>			
		<str name="remain" translate="yes">
			<val>ZBÝVÁ DNŮ</val>
		</str>
		<str name="authAdobeID" translate="yes">
			<val>Ověření identifikátoru Adobe ID...</val>
		</str>
	</set>

	<set name="eula">
		<str name="eula" translate="yes">
			<val>Licenční smlouva k softwaru Adobe</val>
		</str>
		<str name="view" translate="yes">
			<val>Zobrazit v aplikaci:</val>
		</str>
		<str name="accept" translate="yes">
			<val>PŘIJÍMÁM</val>
		</str>
		<str name="decline" translate="yes">
			<val>NEPŘIJÍMÁM</val>
		</str>		
		<str name="quit" translate="yes">
			<val>KONEC</val>
		</str>		
	</set>

	<set name="activate">
		<str name="title" translate="yes">
			<val>Aktivace</val>
		</str>
		<str name="progress" translate="yes">
			<val>Probíhá aktivace...</val>
		</str>			
		<str name="fail" translate="yes">
			<val>Aktivace se nezdařila</val>
		</str>			
		<str name="contact" translate="yes">
			<val>Kontaktujeme společnost Adobe, abyste mohli aktivovat tuto aplikaci {0} pomocí zadaného sériového čísla.</val>
		</str>
		<str name="contact_forced" translate="yes">
			<val>Kontaktujeme společnost Adobe za účelem aktivace této aplikace {0}.</val>
		</str>
		<str name="limit" translate="yes">
			<val>Byl dosažen limit aktivací pro aplikaci: {0}.</val>
		</str>	
		<str name="already" translate="yes">
			<val>Sériové číslo již bylo aktivováno na dvou počítačích.</val>
		</str>
		<str name="alreadyError" translate="yes">
			<val>Uvedené sériové číslo již bylo aktivováno na 2 počítačích. Pokračovat budete moci až po odstranění tohoto problému.</val>
		</str>
		<str name="retryOption" translate="yes">
			<val>Zopakujte aktivaci. Aplikace již byla v jednom z dalších počítačů deaktivována.</val>
		</str>
		<str name="subRetryOption" translate="yes">
			<val>Deaktivujte všechny počítače a pokuste se znovu o aktivaci.</val>
		</str>	
		<str name="provide" translate="yes">
			<val>Zadejte jiné sériové číslo pro tento produkt.</val>
		</str>	
		<str name="provideBlurb" translate="yes">
			<val>Pokud chcete tento software používat ve zkušební verzi, musíte zadat Adobe ID.</val>
		</str>	
		<str name="serialBlurb" translate="yes">
			<val>Zadejte sériové číslo.</val>
		</str>	
		<str name="serialNumberMessage" translate="yes">
			<val>Toto sériové číslo bude použito pro: {0}</val>
		</str>
		<str name="serialActivationMessage" translate="yes">
			<val>V souladu s licenční smlouvou se bude software pokoušet automaticky aktivovat přes Internet. Další informace naleznete na stránkách {0}www.adobe.com/activation{1}.</val>
		</str>
		<str name="activationLink" translate="yes">
			<val>http://www.adobe.com/go/activation_cz</val>
		</str>
		<str name="buyWarning1" translate="yes">
			<val>Zvolíte-li Připomenout později, budete mít {0} dní na odstranění problému, jinak software přestane fungovat.</val>
		</str>	
		<str name="buyWarning2" translate="yes">
			<val>Nebude-li problém odstraněn, jedná se o poslední případ, kdy lze produkt použít.</val>
		</str>	
		<str name="buyWarning3" translate="yes">
			<val>Chcete-li nadále produkt používat, je nutné tento problém odstranit.</val>
		</str>	
		<str name="buyWarningRefuse" translate="yes">
			<val>Zvolíte-li Připomenout později, budete při dalším spuštění produktu vyzváni k odstranění problému.</val>
		</str>	
		<str name="buyWarningRefuse2" translate="yes">
			<val>Chcete-li nadále produkt používat, je nutné tento problém odstranit.</val>
		</str>
		<str name="learn" translate="yes">
			<val>Více informací ohledně aktivace naleznete v {0}Zásadách společnosti Adobe pro aktivaci licence.{1}</val>
		</str>
		<str name="learnlink" translate="yes">
			<val>http://www.adobe.com/go/activation_cz</val>
		</str>
		<str name="invalid" translate="yes">
			<val>Neplatné sériové číslo</val>
		</str>	
		<str name="sninvalid" translate="yes">
			<val>Zdá se, že toto sériové číslo je neplatné.</val>
		</str>	
		<str name="hasfailure" translate="yes">
			<val>Produkt nelze aktivovat. Akci opakujte stisknutím tlačítka Opakovat. Další informace získáte v {0}Zásadách společnosti Adobe pro aktivaci licence.{1}</val>
		</str>
		<str name="hasfailure1" translate="yes">
			<val>Produkt nelze aktivovat. Stiskněte tlačítko Opakovat. Další informace získáte v {0}Zásadách společnosti Adobe pro aktivaci licence.{1}</val>
		</str>
		<str name="mustDeactivate" translate="yes">
			<val>Chcete-li problém vyřešit a úspěšně aktivovat tento produkt, je třeba deaktivovat jednu z aktivovaných kopií.</val>
		</str>	
		<str name="howTo" translate="yes">
			<val>Postup deaktivace:</val>
		</str>	
		<str name="deactivateInstruct" translate="yes">
			<val>Spusťte jednu z dalších kopií aplikace {0}, klikněte na nabídku nápovědy, vyberte možnost Deaktivovat a spusťte tuto kopii znovu. Pokud již byla deaktivována, akci opakujte.</val>
		</str>	
		<str name="errorCode" translate="yes">
			<val>Kód chyby:{0}</val>
		</str>
		<str name="errorCode1" translate="yes">
			<val>Kód chyby: #{0}</val>
		</str>
		<str name="success" translate="yes">
			<val>Kopie aplikace {0} byla úspěšně aktivována a je připravena k použití.</val>
		</str>
		<str name="error" translate="yes">
			<val>Připojte se k Internetu a stiskněte tlačítko Pokračovat</val>
		</str>			
		<str name="assist" translate="yes">
			<val>Podpora připojení</val>
		</str>
		<str name="assistlink" translate="yes">
			<val>http://www.adobe.com/go/activation_cz</val>
		</str>		
		<str name="try" translate="yes">
			<val>ZKUSIT ZNOVU</val>
		</str>			
		<str name="later" translate="yes">
			<val>Aktivovat později</val>
		</str>			
		<str name="close" translate="yes">
			<val>ZAVŘÍT</val>
		</str>
		<str name="quit" translate="yes">
			<val>KONEC</val>
		</str>
		<str name="done" translate="yes">
			<val>HOTOVO</val>
		</str>
		<str name="remind" translate="yes">
			<val>Připomenout později</val>
		</str>
		<str name="continue" translate="yes">
			<val>POKRAČOVAT</val>
		</str>
		<str name="retry" translate="yes">
			<val>OPAKOVAT</val>
		</str>
		<str name="back" translate="yes">
			<val>ZPĚT</val>
		</str>			
		<str name="errCode" translate="yes">
			<val>Kód chyby: </val>
		</str>
		<str name="unknownErr" translate="yes">
			<val>Neznámé</val>
		</str>
		<str name="serialError" translate="yes">
			<val>Uvedené sériové číslo není pro tento produkt platné.</val>
		</str>
		<str name="denybuyLink" translate="no">
			<val>http://www.adobe.com/go/denybuy</val>
		</str>
	</set>

	<set name="inAppTrial">
		<str name="serial" translate="yes">
			<val>ZADAT SÉRIOVÉ ČÍSLO</val>
		</str>
		<str name="contentLoading" translate="yes">
			<val>Načítání obsahu...</val>
		</str>
	</set>
	
	<set name="privacy">
		<str name="title" translate="yes">
			<val>Nastavení soukromí</val>
		</str>
		<str name="content" translate="yes">
			<val>Společnost Adobe používá informace získané při stahování a používání vaší zkušební verze produktu k tomu, aby vám mohla nabídnout obsah, který je přizpůsoben přímo vašim zájmům.{0}Aby vám mohla společnost Adobe takovýto obsah nabídnout, potřebuje využít informace, které jste jí poskytli při stažení, a také potřebuje shromáždit údaje o využívání zkušebního obsahu. Žádné osobně identifikovatelné informace nebudou shromažďovány.{0}Pokud nechcete, aby byly tyto informace shromažďovány, nebo pokud si nepřejete, aby byly využívány informace o vás, které nám pomohou nabídnout vám přizpůsobený obsah, můžete tuto funkci vypnout zaškrtnutím políčka níže a počínaje dalším spuštěním zkušební verze vám nebude předložen žádný upravený obsah založený na takovýchto informacích.{0}Další informace o ochraně osobních údajů ve společnosti Adobe naleznete v části {1}Ochrana osobních údajů online{2}.</val>
		</str>
		<str name="privacyLink" translate="yes">
			<val>http://www.adobe.com/go/privacy_cz</val>
		</str>
		<str name="request" translate="yes">
			<val>Vypněte upravený obsah.</val>
		</str>
		<str name="ok" translate="yes">
			<val>OK</val>
		</str>
		<str name="cancel" translate="yes">
			<val>ZRUŠIT</val>
		</str>
	</set>
	
	<set name="video">
		<str name="playAgain" translate="yes">
			<val>Přehrát znovu</val>
		</str>
		<str name="nextTut" translate="yes">
			<val>Další</val>
		</str>
		<str name="loading" translate="yes">
			<val>Načítání videa...</val>
		</str>
		<str name="error" translate="yes">
			<val>Při načítání obsahu došlo k chybě\nZkuste to prosím znovu později.</val>
		</str>
		<str name="tryAgain" translate="yes">
			<val>Zkusit znovu.</val>
		</str>
		<str name="escapeExit" translate="yes">
			<val>Stiskem klávesy ESC ukončíte rozšířený režim zobrazení.</val>
		</str>
	</set>
	
	
	<set name="trial">
		<str name="title" translate="yes">
			<val>{0} zkušební verze</val>
		</str>
		<str name="back" translate="yes">
			<val>ZPĚT</val>
		</str>
		<str name="serial" translate="yes">
			<val>Zadejte sériové číslo.</val>
		</str>
		<str name="lang" translate="yes">
			<val>Jazyk:</val>
		</str>	
		<str name="trial" translate="yes">
			<val>Pokračovat ve zkušební verzi</val>
		</str>
		<str name="continue" translate="yes">
			<val>POKRAČOVAT VE ZKUŠEBNÍ VERZI</val>
		</str>
		<str name="continueSerial" translate="yes">
			<val>POKRAČOVAT</val>
		</str>
		<str name="start" translate="yes">
			<val>SPUSTIT ZKUŠEBNÍ VERZI</val>
		</str>
		<str name="cancel" translate="yes">
			<val>ZRUŠIT</val>
		</str>
		<str name="close" translate="yes">
			<val>ZAVŘÍT</val>
		</str>
		<str name="quit" translate="yes">
			<val>KONEC</val>
		</str>
		<str name="skip" translate="yes">
			<val>Přeskočit</val>
		</str>
		<str name="serialError" translate="yes">
			<val>Uvedené sériové číslo není pro tento produkt platné.</val>
		</str>
		<str name="instruct" translate="yes">
			<val>Chcete-li tento software používat ve zkušební verzi, musíte zadat Adobe ID. Od prvního spuštění zkušební verze budete mít 7 dní na zadání vašeho Adobe ID.</val>
		</str>			
		<str name="locateTT" translate="yes">
			<val>Sériové číslo je uvedeno na zadní straně obalu disku DVD, na licenčním certifikátu Adobe Open Options nebo v e-mailu se stvrzenkou z elektronického obchodu Adobe.com (pouze při zakoupení stažení produktu).</val>
		</str>
		<str name="one" translate="yes">
			<val>Produkt můžete použít ještě jednou. Abyste mohli příště pokračovat, musíte zadat sériové číslo.</val>
		</str>
		<str name="nomore" translate="yes">
			<val>Zakoupením produktu a zadáním sériového čísla můžete přejít ze zkušební verze na plnou.</val>
		</str>
		<str name="license" translate="yes">
			<val>Licenční smlouva k softwaru Adobe</val>
		</str>	
		<str name="eulaLink" translate="yes">
			<val>http://www.adobe.com/go/eulas_cz</val>
		</str>		
		<str name="expire" translate="yes">
			<val>Platnost zkušební verze vypršela.</val>
		</str>			
		<str name="used" translate="yes">
			<val>Toto sériové číslo bude použito pro: {0}</val>
		</str>			
		<str name="agree" translate="yes">
			<val>V souladu s licenční smlouvou se bude software pokoušet automaticky aktivovat přes Internet. Pro více informací navštivte stránku {0}www.adobe.com/activation{1}.</val>
		</str>
		<str name="activationLink" translate="yes">
			<val>http://www.adobe.com/go/activation_cz</val>
		</str>
		<str name="buyLink" translate="no">
			<val>http://www.adobe.com/go/buy</val>
		</str>			
	</set>

	<set name="trialerror">
		<str name="warning" translate="yes">
			<val>Problém se zkušební verzí.</val>
		</str>
		<str name="instruct" translate="yes">
			<val>Při spuštění zkušební verze produktu {0} se vyskytl problém. Chcete-li pokračovat v jeho používání, vraťte se zpět a zadejte sériové číslo.</val>
		</str>
	</set>

	<set name="deactivate">
		<str name="title" translate="yes">
			<val>Deaktivace</val>
		</str>
		<str name="instruct" translate="yes">
			<val>Deaktivace vám umožňuje aktivovat produkt Adobe na jiném počítači za předpokladu, že jednáte v souladu s {0}licenční smlouvou k softwaru{1}. Před deaktivací se ujistěte, že jste připojeni k Internetu.</val>
		</str>
		<str name="instructSubscription" translate="yes">
			<val>Deaktivace váš odběr nezruší. Chcete-li stav odběru změnit, navštivte stránky {0}adobe.com/cz{1}.</val>
		</str>
		<str name="subscriptionLink" translate="no">
			<val>http://www.adobe.com/go/subscriptionedition</val>
		</str>
		<str name="button1" translate="yes">
			<val>PŘERUŠIT AKTIVACI</val>
		</str>
		<str name="button2" translate="yes">
			<val>TRVALE DEAKTIVOVAT</val>
		</str>
		<str name="tooltip1" translate="yes">
			<val>Deaktivuje produkt, aniž by došlo k odstranění sériového čísla.</val>
		</str>
		<str name="tooltip2" translate="yes">
			<val>Deaktivuje produkt a odstraní sériové číslo.</val>
		</str>	
		<str name="progress" translate="yes">
			<val>Probíhá deaktivace</val>
		</str>
		<str name="success" translate="yes">
			<val>Deaktivace proběhla úspěšně.</val>
		</str>
		<str name="failure" translate="yes">
			<val>Deaktivace se nezdařila. Opakujte akci.</val>
		</str>
		<str name="retry" translate="yes">
			<val>OPAKOVAT</val>
		</str>	
		<str name="errorCode" translate="yes">
			<val>Kód chyby: #{0}</val>
		</str>
		<str name="done" translate="yes">
			<val>HOTOVO</val>
		</str>		
		<str name="continue" translate="yes">
			<val>POKRAČOVAT</val>
		</str>		
		<str name="cancel" translate="yes">
			<val>ZRUŠIT</val>
		</str>	
	</set>

	<set name="upgrade">
		<str name="title" translate="yes">
			<val>Zadejte sériové číslo upgradu</val>
		</str>
		<str name="instruct1" translate="yes">
			<val>Sériové číslo, které jste vložili, je platné, ale odpovídající produkt v tomto počítači nelze najít.</val>
		</str>
		<str name="instruct2" translate="yes">
			<val>Abyste mohli k upgradu použít vámi zadané sériové číslo, musíte vlastnit jeden z odpovídajících produktů. Vyberte váš produkt a zadejte sériové číslo:</val>
		</str>
		<str name="serial" translate="yes">
			<val>Sériové číslo pro tento produkt:</val>
		</str>
		<str name="selproduct" translate="yes">
			<val>Zvolte produkt</val>
		</str>		
		<str name="trial" translate="yes">
			<val>INSTALACE ZKUŠEBNÍHO PRODUKTU</val>
		</str>
		<str name="confirm" translate="yes">
			<val>Toto sériové číslo potvrzuje {0}.</val>
		</str>
		<str name="second" translate="yes">
			<val>Tento upgrade vyžaduje druhý odpovídající produkt. Vyberte druhý produkt, který vlastníte, a zadejte jeho sériové číslo:</val>
		</str>
		<str name="nogood" translate="yes">
			<val>Uvedené sériové číslo není pro tento produkt platné. Zkuste zadat jiné.</val>
		</str>
		<str name="account" translate="yes">
			<val>Pokud jste již v minulosti registrovali produkty Adobe, můžete přejít {0}na stránku svého účtu{1}, kde naleznete stávající sériová čísla.</val>
		</str>
		<str name="support" translate="yes">
			<val>Potřebujete-li pomoci, kontaktujte {0}Podporu zákazníků{1}.</val>
		</str>
		<str name="supportlink" translate="yes">
			<val>http://www.adobe.com/go/support_cz</val>
		</str>
		<str name="accountlink" translate="yes">
			<val>http://www.adobe.com/go/adobemembership_cz</val>
		</str>
		<str name="back" translate="yes">
			<val>ZPĚT</val>
		</str>
		<str name="next" translate="yes">
			<val>DALŠÍ</val>
		</str>
	</set>
	
	<set name="upcode">
		<str name="header" translate="yes">
			<val>Zadejte kód upgradu.</val>
		</str>
		<str name="instruct1" translate="yes">
			<val>Následující kód na požádání předložte zástupci servisní obsluhy:</val>
		</str>
		<str name="challenge" translate="yes">
			<val>Kód žádosti</val>
		</str>
		<str name="instruct2" translate="yes">
			<val>Zadejte kód, který vám poskytne zástupce servisní obsluhy:</val>
		</str>
		<str name="support" translate="yes">
			<val>Kód podpory</val>
		</str>
		<str name="quit" translate="yes">
			<val>KONEC</val>
		</str>
		<str name="next" translate="yes">
			<val>DALŠÍ</val>
		</str>
		<str name="supportError" translate="yes">
			<val>Neplatný kód podpory</val>
		</str>
	</set>
	
	<set name="error">
		<str name="title" translate="yes">
			<val>Licence pro tento produkt přestala fungovat.</val>
		</str>
		<str name="message" translate="yes">
			<val>Tento produkt nyní nelze použít. Odstraňte problém odinstalací a opětovnou instalací tohoto produktu, případně kontaktujte správce IT nebo zákaznickou podporu společnosti Adobe.</val>
		</str>
		<str name="error" translate="yes">
			<val>Kód chyby: </val>
		</str>
		<str name="quit" translate="yes">
			<val>KONEC</val>
		</str>
	</set>
	
	<set name="confirm">
		<str name="sure" translate="yes">
			<val>Opravdu chcete toto dialogové okno zavřít?</val>
		</str>
		<str name="subCheckOffline" translate="yes">
			<val>Připojení se nezdařilo. Zkontrolujte připojení k Internetu a pokus opakujte později.</val>
		</str>
		<str name="yes" translate="yes">
			<val>ANO</val>
		</str>
		<str name="no" translate="yes">
			<val>NE</val>
		</str>
		<str name="quit" translate="yes">
			<val>Ukončit</val>
		</str>
		<str name="continue" translate="yes">
			<val>Pokračovat</val>
		</str>
		<str name="tryAgain" translate="yes">
			<val>ZKUSIT ZNOVU</val>
		</str>
		<str name="back" translate="yes">
			<val>ZPĚT</val>
		</str>
	</set>
	
	<set name="thanks">
		<str name="title" translate="yes">
			<val>Děkujeme</val>
		</str>
		<str name="noservices" translate="yes">
			<val>Začínáme: produkty společnosti Adobe</val>
		</str>
		<str name="services" translate="yes">
			<val>Začínáme: produkty a služby společnosti Adobe</val>
		</str>
		<str name="subscription_1_2" translate="no">
			<val>Getting Started with your CS5 Subscription</val>
		</str>
		<str name="trialRegWithoutServices" translate="yes">
			<val>Děkujeme, že jste zadali Adobe ID a projevili zájem o produkt naší společnosti.</val>
		</str>
		<str name="trialRegWithServices" translate="yes">
			<val>Vložením Adobe ID jste si zřídili přístup ke službám Adobe CS Live během zkušebního období.</val>
		</str>
		<str name="regRegWithoutServices" translate="yes">
			<val>Vložením Adobe ID jste software zaregistrovali.</val>
		</str>
		<str name="regRegFailWithoutServices" translate="yes">
			<val>Produkt nelze v tomto okamžiku zaregistrovat. Opakujte akci později.</val>
		</str>
		<str name="regRegFailWithServices" translate="yes">
			<val>Odběr služeb Adobe CS Live nelze zahájit. Opakujte akci později.</val>
		</str>
		<str name="regRegIDCreate" translate="yes">
			<val>Vaše Adobe ID jsme použili k registraci softwaru a zřízení přístupu ke službám Adobe CS Live.</val>
		</str>
		<str name="regRegIDUsed" translate="yes">
			<val>Vložením Adobe ID jste software zaregistrovali a zřídili si přístup ke službám Adobe CS Live.</val>
		</str>
		<str name="regRegSubscription_1_2" translate="no">
			<val>We've used your Adobe ID to set up your subscription and establish CS Live services.</val>
		</str>
		<str name="regRegDSP" translate="yes">
			<val>Ke spuštění odběru produktu {0} a zřízení přístupu ke službám Adobe CS Live jsme použili vaše Adobe ID.</val>
		</str>
		<str name="userID" translate="yes">
			<val>Vaše Adobe ID je: {0}</val>
		</str>
		<str name="emailVerify" translate="yes">
			<val>Než začnete používat služby Adobe CS Live, je potřeba ověřit vaši e-mailovou adresu. Zkontrolujte příchozí poštu.</val>
		</str>
		<str name="profile" translate="yes">
			<val>Váš profil Adobe ID je téměř hotový. {0}Kliknutím sem{1} dokončíte svůj profil.</val>
		</str>
		<str name="profilelink" translate="yes">
			<val>http://www.adobe.com/go/adobemembership_cz</val>
		</str>
		<str name="video1" translate="yes">
			<val>Podívat se na výuková videa</val>
		</str>
		<str name="video2" translate="yes">
			<val>Zjistit informace o službách Adobe CS Live</val>
		</str>
		<str name="video1link" translate="yes">
			<val>http://www.adobe.com/go/adobetv_howto</val>
		</str>
		<str name="video2link" translate="yes">
			<val>http://www.adobe.com/go/cslive_cz</val>
		</str>
		<str name="done" translate="yes">
			<val>HOTOVO</val>
		</str>
	</set>
	
	<set name="claimResponse">
		<str name="code_" translate="yes">
			<val></val>
		</str>
		<str name="code_EXCEPTION_TRIAL_EXISTS_FOR_TRIALID" translate="yes">
			<val>Jste přihlášeni k odběru služeb Adobe CS Live. Pokud je chcete využívat, musíte se přihlásit do systému.</val>
		</str>
		<str name="code_EXCEPTION_TRIAL_SKU_LOOKUP_FAILED" translate="yes">
			<val>Odběr služeb Adobe CS Live nelze zahájit. Opakujte akci později.</val>
		</str>

		<str name="code_EXCEPTION_DECODE_FAILED" translate="yes">
			<val>Neplatné sériové číslo. Odběr služeb Adobe CS Live nelze zahájit.</val>
		</str>
		<str name="code_EXCEPTION_NO_SUCH_USER" translate="yes">
			<val>Odběr služeb Adobe CS Live nelze zahájit. Opakujte akci později.</val>
		</str>
		<str name="code_EXCEPTION_INVALID_DATA" translate="yes">
			<val>Odběr služeb Adobe CS Live nelze zahájit. Opakujte akci později.</val>
		</str>
		<str name="code_EXCEPTION_WCD_TIMEOUT" translate="yes">
			<val>Odběr služeb Adobe CS Live nelze zahájit. Opakujte akci později.</val>
		</str>
		<str name="code_EXCEPTION_AUTHENTICATION_TIMEOUT" translate="yes">
			<val>Odběr služeb Adobe CS Live nelze zahájit. Opakujte akci později.</val>
		</str>
		<str name="code_EXCEPTION_SNSERVER_TIMEOUT" translate="yes">
			<val>Odběr služeb Adobe CS Live nelze zahájit. Opakujte akci později.</val>
		</str>
		<str name="code_EXCEPTION_WCD_SESSION_TIMEOUT" translate="yes">
			<val>Odběr služeb Adobe CS Live nelze zahájit. Opakujte akci později.</val>
		</str>
		<str name="code_EXCEPTION_INTERNAL_TIMEOUT" translate="yes">
			<val>Odběr služeb Adobe CS Live nelze zahájit. Opakujte akci později.</val>
		</str>
		<str name="code_EXCEPTION_INTERNAL_SERVER_ERROR" translate="yes">
			<val>Odběr služeb Adobe CS Live nelze zahájit. Opakujte akci později.</val>
		</str>
		<str name="code_EXCEPTION_SUBSCRIPTION_ALREADY_CLAIMED" translate="yes">
			<val>Jste přihlášeni k odběru služeb Adobe CS Live. Pokud je chcete využívat, musíte se přihlásit do systému.</val>
		</str>
		<str name="code_EXCEPTION_CLAIM_ALREADY_PROCESSED" translate="yes">
			<val>K tomuto sériovému číslu již byl přiřazen odběr služeb Adobe CS Live. Pokud chcete využívat dané služby, musíte se přihlásit.</val>
		</str>
		<str name="code_ESS_TIMEOUT" translate="yes">
			<val>Odběr služeb Adobe CS Live nelze zahájit. Opakujte akci později.</val>
		</str>
		<str name="code_ESS_FAILURE" translate="yes">
			<val>Odběr služeb Adobe CS Live nelze zahájit. Opakujte akci později.</val>
		</str>
		<str name="code_EXCEPTION_SYSTEM_UNAVAILABLE_noService_time" translate="yes">
			<val>Na registračním serveru společnosti Adobe momentálně probíhá údržba a obnovení jeho dostupnosti se předpokládá v {0}. Omlouváme se za tuto nepříjemnost. Zkuste to prosím znovu v uvedenou dobu.</val>
		</str>
		<str name="code_EXCEPTION_SYSTEM_UNAVAILABLE_noService_noTime" translate="yes">
			<val>Na registračním serveru společnosti Adobe momentálně probíhá údržba. Omlouváme se za tuto nepříjemnost. Zkuste to prosím znovu později.</val>
		</str>
		<str name="code_EXCEPTION_SYSTEM_UNAVAILABLE_Service_Time" translate="yes">
			<val>Ve službě Adobe CS Live momentálně probíhá údržba a obnovení její dostupnosti se předpokládá v {0}. Omlouváme se za tuto nepříjemnost. Zkuste to prosím znovu v uvedenou dobu.</val>
		</str>
		<str name="code_EXCEPTION_SYSTEM_UNAVAILABLE_Service_noTime" translate="yes">
			<val>Ve službě Adobe CS Live momentálně probíhá údržba. Omlouváme se za tuto nepříjemnost. Zkuste to prosím znovu později.</val>
		</str>
	</set>
	
	<set name="dspClaimResponse">
		<str name="failureStatusHeading" translate="yes">
			<val>Nelze zahájit váš odběr produktu {0}</val>
		</str>
		
		<str name="supLinkLbl_EXCEPTION_DECODE_FAILED" translate="yes">
			<val>Kontaktovat podporu zákazníků</val>
		</str>			
		<str name="supLinkLbl_EXCEPTION_NO_SUCH_USER" translate="yes">
			<val>Kontaktovat podporu zákazníků</val>
		</str>		
		<str name="supLinkLbl_EXCEPTION_INVALID_DATA" translate="yes">
			<val>Kontaktovat podporu zákazníků</val>
		</str>
		<str name="supLinkLbl_EXCEPTION_SKU_LOOKUP_FAILED" translate="yes">
			<val>Kontaktovat podporu zákazníků</val>
		</str>		
		<str name="supLinkLbl_EXCEPTION_AUTHENTICATION_TIMEOUT" translate="yes">
			<val>Kontaktovat podporu zákazníků</val>
		</str>
		<str name="supLinkLbl_EXCEPTION_SNSERVER_TIMEOUT" translate="yes">
			<val>Kontaktovat podporu zákazníků</val>
		</str>
		<str name="supLinkLbl_EXCEPTION_INTERNAL_TIMEOUT" translate="yes">
			<val>Kontaktovat podporu zákazníků</val>
		</str>
		<str name="supLinkLbl_EXCEPTION_INTERNAL_SERVER_ERROR" translate="yes">
			<val>Kontaktovat podporu zákazníků</val>
		</str>
		<str name="supLinkLbl_EXCEPTION_SYSTEM_UNAVAILABLE_time" translate="yes">
			<val>Kontaktovat podporu zákazníků</val>
		</str>
		<str name="supLinkLbl_EXCEPTION_SYSTEM_UNAVAILABLE" translate="yes">
			<val>Kontaktovat podporu zákazníků</val>
		</str>
		<str name="supLinkLbl_EXCEPTION_COMPANY_CODE_MISMATCH" translate="yes">
			<val>Více informací</val>
		</str>
		<str name="supLinkLbl_EXCEPTION_SUBSCRIPTION_ALREADY_CLAIMED_DIFF_ADOBEID" translate="yes">
			<val>Kontaktovat podporu zákazníků</val>
		</str>
		<str name="supLinkLbl_ERROR_WITH_INFO" translate="yes">
			<val>Kontaktovat podporu zákazníků</val>
		</str>
		<str name="supLinkLbl_GENERIC" translate="yes">
			<val>Kontaktovat podporu zákazníků</val>
		</str>


		<str name="supLinkURL_EXCEPTION_DECODE_FAILED" translate="yes">
			<val>http://www.adobe.com/go/support_cz</val>
		</str>			
		<str name="supLinkURL_EXCEPTION_NO_SUCH_USER" translate="yes">
			<val>http://www.adobe.com/go/support_cz</val>
		</str>		
		<str name="supLinkURL_EXCEPTION_INVALID_DATA" translate="yes">
			<val>http://www.adobe.com/go/support_cz</val>
		</str>
		<str name="supLinkURL_EXCEPTION_SKU_LOOKUP_FAILED" translate="yes">
			<val>http://www.adobe.com/go/support_cz</val>
		</str>		
		<str name="supLinkURL_EXCEPTION_AUTHENTICATION_TIMEOUT" translate="yes">
			<val>http://www.adobe.com/go/support_cz</val>
		</str>
		<str name="supLinkURL_EXCEPTION_SNSERVER_TIMEOUT" translate="yes">
			<val>http://www.adobe.com/go/support_cz</val>
		</str>
		<str name="supLinkURL_EXCEPTION_INTERNAL_TIMEOUT" translate="yes">
			<val>http://www.adobe.com/go/support_cz</val>
		</str>
		<str name="supLinkURL_EXCEPTION_INTERNAL_SERVER_ERROR" translate="yes">
			<val>http://www.adobe.com/go/support_cz</val>
		</str>
		<str name="supLinkURL_EXCEPTION_SYSTEM_UNAVAILABLE_time" translate="yes">
			<val>http://www.adobe.com/go/support_cz</val>
		</str>
		<str name="supLinkURL_EXCEPTION_SYSTEM_UNAVAILABLE" translate="yes">
			<val>http://www.adobe.com/go/support_cz</val>
		</str>
		<str name="supLinkURL_EXCEPTION_COMPANY_CODE_MISMATCH" translate="yes">
			<val>http://www.adobe.com/go/subscription_learnmore_cz</val>
		</str>
		<str name="supLinkURL_EXCEPTION_SUBSCRIPTION_ALREADY_CLAIMED_DIFF_ADOBEID" translate="yes">
			<val>http://www.adobe.com/go/support_cz</val>
		</str>
		<str name="supLinkURL_ERROR_WITH_INFO" translate="yes">
			<val>http://www.adobe.com/go/support_cz</val>
		</str>
		<str name="supLinkURL_GENERIC" translate="yes">
			<val>http://www.adobe.com/go/support_cz</val>
		</str>
		
		
		<str name="code_EXCEPTION_DECODE_FAILED" translate="yes">
			<val>Vyberte možnost Zavřít a produkt znovu spusťte. Po spuštění produktu budete vyzváni k zahájení vašeho odběru.</val>
		</str>			
		<str name="code_EXCEPTION_NO_SUCH_USER" translate="yes">
			<val>Vyberte možnost Zavřít a produkt znovu spusťte. Po spuštění produktu budete vyzváni k zahájení vašeho odběru.</val>
		</str>		
		<str name="code_EXCEPTION_INVALID_DATA" translate="yes">
			<val>Vyberte možnost Zavřít a produkt znovu spusťte. Po spuštění produktu budete vyzváni k zahájení vašeho odběru.</val>
		</str>
		<str name="code_EXCEPTION_SKU_LOOKUP_FAILED" translate="yes">
			<val>Vyberte možnost Zavřít a produkt znovu spusťte. Po spuštění produktu budete vyzváni k zahájení vašeho odběru.</val>
		</str>		
		<str name="code_EXCEPTION_AUTHENTICATION_TIMEOUT" translate="yes">
			<val>Chvíli vyčkejte a zkuste to znovu.</val>
		</str>
		<str name="code_EXCEPTION_SNSERVER_TIMEOUT" translate="yes">
			<val>Chvíli vyčkejte a zkuste to znovu.</val>
		</str>
		<str name="code_EXCEPTION_INTERNAL_TIMEOUT" translate="yes">
			<val>Chvíli vyčkejte a zkuste to znovu.</val>
		</str>
		<str name="code_EXCEPTION_INTERNAL_SERVER_ERROR" translate="yes">
			<val>Chvíli vyčkejte a zkuste to znovu.</val>
		</str>
		<str name="code_EXCEPTION_SYSTEM_UNAVAILABLE_time" translate="yes">
			<val>Naše servery jsou z důvodu plánované údržby v režimu offline. Omlouváme se za zdržení. Zkuste to znovu v {0}.</val>
		</str>
		<str name="code_EXCEPTION_SYSTEM_UNAVAILABLE" translate="yes">
			<val>Naše servery jsou z důvodu plánované údržby v režimu offline. Omlouváme se za zdržení. Zkuste to znovu později.</val>
		</str>
		<str name="code_EXCEPTION_COMPANY_CODE_MISMATCH" translate="yes">
			<val>Země, ve které proběhl nákup tohoto produktu, neodpovídá zemi vybrané v rámci vašeho účtu Adobe. Zkuste to znovu s odlišným Adobe ID.</val>
		</str>
		<str name="code_EXCEPTION_SUBSCRIPTION_ALREADY_CLAIMED_DIFF_ADOBEID" translate="yes">
			<val>Naše záznamy uvádí, že tento odběr je aktuálně spojen s jiným Adobe ID. Přihlaste se pomocí Adobe ID a hesla použitých během nákupu odběru a akci opakujte. Pokud problém přetrvá, obraťte se na podporu zákazníků.</val>
		</str>
		
		<str name="code_ESS_TIMEOUT" translate="yes">
			<val>Chvíli vyčkejte a zkuste to znovu.</val>
		</str>
		<str name="code_ESS_FAILURE" translate="yes">
			<val>Chvíli vyčkejte a zkuste to znovu.</val>
		</str>
		
		<str name="code_GENERIC" translate="yes">
			<val>Vyberte možnost Zavřít a produkt znovu spusťte. Po spuštění produktu budete vyzváni k zahájení vašeho odběru.</val>
		</str>
	</set>
	
	<set name="bonus">
		<str name="instruct" translate="yes">
			<val>Platnost sériového čísla, které jste použili k aktivaci produktu, vypršela. Toto je poslední možnost spustit produkt předtím, než bude automaticky deaktivován. K jeho opětovné aktivaci je potřeba vložit nové sériové číslo nebo zahájit zkušební verzi při příštím spuštění aplikace.</val>
		</str>
		<str name="serial" translate="yes">
			<val>Sériové číslo k {0}</val>
		</str>
		<str name="purchase" translate="yes">
			<val>Nové sériové číslo je možno zakoupit na stránkách Adobe.com.</val>
		</str>
		<str name="agree" translate="yes">
			<val>V souladu s licenční smlouvou se bude software pokoušet automaticky aktivovat přes Internet. Další informace naleznete na stránkách {0}www.adobe.com/activation{1}.</val>
		</str>
		<str name="agreeLink" translate="yes">
			<val>http://www.adobe.com/go/activation_cz</val>
		</str>
		<str name="supportLink" translate="yes">
			<val>http://www.adobe.com/go/support_cz</val>
		</str>
	</set>	

	<set name="forced">
		<str name="title" translate="yes">
			<val>Vyžaduje se aktivace</val>
		</str>
		<str name="warning" translate="yes">
			<val>Aplikaci {0} nelze aktivovat pomocí připojení k internetu.</val>
		</str>
		<str name="instruct" translate="yes">
			<val>Aby bylo možné systém ochránit před padělky a škodlivým kódem, je třeba provést aktivaci, která zajistí, že obdržíte originální software a budete jej také používat. Před aktivací produktu se ujistěte, že je systém připojen k Internetu nebo postupujte podle některého z níže uvedených kroků.</val>
		</str>
		<str name="statement_days" translate="yes">
			<val>Máte {0} dní na dokončení aktivace. Poté bude produkt zakázán.</val>
		</str>
		<str name="statement_last" translate="yes">
			<val>Tento produkt spouštíte naposledy. Poté bude zakázán.</val>
		</str>
		<str name="statement_disabled" translate="yes">
			<val>Tento produkt byl zakázán, protože se jeho aktivace nezdařila.</val>
		</str>
		<str name="rb1" translate="yes">
			<val>Tento počítač je nyní připojen k internetu. Opakujte aktivaci.</val>
		</str>
		<str name="rb2" translate="yes">
			<val>Tento počítač nemůže provádět aktivaci přes internet.</val>
		</str>
		<str name="rb3" translate="yes">
			<val>Pokusit se provést aktivaci přes internet při příštím spuštění této aplikace.</val>
		</str>
		<str name="learn" translate="yes">
			<val>Více informací ohledně zásad společnosti Adobe pro aktivaci naleznete na adrese {0}adobe.com/go/activation_cz{1}.</val>
		</str>
		<str name="learnlink" translate="yes">
			<val>http://www.adobe.com/go/activation_cz</val>
		</str>
		<str name="next" translate="yes">
			<val>DALŠÍ</val>
		</str>
	</set>	

	<set name="phone">
		<str name="title" translate="yes">
			<val>Vyžaduje se aktivace</val>
		</str>
		<str name="instructRet" translate="yes">
			<val>Pokud se vám na tomto počítači nedaří připojit k Internetu, obraťte se na {0}oddělení Podpora zákazníků{1}.</val>
		</str>
		<str name="instructVol" translate="yes">
			<val>Požádejte správce IT, aby se obrátil na {0}oddělení Podpora zákazníků{1}.</val>
		</str>
		<str name="requireRet" translate="yes">
			<val>Zástupci oddělení Podpora zákazníků prosím poskytněte následující informace.</val>
		</str>
		<str name="requireVol" translate="yes">
			<val>Požádejte správce IT, aby oddělení Podpora zákazníků poskytl následující informace.</val>
		</str>
		<str name="problem" translate="yes">
			<val>Problém:</val>
		</str>
		<str name="license" translate="yes">
			<val>Licence:</val>
		</str>
		<str name="detail1" translate="yes">
			<val>Detail 1:</val>
		</str>
		<str name="detail2" translate="yes">
			<val>Detail 2:</val>
		</str>
		<str name="serialRet" translate="yes">
			<val>Pokud je máte k dispozici, zadejte číslo, které jste obdrželi od zástupce oddělení Podpora zákazníků.</val>
		</str>
		<str name="serialVol" translate="yes">
			<val>Pokud je máte k dispozici, zadejte číslo, které vám poskytl správce IT.</val>
		</str>
		<str name="learn" translate="yes">
			<val>Více informací ohledně zásad společnosti Adobe pro aktivaci naleznete na adrese {0}adobe.com/go/activation_cz{1}.</val>
		</str>
		<str name="learnlink" translate="yes">
			<val>http://www.adobe.com/go/activation_cz</val>
		</str>
		<str name="back" translate="yes">
			<val>ZPĚT</val>
		</str>
		<str name="done" translate="yes">
			<val>HOTOVO</val>
		</str>
	</set>
	
	<set name="subWelcome_1_2">
		<str name="info" translate="no">
			<val>To launch your product you will need a subscription serial number. Click SUBSCRIBE NOW if you are new to Creative Suite Subscriptions.</val>
		</str>
		<str name="current" translate="no">
			<val>Current Subscribers</val>
		</str>
		<str name="currentInfo" translate="no">
			<val>If you already have a Design Premium CS5 Subscription Edition serial number, please click NEXT to enter it and begin. All current subscribers of Design Premium CS4 Subscription Edition should have received an upgrade serial number via email.</val>
		</str>
		<str name="setUp" translate="no">
			<val>Set up your new subscription account</val>
		</str>
		<str name="billing" translate="no">
			<val>Subscription billing and management is handled through eSellerate, a third party provider.</val>
		</str>
		<str name="subscribeNow" translate="no">
			<val>SUBSCRIBE NOW</val>
		</str>
		<str name="newPurchase" translate="no">
			<val>All newly purchased subscriptions include a coupon code (located on the back of your disk) that you will be able to redeem to receive your first month of subscription for free.</val>
		</str>
		<str name="next" translate="no">
			<val>NEXT</val>
		</str>
		<str name="quit" translate="no">
			<val>QUIT</val>
		</str>
	</set>

	<set name="subMain_1_2">
		<str name="subscribeNow" translate="no">
			<val>SUBSCRIBE NOW</val>
		</str>
		<str name="buyLink" translate="no">
			<val>http://www.esellerate.net</val>
		</str>
		<str name="subscriptionInfo" translate="no">
			<val>Subscription billing and management is handled through eSellerate, a third party provider.</val>
		</str>
		<str name="expiredInfo" translate="no">
			<val>To use the product you will need to purchase a subscription through eSellerate.</val>
		</str>
	</set>
	
	<set name="claimResponse_1_2">
		<str name="code_" translate="no">
			<val></val>
		</str>
		<str name="code_EXCEPTION_DECODE_FAILED" translate="no">
			<val>Invalid serial number. Could not start your CS5 Design Premium subscription.</val>
		</str>
		<str name="code_EXCEPTION_NO_SUCH_USER" translate="no">
			<val>Could not start your CS5 Design Premium subscription. Try again later.</val>
		</str>
		<str name="code_EXCEPTION_INVALID_DATA" translate="no">
			<val>Could not start your CS5 Design Premium subscription. Try again later.</val>
		</str>
		<str name="code_EXCEPTION_WCD_TIMEOUT" translate="no">
			<val>Could not start your CS5 Design Premium subscription. Try again later.</val>
		</str>
		<str name="code_EXCEPTION_SNSERVER_TIMEOUT" translate="no">
			<val>Could not start your CS5 Design Premium subscription. Try again later.</val>
		</str>
		<str name="code_EXCEPTION_WCD_SESSION_TIMEOUT" translate="no">
			<val>Could not start your CS5 Design Premium subscription. Try again later.</val>
		</str>
		<str name="code_EXCEPTION_INTERNAL_TIMEOUT" translate="no">
			<val>Could not start your CS5 Design Premium subscription. Try again later.</val>
		</str>
		<str name="code_EXCEPTION_INTERNAL_SERVER_ERROR" translate="no">
			<val>Could not start your CS5 Design Premium subscription. Try again later.</val>
		</str>
		<str name="code_ESS_TIMEOUT" translate="no">
			<val>Could not start your CS5 Design Premium subscription. Try again later.</val>
		</str>
		<str name="code_ESS_FAILURE" translate="no">
			<val>Could not start your CS5 Design Premium subscription. Try again later.</val>
		</str>
		<str name="code_EXCEPTION_SYSTEM_UNAVAILABLE" translate="no">
			<val>We are currently undergoing maintenance. We apologize for this inconvenience. Please try again later to start your subscription.</val>
		</str>
	</set>

	<set name="subError_1_2">
		<str name="associateFailed" translate="no">
			<val>We are unable to activate your product at this time. You can hit the Back button to try to activate the product again, or to attempt to launch the product in trial mode.</val>
		</str>
		<str name="associateFailed_ID" translate="no">
			<val>We are unable to activate your product at this time. You can hit the Back button to try to activate the product again.</val>
		</str>
		<str name="assocUserNotAuthErr" translate="no">
			<val>The Adobe ID you entered is different than the Adobe ID used to originally activate this subscription. You can hit the Back button to try to activate the product again using a different Adobe ID, or to activate the product using a new subscription serial number.</val>
		</str>
		<str name="assocUserNotAuthErr_ID" translate="no">
			<val>The Adobe ID you entered is different than the Adobe ID used to originally activate this subscription. You can hit the Back button to try to activate the product again using a different Adobe ID.</val>
		</str>
		<str name="checkEntitlementFailed" translate="no">
			<val>We are unable to activate your product at this time. Please try again later.</val>
		</str>
		<str name="disAllIntervalErr" translate="no">
			<val>You have exceeded the maximum number of deactivation attempts allowed in this time period. Please try again later.</val>
		</str>
	</set>

	<set name="subExpired_1_2">
		<str name="instruct_exp" translate="no">
			<val>The serial number you used to purchase this product has expired. If you did not intend to let your Design Premium subscription expire, please call Adobe Customer Care at 
1800-614-863 to resolve the issue.</val>
		</str>
		<str name="instruct_bonus" translate="no">
			<val>The serial number you used to purchase this product has expired. This is your last opportunity to launch the product before it is automatically deactivated. To reactivate, you must provide a new serial number now. If not, your next launch will start  in trial mode and you can provide a new serial number at that time. If you did not intend to let your Design Premium subscription expire, please call Adobe Customer Care at 1800-614-863 to resolve the issue.</val>
		</str>
		<str name="serial" translate="no">
			<val>Serial number for {0}</val>
		</str>
		<str name="purchase" translate="no">
			<val>You can purchase a new subscription serial number through eSellerate, a third party provider.</val>
		</str>
		<str name="back" translate="no">
			<val>BACK</val>
		</str>
		<str name="continue" translate="no">
			<val>CONTINUE</val>
		</str>
		<str name="subscribeNow" translate="no">
			<val>SUBSCRIBE NOW</val>
		</str>
	</set>
	
	<set name="subOverAct_1_2">
		<str name="disassociate" translate="no">
			<val>Deactivate all computers and retry activation. You will be able to reactivate on one of your other computers by logging in with your Adobe ID at product launch.</val>
		</str>
		<str name="provide" translate="no">
			<val>Provide another serial number for this product.</val>
		</str>
		<str name="subscribeNow" translate="no">
			<val>SUBSCRIBE NOW</val>
		</str>
		<str name="back" translate="no">
			<val>BACK</val>
		</str>
		<str name="continue" translate="no">
			<val>CONTINUE</val>
		</str>
	</set>
	
	<set name="subConErr_1_2">
		<str name="title" translate="no">
			<val>Verifying Subscription Status</val>
		</str>
		<str name="progress" translate="no">
			<val>Verifying Subscription Status...</val>
		</str>
		<str name="contact" translate="no">
			<val>We need to contact Adobe Servers every thirty days to validate the status of your Design Premium subscription. In order to conduct this validation you must be connected to the internet. After we have verified your status, you can disconnect from the internet.</val>
		</str>
		<str name="contactExp" translate="no">
			<val>We need to contact Adobe Servers every thirty days to validate the status of your Design Premium subscription. In order to conduct this validation you must be connected to the internet. After we have verified your status, you can disconnect from the internet. If you do not successfully connect to the internet, this will be the last time you will be able to launch your product offline.</val>
		</str>
		<str name="error" translate="no">
			<val>Please connect to the Internet, then press Continue</val>
		</str>			
		<str name="assist" translate="no">
			<val>Connection Support</val>
		</str>			
		<str name="continue" translate="no">
			<val>CONTINUE</val>
		</str>
		<str name="assistlink" translate="no">
			<val>http://www.adobe.com</val>
		</str>
		<str name="continue" translate="no">
			<val>CONTINUE</val>
		</str>
	</set>
	
	<set name="dspReminder">
		<str name="reminder" translate="yes">
			<val>Připomínka týkající se odběru</val>
		</str>
		<str name="grace" translate="yes">
			<val>Platnost odběru skončila</val>
		</str>
		<str name="infoReminder" translate="yes">
			<val>Platnost odběru již brzy vyprší.</val>
		</str>
		<str name="infoGrace" translate="yes">
			<val>Platnost odběru produktu {0} byla ukončena.</val>
		</str>
		<str name="offline" translate="yes">
			<val>Připojení k Internetu se nezdařilo. Zkontrolujte nastavení připojení a klepněte na možnost Zkusit znovu.</val>
		</str>
		<str name="reminderPeriod" translate="yes">
			<val>Naše záznamy uvádí, že u tohoto účtu odběru nebyla uvedena žádná kreditní karta. Po klepnutí na možnost Obnovit uveďte informace o kreditní kartě a obnovte váš odběr.</val>
		</str>
		<str name="reminderPeriodOffline" translate="yes">
			<val>Naše záznamy uvádí, že u tohoto účtu odběru nebyla uvedena žádná kreditní karta. Po klepnutí na možnost Obnovit uveďte informace o kreditní kartě a obnovte váš odběr.</val>
		</str>
		<str name="gracePeriod" translate="yes">
			<val>Aby bylo možné produkt i nadále používat bez přerušování, klepněte na možnost Obnovit. Budete mít k dispozici krátkou lhůtu na obnovení odběru, po které již nebudete mít k tomuto produktu přístup.</val>
		</str>
		<str name="gracePeriodOffline" translate="yes">
			<val>K použití tohoto produktu je třeba mít přístup k funkčnímu připojení k Internetu. Budete mít k dispozici krátkou lhůtu na obnovení odběru, po které již nebudete mít k tomuto produktu přístup.</val>
		</str>
		<str name="bonusPeriod" translate="yes">
			<val>Aby bylo možné produkt i nadále používat bez přerušování, klepněte na možnost Obnovit. Pokud váš odběr neobnovíte, nebude dále možné tento produkt používat. Pokud jste obnovení produktu v nedávné době provedli, vyčkejte 15 minut a pokuste se produkt znovu spustit.</val>
		</str>
		<str name="viewPolicy" translate="yes">
			<val>Zobrazit zásady odběru</val>
		</str>
		<str name="subPolicyLink" translate="yes">
			<val>http://www.adobe.com/go/subscription_policy_cz</val>
		</str>
		<str name="subscriptionLink" translate="no">
			<val>http://www.adobe.com/go/subscriptionedition</val>
		</str>
		<str name="daysRemain" translate="yes">
			<val>ZBÝVÁ DNŮ</val>
		</str>
		<str name="daysRemainAlternate" translate="yes">
			<val>ZBÝVÁ DNŮ</val>
		</str>
		<str name="later" translate="yes">
			<val>PŘIPOMENOUT POZDĚJI</val>
		</str>
		<str name="continue" translate="yes">
			<val>POKRAČOVAT</val>
		</str>
		<str name="tryAgain" translate="yes">
			<val>ZKUSIT ZNOVU</val>
		</str>
		<str name="renew" translate="yes">
			<val>OBNOVIT</val>
		</str>
	</set>
	
	<set name="dspExpired">
		<str name="title" translate="yes">
			<val>Platnost odběru skončila</val>
		</str>
		<str name="renewOption" translate="yes">
			<val>Obnovit odběr produktu {0}</val>
		</str>
		<str name="renewMsg" translate="yes">
			<val>Aby bylo možné produkt i nadále používat bez přerušování, klepněte na možnost Obnovit. Pokud jste obnovení produktu právě provedli, vyčkejte 15 minut a zkuste to znovu.</val>
		</str>
		<str name="renewLinkText" translate="yes">
			<val>Obnovit</val>
		</str>
		<str name="renewLink" translate="no">
			<val>http://www.adobe.com/go/subscriptionedition</val>
		</str>
		<str name="serialOption" translate="yes">
			<val>Zadejte nové sériové číslo</val>
		</str>
		<str name="purchaseLinkText" translate="yes">
			<val>Zakoupení softwaru Adobe</val>
		</str>
		<str name="serialError" translate="yes">
			<val>Uvedené sériové číslo není pro tento produkt platné.</val>
		</str>
		<str name="locateTT" translate="yes">
			<val>Sériové číslo je uvedeno na zadní straně obalu disku DVD, na licenčním certifikátu Adobe Open Options nebo v e-mailu se stvrzenkou z elektronického obchodu Adobe.com (pouze při zakoupení stažení produktu).</val>
		</str>
		<str name="used" translate="yes">
			<val>Toto sériové číslo bude použito pro: {0}</val>
		</str>			
		<str name="agree" translate="yes">
			<val>V souladu s licenční smlouvou se bude software pokoušet automaticky aktivovat přes Internet. Další informace naleznete na stránkách {0}www.adobe.com/cz/activation{1}.</val>
		</str>
		<str name="activationLink" translate="yes">
			<val>http://www.adobe.com/go/activation_cz</val>
		</str>
		<str name="continue" translate="yes">
			<val>POKRAČOVAT</val>
		</str>
		<str name="tryAgain" translate="yes">
			<val>ZKUSIT ZNOVU</val>
		</str>
		<str name="quit" translate="yes">
			<val>KONEC</val>
		</str>
	</set>
	
	<set name="dspOverActivation">
		<str name="title" translate="yes">
			<val>Aktivace</val>
		</str>
		<str name="limit" translate="yes">
			<val>Produkt {0} již byl aktivován na jiném počítači</val>
		</str>
		<str name="alreadyActivated" translate="yes">
			<val>Naše záznamy uvádí, že tento produkt již byl aktivován na jiném počítači. Pomocí možnosti Další váš odběr aktivujete na tomto počítači a deaktivujete na ostatních.</val>
		</str>
		<str name="actPolicyLinkText" translate="yes">
			<val>Zobrazit zásady aktivace</val>
		</str>
		<str name="actPolicyLink" translate="yes">
			<val>http://www.adobe.com/go/activation_cz</val>
		</str>
		<str name="quit" translate="yes">
			<val>KONEC</val>
		</str>
		<str name="next" translate="yes">
			<val>DALŠÍ</val>
		</str>
	</set>
	
	<set name="dspUnableToActivate">
		<str name="title" translate="yes">
			<val>Aktivace</val>
		</str>
		<str name="failureMessage" translate="yes">
			<val>Nebylo možné produkt {0} aktivovat</val>
		</str>
		<str name="labelHead" translate="yes">
			<val>Aby bylo možné tento produkt používat, je třeba jej aktivovat</val>
		</str>
		<str name="message" translate="yes">
			<val>Pro potřeby aktivace tohoto produktu je zapotřebí funkční připojení k Internetu. Zkontrolujte nastavení připojení a vyberte možnost Zkusit znovu.</val>
		</str>
		<str name="activationMessage" translate="yes">
			<val>Více informací ohledně aktivace naleznete v dokumentu {0}Zásady společnosti Adobe pro aktivaci licence{1}.</val>
		</str>
		<str name="activationLink" translate="yes">
			<val>http://www.adobe.com/go/activation_cz</val>
		</str>
		<str name="quit" translate="yes">
			<val>KONEC</val>
		</str>
		<str name="tryAgain" translate="yes">
			<val>ZKUSIT ZNOVU</val>
		</str>
	</set>
	
	<set name="dspErrorTryAgain">
		<str name="title" translate="yes">
			<val>Zkusit znovu</val>
		</str>
		<str name="header" translate="yes">
			<val>Nebylo možné zahájit váš odběr produktu {0}</val>
		</str>
		
		<str name="checkEntitlementGenericError_Title" translate="yes">
			<val>Nebylo možné zahájit odběr produktu {0}.</val>
		</str>
		<str name="checkEntitlementGenericError_Message" translate="yes">
			<val>Chvíli vyčkejte a zkuste to znovu.</val>
		</str>
		<str name="checkEntitlementGenericError_LinkText" translate="yes">
			<val>Kontaktovat podporu zákazníků</val>
		</str>
		<str name="checkEntitlementGenericError_Link" translate="yes">
			<val>http://www.adobe.com/go/support_cz</val>
		</str>
		<str name="checkEntitlementGenericError_Next" translate="yes">
			<val>ZKUSIT ZNOVU</val>
		</str>
		<str name="checkEntitlementGenericError_Back" translate="yes">
			<val>ZAVŘÍT</val>
		</str>
		
		<str name="checkEntitlementOfflineError_Title" translate="yes">
			<val>V současné době nejste připojeni k Internetu.</val>
		</str>
		<str name="checkEntitlementOfflineError_Message" translate="yes">
			<val>Aby bylo možné tento produkt používat, musíte být připojeni k Internetu. Zkontrolujte, zda je aktivní vaše připojení k síti, a klepnutím na tlačítko to zkuste znovu. Pokud se chybu nepodaří odstranit, obraťte se na podporu zákazníků.</val>
		</str>
		<str name="checkEntitlementOfflineError_LinkText" translate="yes">
			<val>Kontaktovat podporu zákazníků</val>
		</str>
		<str name="checkEntitlementOfflineError_Link" translate="yes">
			<val>http://www.adobe.com/go/support_cz</val>
		</str>
		<str name="checkEntitlementOfflineError_Next" translate="yes">
			<val>ZKUSIT ZNOVU</val>
		</str>
		<str name="checkEntitlementOfflineError_Back" translate="yes">
			<val>ZPĚT</val>
		</str>
		
		<str name="tryAgain" translate="yes">
			<val>ZKUSIT ZNOVU</val>
		</str>
		<str name="close" translate="yes">
			<val>ZAVŘÍT</val>
		</str>
	</set>
	
	<set name="dspVerified">
		<str name="title" translate="yes">
			<val>Děkujeme</val>
		</str>
		<str name="verified" translate="yes">
			<val>Váš odběr produktu {0} je nyní aktivní. K produktu můžete přejít pomocí možnosti Pokračovat.</val>
		</str>
		<str name="continue" translate="yes">
			<val>POKRAČOVAT</val>
		</str>
	</set>
	
	<set name="calendar">
		<str name="remaining" translate="yes">
			<val>Zbývá {0} dnů</val>
		</str>
		<str name="remainingAlternate" translate="yes">
			<val>Zbývá {0} den</val>
		</str>
	</set>
	
	<set name="dspPrescreenResponse">
		<str name="header_NOT_ENABLED" translate="yes">
			<val>Platnost odběru produktu {0} byla ukončena</val>
		</str>
		<str name="body_NOT_ENABLED" translate="yes">
			<val>Obnovte váš odběr nebo klepněte na možnost Zpět a zadejte jiné sériové číslo.</val>
		</str>
		<str name="linkText_NOT_ENABLED" translate="yes">
			<val>Obnovit odběr</val>
		</str>
		<str name="link_NOT_ENABLED" translate="no">
			<val>http://www.adobe.com/go/subscriptionedition</val>
		</str>
		<str name="header_OFFLINE" translate="yes">
			<val>Není možné se připojit k Internetu</val>
		</str>
		<str name="body_OFFLINE" translate="yes">
			<val>K použití tohoto produktu je třeba mít přístup k funkčnímu připojení k Internetu. Ověřte nastavení připojení a klepněte na možnost Zkusit znovu. Pokud problémy i nadále přetrvají, obraťte se na podporu zákazníků.</val>
		</str>
		<str name="linkText_OFFLINE" translate="yes">
			<val>Kontaktovat podporu zákazníků</val>
		</str>
		<str name="link_OFFLINE" translate="yes">
			<val>http://www.adobe.com/go/support_cz</val>
		</str>
		<str name="header_GENERIC_ERROR" translate="yes">
			<val>Nebylo možné zahájit váš odběr produktu {0}</val>
		</str>
		<str name="body_GENERIC_ERROR" translate="yes">
			<val>Chvíli vyčkejte a zkuste to znovu.</val>
		</str>
		<str name="linkText_GENERIC_ERROR" translate="yes">
			<val>Kontaktovat podporu zákazníků</val>
		</str>
		<str name="link_GENERIC_ERROR" translate="yes">
			<val>http://www.adobe.com/go/support_cz</val>
		</str>
		<str name="back" translate="yes">
			<val>ZPĚT</val>
		</str>
		<str name="tryAgain" translate="yes">
			<val>ZKUSIT ZNOVU</val>
		</str>
	</set>
	
	<set name="dspSuspended">
		<str name="title_actSuspended" translate="yes">
			<val>Aktivace</val>
		</str>
		<str name="header_actSuspended" translate="yes">
			<val>Produkt {0} nebylo možné aktivovat.</val>
		</str>
		<str name="msg1_actSuspended" translate="yes">
			<val>Datum ve vašem systému neodpovídá datu na našem serveru.</val>
		</str>
		<str name="msg2_actSuspended" translate="yes">
			<val>Datum na serveru Adobe: {0}</val>
		</str>
		<str name="msg3_actSuspended" translate="yes">
			<val>Datum ve vašem systému se může až o tři dny lišit oproti datu na serveru Adobe. Zkontrolujte nastavení data ve vašem počítači a vyberte možnost Zkusit znovu. Pokud se problém nevyřeší, obraťte se na podporu zákazníků.</val>
		</str>

		<str name="title_subSuspended" translate="yes">
			<val>Odběr přerušen</val>
		</str>
		<str name="header_subSuspended" translate="yes">
			<val>Odběr produktu {0} byl přerušen.</val>
		</str>
		<str name="msg1_subSuspended" translate="yes">
			<val>Datum ve vašem systému neodpovídá datu na našem serveru.</val>
		</str>
		<str name="msg2_subSuspended" translate="yes">
			<val>Datum na serveru Adobe: {0}</val>
		</str>
		<str name="msg3_subSuspended" translate="yes">
			<val>Datum ve vašem systému může být až o tři dny napřed nebo pozadu oproti datu na serveru Adobe. Zkontrolujte nastavení data ve vašem počítači a vyberte možnost Zkusit znovu. Pokud se problém nevyřeší, obraťte se na podporu zákazníků.</val>
		</str>
		
		<str name="title_subWindback" translate="yes">
			<val>Odběr přerušen</val>
		</str>
		<str name="header_subWindback" translate="yes">
			<val>Odběr produktu {0} byl přerušen.</val>
		</str>
		<str name="msg1_subWindback" translate="yes">
			<val>Datum a čas ve vašem systému se mohly změnit.</val>
		</str>
		<str name="msg3_subWindback" translate="yes">
			<val>Zkontrolujte nastavení data a času ve vašem počítači a vyberte možnost Zkusit znovu. Pokud se problém nevyřeší, obraťte se na podporu zákazníků.</val>
		</str>

		<str name="custSuppAsst" translate="yes">
			<val>Kontaktovat podporu zákazníků</val>
		</str>
		<str name="supportlink" translate="yes">
			<val>http://www.adobe.com/go/support_cz</val>
		</str>
		<str name="actPolicyLinkText" translate="yes">
			<val>Zobrazit zásady aktivace</val>
		</str>
		<str name="actPolicyLink" translate="yes">
			<val>http://www.adobe.com/go/activation_cz</val>
		</str>
		<str name="quit" translate="yes">
			<val>KONEC</val>
		</str>
		<str name="tryAgain" translate="yes">
			<val>ZKUSIT ZNOVU</val>
		</str>
	</set>
	
	<set name="dateTimeFormats">
		<str name="dateFormat_Long" translate="yes">
			<val>{1}. {0} {2}</val>
		</str>
	</set>

	<set name="monthsFull">
		<str name="1" translate="yes">
			<val>led</val>
		</str>
		<str name="2" translate="yes">
			<val>úno</val>
		</str>
		<str name="3" translate="yes">
			<val>bře</val>
		</str>
		<str name="4" translate="yes">
			<val>dub</val>
		</str>
		<str name="5" translate="yes">
			<val>kvě</val>
		</str>
		<str name="6" translate="yes">
			<val>čvn</val>
		</str>
		<str name="7" translate="yes">
			<val>čvc</val>
		</str>
		<str name="8" translate="yes">
			<val>srp</val>
		</str>
		<str name="9" translate="yes">
			<val>zář</val>
		</str>
		<str name="10" translate="yes">
			<val>říj</val>
		</str>
		<str name="11" translate="yes">
			<val>lis</val>
		</str>
		<str name="12" translate="yes">
			<val>pro</val>
		</str>
	</set>
	
	<set name="authProxy">
		<str name="instruct" translate="yes">
			<val>Zadejte uživatelské jméno a heslo serveru proxy:</val>
		</str>
		<str name="username" translate="yes">
			<val>Uživatelské jméno:</val>
		</str>
		<str name="password" translate="yes">
			<val>Heslo:</val>
		</str>
		<str name="remember" translate="yes">
			<val>Zapamatovat si heslo</val>
		</str>
		<str name="fail" translate="yes">
			<val>Uživatele nelze ověřit. Zkontrolujte uživatelské jméno a heslo a zkuste to znovu.</val>
		</str>
		<str name="ok" translate="yes">
			<val>OK</val>
		</str>
		<str name="cancel" translate="yes">
			<val>ZRUŠIT</val>
		</str>
	</set>

	<set name="isoToLanguage">
								<str name="ar_AE" translate="no"><val>العربية</val></str>
		<str name="en_GB" translate="no"><val>English (International)</val></str> 
		<str name="fr_CA" translate="no"><val>Français canadien</val></str>
		<str name="es_QM" translate="no"><val>Español (Middle East)</val></str>
		<str name="es_LA" translate="no"><val>Español de América Latina</val></str>
		<str name="es_NA" translate="no"><val>Español Norteamericano</val></str>
		<str name="bg_BG" translate="no"><val>Български</val></str>
		<str name="lv_LV" translate="no"><val>Latviešu</val></str>
		<str name="et_EE" translate="no"><val>Eesti</val></str>
		<str name="hr_HR" translate="no"><val>hrvatski</val></str>
		<str name="sl_SI" translate="no"><val>slovenščina</val></str>
		<str name="sk_SK" translate="no"><val>slovenčina</val></str>
		<str name="th_TH" translate="no"><val>ภาษาไทย</val></str> 
		<str name="vi_VN" translate="no"><val>Việt</val></str>
		<str name="en_XC" translate="no"><val>English (Central Europe)</val></str> 
		<str name="en_XM" translate="no"><val>English (Middle East)</val></str>
		<str name="fr_XM" translate="no"><val>Français Oriental Moyen</val></str>
		<str name="sq_AL" translate="no"><val>Shqip</val></str> 
								<str name="ar_SA" translate="no"><val>العربية</val></str>
		<str name="be_BY" translate="no"><val>Беларуская</val></str> 
		<str name="ca_ES" translate="no"><val>Català</val></str> 
								<str name="hi_IN" translate="no"><val>हिन्दी</val></str>
		<str name="is_IS" translate="no"><val>Íslenska</val></str> 
		<str name="lt_LT" translate="no"><val>Lietuvių</val></str>
		<str name="mk_MK" translate="no"><val>македонски</val></str>
		<str name="nn_NO" translate="no"><val>Norsk (Nynorsk)</val></str>
		<str name="pt_PT" translate="no"><val>Português de Portugal</val></str> 
		<str name="sh_YU" translate="no"><val>Srpsko-Hrvatski</val></str> 
		<str name="sr_YU" translate="no"><val>Cрпски</val></str> 
		<str name="kk_KZ" translate="no"><val>Қазақ</val></str>
		<str name="az_AZ" translate="no"><val>Azərbaycan dili</val></str> 
		<str name="es_MX" translate="no"><val>Español (América Latina)</val></str>
		<str name="no_NO" translate="no"><val>Norwegian</val></str> 
		<str name="cs_CZ" translate="no"><val>Česky</val></str>
		<str name="de_DE" translate="no"><val>Deutsch</val></str>
		<str name="el_GR" translate="no"><val>Ελληνικά</val></str>
		<str name="en_US" translate="no"><val>English (North America)</val></str> 
		<str name="es_ES" translate="no"><val>Español</val></str> 
		<str name="fr_FR" translate="no"><val>Français</val></str>
								<str name="he_IL" translate="no"><val>עברית</val></str> 
		<str name="hu_HU" translate="no"><val>Magyar</val></str> 
		<str name="it_IT" translate="no"><val>Italiano</val></str>
		<str name="ja_JP" translate="no"><val>日本語</val></str>
		<str name="ko_KR" translate="no"><val>한국어</val></str>
		<str name="nl_NL" translate="no"><val>Nederlands</val></str>
		<str name="pl_PL" translate="no"><val>Polski</val></str>
		<str name="ro_RO" translate="no"><val>Română</val></str>
		<str name="ru_RU" translate="no"><val>Pусский</val></str>
		<str name="sv_SE" translate="no"><val>Svenska</val></str>
		<str name="tr_TR" translate="no"><val>Türkçe</val></str>
		<str name="uk_UA" translate="no"><val>Українська</val></str>
		<str name="zh_CN" translate="no"><val>简体中文</val></str>
		<str name="zh_TW" translate="no"><val>繁體中文</val></str>
		<str name="da_DK" translate="no"><val>Dansk</val></str>
		<str name="fi_FI" translate="no"><val>Suomi</val></str>
		<str name="nb_NO" translate="no"><val>Norsk (Bokmål)</val></str> 
		<str name="pt_BR" translate="no"><val>Português do Brasil</val></str>
	</set>
		
</asf>
