<?xml version='1.0' encoding='utf-8'?>
<!DOCTYPE asf SYSTEM "http://ns.adobe.com/asf/asf_1_0.dtd" >
<asf xmlns="http://ns.adobe.com/asf" locale="nb_NO" version="1.0">
	
	<set name="common">
		<str name="adobeProduct" translate="yes">
			<val>Adobe-produkt</val>
		</str>
		<str name="adobeTrial" translate="yes">
			<val>Prøveversjon av Adobe-produkt</val>
		</str>
		<str name="actPolicy" translate="yes">
			<val>Adobes aktiveringspolicy</val>
		</str>
		<str name="subEdition" translate="no">
			<val>Subscription Edition</val>
		</str>
		<str name="progressMessage" translate="yes">
			<val>Kobler til ...</val>
		</str>
	</set>
	
	<set name="provision">
		<str name="buy" translate="yes">
			<val>KJØP NÅ</val>
		</str>			
		<str name="remain" translate="yes">
			<val>DAGER GJENSTÅR</val>
		</str>
		<str name="authAdobeID" translate="yes">
			<val>Godkjenner Adobe-ID ...</val>
		</str>
	</set>

	<set name="eula">
		<str name="eula" translate="yes">
			<val>Adobes lisensavtale for programvare</val>
		</str>
		<str name="view" translate="yes">
			<val>Vis på:</val>
		</str>
		<str name="accept" translate="yes">
			<val>GODTA</val>
		</str>
		<str name="decline" translate="yes">
			<val>AVSLÅ</val>
		</str>		
		<str name="quit" translate="yes">
			<val>AVSLUTT</val>
		</str>		
	</set>

	<set name="activate">
		<str name="title" translate="yes">
			<val>Aktivering</val>
		</str>
		<str name="progress" translate="yes">
			<val>Aktiverer ...</val>
		</str>			
		<str name="fail" translate="yes">
			<val>Aktiveringsfeil</val>
		</str>			
		<str name="contact" translate="yes">
			<val>Vi kontakter Adobe for å aktivere denne kopien av {0} ved å bruke serienummeret du har oppgitt.</val>
		</str>
		<str name="contact_forced" translate="yes">
			<val>Vi kontakter Adobe for å aktivere dette eksemplaret av {0}</val>
		</str>
		<str name="limit" translate="yes">
			<val>Aktiveringsgrense nådd for {0}.</val>
		</str>	
		<str name="already" translate="yes">
			<val>Dette serienummeret er allerede aktivert på to datamaskiner.</val>
		</str>
		<str name="alreadyError" translate="yes">
			<val>Dette serienummeret er allerede aktivert på to datamaskiner. Du må rette opp dette problemet for å kunne fortsette.</val>
		</str>
		<str name="retryOption" translate="yes">
			<val>Prøv aktivering på nytt. Jeg har allerede deaktivert på én av de andre datamaskinene.</val>
		</str>
		<str name="subRetryOption" translate="yes">
			<val>Deaktiver alle datamaskiner og prøv aktivering på nytt.</val>
		</str>	
		<str name="provide" translate="yes">
			<val>Oppgi et annet serienummer for dette produktet.</val>
		</str>	
		<str name="provideBlurb" translate="yes">
			<val>Du må oppgi en Adobe-ID for å kunne bruke denne programvaren som prøveversjon.</val>
		</str>	
		<str name="serialBlurb" translate="yes">
			<val>Oppgi et serienummer.</val>
		</str>	
		<str name="serialNumberMessage" translate="yes">
			<val>Dette serienummeret brukes for følgende: {0}</val>
		</str>
		<str name="serialActivationMessage" translate="yes">
			<val>I samsvar med lisensavtalen for programvaren vil det bli gjort forsøk på automatisk aktivering av programvaren via Internett. Se {0}www.adobe.com/activation{1} for mer informasjon.</val>
		</str>
		<str name="activationLink" translate="yes">
			<val>http://www.adobe.com/go/activation_no</val>
		</str>
		<str name="buyWarning1" translate="yes">
			<val>Hvis du velger Minn meg på dette senere, har du {0} dager på å rette opp problemet før programvaren slutter å virke.</val>
		</str>	
		<str name="buyWarning2" translate="yes">
			<val>Dette er siste gang du kan bruke dette produktet hvis ikke problemet rettes opp.</val>
		</str>	
		<str name="buyWarning3" translate="yes">
			<val>Du må rette opp dette problemet før du kan fortsette å bruke dette produktet.</val>
		</str>	
		<str name="buyWarningRefuse" translate="yes">
			<val>Hvis du velger Minn meg på dette senere, blir du bedt om å rette opp dette problemet neste gang du starter produktet.</val>
		</str>	
		<str name="buyWarningRefuse2" translate="yes">
			<val>Du må rette opp dette problemet for å kunne bruke dette produktet.</val>
		</str>
		<str name="learn" translate="yes">
			<val>Hvis du vil lære mer om aktivering, kan du se {0}Adobes aktiveringspolicy.{1}</val>
		</str>
		<str name="learnlink" translate="yes">
			<val>http://www.adobe.com/go/activation_no</val>
		</str>
		<str name="invalid" translate="yes">
			<val>Ugyldig serienummer</val>
		</str>	
		<str name="sninvalid" translate="yes">
			<val>Dette serienummeret ser ut til å være ugyldig.</val>
		</str>	
		<str name="hasfailure" translate="yes">
			<val>Vi kan ikke aktivere produktet. Trykk Prøv på nytt for å gjøre et nytt forsøk. Hvis du vil ha mer informasjon, kan du se {0}Adobes aktiveringspolicy.{1}</val>
		</str>
		<str name="hasfailure1" translate="yes">
			<val>Vi kan ikke aktivere produktet. Trykk Prøv på nytt. Hvis du vil ha mer informasjon, kan du se {0}Adobes aktiveringspolicy.{1}</val>
		</str>
		<str name="mustDeactivate" translate="yes">
			<val>Du må deaktivere en av de andre aktiverte kopiene for å løse dette problemet og aktivere produktet.</val>
		</str>	
		<str name="howTo" translate="yes">
			<val>Slik deaktiverer du:</val>
		</str>	
		<str name="deactivateInstruct" translate="yes">
			<val>Start en av de to andre kopiene av {0}, klikk Hjelp-menyen og velg Deaktiver. Start deretter denne kopien på nytt. Hvis du allerede har deaktivert, prøver du på nytt.</val>
		</str>	
		<str name="errorCode" translate="yes">
			<val>Feilkode: {0}</val>
		</str>
		<str name="errorCode1" translate="yes">
			<val>Feilkode: nr. {0}</val>
		</str>
		<str name="success" translate="yes">
			<val>Dette eksemplaret av {0} er aktivert og klar til bruk.</val>
		</str>
		<str name="error" translate="yes">
			<val>Koble til Internett, og trykk deretter Fortsett</val>
		</str>			
		<str name="assist" translate="yes">
			<val>Tilkoblingsstøtte</val>
		</str>
		<str name="assistlink" translate="yes">
			<val>http://www.adobe.com/go/activation_no</val>
		</str>		
		<str name="try" translate="yes">
			<val>PRØV PÅ NYTT</val>
		</str>			
		<str name="later" translate="yes">
			<val>AKTIVER SENERE</val>
		</str>			
		<str name="close" translate="yes">
			<val>LUKK</val>
		</str>
		<str name="quit" translate="yes">
			<val>AVSLUTT</val>
		</str>
		<str name="done" translate="yes">
			<val>FULLFØRT</val>
		</str>
		<str name="remind" translate="yes">
			<val>MINN MEG PÅ DETTE SENERE</val>
		</str>
		<str name="continue" translate="yes">
			<val>FORTSETT</val>
		</str>
		<str name="retry" translate="yes">
			<val>PRØV PÅ NYTT</val>
		</str>
		<str name="back" translate="yes">
			<val>TILBAKE</val>
		</str>			
		<str name="errCode" translate="yes">
			<val>Feilkode: </val>
		</str>
		<str name="unknownErr" translate="yes">
			<val>Ukjent</val>
		</str>
		<str name="serialError" translate="yes">
			<val>Serienummeret er ikke gyldig for dette produktet.</val>
		</str>
		<str name="denybuyLink" translate="no">
			<val>http://www.adobe.com/go/denybuy</val>
		</str>
	</set>

	<set name="inAppTrial">
		<str name="serial" translate="yes">
			<val>SKRIV INN SERIENUMMER</val>
		</str>
		<str name="contentLoading" translate="yes">
			<val>Laster inn innhold ...</val>
		</str>
	</set>
	
	<set name="privacy">
		<str name="title" translate="yes">
			<val>Personverninnstillinger</val>
		</str>
		<str name="content" translate="yes">
			<val>Adobe bruker informasjonen som innhentes på tidspunktet for nedlasting og ved bruk av produktets prøveversjon, til å tilby deg en tilpasset brukeropplevelse.{0}I tillegg kan Adobe bruke informasjonen som er innhentet for interne formål, til å evaluere og forbedre brukeropplevelsen. Ingen personlig identifiserende informasjon kan knyttes til deg ved bruk av denne prøveversjonen.{0}Hvis du foretrekker at Adobe ikke bruker eller innhenter informasjon relatert til prøveversjonen din, kan du slå av dette ved å merke av i boksen nedenfor. Neste gang du starter prøveversjonen, blir ingen data innhentet for din bruk av prøveversjonen, og tilpasset innhold vil være slått av.{0}Se {1}personvernerklæringen online{2} for mer informasjon om Adobes retningslinjer for personvern.</val>
		</str>
		<str name="privacyLink" translate="yes">
			<val>http://www.adobe.com/go/privacy_no</val>
		</str>
		<str name="request" translate="yes">
			<val>Slå av tilpasset innhold.</val>
		</str>
		<str name="ok" translate="yes">
			<val>OK</val>
		</str>
		<str name="cancel" translate="yes">
			<val>AVBRYT</val>
		</str>
	</set>
	
	<set name="video">
		<str name="playAgain" translate="yes">
			<val>Spill av på nytt</val>
		</str>
		<str name="nextTut" translate="yes">
			<val>Neste</val>
		</str>
		<str name="loading" translate="yes">
			<val>Laster video ...</val>
		</str>
		<str name="error" translate="yes">
			<val>Feil ved lasting av innhold\nPrøv på nytt senere.</val>
		</str>
		<str name="tryAgain" translate="yes">
			<val>Prøv på nytt.</val>
		</str>
		<str name="escapeExit" translate="yes">
			<val>Klikk på Esc for å avslutte utvidet skjermmodus.</val>
		</str>
	</set>
	
	
	<set name="trial">
		<str name="title" translate="yes">
			<val>Prøvev. av {0}</val>
		</str>
		<str name="back" translate="yes">
			<val>TILBAKE</val>
		</str>
		<str name="serial" translate="yes">
			<val>Oppgi et serienummer</val>
		</str>
		<str name="lang" translate="yes">
			<val>Språk:</val>
		</str>	
		<str name="trial" translate="yes">
			<val>Fortsett å bruke som prøveversjon</val>
		</str>
		<str name="continue" translate="yes">
			<val>FORTSETT MED PRØVEVERSJON</val>
		</str>
		<str name="continueSerial" translate="yes">
			<val>FORTSETT</val>
		</str>
		<str name="start" translate="yes">
			<val>START PRØVEVERSJON</val>
		</str>
		<str name="cancel" translate="yes">
			<val>AVBRYT</val>
		</str>
		<str name="close" translate="yes">
			<val>LUKK</val>
		</str>
		<str name="quit" translate="yes">
			<val>AVSLUTT</val>
		</str>
		<str name="skip" translate="yes">
			<val>HOPP OVER</val>
		</str>
		<str name="serialError" translate="yes">
			<val>Serienummeret er ikke gyldig for dette produktet.</val>
		</str>
		<str name="instruct" translate="yes">
			<val>Du må ha en Adobe-ID for å kunne bruke denne programvaren som en prøveversjon. Når du har startet prøveversjonen for første gang, må du angi en Adobe-ID innen sju dager.</val>
		</str>			
		<str name="locateTT" translate="yes">
			<val>Du finner serienummeret på baksiden av DVD-coveret, på lisenssertifikatet for Adobe Open Options eller på e-postkvitteringen fra Adobe.com Store (bare nedlastingskjøp).</val>
		</str>
		<str name="one" translate="yes">
			<val>Produktet kan brukes én gang til. Deretter må du angi et serienummer for å kunne fortsette.</val>
		</str>
		<str name="nomore" translate="yes">
			<val>Du kan konvertere prøveversjonen ved å kjøpe produktet og angi serienummeret.</val>
		</str>
		<str name="license" translate="yes">
			<val>Adobes lisensavtale for programvare</val>
		</str>	
		<str name="eulaLink" translate="yes">
			<val>http://www.adobe.com/go/eulas_no</val>
		</str>		
		<str name="expire" translate="yes">
			<val>Prøveperioden er over.</val>
		</str>			
		<str name="used" translate="yes">
			<val>Dette serienummeret brukes for følgende: {0}</val>
		</str>			
		<str name="agree" translate="yes">
			<val>I samsvar med lisensavtalen for programvaren vil det bli gjort forsøk på automatisk aktivering av programvaren via Internett. Se {0}www.adobe.com/activation{1} for mer informasjon.</val>
		</str>
		<str name="activationLink" translate="yes">
			<val>http://www.adobe.com/go/activation_no</val>
		</str>
		<str name="buyLink" translate="no">
			<val>http://www.adobe.com/go/buy</val>
		</str>			
	</set>

	<set name="trialerror">
		<str name="warning" translate="yes">
			<val>Problem med prøveversjon.</val>
		</str>
		<str name="instruct" translate="yes">
			<val>Det oppsto et problem da prøveversjonen av {0} skulle åpnes. Hvis du vil fortsette å bruke dette produktet, går du tilbake og oppgir serienummeret.</val>
		</str>
	</set>

	<set name="deactivate">
		<str name="title" translate="yes">
			<val>Deaktivering</val>
		</str>
		<str name="instruct" translate="yes">
			<val>Deaktivering gjør det mulig å aktivere Adobe-produktet på en annen datamaskin, forutsatt at du handler i samsvar med {0}lisensavtalen for programvare{1}. Kontroller at du er koblet til Internett før du deaktiverer.</val>
		</str>
		<str name="instructSubscription" translate="yes">
			<val>Deaktivering avslutter ikke abonnementet. Gå til {0}adobe.com/no{1} hvis du vil endre abonnementet.</val>
		</str>
		<str name="subscriptionLink" translate="no">
			<val>http://www.adobe.com/go/subscriptionedition</val>
		</str>
		<str name="button1" translate="yes">
			<val>DEAKTIVER MIDLERTIDIG</val>
		</str>
		<str name="button2" translate="yes">
			<val>DEAKTIVER PERMANENT</val>
		</str>
		<str name="tooltip1" translate="yes">
			<val>Deaktiverer produktet uten å fjerne serienummeret.</val>
		</str>
		<str name="tooltip2" translate="yes">
			<val>Deaktiverer produktet og fjerner serienummeret.</val>
		</str>	
		<str name="progress" translate="yes">
			<val>Deaktiverer</val>
		</str>
		<str name="success" translate="yes">
			<val>Deaktiveringen ble utført.</val>
		</str>
		<str name="failure" translate="yes">
			<val>Deaktivering mislyktes. Prøv på nytt.</val>
		</str>
		<str name="retry" translate="yes">
			<val>PRØV PÅ NYTT</val>
		</str>	
		<str name="errorCode" translate="yes">
			<val>Feilkode: nr. {0}</val>
		</str>
		<str name="done" translate="yes">
			<val>FULLFØRT</val>
		</str>		
		<str name="continue" translate="yes">
			<val>FORTSETT</val>
		</str>		
		<str name="cancel" translate="yes">
			<val>AVBRYT</val>
		</str>	
	</set>

	<set name="upgrade">
		<str name="title" translate="yes">
			<val>Angi serienummer for oppgradering</val>
		</str>
		<str name="instruct1" translate="yes">
			<val>Det angitte serienummeret er gyldig, men det ble ikke funnet et kvalifisert produkt på denne datamaskinen.</val>
		</str>
		<str name="instruct2" translate="yes">
			<val>For å kunne bruke det angitte serienummeret til oppgraderingen, må du eie et av disse kvalifiserte produktene. Velg produktet du eier, og angi serienummeret:</val>
		</str>
		<str name="serial" translate="yes">
			<val>Serienummer for dette produktet:</val>
		</str>
		<str name="selproduct" translate="yes">
			<val>Velg et produkt</val>
		</str>		
		<str name="trial" translate="yes">
			<val>INSTALLER SOM PRØVEVERSJON</val>
		</str>
		<str name="confirm" translate="yes">
			<val>Dette serienummeret bekrefter {0}.</val>
		</str>
		<str name="second" translate="yes">
			<val>Denne oppgraderingen krever et sekundært kvalifisert produkt. Velg det andre produktet du eier, og angi serienummeret:</val>
		</str>
		<str name="nogood" translate="yes">
			<val>Dette serienummeret gjelder ikke et kvalifisert produkt. Prøv på nytt.</val>
		</str>
		<str name="account" translate="yes">
			<val>Hvis du har registrert produkter tidligere, kan du gå til {0}kontosiden {1} for å finne de eksisterende serienumrene.</val>
		</str>
		<str name="support" translate="yes">
			<val>Kontakt {0}kundestøtte{1} for å få mer hjelp.</val>
		</str>
		<str name="supportlink" translate="yes">
			<val>http://www.adobe.com/go/support_no</val>
		</str>
		<str name="accountlink" translate="yes">
			<val>http://www.adobe.com/go/adobemembership_no</val>
		</str>
		<str name="back" translate="yes">
			<val>TILBAKE</val>
		</str>
		<str name="next" translate="yes">
			<val>NESTE</val>
		</str>
	</set>
	
	<set name="upcode">
		<str name="header" translate="yes">
			<val>Angi oppgraderingskoden.</val>
		</str>
		<str name="instruct1" translate="yes">
			<val>Videresend følgende kode til tjenesterepresentanten på forespørsel:</val>
		</str>
		<str name="challenge" translate="yes">
			<val>Forespørselskode</val>
		</str>
		<str name="instruct2" translate="yes">
			<val>Angi koden du fikk fra tjenesterepresentanten:</val>
		</str>
		<str name="support" translate="yes">
			<val>Støttekode</val>
		</str>
		<str name="quit" translate="yes">
			<val>AVSLUTT</val>
		</str>
		<str name="next" translate="yes">
			<val>NESTE</val>
		</str>
		<str name="supportError" translate="yes">
			<val>Ugyldig støttekode</val>
		</str>
	</set>
	
	<set name="error">
		<str name="title" translate="yes">
			<val>Lisensiering for dette produktet har sluttet å virke</val>
		</str>
		<str name="message" translate="yes">
			<val>Du kan ikke bruke dette produktet nå. Du kan løse problemet ved å avinstallere produktet og installere det på nytt, eller ved å be IT-ansvarlig eller Adobe kundestøtte om hjelp.</val>
		</str>
		<str name="error" translate="yes">
			<val>Feilkode: </val>
		</str>
		<str name="quit" translate="yes">
			<val>AVSLUTT</val>
		</str>
	</set>
	
	<set name="confirm">
		<str name="sure" translate="yes">
			<val>Er du sikker på at du vil lukke denne dialogboksen?</val>
		</str>
		<str name="subCheckOffline" translate="yes">
			<val>Kan ikke koble til. Kontroller Internett-tilkoblingen, og prøv på nytt senere.</val>
		</str>
		<str name="yes" translate="yes">
			<val>JA</val>
		</str>
		<str name="no" translate="yes">
			<val>NEI</val>
		</str>
		<str name="quit" translate="yes">
			<val>Avslutt</val>
		</str>
		<str name="continue" translate="yes">
			<val>Fortsett</val>
		</str>
		<str name="tryAgain" translate="yes">
			<val>PRØV PÅ NYTT</val>
		</str>
		<str name="back" translate="yes">
			<val>TILBAKE</val>
		</str>
	</set>
	
	<set name="thanks">
		<str name="title" translate="yes">
			<val>Takk!</val>
		</str>
		<str name="noservices" translate="yes">
			<val>Komme i gang: Adobe-produkter</val>
		</str>
		<str name="services" translate="yes">
			<val>Komme i gang: Adobe-produkter og -tjenester</val>
		</str>
		<str name="subscription_1_2" translate="no">
			<val>Getting Started with your CS5 Subscription</val>
		</str>
		<str name="trialRegWithoutServices" translate="yes">
			<val>Takk for at du har oppgitt Adobe-ID-en din og latt oss vite at du er interessert i dette produktet.</val>
		</str>
		<str name="trialRegWithServices" translate="yes">
			<val>Når du har oppgitt en Adobe-ID, har du også konfigurert tilgang til Adobe CS Live-tjenestene i prøveperioden.</val>
		</str>
		<str name="regRegWithoutServices" translate="yes">
			<val>Når du har oppgitt en Adobe-ID, har du også registrert programvaren.</val>
		</str>
		<str name="regRegFailWithoutServices" translate="yes">
			<val>Kunne ikke registrere produktet nå. Prøv på nytt senere.</val>
		</str>
		<str name="regRegFailWithServices" translate="yes">
			<val>Kunne ikke starte abonnementet på Adobe CS Live. Prøv på nytt senere.</val>
		</str>
		<str name="regRegIDCreate" translate="yes">
			<val>Vi har brukt Adobe-ID-en din til å registrere programvaren og konfigurere tilgang til Adobe CS Live-tjenestene.</val>
		</str>
		<str name="regRegIDUsed" translate="yes">
			<val>Når du har oppgitt en Adobe-ID, har du også registrert programvaren og konfigurert tilgang til Adobe CS Live-tjenestene.</val>
		</str>
		<str name="regRegSubscription_1_2" translate="no">
			<val>We've used your Adobe ID to set up your subscription and establish CS Live services.</val>
		</str>
		<str name="regRegDSP" translate="yes">
			<val>Vi har brukt Adobe-ID-en din til å starte abonnementet på {0} og konfigurere tilgang til Adobe CS Live-tjenestene.</val>
		</str>
		<str name="userID" translate="yes">
			<val>Adobe-ID-en din er: {0}</val>
		</str>
		<str name="emailVerify" translate="yes">
			<val>Bekreftelse via e-post kreves for å begynne å bruke Adobe CS Live-tjenestene. Se e-postinnboksen.</val>
		</str>
		<str name="profile" translate="yes">
			<val>Adobe-ID-profilen din er nesten fullført. {0}Klikk her{1} for å fullføre profilen.</val>
		</str>
		<str name="profilelink" translate="yes">
			<val>http://www.adobe.com/go/adobemembership_no</val>
		</str>
		<str name="video1" translate="yes">
			<val>Vis videoopplæring</val>
		</str>
		<str name="video2" translate="yes">
			<val>Utforsk Adobe CS Live-tjenester</val>
		</str>
		<str name="video1link" translate="yes">
			<val>http://www.adobe.com/go/adobetv_howto</val>
		</str>
		<str name="video2link" translate="yes">
			<val>http://www.adobe.com/go/cslive_no</val>
		</str>
		<str name="done" translate="yes">
			<val>FULLFØRT</val>
		</str>
	</set>
	
	<set name="claimResponse">
		<str name="code_" translate="yes">
			<val></val>
		</str>
		<str name="code_EXCEPTION_TRIAL_EXISTS_FOR_TRIALID" translate="yes">
			<val>Du har allerede registrert deg for Adobe CS Live. Logg på for å bruke tjenestene.</val>
		</str>
		<str name="code_EXCEPTION_TRIAL_SKU_LOOKUP_FAILED" translate="yes">
			<val>Kunne ikke starte abonnementet på Adobe CS Live. Prøv på nytt senere.</val>
		</str>

		<str name="code_EXCEPTION_DECODE_FAILED" translate="yes">
			<val>Ugyldig serienummer. Kunne ikke starte abonnementet på Adobe CS Live.</val>
		</str>
		<str name="code_EXCEPTION_NO_SUCH_USER" translate="yes">
			<val>Kunne ikke starte abonnementet på Adobe CS Live. Prøv på nytt senere.</val>
		</str>
		<str name="code_EXCEPTION_INVALID_DATA" translate="yes">
			<val>Kunne ikke starte abonnementet på Adobe CS Live. Prøv på nytt senere.</val>
		</str>
		<str name="code_EXCEPTION_WCD_TIMEOUT" translate="yes">
			<val>Kunne ikke starte abonnementet på Adobe CS Live. Prøv på nytt senere.</val>
		</str>
		<str name="code_EXCEPTION_AUTHENTICATION_TIMEOUT" translate="yes">
			<val>Kunne ikke starte abonnementet på Adobe CS Live. Prøv på nytt senere.</val>
		</str>
		<str name="code_EXCEPTION_SNSERVER_TIMEOUT" translate="yes">
			<val>Kunne ikke starte abonnementet på Adobe CS Live. Prøv på nytt senere.</val>
		</str>
		<str name="code_EXCEPTION_WCD_SESSION_TIMEOUT" translate="yes">
			<val>Kunne ikke starte abonnementet på Adobe CS Live. Prøv på nytt senere.</val>
		</str>
		<str name="code_EXCEPTION_INTERNAL_TIMEOUT" translate="yes">
			<val>Kunne ikke starte abonnementet på Adobe CS Live. Prøv på nytt senere.</val>
		</str>
		<str name="code_EXCEPTION_INTERNAL_SERVER_ERROR" translate="yes">
			<val>Kunne ikke starte abonnementet på Adobe CS Live. Prøv på nytt senere.</val>
		</str>
		<str name="code_EXCEPTION_SUBSCRIPTION_ALREADY_CLAIMED" translate="yes">
			<val>Du har allerede registrert deg for Adobe CS Live. Logg på for å bruke tjenestene.</val>
		</str>
		<str name="code_EXCEPTION_CLAIM_ALREADY_PROCESSED" translate="yes">
			<val>Dette serienummeret har allerede et abonnement knyttet til Adobe CS Live. Logg på for å bruke tjenestene.</val>
		</str>
		<str name="code_ESS_TIMEOUT" translate="yes">
			<val>Kunne ikke starte abonnementet på Adobe CS Live. Prøv på nytt senere.</val>
		</str>
		<str name="code_ESS_FAILURE" translate="yes">
			<val>Kunne ikke starte abonnementet på Adobe CS Live. Prøv på nytt senere.</val>
		</str>
		<str name="code_EXCEPTION_SYSTEM_UNAVAILABLE_noService_time" translate="yes">
			<val>Serveren for Adobe-registrering vedlikeholdes og forventes å være tilgjengelig kl. {0}. Vi beklager de problemene dette medfører. Prøv på nytt da.</val>
		</str>
		<str name="code_EXCEPTION_SYSTEM_UNAVAILABLE_noService_noTime" translate="yes">
			<val>Serveren for Adobe-registrering vedlikeholdes. Vi beklager de problemene dette medfører. Prøv på nytt senere.</val>
		</str>
		<str name="code_EXCEPTION_SYSTEM_UNAVAILABLE_Service_Time" translate="yes">
			<val>Adobe CS Live vedlikeholdes og forventes å være tilgjengelig kl. {0}. Vi beklager de problemene dette medfører. Prøv på nytt da.</val>
		</str>
		<str name="code_EXCEPTION_SYSTEM_UNAVAILABLE_Service_noTime" translate="yes">
			<val>Adobe CS Live vedlikeholdes. Vi beklager de problemene dette medfører. Prøv på nytt senere.</val>
		</str>
	</set>
	
	<set name="dspClaimResponse">
		<str name="failureStatusHeading" translate="yes">
			<val>Kan ikke starte abonnementet på {0}</val>
		</str>
		
		<str name="supLinkLbl_EXCEPTION_DECODE_FAILED" translate="yes">
			<val>Kontakt kundestøtte</val>
		</str>			
		<str name="supLinkLbl_EXCEPTION_NO_SUCH_USER" translate="yes">
			<val>Kontakt kundestøtte</val>
		</str>		
		<str name="supLinkLbl_EXCEPTION_INVALID_DATA" translate="yes">
			<val>Kontakt kundestøtte</val>
		</str>
		<str name="supLinkLbl_EXCEPTION_SKU_LOOKUP_FAILED" translate="yes">
			<val>Kontakt kundestøtte</val>
		</str>		
		<str name="supLinkLbl_EXCEPTION_AUTHENTICATION_TIMEOUT" translate="yes">
			<val>Kontakt kundestøtte</val>
		</str>
		<str name="supLinkLbl_EXCEPTION_SNSERVER_TIMEOUT" translate="yes">
			<val>Kontakt kundestøtte</val>
		</str>
		<str name="supLinkLbl_EXCEPTION_INTERNAL_TIMEOUT" translate="yes">
			<val>Kontakt kundestøtte</val>
		</str>
		<str name="supLinkLbl_EXCEPTION_INTERNAL_SERVER_ERROR" translate="yes">
			<val>Kontakt kundestøtte</val>
		</str>
		<str name="supLinkLbl_EXCEPTION_SYSTEM_UNAVAILABLE_time" translate="yes">
			<val>Kontakt kundestøtte</val>
		</str>
		<str name="supLinkLbl_EXCEPTION_SYSTEM_UNAVAILABLE" translate="yes">
			<val>Kontakt kundestøtte</val>
		</str>
		<str name="supLinkLbl_EXCEPTION_COMPANY_CODE_MISMATCH" translate="yes">
			<val>Lær mer</val>
		</str>
		<str name="supLinkLbl_EXCEPTION_SUBSCRIPTION_ALREADY_CLAIMED_DIFF_ADOBEID" translate="yes">
			<val>Kontakt kundestøtte</val>
		</str>
		<str name="supLinkLbl_ERROR_WITH_INFO" translate="yes">
			<val>Kontakt kundestøtte</val>
		</str>
		<str name="supLinkLbl_GENERIC" translate="yes">
			<val>Kontakt kundestøtte</val>
		</str>


		<str name="supLinkURL_EXCEPTION_DECODE_FAILED" translate="yes">
			<val>http://www.adobe.com/go/support_no</val>
		</str>			
		<str name="supLinkURL_EXCEPTION_NO_SUCH_USER" translate="yes">
			<val>http://www.adobe.com/go/support_no</val>
		</str>		
		<str name="supLinkURL_EXCEPTION_INVALID_DATA" translate="yes">
			<val>http://www.adobe.com/go/support_no</val>
		</str>
		<str name="supLinkURL_EXCEPTION_SKU_LOOKUP_FAILED" translate="yes">
			<val>http://www.adobe.com/go/support_no</val>
		</str>		
		<str name="supLinkURL_EXCEPTION_AUTHENTICATION_TIMEOUT" translate="yes">
			<val>http://www.adobe.com/go/support_no</val>
		</str>
		<str name="supLinkURL_EXCEPTION_SNSERVER_TIMEOUT" translate="yes">
			<val>http://www.adobe.com/go/support_no</val>
		</str>
		<str name="supLinkURL_EXCEPTION_INTERNAL_TIMEOUT" translate="yes">
			<val>http://www.adobe.com/go/support_no</val>
		</str>
		<str name="supLinkURL_EXCEPTION_INTERNAL_SERVER_ERROR" translate="yes">
			<val>http://www.adobe.com/go/support_no</val>
		</str>
		<str name="supLinkURL_EXCEPTION_SYSTEM_UNAVAILABLE_time" translate="yes">
			<val>http://www.adobe.com/go/support_no</val>
		</str>
		<str name="supLinkURL_EXCEPTION_SYSTEM_UNAVAILABLE" translate="yes">
			<val>http://www.adobe.com/go/support_no</val>
		</str>
		<str name="supLinkURL_EXCEPTION_COMPANY_CODE_MISMATCH" translate="yes">
			<val>http://www.adobe.com/go/subscription_learnmore_no</val>
		</str>
		<str name="supLinkURL_EXCEPTION_SUBSCRIPTION_ALREADY_CLAIMED_DIFF_ADOBEID" translate="yes">
			<val>http://www.adobe.com/go/support_no</val>
		</str>
		<str name="supLinkURL_ERROR_WITH_INFO" translate="yes">
			<val>http://www.adobe.com/go/support_no</val>
		</str>
		<str name="supLinkURL_GENERIC" translate="yes">
			<val>http://www.adobe.com/go/support_no</val>
		</str>
		
		
		<str name="code_EXCEPTION_DECODE_FAILED" translate="yes">
			<val>Velg Lukk og start deretter produktet på nytt. Når du har startet det, blir du bedt om å starte abonnementet.</val>
		</str>			
		<str name="code_EXCEPTION_NO_SUCH_USER" translate="yes">
			<val>Velg Lukk og start deretter produktet på nytt. Når du har startet det, blir du bedt om å starte abonnementet.</val>
		</str>		
		<str name="code_EXCEPTION_INVALID_DATA" translate="yes">
			<val>Velg Lukk og start deretter produktet på nytt. Når du har startet det, blir du bedt om å starte abonnementet.</val>
		</str>
		<str name="code_EXCEPTION_SKU_LOOKUP_FAILED" translate="yes">
			<val>Velg Lukk og start deretter produktet på nytt. Når du har startet det, blir du bedt om å starte abonnementet.</val>
		</str>		
		<str name="code_EXCEPTION_AUTHENTICATION_TIMEOUT" translate="yes">
			<val>Vent litt og prøv på nytt.</val>
		</str>
		<str name="code_EXCEPTION_SNSERVER_TIMEOUT" translate="yes">
			<val>Vent litt og prøv på nytt.</val>
		</str>
		<str name="code_EXCEPTION_INTERNAL_TIMEOUT" translate="yes">
			<val>Vent litt og prøv på nytt.</val>
		</str>
		<str name="code_EXCEPTION_INTERNAL_SERVER_ERROR" translate="yes">
			<val>Vent litt og prøv på nytt.</val>
		</str>
		<str name="code_EXCEPTION_SYSTEM_UNAVAILABLE_time" translate="yes">
			<val>Serverne våre er for øyeblikket frakoblet på grunn av planlagt vedlikehold. Vi beklager forsinkelsen. Prøv på nytt {0}.</val>
		</str>
		<str name="code_EXCEPTION_SYSTEM_UNAVAILABLE" translate="yes">
			<val>Serverne våre er for øyeblikket frakoblet på grunn av planlagt vedlikehold. Vi beklager forsinkelsen. Prøv på nytt senere.</val>
		</str>
		<str name="code_EXCEPTION_COMPANY_CODE_MISMATCH" translate="yes">
			<val>Landet produktet ble kjøpt i, stemmer ikke overens med det registrerte landet på Adobe-kontoen. Prøv på nytt med en annen Adobe-ID.</val>
		</str>
		<str name="code_EXCEPTION_SUBSCRIPTION_ALREADY_CLAIMED_DIFF_ADOBEID" translate="yes">
			<val>Våre opplysninger tilsier at dette abonnementet er knyttet til en annen Adobe-ID. Logg på med Adobe-ID-en og passordet du brukte da du kjøpte abonnementet, og prøv på nytt. Ta kontakt med kundestøtte hvis problemet vedvarer.</val>
		</str>
		
		<str name="code_ESS_TIMEOUT" translate="yes">
			<val>Vent litt og prøv på nytt.</val>
		</str>
		<str name="code_ESS_FAILURE" translate="yes">
			<val>Vent litt og prøv på nytt.</val>
		</str>
		
		<str name="code_GENERIC" translate="yes">
			<val>Velg Lukk og start deretter produktet på nytt. Når du har startet det, blir du bedt om å starte abonnementet.</val>
		</str>
	</set>
	
	<set name="bonus">
		<str name="instruct" translate="yes">
			<val>Serienummeret som ble brukt for å aktivere dette produktet, er utløpt. Dette er siste mulighet til å starte produktet før det deaktiveres automatisk. Hvis du vil aktivere det på nytt, må du oppgi et nytt serienummer eller starte en prøveversjon neste gang du starter programmet.</val>
		</str>
		<str name="serial" translate="yes">
			<val>Serienummer for {0}</val>
		</str>
		<str name="purchase" translate="yes">
			<val>Et nytt serienummer kan kjøpes fra Adobe.com.</val>
		</str>
		<str name="agree" translate="yes">
			<val>I samsvar med lisensavtalen for programvaren vil det bli gjort forsøk på automatisk aktivering av programvaren via Internett. Se {0}www.adobe.com/activation{1} for mer informasjon.</val>
		</str>
		<str name="agreeLink" translate="yes">
			<val>http://www.adobe.com/go/activation_no</val>
		</str>
		<str name="supportLink" translate="yes">
			<val>http://www.adobe.com/go/support_no</val>
		</str>
	</set>	

	<set name="forced">
		<str name="title" translate="yes">
			<val>Aktivering kreves</val>
		</str>
		<str name="warning" translate="yes">
			<val>Kan ikke aktivere {0} på en Internett-tilkobling.</val>
		</str>
		<str name="instruct" translate="yes">
			<val>Aktivering kreves for at du skal kunne bruke programvaren, for å sikre at du har den ekte programvaren og for å beskytte systemet mot svindel og skadelig kode. Du kan aktivere produktet ved å påse at du er koblet til Internett, eller ved å følge ett av trinnene nedenfor.</val>
		</str>
		<str name="statement_days" translate="yes">
			<val>Du har {0} dager på å fullføre aktiveringen før produktet blir deaktivert.</val>
		</str>
		<str name="statement_last" translate="yes">
			<val>Dette er siste start av produktet før det blir deaktivert.</val>
		</str>
		<str name="statement_disabled" translate="yes">
			<val>Produktet har blitt deaktivert fordi det ikke ble aktivert.</val>
		</str>
		<str name="rb1" translate="yes">
			<val>Datamaskinen er tilkoblet Internett. Prøv å aktivere på nytt.</val>
		</str>
		<str name="rb2" translate="yes">
			<val>Datamaskinen kan ikke aktivere på Internett.</val>
		</str>
		<str name="rb3" translate="yes">
			<val>Prøv å aktivere på Internett neste gang jeg starter programmet.</val>
		</str>
		<str name="learn" translate="yes">
			<val>Finn ut mer om Adobes retningslinjer for aktivering på {0}adobe.com/go/activation_no{1}</val>
		</str>
		<str name="learnlink" translate="yes">
			<val>http://www.adobe.com/go/activation_no</val>
		</str>
		<str name="next" translate="yes">
			<val>NESTE</val>
		</str>
	</set>	

	<set name="phone">
		<str name="title" translate="yes">
			<val>Aktivering kreves</val>
		</str>
		<str name="instructRet" translate="yes">
			<val>Kontakt {0}kundestøtte{1} hvis du ikke får tilgang til Internett på denne datamaskinen.</val>
		</str>
		<str name="instructVol" translate="yes">
			<val>Få IT-ansvarlig til å kontakte {0}kundestøtte{1} for å aktivere denne datamaskinen.</val>
		</str>
		<str name="requireRet" translate="yes">
			<val>Oppgi følgende opplysninger til kundestøtterepresentanten.</val>
		</str>
		<str name="requireVol" translate="yes">
			<val>Be IT-ansvarlig om å oppgi følgende opplysninger til kundestøtte.</val>
		</str>
		<str name="problem" translate="yes">
			<val>Problem:</val>
		</str>
		<str name="license" translate="yes">
			<val>Lisens:</val>
		</str>
		<str name="detail1" translate="yes">
			<val>Detaljer 1:</val>
		</str>
		<str name="detail2" translate="yes">
			<val>Detaljer 2:</val>
		</str>
		<str name="serialRet" translate="yes">
			<val>Oppgi nummeret du fikk av kundestøtterepresentanten, hvis du fikk et.</val>
		</str>
		<str name="serialVol" translate="yes">
			<val>Oppgi nummeret du fikk av IT-ansvarlig, hvis du fikk et.</val>
		</str>
		<str name="learn" translate="yes">
			<val>Finn ut mer om Adobes retningslinjer for aktivering på {0}adobe.com/go/activation_no{1}</val>
		</str>
		<str name="learnlink" translate="yes">
			<val>http://www.adobe.com/go/activation_no</val>
		</str>
		<str name="back" translate="yes">
			<val>TILBAKE</val>
		</str>
		<str name="done" translate="yes">
			<val>FULLFØRT</val>
		</str>
	</set>
	
	<set name="subWelcome_1_2">
		<str name="info" translate="no">
			<val>To launch your product you will need a subscription serial number. Click SUBSCRIBE NOW if you are new to Creative Suite Subscriptions.</val>
		</str>
		<str name="current" translate="no">
			<val>Current Subscribers</val>
		</str>
		<str name="currentInfo" translate="no">
			<val>If you already have a Design Premium CS5 Subscription Edition serial number, please click NEXT to enter it and begin. All current subscribers of Design Premium CS4 Subscription Edition should have received an upgrade serial number via email.</val>
		</str>
		<str name="setUp" translate="no">
			<val>Set up your new subscription account</val>
		</str>
		<str name="billing" translate="no">
			<val>Subscription billing and management is handled through eSellerate, a third party provider.</val>
		</str>
		<str name="subscribeNow" translate="no">
			<val>SUBSCRIBE NOW</val>
		</str>
		<str name="newPurchase" translate="no">
			<val>All newly purchased subscriptions include a coupon code (located on the back of your disk) that you will be able to redeem to receive your first month of subscription for free.</val>
		</str>
		<str name="next" translate="no">
			<val>NEXT</val>
		</str>
		<str name="quit" translate="no">
			<val>QUIT</val>
		</str>
	</set>

	<set name="subMain_1_2">
		<str name="subscribeNow" translate="no">
			<val>SUBSCRIBE NOW</val>
		</str>
		<str name="buyLink" translate="no">
			<val>http://www.esellerate.net</val>
		</str>
		<str name="subscriptionInfo" translate="no">
			<val>Subscription billing and management is handled through eSellerate, a third party provider.</val>
		</str>
		<str name="expiredInfo" translate="no">
			<val>To use the product you will need to purchase a subscription through eSellerate.</val>
		</str>
	</set>
	
	<set name="claimResponse_1_2">
		<str name="code_" translate="no">
			<val></val>
		</str>
		<str name="code_EXCEPTION_DECODE_FAILED" translate="no">
			<val>Invalid serial number. Could not start your CS5 Design Premium subscription.</val>
		</str>
		<str name="code_EXCEPTION_NO_SUCH_USER" translate="no">
			<val>Could not start your CS5 Design Premium subscription. Try again later.</val>
		</str>
		<str name="code_EXCEPTION_INVALID_DATA" translate="no">
			<val>Could not start your CS5 Design Premium subscription. Try again later.</val>
		</str>
		<str name="code_EXCEPTION_WCD_TIMEOUT" translate="no">
			<val>Could not start your CS5 Design Premium subscription. Try again later.</val>
		</str>
		<str name="code_EXCEPTION_SNSERVER_TIMEOUT" translate="no">
			<val>Could not start your CS5 Design Premium subscription. Try again later.</val>
		</str>
		<str name="code_EXCEPTION_WCD_SESSION_TIMEOUT" translate="no">
			<val>Could not start your CS5 Design Premium subscription. Try again later.</val>
		</str>
		<str name="code_EXCEPTION_INTERNAL_TIMEOUT" translate="no">
			<val>Could not start your CS5 Design Premium subscription. Try again later.</val>
		</str>
		<str name="code_EXCEPTION_INTERNAL_SERVER_ERROR" translate="no">
			<val>Could not start your CS5 Design Premium subscription. Try again later.</val>
		</str>
		<str name="code_ESS_TIMEOUT" translate="no">
			<val>Could not start your CS5 Design Premium subscription. Try again later.</val>
		</str>
		<str name="code_ESS_FAILURE" translate="no">
			<val>Could not start your CS5 Design Premium subscription. Try again later.</val>
		</str>
		<str name="code_EXCEPTION_SYSTEM_UNAVAILABLE" translate="no">
			<val>We are currently undergoing maintenance. We apologize for this inconvenience. Please try again later to start your subscription.</val>
		</str>
	</set>

	<set name="subError_1_2">
		<str name="associateFailed" translate="no">
			<val>We are unable to activate your product at this time. You can hit the Back button to try to activate the product again, or to attempt to launch the product in trial mode.</val>
		</str>
		<str name="associateFailed_ID" translate="no">
			<val>We are unable to activate your product at this time. You can hit the Back button to try to activate the product again.</val>
		</str>
		<str name="assocUserNotAuthErr" translate="no">
			<val>The Adobe ID you entered is different than the Adobe ID used to originally activate this subscription. You can hit the Back button to try to activate the product again using a different Adobe ID, or to activate the product using a new subscription serial number.</val>
		</str>
		<str name="assocUserNotAuthErr_ID" translate="no">
			<val>The Adobe ID you entered is different than the Adobe ID used to originally activate this subscription. You can hit the Back button to try to activate the product again using a different Adobe ID.</val>
		</str>
		<str name="checkEntitlementFailed" translate="no">
			<val>We are unable to activate your product at this time. Please try again later.</val>
		</str>
		<str name="disAllIntervalErr" translate="no">
			<val>You have exceeded the maximum number of deactivation attempts allowed in this time period. Please try again later.</val>
		</str>
	</set>

	<set name="subExpired_1_2">
		<str name="instruct_exp" translate="no">
			<val>The serial number you used to purchase this product has expired. If you did not intend to let your Design Premium subscription expire, please call Adobe Customer Care at 
1800-614-863 to resolve the issue.</val>
		</str>
		<str name="instruct_bonus" translate="no">
			<val>The serial number you used to purchase this product has expired. This is your last opportunity to launch the product before it is automatically deactivated. To reactivate, you must provide a new serial number now. If not, your next launch will start  in trial mode and you can provide a new serial number at that time. If you did not intend to let your Design Premium subscription expire, please call Adobe Customer Care at 1800-614-863 to resolve the issue.</val>
		</str>
		<str name="serial" translate="no">
			<val>Serial number for {0}</val>
		</str>
		<str name="purchase" translate="no">
			<val>You can purchase a new subscription serial number through eSellerate, a third party provider.</val>
		</str>
		<str name="back" translate="no">
			<val>BACK</val>
		</str>
		<str name="continue" translate="no">
			<val>CONTINUE</val>
		</str>
		<str name="subscribeNow" translate="no">
			<val>SUBSCRIBE NOW</val>
		</str>
	</set>
	
	<set name="subOverAct_1_2">
		<str name="disassociate" translate="no">
			<val>Deactivate all computers and retry activation. You will be able to reactivate on one of your other computers by logging in with your Adobe ID at product launch.</val>
		</str>
		<str name="provide" translate="no">
			<val>Provide another serial number for this product.</val>
		</str>
		<str name="subscribeNow" translate="no">
			<val>SUBSCRIBE NOW</val>
		</str>
		<str name="back" translate="no">
			<val>BACK</val>
		</str>
		<str name="continue" translate="no">
			<val>CONTINUE</val>
		</str>
	</set>
	
	<set name="subConErr_1_2">
		<str name="title" translate="no">
			<val>Verifying Subscription Status</val>
		</str>
		<str name="progress" translate="no">
			<val>Verifying Subscription Status...</val>
		</str>
		<str name="contact" translate="no">
			<val>We need to contact Adobe Servers every thirty days to validate the status of your Design Premium subscription. In order to conduct this validation you must be connected to the internet. After we have verified your status, you can disconnect from the internet.</val>
		</str>
		<str name="contactExp" translate="no">
			<val>We need to contact Adobe Servers every thirty days to validate the status of your Design Premium subscription. In order to conduct this validation you must be connected to the internet. After we have verified your status, you can disconnect from the internet. If you do not successfully connect to the internet, this will be the last time you will be able to launch your product offline.</val>
		</str>
		<str name="error" translate="no">
			<val>Please connect to the Internet, then press Continue</val>
		</str>			
		<str name="assist" translate="no">
			<val>Connection Support</val>
		</str>			
		<str name="continue" translate="no">
			<val>CONTINUE</val>
		</str>
		<str name="assistlink" translate="no">
			<val>http://www.adobe.com</val>
		</str>
		<str name="continue" translate="no">
			<val>CONTINUE</val>
		</str>
	</set>
	
	<set name="dspReminder">
		<str name="reminder" translate="yes">
			<val>Abonnementspåminnelse</val>
		</str>
		<str name="grace" translate="yes">
			<val>Abonnement utløpt</val>
		</str>
		<str name="infoReminder" translate="yes">
			<val>Abonnementet utløper snart.</val>
		</str>
		<str name="infoGrace" translate="yes">
			<val>Abonnementet på {0} er utløpt.</val>
		</str>
		<str name="offline" translate="yes">
			<val>Kan ikke koble til Internett. Kontroller tilkoblingsinnstillingene, og velg Prøv på nytt.</val>
		</str>
		<str name="reminderPeriod" translate="yes">
			<val>Våre opplysninger tilsier at kredittkortet ikke er tilknyttet denne abonnementskontoen. Velg Forny for å oppgi et kredittkort og fornye abonnementet.</val>
		</str>
		<str name="reminderPeriodOffline" translate="yes">
			<val>Våre opplysninger tilsier at kredittkortet ikke er tilknyttet denne abonnementskontoen. Velg Forny for å oppgi et kredittkort og fornye abonnementet.</val>
		</str>
		<str name="gracePeriod" translate="yes">
			<val>Velg Forny for å fortsette å bruke produktet uten avbrudd. Du har anledning til å fornye abonnementet innen en kort periode, men når den er utløpt, vil du ikke lenger ha tilgang til produktet.</val>
		</str>
		<str name="gracePeriodOffline" translate="yes">
			<val>Du må ha en Internett-tilkobling som fungerer, for å kunne bruke dette produktet. Du har anledning til å fornye abonnementet innen en kort periode, men når den er utløpt, vil du ikke lenger ha tilgang til produktet.</val>
		</str>
		<str name="bonusPeriod" translate="yes">
			<val>Velg Forny for å fortsette å bruke produktet uten avbrudd. Du har ikke lenger tilgang til produktet med mindre du fornyer abonnementet. Hvis du nylig har fornyet abonnementet, venter du i minst 15 minutter og starter deretter produktet på nytt.</val>
		</str>
		<str name="viewPolicy" translate="yes">
			<val>Vis abonnementspolicy</val>
		</str>
		<str name="subPolicyLink" translate="yes">
			<val>http://www.adobe.com/go/subscription_policy_no</val>
		</str>
		<str name="subscriptionLink" translate="no">
			<val>http://www.adobe.com/go/subscriptionedition</val>
		</str>
		<str name="daysRemain" translate="yes">
			<val>DAGER GJENSTÅR</val>
		</str>
		<str name="daysRemainAlternate" translate="yes">
			<val>DAG GJENSTÅR</val>
		</str>
		<str name="later" translate="yes">
			<val>MINN MEG PÅ DETTE SENERE</val>
		</str>
		<str name="continue" translate="yes">
			<val>FORTSETT</val>
		</str>
		<str name="tryAgain" translate="yes">
			<val>PRØV PÅ NYTT</val>
		</str>
		<str name="renew" translate="yes">
			<val>FORNY</val>
		</str>
	</set>
	
	<set name="dspExpired">
		<str name="title" translate="yes">
			<val>Abonnement utløpt</val>
		</str>
		<str name="renewOption" translate="yes">
			<val>Forny abonnementet mitt på {0}</val>
		</str>
		<str name="renewMsg" translate="yes">
			<val>Velg Forny for å fortsette å bruke produktet uten avbrudd. Hvis du nylig har fornyet abonnementet, venter du i 15 minutter og prøver deretter på nytt.</val>
		</str>
		<str name="renewLinkText" translate="yes">
			<val>Forny</val>
		</str>
		<str name="renewLink" translate="no">
			<val>http://www.adobe.com/go/subscriptionedition</val>
		</str>
		<str name="serialOption" translate="yes">
			<val>Oppgi et nytt serienummer</val>
		</str>
		<str name="purchaseLinkText" translate="yes">
			<val>Kjøp Adobe-programvare</val>
		</str>
		<str name="serialError" translate="yes">
			<val>Serienummeret er ikke gyldig for dette produktet.</val>
		</str>
		<str name="locateTT" translate="yes">
			<val>Du finner serienummeret på baksiden av DVD-coveret, på lisenssertifikatet for Adobe Open Options eller på e-postkvitteringen fra Adobe.com Store (bare nedlastingskjøp).</val>
		</str>
		<str name="used" translate="yes">
			<val>Dette serienummeret brukes for følgende: {0}</val>
		</str>			
		<str name="agree" translate="yes">
			<val>I samsvar med lisensavtalen for programvaren vil det bli gjort forsøk på automatisk aktivering av programvaren via Internett. Se {0}www.adobe.com/activation{1} for mer informasjon.</val>
		</str>
		<str name="activationLink" translate="yes">
			<val>http://www.adobe.com/go/activation_no</val>
		</str>
		<str name="continue" translate="yes">
			<val>FORTSETT</val>
		</str>
		<str name="tryAgain" translate="yes">
			<val>PRØV PÅ NYTT</val>
		</str>
		<str name="quit" translate="yes">
			<val>AVSLUTT</val>
		</str>
	</set>
	
	<set name="dspOverActivation">
		<str name="title" translate="yes">
			<val>Aktivering</val>
		</str>
		<str name="limit" translate="yes">
			<val>{0} er allerede aktivert på en annen maskin</val>
		</str>
		<str name="alreadyActivated" translate="yes">
			<val>Våre opplysninger tilsier at dette produktet allerede er aktivert på en annen datamaskin. Velg Neste for å aktivere abonnementet ditt på denne maskinen og deaktivere det på en annen datamaskin.</val>
		</str>
		<str name="actPolicyLinkText" translate="yes">
			<val>Vis aktiveringspolicy</val>
		</str>
		<str name="actPolicyLink" translate="yes">
			<val>http://www.adobe.com/go/activation_no</val>
		</str>
		<str name="quit" translate="yes">
			<val>AVSLUTT</val>
		</str>
		<str name="next" translate="yes">
			<val>NESTE</val>
		</str>
	</set>
	
	<set name="dspUnableToActivate">
		<str name="title" translate="yes">
			<val>Aktivering</val>
		</str>
		<str name="failureMessage" translate="yes">
			<val>Vi kan ikke aktivere {0}</val>
		</str>
		<str name="labelHead" translate="yes">
			<val>Produktet må aktiveres for å kunne brukes</val>
		</str>
		<str name="message" translate="yes">
			<val>Du må ha en tilkobling til Internett som fungerer, for å kunne aktivere dette produktet. Kontroller tilkoblingsinnstillingene, og velg Prøv på nytt.</val>
		</str>
		<str name="activationMessage" translate="yes">
			<val>Hvis du vil lære mer om aktivering, kan du se {0}Adobes aktiveringspolicy{1}.</val>
		</str>
		<str name="activationLink" translate="yes">
			<val>http://www.adobe.com/go/activation_no</val>
		</str>
		<str name="quit" translate="yes">
			<val>AVSLUTT</val>
		</str>
		<str name="tryAgain" translate="yes">
			<val>PRØV PÅ NYTT</val>
		</str>
	</set>
	
	<set name="dspErrorTryAgain">
		<str name="title" translate="yes">
			<val>Prøv på nytt</val>
		</str>
		<str name="header" translate="yes">
			<val>Vi kan ikke starte abonnementet på {0}</val>
		</str>
		
		<str name="checkEntitlementGenericError_Title" translate="yes">
			<val>Kan ikke starte abonnementet på {0}</val>
		</str>
		<str name="checkEntitlementGenericError_Message" translate="yes">
			<val>Vent litt og prøv på nytt.</val>
		</str>
		<str name="checkEntitlementGenericError_LinkText" translate="yes">
			<val>Kontakt kundestøtte</val>
		</str>
		<str name="checkEntitlementGenericError_Link" translate="yes">
			<val>http://www.adobe.com/go/support_no</val>
		</str>
		<str name="checkEntitlementGenericError_Next" translate="yes">
			<val>PRØV PÅ NYTT</val>
		</str>
		<str name="checkEntitlementGenericError_Back" translate="yes">
			<val>LUKK</val>
		</str>
		
		<str name="checkEntitlementOfflineError_Title" translate="yes">
			<val>Du er ikke koblet til Internett</val>
		</str>
		<str name="checkEntitlementOfflineError_Message" translate="yes">
			<val>Du må være koblet til Internett for å kunne bruke dette produktet. Kontroller at nettverkstilkoblingen er aktiv, og klikk på knappen for å prøve på nytt. Ta kontakt med kundestøtte hvis problemet vedvarer.</val>
		</str>
		<str name="checkEntitlementOfflineError_LinkText" translate="yes">
			<val>Kontakt kundestøtte</val>
		</str>
		<str name="checkEntitlementOfflineError_Link" translate="yes">
			<val>http://www.adobe.com/go/support_no</val>
		</str>
		<str name="checkEntitlementOfflineError_Next" translate="yes">
			<val>PRØV PÅ NYTT</val>
		</str>
		<str name="checkEntitlementOfflineError_Back" translate="yes">
			<val>TILBAKE</val>
		</str>
		
		<str name="tryAgain" translate="yes">
			<val>PRØV PÅ NYTT</val>
		</str>
		<str name="close" translate="yes">
			<val>LUKK</val>
		</str>
	</set>
	
	<set name="dspVerified">
		<str name="title" translate="yes">
			<val>Takk!</val>
		</str>
		<str name="verified" translate="yes">
			<val>Abonnementet på {0} er nå aktivt. Velg Fortsett for å bruke produktet.</val>
		</str>
		<str name="continue" translate="yes">
			<val>FORTSETT</val>
		</str>
	</set>
	
	<set name="calendar">
		<str name="remaining" translate="yes">
			<val>{0} dager gjenstår</val>
		</str>
		<str name="remainingAlternate" translate="yes">
			<val>{0} dag gjenstår</val>
		</str>
	</set>
	
	<set name="dspPrescreenResponse">
		<str name="header_NOT_ENABLED" translate="yes">
			<val>Abonnementet på {0} er utløpt</val>
		</str>
		<str name="body_NOT_ENABLED" translate="yes">
			<val>Forny abonnementet, eller velg Tilbake for å angi et annet serienummer.</val>
		</str>
		<str name="linkText_NOT_ENABLED" translate="yes">
			<val>Forny abonnementet mitt</val>
		</str>
		<str name="link_NOT_ENABLED" translate="no">
			<val>http://www.adobe.com/go/subscriptionedition</val>
		</str>
		<str name="header_OFFLINE" translate="yes">
			<val>Kan ikke koble til Internett</val>
		</str>
		<str name="body_OFFLINE" translate="yes">
			<val>Du må ha en tilkobling til Internett som fungerer, for å kunne bruke dette produktet. Kontroller tilkoblingsinnstillingene, og velg Prøv på nytt. Hvis problemene vedvarer, tar du kontakt med kundestøtte.</val>
		</str>
		<str name="linkText_OFFLINE" translate="yes">
			<val>Kontakt kundestøtte</val>
		</str>
		<str name="link_OFFLINE" translate="yes">
			<val>http://www.adobe.com/go/support_no</val>
		</str>
		<str name="header_GENERIC_ERROR" translate="yes">
			<val>Vi kan ikke starte abonnementet på {0}</val>
		</str>
		<str name="body_GENERIC_ERROR" translate="yes">
			<val>Vent litt og prøv på nytt.</val>
		</str>
		<str name="linkText_GENERIC_ERROR" translate="yes">
			<val>Kontakt kundestøtte</val>
		</str>
		<str name="link_GENERIC_ERROR" translate="yes">
			<val>http://www.adobe.com/go/support_no</val>
		</str>
		<str name="back" translate="yes">
			<val>TILBAKE</val>
		</str>
		<str name="tryAgain" translate="yes">
			<val>PRØV PÅ NYTT</val>
		</str>
	</set>
	
	<set name="dspSuspended">
		<str name="title_actSuspended" translate="yes">
			<val>Aktivering</val>
		</str>
		<str name="header_actSuspended" translate="yes">
			<val>Vi kan ikke aktivere {0}</val>
		</str>
		<str name="msg1_actSuspended" translate="yes">
			<val>Datoen på systemet samsvarer ikke med datoen på serveren.</val>
		</str>
		<str name="msg2_actSuspended" translate="yes">
			<val>Dato for Adobe-server: {0}</val>
		</str>
		<str name="msg3_actSuspended" translate="yes">
			<val>Systemdatoen kan være opptil tre dager feil i forhold til datoen på Adobe-serveren. Kontroller datoinnstillingene på datamaskinen din, og velg Prøv på nytt. Hvis problemene vedvarer, tar du kontakt med kundestøtte.</val>
		</str>

		<str name="title_subSuspended" translate="yes">
			<val>Midlertidig deaktivering av abonnement</val>
		</str>
		<str name="header_subSuspended" translate="yes">
			<val>Abonnementet på {0} er midlertidig deaktivert</val>
		</str>
		<str name="msg1_subSuspended" translate="yes">
			<val>Datoen på systemet samsvarer ikke med datoen på serveren.</val>
		</str>
		<str name="msg2_subSuspended" translate="yes">
			<val>Dato for Adobe-server: {0}</val>
		</str>
		<str name="msg3_subSuspended" translate="yes">
			<val>Systemdatoen kan være opptil tre dager før eller etter datoen på Adobe-serveren. Kontroller datoinnstillingene på datamaskinen din, og velg Prøv på nytt. Hvis problemene vedvarer, tar du kontakt med kundestøtte.</val>
		</str>
		
		<str name="title_subWindback" translate="yes">
			<val>Midlertidig deaktivering av abonnement</val>
		</str>
		<str name="header_subWindback" translate="yes">
			<val>Abonnementet på {0} er midlertidig deaktivert</val>
		</str>
		<str name="msg1_subWindback" translate="yes">
			<val>Tidspunktet og datoen på datamaskinen er endret.</val>
		</str>
		<str name="msg3_subWindback" translate="yes">
			<val>Kontroller dato- og tidsinnstillingene på datamaskinen din, og velg Prøv på nytt. Hvis problemene vedvarer, tar du kontakt med kundestøtte.</val>
		</str>

		<str name="custSuppAsst" translate="yes">
			<val>Kontakt kundestøtte</val>
		</str>
		<str name="supportlink" translate="yes">
			<val>http://www.adobe.com/go/support_no</val>
		</str>
		<str name="actPolicyLinkText" translate="yes">
			<val>Vis aktiveringspolicy</val>
		</str>
		<str name="actPolicyLink" translate="yes">
			<val>http://www.adobe.com/go/activation_no</val>
		</str>
		<str name="quit" translate="yes">
			<val>AVSLUTT</val>
		</str>
		<str name="tryAgain" translate="yes">
			<val>PRØV PÅ NYTT</val>
		</str>
	</set>
	
	<set name="dateTimeFormats">
		<str name="dateFormat_Long" translate="yes">
			<val>{1}. {0} {2}</val>
		</str>
	</set>

	<set name="monthsFull">
		<str name="1" translate="yes">
			<val>jan</val>
		</str>
		<str name="2" translate="yes">
			<val>feb</val>
		</str>
		<str name="3" translate="yes">
			<val>mar</val>
		</str>
		<str name="4" translate="yes">
			<val>apr</val>
		</str>
		<str name="5" translate="yes">
			<val>mai</val>
		</str>
		<str name="6" translate="yes">
			<val>jun</val>
		</str>
		<str name="7" translate="yes">
			<val>jul</val>
		</str>
		<str name="8" translate="yes">
			<val>aug</val>
		</str>
		<str name="9" translate="yes">
			<val>sep</val>
		</str>
		<str name="10" translate="yes">
			<val>okt</val>
		</str>
		<str name="11" translate="yes">
			<val>nov</val>
		</str>
		<str name="12" translate="yes">
			<val>des</val>
		</str>
	</set>
	
	<set name="authProxy">
		<str name="instruct" translate="yes">
			<val>Oppgi brukernavn og passord for proxy-serveren:</val>
		</str>
		<str name="username" translate="yes">
			<val>Brukernavn:</val>
		</str>
		<str name="password" translate="yes">
			<val>Passord:</val>
		</str>
		<str name="remember" translate="yes">
			<val>Husk passordet</val>
		</str>
		<str name="fail" translate="yes">
			<val>Kan ikke godkjenne brukeren. Kontroller brukernavnet og passordet, og prøv på nytt.</val>
		</str>
		<str name="ok" translate="yes">
			<val>OK</val>
		</str>
		<str name="cancel" translate="yes">
			<val>AVBRYT</val>
		</str>
	</set>

	<set name="isoToLanguage">
								<str name="ar_AE" translate="no"><val>العربية</val></str>
		<str name="en_GB" translate="no"><val>English (International)</val></str> 
		<str name="fr_CA" translate="no"><val>Français canadien</val></str>
		<str name="es_QM" translate="no"><val>Español (Middle East)</val></str>
		<str name="es_LA" translate="no"><val>Español de América Latina</val></str>
		<str name="es_NA" translate="no"><val>Español Norteamericano</val></str>
		<str name="bg_BG" translate="no"><val>Български</val></str>
		<str name="lv_LV" translate="no"><val>Latviešu</val></str>
		<str name="et_EE" translate="no"><val>Eesti</val></str>
		<str name="hr_HR" translate="no"><val>hrvatski</val></str>
		<str name="sl_SI" translate="no"><val>slovenščina</val></str>
		<str name="sk_SK" translate="no"><val>slovenčina</val></str>
		<str name="th_TH" translate="no"><val>ภาษาไทย</val></str> 
		<str name="vi_VN" translate="no"><val>Việt</val></str>
		<str name="en_XC" translate="no"><val>English (Central Europe)</val></str> 
		<str name="en_XM" translate="no"><val>English (Middle East)</val></str>
		<str name="fr_XM" translate="no"><val>Français Oriental Moyen</val></str>
		<str name="sq_AL" translate="no"><val>Shqip</val></str> 
								<str name="ar_SA" translate="no"><val>العربية</val></str>
		<str name="be_BY" translate="no"><val>Беларуская</val></str> 
		<str name="ca_ES" translate="no"><val>Català</val></str> 
								<str name="hi_IN" translate="no"><val>हिन्दी</val></str>
		<str name="is_IS" translate="no"><val>Íslenska</val></str> 
		<str name="lt_LT" translate="no"><val>Lietuvių</val></str>
		<str name="mk_MK" translate="no"><val>македонски</val></str>
		<str name="nn_NO" translate="no"><val>Norsk (Nynorsk)</val></str>
		<str name="pt_PT" translate="no"><val>Português de Portugal</val></str> 
		<str name="sh_YU" translate="no"><val>Srpsko-Hrvatski</val></str> 
		<str name="sr_YU" translate="no"><val>Cрпски</val></str> 
		<str name="kk_KZ" translate="no"><val>Қазақ</val></str>
		<str name="az_AZ" translate="no"><val>Azərbaycan dili</val></str> 
		<str name="es_MX" translate="no"><val>Español (América Latina)</val></str>
		<str name="no_NO" translate="no"><val>Norwegian</val></str> 
		<str name="cs_CZ" translate="no"><val>Česky</val></str>
		<str name="de_DE" translate="no"><val>Deutsch</val></str>
		<str name="el_GR" translate="no"><val>Ελληνικά</val></str>
		<str name="en_US" translate="no"><val>English (North America)</val></str> 
		<str name="es_ES" translate="no"><val>Español</val></str> 
		<str name="fr_FR" translate="no"><val>Français</val></str>
								<str name="he_IL" translate="no"><val>עברית</val></str> 
		<str name="hu_HU" translate="no"><val>Magyar</val></str> 
		<str name="it_IT" translate="no"><val>Italiano</val></str>
		<str name="ja_JP" translate="no"><val>日本語</val></str>
		<str name="ko_KR" translate="no"><val>한국어</val></str>
		<str name="nl_NL" translate="no"><val>Nederlands</val></str>
		<str name="pl_PL" translate="no"><val>Polski</val></str>
		<str name="ro_RO" translate="no"><val>Română</val></str>
		<str name="ru_RU" translate="no"><val>Pусский</val></str>
		<str name="sv_SE" translate="no"><val>Svenska</val></str>
		<str name="tr_TR" translate="no"><val>Türkçe</val></str>
		<str name="uk_UA" translate="no"><val>Українська</val></str>
		<str name="zh_CN" translate="no"><val>简体中文</val></str>
		<str name="zh_TW" translate="no"><val>繁體中文</val></str>
		<str name="da_DK" translate="no"><val>Dansk</val></str>
		<str name="fi_FI" translate="no"><val>Suomi</val></str>
		<str name="nb_NO" translate="no"><val>Norsk (Bokmål)</val></str> 
		<str name="pt_BR" translate="no"><val>Português do Brasil</val></str>
	</set>
		
</asf>
