<?xml version='1.0' encoding='utf-8'?>
<!DOCTYPE asf SYSTEM "http://ns.adobe.com/asf/asf_1_0.dtd" >
<asf xmlns="http://ns.adobe.com/asf" locale="fr_FR" version="1.0">
	
	<set name="common">
		<str name="windowTitle" translate="yes">
			<val>Produit Adobe</val>
		</str>
		<str name="day" translate="yes">
			<val>jour</val>
		</str>
		<str name="days" translate="yes">
			<val>jours</val>
		</str>
	</set>
	
	<set name="eula">
		<str name="eula" translate="yes">
			<val>Contrat de licence du logiciel Adobe</val>
		</str>
		<str name="productLineMsg" translate="yes">
			<val>Ce contrat régit l’installation et l’utilisation des produits {0}, dont fait partie ce logiciel. Pour consulter les contrats que vous avez déjà acceptés, visitez la page {1}.</val>
		</str>
		<str name="eulaOnlineLink" translate="yes">
			<val>www.adobe.com/go/myaccount_fr</val>
		</str>
		<str name="eulaOnlineLinkGoURL" translate="yes">
			<val>http://www.adobe.com/go/adobemembership_fr</val>
		</str>
		<str name="accept" translate="yes">
			<val>Accepter</val>
		</str>
		<str name="quit" translate="yes">
			<val>Quitter</val>
		</str>		
	</set>

	<set name="register">
		<set name="trial">
			<set name="online">
				<str name="title" translate="yes">
					<val>Connexion requise</val>
				</str>
				<str name="titleMenuSignIn" translate="yes">
					<val>Connexion</val>
				</str>
				<str name="message" translate="yes">
					<val>Connectez-vous avec votre ID Adobe.</val>
				</str>
				<str name="message_device" translate="yes">
					<val>Connectez-vous avec votre ID Adobe : {0}.</val>
				</str>
				<str name="notYou" translate="yes">
					<val>(Autre ID Adobe ?)</val>
				</str>
				<str name="signInNow" translate="yes">
					<val>Se connecter maintenant</val>
				</str>
				<str name="signIn" translate="yes">
					<val>Se connecter</val>
				</str>
				<str name="termTitle" translate="yes">
					<val>Conditions générales du logiciel d’évaluation.</val>
				</str>
				<str name="termPara1" translate="yes">
					<val>Nous pouvons être amenés à vous demander des informations complémentaires afin d’adapter au mieux le contenu qui vous sera proposé. Vous pouvez désactiver cette fonctionnalité de contenu personnalisé à tout moment, via la section Paramètres de confidentialité de l’écran relatif à la version d’évaluation.</val>
				</str>
				<str name="termPara2" translate="yes">
					<val>Pour en savoir plus sur les données collectées concernant votre utilisation du produit et sur la manière dont Adobe exploite ces informations (notamment comment nous ciblons le contenu en fonction de vos intérêts), cliquez {0}ici{1} et reportez-vous à la {2}Politique de confidentialité en ligne d’Adobe{3}.</val>
				</str>
				<str name="privacyPortalLink" translate="yes">
					<val>http://www.adobe.com/go/adobe_privacy_portal_fr</val>
				</str>
				<str name="privacyPolicyLink" translate="yes">
					<val>http://www.adobe.com/go/privacy_fr</val>
				</str>
			</set>
		</set>
		
		<set name="subscription">
			<str name="title" translate="yes">
				<val>Connexion requise</val>
			</str>
			<str name="titleMenuSignIn" translate="yes">
				<val>Connexion</val>
			</str>			
			<str name="message" translate="yes">
				<val>Connectez-vous avec votre ID Adobe pour utiliser ce produit et accéder aux informations relatives à votre abonnement.</val>
			</str>
			<str name="userEmail" translate="yes">
				<val>Vous allez être connecté sous l’ID Adobe {0}.</val>
			</str>
			<str name="notYou" translate="yes">
				<val>(Autre ID Adobe ?)</val>
			</str>
			<str name="signInNow" translate="yes">
				<val>Se connecter maintenant</val>
			</str>
			<str name="signIn" translate="yes">
				<val>Se connecter</val>
			</str>
			<str name="back" translate="yes">
				<val>Retour</val>
			</str>
			<str name="signInLater" translate="yes">
				<val>Se connecter plus tard</val>
			</str>
		</set>
		
		<set name="signInForValidation">
			<str name="title" translate="yes">
				<val>Connexion requise</val>
			</str>	
			<str name="message" translate="yes">
				<val>Vous devez vous connecter avec votre ID Adobe pour activer ce logiciel.</val>
			</str>
			<str name="benefit" translate="yes">
				<val>Saisissez votre ID Adobe pour accéder à votre abonnement et enregistrer le produit.</val>
			</str>
			<str name="userEmail" translate="yes">
				<val>Vous allez être connecté avec l’ID Adobe {0}.</val>
			</str>
			<str name="notYou" translate="yes">
				<val>(Autre ID Adobe ?)</val>
			</str>
			<str name="signInNow" translate="yes">
				<val>Se connecter maintenant</val>
			</str>
			<str name="signIn" translate="yes">
				<val>Se connecter</val>
			</str>
			<str name="signInLater" translate="yes">
				<val>Se connecter plus tard</val>
			</str>	
		</set>
		
		<set name="serial">
			<set name="grace">
				<str name="title" translate="yes">
					<val>Connexion requise</val>
				</str>	
				<str name="titleMenuSignIn" translate="yes">
					<val>Connexion</val>
				</str>		
				<str name="message" translate="yes">
					<val>Vous devez vous connecter avec votre ID Adobe et enregistrer {0} dans un délai de {1}, sans quoi le produit cessera de fonctionner.</val>
				</str>
				<str name="benefit" translate="yes">
					<val>Saisissez votre ID Adobe pour accéder à votre abonnement et enregistrer le produit.</val>
				</str>
				<str name="userEmail" translate="yes">
					<val>Vous allez être connecté avec l’ID Adobe {0}.</val>
				</str>
				<str name="notYou" translate="yes">
					<val>(Autre ID Adobe ?)</val>
				</str>
				<str name="signInNow" translate="yes">
					<val>Se connecter maintenant</val>
				</str>
				<str name="signIn" translate="yes">
					<val>Se connecter</val>
				</str>
				<str name="signInLater" translate="yes">
					<val>Se connecter plus tard</val>
				</str>
				<str name="noInternet" translate="yes">
					<val>Problèmes de connexion à Internet ?</val>
				</str>
			</set>
			
			<set name="post_grace">
				<str name="title" translate="yes">
					<val>Connexion requise</val>
				</str>	
				<str name="titleMenuSignIn" translate="yes">
					<val>Connexion</val>
				</str>	
				<str name="message" translate="yes">
					<val>Vous devez vous connecter avec votre ID Adobe et enregistrer {0} avant la prochaine utilisation du logiciel.</val>
				</str>
				<str name="benefit" translate="yes">
					<val>Saisissez votre ID Adobe pour accéder à votre abonnement et enregistrer le produit.</val>
				</str>
				<str name="userEmail" translate="yes">
					<val>Vous allez être connecté avec l’ID Adobe {0}.</val>
				</str>
				<str name="notYou" translate="yes">
					<val>(Autre ID Adobe ?)</val>
				</str>
				<str name="signInNow" translate="yes">
					<val>Se connecter maintenant</val>
				</str>
				<str name="signIn" translate="yes">
					<val>Se connecter</val>
				</str>
				<str name="signInLater" translate="yes">
					<val>Se connecter plus tard</val>
				</str>
			</set>
		
			<set name="post_bonus">
				<str name="title" translate="yes">
					<val>Connexion requise</val>
				</str>	
				<str name="titleMenuSignIn" translate="yes">
					<val>Connexion</val>
				</str>		
				<str name="message" translate="yes">
					<val>Vous ne pouvez pas utiliser {0} tant que vous ne vous êtes pas connecté avec votre ID Adobe.</val>
				</str>
				<str name="benefit" translate="yes">
					<val>Saisissez votre ID Adobe pour accéder à votre abonnement et enregistrer le produit.</val>
				</str>
				<str name="userEmail" translate="yes">
					<val>Vous allez être connecté avec l’ID Adobe {0}.</val>
				</str>
				<str name="notYou" translate="yes">
					<val>(Autre ID Adobe ?)</val>
				</str>
				<str name="signInNow" translate="yes">
					<val>Se connecter maintenant</val>
				</str>
				<str name="signIn" translate="yes">
					<val>Se connecter</val>
				</str>
				<str name="quit" translate="yes">
					<val>Quitter</val>
				</str>
			</set>
		</set>
	
		<set name="exceptionScenarios">
			<set name="retail">
				<str name="title" translate="yes">
					<val>Connexion</val>
				</str>	
				<str name="message1" translate="yes">
					<val>Connectez-vous pour enregistrer le logiciel sous votre ID Adobe.</val>
				</str>
				<str name="message2" translate="yes">
					<val>Votre ID Adobe vous permet d’accéder facilement à votre abonnement, ainsi qu’à Adobe Creative Cloud et à la communauté Adobe.com.</val>
				</str>		
				<str name="userEmail" translate="yes">
					<val>Nous allons maintenant valider votre connexion et enregistrer ce logiciel sous l’ID Adobe {0}.</val>
				</str>
				<str name="notYou" translate="yes">
					<val>(Autre ID Adobe ?)</val>
				</str>
				<str name="signInNow" translate="yes">
					<val>Se connecter maintenant</val>
				</str>
				<str name="signIn" translate="yes">
					<val>Se connecter</val>
				</str>
			</set>		
			<set name="volume">
				<str name="title" translate="yes">
					<val>Connexion</val>
				</str>		
				<str name="message" translate="yes">
					<val>Votre ID Adobe vous permet d’accéder facilement à votre abonnement, ainsi qu’à Adobe Creative Cloud et à la communauté Adobe.com.</val>
				</str>		
				<str name="userEmail" translate="yes">
					<val>Vous allez être connecté sous l’ID Adobe {0}.</val>
				</str>
				<str name="notYou" translate="yes">
					<val>(Autre ID Adobe ?)</val>
				</str>
				<str name="signInNow" translate="yes">
					<val>Se connecter maintenant</val>
				</str>
				<str name="signIn" translate="yes">
					<val>Se connecter</val>
				</str>
			</set>
		</set>	
	</set>
	
	<set name="trialLaunch">
		<str name="title" translate="yes">
			<val>Eval. {0}</val>
		</str>
		
		<set name="start">
			<str name="info" translate="yes">
				<val>Vous pouvez tester ce produit pendant {0} jours.</val>
			</str>
			<str name="info_day" translate="yes">
				<val>Vous pouvez tester ce produit pendant {0} jour.</val>
			</str>
			<str name="additionalInfo" translate="yes">
				<val>Vous pouvez continuer à utiliser {0} après la fin de la période d’évaluation en achetant le logiciel.</val>
			</str>
		</set>
		
		<set name="grace">
			<str name="info" translate="yes">
				<val>Votre version d’évaluation expirera dans {0} jours.</val>
			</str>
			<str name="info_day" translate="yes">
				<val>Votre version d’évaluation expirera dans {0} jour.</val>
			</str>
			<str name="additionalInfo" translate="yes">
				<val>Vous pouvez continuer à utiliser {0} après la fin de la période d’évaluation en achetant le logiciel.</val>
			</str>
		</set>
		
		<set name="bonus">
			<str name="info" translate="yes">
				<val>Dernier lancement de la version d’évaluation</val>
			</str>
			<str name="additionalInfo" translate="yes">
				<val>Votre version d’évaluation a expiré, mais vous pouvez utiliser {0} une dernière fois.</val>
			</str>
			<str name="bonusInfo" translate="yes">
				<val>Vous pouvez continuer à utiliser {0} en achetant le logiciel.</val>
			</str>
		</set>
		
		<set name="expired">
			<str name="info" translate="yes">
				<val>Votre version d’évaluation a expiré.</val>
			</str>
			<str name="additionalInfo" translate="yes">
				<val>Vous pouvez continuer à utiliser {0} en achetant le logiciel.</val>
			</str>
		</set>
		
		<str name="daysRemaining" translate="yes">
			<val>Jours restants</val>
		</str>
		<str name="dayRemaining" translate="yes">
			<val>Jour restant</val>
		</str>
		<str name="buy" translate="yes">
			<val>Acheter maintenant</val>
		</str>
		<str name="buyLink" translate="no">
			<val>http://www.adobe.com/go/buy</val>
		</str>
		<str name="join" translate="yes">
			<val>Activer maintenant</val>
		</str>
		<str name="joinLink" translate="yes">
			<val>http://www.adobe.com/go/cc_plans_fr</val>
		</str>
		<str name="continue" translate="yes">
			<val>Poursuivre l’évaluation</val>
		</str>
		<str name="startTrial" translate="yes">
			<val>Lancer la version d’évaluation</val>
		</str>
		<str name="enterSerial" translate="yes">
			<val>Activer la licence de ce logiciel</val>
		</str>		
	</set>
	
	<set name="deactivate">
		<str name="title" translate="yes">
			<val>Déconnexion</val>
		</str>
		<str name="title_Fail" translate="yes">
			<val>Echec de la déconnexion</val>
		</str>
		<str name="infoSubscription" translate="yes">
			<val>La désactivation de l’application ne change pas votre abonnement. Pour modifier votre abonnement, reportez-vous au {0}Gestionnaire d’abonnements{1}.</val>
		</str>
		<str name="infoSubscriptionCCMTeam" translate="yes">
			<val>Le fait de désactiver l’application n’a pas d’incidence sur votre abonnement.</val>
		</str>
		<str name="adobeIDMessage" translate="yes">
			<val>Vous êtes actuellement connecté avec l’identifiant {0}.</val>
		</str>
		<str name="message1" translate="yes">
			<val>Le fait de vous déconnecter vous permet d’activer vos produits Adobe sur un autre ordinateur ou périphérique, à condition de respecter le {0}Contrat de licence du logiciel{1}. Vérifiez que vous avez accès à Internet avant de vous déconnecter.</val>
		</str>
		<str name="message2" translate="yes">
			<val>Si vous vous déconnectez, le ou les logiciels suivants seront désactivés sur cette machine jusqu’à votre prochaine connexion.</val>
		</str>
		<str name="messageSubscription" translate="yes">
			<val>La désactivation vous permet d’activer vos produits Adobe sur un autre ordinateur, à condition de respecter le {0}Contrat de licence du logiciel{1}. Vérifiez que vous êtes connecté à Internet avant de procéder à la désactivation.</val>
		</str>
		<str name="deActivationMsgError" translate="yes">
			<val>Si ce problème persiste, contactez le {0}Service clientèle{1}. {2}</val>
		</str>
		<str name="customerSupportLink" translate="yes">
			<val>http://www.adobe.com/go/customer_support_fr</val>
		</str>
		<str name="eula_Link" translate="yes">
			<val>http://www.adobe.com/go/eulas_fr</val>
		</str>
		<str name="failure" translate="yes">
			<val>La désactivation a échoué. Veuillez réessayer.</val>
		</str>
		<str name="deactivate" translate="yes">
			<val>Se déconnecter</val>
		</str>		
		<str name="cancel" translate="yes">
			<val>Annuler</val>
		</str>
		<str name="continue" translate="yes">
			<val>Continuer</val>
		</str>
		
		<str name="offline" translate="yes">
			<val>Connectez-vous à Internet et réessayez.</val>
		</str>		
		<str name="offlineMsg" translate="yes">
			<val>Déconnexion impossible. Vérifiez que vous avez accès à Internet et réessayez. Si le problème persiste, contactez le {0}Service clientèle{1}.</val>
		</str>	
		<str name="customerSupportLink" translate="yes">
			<val>http://www.adobe.com/go/customer_support_fr</val>
		</str>
	</set>
	
	<set name="trialFailed">
		<str name="title" translate="yes">
			<val>Echec d’initialisation de la version d’évaluation</val>
		</str>
		<str name="warning" translate="yes">
			<val>La licence a cessé de fonctionner.</val>
		</str>
		<str name="message" translate="yes">
			<val>Un problème est survenu au niveau de l’activation de la licence de ce produit. Réinstallez le produit, puis réessayez. Si le problème persiste après la réinstallation, contactez le {0}Service clientèle{1} pour obtenir de l’aide.</val>
		</str>
		<str name="customerSupportLink" translate="yes">
			<val>http://www.adobe.com/go/customer_support_fr</val>
		</str>
		<str name="close" translate="yes">
			<val>Fermer</val>
		</str>
		<str name="enterSerial" translate="yes">
			<val>Activer la licence de ce logiciel</val>
		</str>
	</set>
	
	<set name="validateSerial">
		<str name="title" translate="yes">
			<val>Validation du numéro de série</val>
		</str>
		
		<set name="grace">
			<str name="message" translate="yes">
				<val>Connectez-vous à Internet pour valider votre numéro de série.</val>
			</str>
		</set>
		<str name="noInternet" translate="yes">
			<val>Problèmes de connexion à Internet ?</val>
		</str>
		<str name="validate" translate="yes">
			<val>Valider</val>
		</str>
		<str name="connectLater" translate="yes">
			<val>Se connecter plus tard</val>
		</str>
		<str name="quit" translate="yes">
			<val>Quitter</val>
		</str>
	</set>
	
	<set name="offlineScrim">
		<str name="title" translate="yes">
			<val>Connectez-vous à Internet et réessayez.</val>
		</str>
		<str name="message" translate="yes">
			<val>Votre ordinateur semble être hors ligne. Une connexion à Internet est requise. Connectez-vous à Internet et réessayez. Si le problème persiste, contactez le {0}Service clientèle{1}.</val>
		</str>
		<str name="offlineActivationMsg" translate="yes">
			<val>Si cet ordinateur ne peut pas accéder à Internet, consultez la page {0} à partir d’un périphérique connecté à Internet pour obtenir plus d’informations.</val>
		</str>
		<str name="offlineActivationLink" translate="yes">
			<val>http://www.adobe.com/go/getactivated_fr</val>
		</str>
		<str name="customerSupportLink" translate="yes">
			<val>http://www.adobe.com/go/customer_support_fr</val>
		</str>
		<str name="retry" translate="yes">
			<val>Réessayer</val>
		</str>
		<str name="connectLater" translate="yes">
			<val>Se connecter plus tard</val>
		</str>
		<str name="cancel" translate="yes">
			<val>Annuler</val>
		</str>
	</set>
	
	<set name="dspEntitlementOfflineScrim">
		<str name="title" translate="yes">
			<val>Connexion Internet requise pour les abonnements</val>
		</str>
		<str name="message" translate="yes">
			<val>Vous devez disposer d’une connexion Internet pour activer un abonnement. Si vous êtes abonné, connectez-vous à Internet et cliquez sur Réessayer.</val>
		</str>
		<str name="serialInfo" translate="yes">
			<val>Si vous disposez d’un numéro de série, cliquez sur Entrer un numéro de série afin de continuer.</val>
		</str>
		<str name="retry" translate="yes">
			<val>Réessayer</val>
		</str>
		<str name="enterSerialNumber" translate="yes">
			<val>Entrer un numéro de série</val>
		</str>
		<str name="cancel" translate="yes">
			<val>Retour</val>
		</str>
	</set>
	
	<set name="screenLoading">
		<str name="loading" translate="yes">
			<val>Chargement en cours...</val>
		</str>
		<str name="validatingSerial" translate="yes">
			<val>Validation du numéro de série. Cette opération peut prendre quelques secondes...</val>
		</str>
		<str name="checkCall" translate="yes">
			<val>Validation de l’état de la licence en ligne. Cette opération peut prendre quelques secondes...</val>
		</str>
		<str name="autoprovisionTrial" translate="yes">
			<val>Validation de la licence du logiciel...</val>
		</str>
		<str name="activation" translate="yes">
			<val>Validation de la licence du logiciel en cours. Cette opération peut prendre quelques secondes...</val>
		</str>
		<str name="dbaLicenseCheck" translate="yes">
			<val>Vérification de la licence en cours. Cette opération peut prendre quelques secondes...</val>
		</str>
	</set>
	
	<set name="overActivation">
		<str name="title" translate="yes">
			<val>Numéro de série</val>
		</str>
		<str name="stepMessage" translate="yes">
			<val>Ce numéro de série {0} est déjà utilisé par le nombre maximum d’ordinateurs autorisés. Vous devez désactiver un autre ordinateur dans un délai de {1} jours pour pouvoir utiliser ce produit.</val>
		</str>
		<str name="stepMessageOneDay" translate="yes">
			<val>Ce numéro de série {0} est déjà utilisé par le nombre maximum d’ordinateurs autorisés. Vous devez désactiver un autre ordinateur dans un délai d’1 jour pour pouvoir utiliser ce produit.</val>
		</str>
		<str name="stepMessageBonusLaunch" translate="yes">
			<val>Ce numéro de série {0} est déjà utilisé par le nombre maximum d’ordinateurs autorisés. Vous devez désactiver un autre ordinateur ou indiquer un autre numéro de série valide pour pouvoir de nouveau utiliser {1} sur cet ordinateur.</val>
		</str>
		<str name="radioButton1" translate="yes">
			<val>Relancer l’activation. J’ai déjà désactivé l’un de mes autres ordinateurs.</val>
		</str>
		<str name="radioButton2" translate="yes">
			<val>Indiquer un autre numéro de série.</val>
		</str>
		<str name="continue" translate="yes">
			<val>Continuer</val>
		</str>
	</set>
	<set name="overActivationPOSA">
		<str name="title" translate="yes">
			<val>Nombre maximum d’activations dépassé</val>
		</str>
		<str name="warning" translate="yes">
			<val>Impossible d’activer le logiciel sur cet ordinateur ou ce périphérique.</val>
		</str>
		<str name="info" translate="yes">
			<val>Cet ID Adobe {0} a déjà été utilisé pour se connecter et pour activer le logiciel sur deux ordinateurs ou périphériques différents.</val>
		</str>
		<str name="message" translate="yes">
			<val>Pour réessayer, désactivez l’un de vos autres ordinateurs ou périphériques dans un délai de {0} jours. </val>
		</str>
		<str name="messageOneDay" translate="yes">
			<val>Pour réessayer, désactivez l’un de vos autres ordinateurs ou périphériques dans un délai d’1 jour. </val>
		</str>
		<str name="messageBonusLaunch" translate="yes">
			<val>Pour réessayer, désactivez l’un de vos autres ordinateurs ou périphériques dès maintenant. </val>
		</str>
		<str name="messageExpired" translate="yes">
			<val>Pour réessayer, désactivez l’un de vos autres ordinateurs ou périphériques dès maintenant. </val>
		</str>
		<str name="HaveAnotherAdobeID" translate="yes">
			<val>Autre ID Adobe ?</val>
		</str>
		<str name="supportMessage" translate="yes">
			<val>Si le problème persiste, contactez le {0}Service clientèle{1}. </val>
		</str>
		<str name="customerSupportLink" translate="yes">
			<val>http://www.adobe.com/go/customer_support_fr</val>
		</str>
		<str name="retry" translate="yes">
			<val>Réessayer</val>
		</str>
		<str name="cancel" translate="yes">
			<val>Annuler</val>
		</str>
		<str name="quit" translate="yes">
			<val>Quitter</val>
		</str>
	</set>
	
	<set name="activationFailure">
		<str name="title" translate="yes">
			<val>Echec de l’activation</val>
		</str>
		<str name="activationStepError" translate="yes">
			<val>Impossible d’activer {0}.</val>
		</str>
		<str name="activationMsgError" translate="yes">
			<val>Vérifiez vos paramètres de connexion à Internet et réessayez. Si le problème persiste, contactez le {0}Service clientèle{1}. {2}</val>
		</str>
		<str name="customerSupportLink" translate="yes">
			<val>http://www.adobe.com/go/customer_support_fr</val>
		</str>
		<str name="close" translate="yes">
			<val>Fermer</val>
		</str>
		<str name="retry" translate="yes">
			<val>Réessayer</val>
		</str>
	</set>
	<set name="activationRequired">
		<str name="title" translate="yes">
			<val>Activation requise</val>
		</str>
		<str name="activationMsgOneDay" translate="yes">
			<val>Connectez-vous à Internet. Vous devez activer {0} dans un délai d’un jour, sans quoi le produit cessera de fonctionner.</val>
		</str>
		<str name="activationMsg" translate="yes">
			<val>Connectez-vous à Internet. Vous devez activer {0} dans un délai de {1} jours, sans quoi le produit cessera de fonctionner.</val>
		</str>
		<str name="activationMsgBonus" translate="yes">
			<val>Connectez-vous à Internet. Vous devez impérativement activer {0} aujourd’hui, sans quoi le produit cessera de fonctionner.</val>
		</str>
		<str name="activateLater" translate="yes">
			<val>Activer plus tard</val>
		</str>
		<str name="retry" translate="yes">
			<val>Activer maintenant</val>
		</str>
	</set>
	<set name="licenseMismatch">
			<str name="title" translate="yes">
				<val>Incompatibilité de licence</val>
			</str>
			<str name="warning" translate="yes">
				<val>Le logiciel installé sur cet ordinateur comporte des fonctionnalités supplémentaires ne pouvant être utilisées avec votre licence actuelle.</val>
			</str>
			<str name="message" translate="yes">
				<val>Pour utiliser ce logiciel, suivez les instructions ci-dessous afin de télécharger et d’installer une version perpétuelle du produit :</val>
			</str>
			<str name="point1" translate="yes">
				<val>1. Désinstaller le produit correspondant à un abonnement.</val>
			</str>
			<str name="point2" translate="yes">
				<val>2.	Télécharger {0} depuis {1}www.adobe.com{2}</val>
			</str>
			<str name="point3" translate="yes">
				<val>3. Installer le produit {0} téléchargé depuis adobe.com</val>
			</str>
			<str name="ok" translate="yes">
				<val>OK</val>
			</str>
			<str name="adobeLnk" translate="yes">
				<val>http://www.adobe.com/go/downloads_fr</val>
			</str>
		</set>
	
	<set name="confirmationDialog">
		<str name="title" translate="yes">
			<val>Quitter</val>
		</str>
		<str name="message" translate="yes">
			<val>Voulez-vous vraiment quitter le programme ?</val>
		</str>
		<str name="primaryButtonLabel" translate="yes">
			<val>Oui</val>
		</str>
		<str name="secondaryButtonLabel" translate="yes">
			<val>Non</val>
		</str>
	</set>
	
	<set name="inAppTrials">
		<str name="loading" translate="yes">
			<val>Chargement en cours...</val>
		</str>
		<str name="title" translate="yes">
			<val>Eval. {0}</val>
		</str>
		<str name="continue" translate="yes">
			<val>Poursuivre l’évaluation</val>
		</str>
		<str name="startTrial" translate="yes">
			<val>Lancer la version d’évaluation</val>
		</str>
		<str name="enterSerial" translate="yes">
			<val>Activer la licence de ce logiciel</val>
		</str>
		<str name="privacySettings" translate="yes">
			<val>Paramètres de confidentialité</val>
		</str>
		<str name="tutorialsList" translate="yes">
			<val>{0} sur {1}</val>
		</str>
		<str name="videoLoadingError" translate="yes">
			<val>Erreur de chargement de la vidéo.</val>
		</str>
		<str name="tryAgain" translate="yes">
			<val>Réessayer</val>
		</str>
		<str name="exitFullScreen" translate="yes">
			<val>Appuyez sur Echap pour quitter le mode Plein écran.</val>
		</str>
		<str name="okay" translate="yes">
			<val>OK</val>
		</str>
		<str name="cancel" translate="yes">
			<val>Annuler</val>
		</str>
		<str name="privacyText" translate="yes">
			<val>Nous pouvons être amenés à vous demander des informations complémentaires, par exemple votre niveau d’expérience avec les logiciels, pour adapter au mieux le contenu qui vous sera proposé.</val>
		</str>
		<str name="privacyPolicyText" translate="yes">
			<val>Pour en savoir plus sur les données collectées concernant votre utilisation du produit et sur la manière dont Adobe exploite ces informations (notamment comment nous ciblons le contenu en fonction de vos intérêts), {0}cliquez ici{1} et reportez-vous à la {2}Politique de confidentialité en ligne d’Adobe{3}.</val>
		</str>
		<str name="optInText" translate="yes">
			<val>Désactiver l’affichage du contenu personnalisé de la version d’évaluation. Aucun contenu personnalisé ne sera disponible lors du prochain lancement de la version d’évaluation.</val>
		</str>
		<str name="privacyPortalLink" translate="yes">
			<val>http://www.adobe.com/go/adobe_privacy_portal_fr</val>
		</str>
		<str name="privacyPolicyLink" translate="yes">
			<val>http://www.adobe.com/go/privacy_fr</val>
		</str>		
		
	</set>
	
	<set name="noInternetConnection">
		<str name="title" translate="yes">
			<val>Pas de connexion Internet</val>
		</str>
		<str name="para1" translate="yes">
			<val>Aucune connexion Internet détectée sur cette machine.</val>
		</str>
		<str name="para2" translate="yes">
			<val>L’activation et l’enregistrement sont obligatoires et doivent impérativement être effectués dans un délai de {0} jours. Si cet ordinateur peut se connecter à Internet, la procédure ne prend que quelques minutes.</val>
		</str>
		<str name="para2_day" translate="yes">
			<val>L’activation et l’enregistrement sont obligatoires et doivent impérativement être effectués dans un délai d’un jour. Si cet ordinateur peut se connecter à Internet, la procédure ne prend que quelques minutes.</val>
		</str>
		<str name="para2_end" translate="yes">
			<val>L’activation et l’enregistrement sont obligatoires et doivent impérativement être effectués. Si cet ordinateur peut se connecter à Internet, la procédure ne prend que quelques minutes.</val>
		</str>
		<str name="para2_optional" translate="yes">
			<val>L’activation est obligatoire et doit impérativement être effectuée dans un délai de {0} jours. Si cet ordinateur peut être connecté à Internet, la procédure ne prend que quelques minutes.</val>
		</str>
		<str name="para2_day_optional" translate="yes">
			<val>L’activation est obligatoire et doit impérativement être effectuée dans un délai d’1 jour. Si cet ordinateur peut être connecté à Internet, la procédure ne prend que quelques minutes.</val>
		</str>
		<str name="para2_end_optional" translate="yes">
			<val>L’activation est obligatoire et doit impérativement être effectuée. Si cet ordinateur peut être connecté à Internet, la procédure ne prend que quelques minutes.</val>
		</str>
		<str name="para3" translate="yes">
			<val>Si cet ordinateur ne peut pas être connecté à Internet, cliquez sur Activation hors ligne. Vous aurez besoin d’un périphérique doté d’un accès Internet et du numéro de série de votre produit pour procéder à l’activation de votre logiciel hors ligne.</val>
		</str>
		<str name="para3_optional" translate="yes">
			<val>Si cet ordinateur n’est jamais connecté à Internet, cliquez sur Activation hors ligne. Vous aurez besoin d’un périphérique doté d’un accès Internet et du numéro de série de votre produit pour effectuer la procédure d’activation hors ligne.</val>
		</str>
		<str name="hyperlinkText" translate="yes">
			<val>Cet ordinateur est connecté à Internet. Je ne comprends pas d’où vient le problème.</val>
		</str>
		<str name="hyperlinkTooltipText" translate="yes">
			<val>Contactez votre administrateur ou adressez-vous au service clientèle Adobe.</val>
		</str>
		<str name="offlineActivate" translate="yes">
			<val>Activation hors ligne</val>
		</str>
		<str name="back" translate="yes">
			<val>Retour</val>
		</str>
	</set>
	
	<set name="offlineActivation">
		<str name="title" translate="yes">
			<val>Activation hors ligne</val>
		</str>
		<set name="StepError">
			<str name="requestCodeExpired" translate="yes">
				<val>Le code de demande {0} a expiré. Suivez la procédure ci-dessous pour effectuer l’activation hors ligne.</val>
			</str>
			<str name="requestCodeGenError" translate="yes">
				<val>Impossible de générer un code de demande. Veuillez réessayer ultérieurement.</val>
			</str>
		</set>
		<str name="para1" translate="yes">
			<val>1. Cliquez sur Générer un code de demande ci-dessous. Ce code est propre à chaque machine et reste valable pendant 72 heures. Si vous n’effectuez pas la procédure dans un délai de 72 heures, il vous suffit de redemander un autre code.</val>
		</str>
		<str name="para2" translate="yes">
			<val>2. Sur votre périphérique connecté à Internet, accédez à la page Adobe.com/go/getactivated_fr.</val>
		</str>
		<str name="para3" translate="yes">
			<val>3. A l’invite, entrez le code obtenu à l’étape 1 ainsi que votre numéro de série. Le système génère alors un code de réponse.</val>
		</str>
		<str name="para4" translate="yes">
			<val>4. Entrez le code de réponse sur votre machine hors ligne, puis cliquez sur Activer.</val>
		</str>
		<str name="para5" translate="yes">
			<val>Cliquez sur Retour pour activer votre logiciel en ligne.</val>
		</str>
		<str name="hyperlinkText" translate="yes">
			<val>Je souhaite accélérer la procédure d’activation en passant en ligne.</val>
		</str>
		<str name="back" translate="yes">
			<val>Retour</val>
		</str>
		<str name="activateLater" translate="yes">
			<val>Activer plus tard</val>
		</str>
		<str name="quit" translate="yes">
			<val>Quitter</val>
		</str>
		<str name="generateRequestCode" translate="yes">
			<val>Générer un code de demande</val>
		</str>
		<str name="customerSupportLink" translate="yes">
			<val>http://www.adobe.com/go/customer_support_fr</val>
		</str>
	</set>
	
	<set name="offlineActivationCode">
		<str name="title" translate="yes">
			<val>Activation hors ligne</val>
		</str>
		<set name="StepError">
			<str name="invalidResponseCode" translate="yes">
				<val>Le code de réponse saisi n’est pas valide. Veuillez le saisir à nouveau.</val>
			</str>
			<str name="requestCodeExpired" translate="yes">
				<val>Le code de demande {0} a expiré. Suivez la procédure ci-dessous pour effectuer l’activation hors ligne.</val>
			</str>
			<str name="verifyError" translate="yes">
				<val>Impossible de vérifier le code de réponse saisi. Veuillez réessayer.</val>
			</str>
		</set>
		<str name="requestCode" translate="yes">
			<val>Code de demande :</val>
		</str>
		<str name="para1" translate="yes">
			<val>Vous disposez de {0} pour obtenir un code de réponse auprès du site www.adobe.com/go/getactivated_fr puis le saisir dans le champ ci-dessous.</val>
		</str>
		<str name="responseCode" translate="yes">
			<val>Code de réponse :</val>
		</str>
		<str name="hyperlinkText" translate="yes">
			<val>Je souhaite accélérer la procédure d’activation en passant en ligne.</val>
		</str>
		<str name="back" translate="yes">
			<val>Retour</val>
		</str>
		<str name="activateLater" translate="yes">
			<val>Activer plus tard</val>
		</str>
		<str name="quit" translate="yes">
			<val>Quitter</val>
		</str>
		<str name="activate" translate="yes">
			<val>Activer</val>
		</str>
		<str name="hour" translate="yes">
			<val>heure</val>
		</str>
		<str name="hours" translate="yes">
			<val>heures</val>
		</str>
		<str name="customerSupportLink" translate="yes">
			<val>http://www.adobe.com/go/customer_support_fr</val>
		</str>
	</set>
	
	<set name="offlineActivationComplete">
		<str name="title" translate="yes">
			<val>Activation hors ligne terminée</val>
		</str>
		<str name="message" translate="yes">
			<val>{0} a été activé et est prêt à l’emploi.</val>
		</str>
		<str name="close" translate="yes">
			<val>Fermer</val>
		</str>
		<str name="launch" translate="yes">
			<val>Lancer</val>
		</str>
	</set>
	
	<set name="unableToActivate">
		<str name="title" translate="yes">
			<val>Echec de l’activation</val>
		</str>
		<str name="warning" translate="yes">
			<val>Impossible d’activer {0}.</val>
		</str>
		<str name="para1" translate="yes">
			<val>Vous devez impérativement activer le produit pour pouvoir l’utiliser.</val>
		</str>
		<str name="para2" translate="yes">
			<val>Vous devez disposer d’une connexion Internet active pour activer ce produit. Vérifiez vos paramètres de connexion, puis cliquez sur Réessayer.</val>
		</str>
		<str name="tryAgain" translate="yes">
			<val>Réessayer</val>
		</str>
		<str name="close" translate="yes">
			<val>Fermer</val>
		</str>
		<str name="noInternet" translate="yes">
			<val>Problèmes de connexion à Internet ?</val>
		</str>
	</set>
	
	<set name="dspSubscriptionActivated">
		<str name="title" translate="yes">
			<val>Merci</val>
		</str>
		<str name="message" translate="yes">
			<val>{0} est désormais sous licence pour {1}. Cliquez sur Continuer pour profiter du logiciel.</val>
		</str>
		<str name="continue" translate="yes">
			<val>Continuer</val>
		</str>
	</set>
	<set name="dspSubscriptionActivatedForTrial">
		<str name="title" translate="yes">
			<val>Merci</val>
		</str>
		<str name="message" translate="yes">
			<val>Félicitations, vous avez acheté {0} avec votre ID Adobe {1}. Cliquez sur Continuer pour profiter de la version sous licence de votre logiciel.</val>
		</str>
		<str name="continue" translate="yes">
			<val>Continuer</val>
		</str>
	</set>
	
	<set name="dspOverActivation">
		<str name="title" translate="yes">
			<val>Nombre maximum d’activations dépassé</val>
		</str>
		<str name="warning" translate="yes">
			<val>Impossible d’activer {0}.</val>
		</str>
		<str name="message" translate="yes">
			<val>Un abonnement à ce produit est déjà activé sous cet ID Adobe sur 2 périphériques, ce qui représente la limite maximale. Sélectionnez Continuer pour désactiver l’abonnement sur vos autres périphériques et l’activer sur celui-ci, ou cliquez sur Activer la licence de ce logiciel pour vous connecter avec un autre ID Adobe.</val>
		</str>
		<str name="activationPolicy" translate="yes">
			<val>{0}Politique d’activation{1}</val>
		</str>
		<str name="activationPolicyLink" translate="yes">
			<val>http://www.adobe.com/go/activation_fr</val>
		</str>
		<str name="licenseThisSoftware" translate="yes">
			<val>Activer la licence de ce logiciel</val>
		</str>
		<str name="continue" translate="yes">
			<val>Continuer</val>
		</str>
	</set>
	<set name="dspSignInFailedOA">
		<str name="title" translate="yes">
			<val>Echec de la connexion</val>
		</str>
		<str name="warning" translate="yes">
			<val>Connexion impossible sur cet ordinateur ou ce périphérique.</val>
		</str>
		<str name="message" translate="yes">
			<val>Cet ID Adobe {0} a déjà été utilisé pour activer le logiciel sur deux ordinateurs ou périphériques différents.</val>
		</str>
		<str name="radioButton1" translate="yes">
			<val>Réessayer. Je me suis déjà déconnecté sur l’un d’eux.</val>
		</str>
		<str name="radioButton2" translate="yes">
			<val>Me déconnecter de tous les autres ordinateurs ou périphériques.</val>
		</str>
		<str name="differentAdobeIDLink" translate="yes">
			<val>Autre ID Adobe ?</val>
		</str>
		<str name="continue" translate="yes">
			<val>Continuer</val>
		</str>
	</set>
	<set name="subscriptionNotFound">
		<str name="title" translate="yes">
			<val>Aucun abonnement détecté</val>
		</str>
		<str name="message" translate="yes">
			<val>Nous n’avons trouvé aucun abonnement {0} associé à cet ID Adobe. Vous pouvez souscrire un {1}nouvel abonnement{2} dès à présent. Si vous possédez effectivement un abonnement mais ne parvenez pas à y accéder, veuillez contacter le {3}Service clientèle{4}.</val>
		</str>
		<str name="messageTrial" translate="yes">
			<val>Vous pouvez également tester la version d’essai de ce produit.</val>
		</str>
		<str name="messageTrialContinue" translate="yes">
			<val>Vous pouvez également tester la version d’essai de ce produit.</val>
		</str>
		<str name="differentAdobeIDLink" translate="yes">
			<val>Autre ID Adobe ?</val>
		</str>
		<str name="quit" translate="yes">
			<val>Quitter</val>
		</str>
		<str name="startTrial" translate="yes">
			<val>Lancer la version d’essai</val>
		</str>
		<str name="continueTrial" translate="yes">
			<val>Continuer avec la version d’essai</val>
		</str>
		<str name="NewSubscriptionLinkForCC" translate="yes">
        	<val>http://www.adobe.com/go/cc_plans_fr</val>
        </str>
        <str name="NewSubscriptionLinkForNonCC" translate="yes">
        	<val>http://www.adobe.com/go/products_fr</val>
        </str>
		<str name="customerSupportLink" translate="yes">
			<val>http://www.adobe.com/go/customer_support_fr</val>
		</str>
	</set>
	
	<set name="dspAdobeIDMismatch">
		<str name="title" translate="yes">
			<val>Réessayer</val>
		</str>
		<str name="titleReactivationWF" translate="yes">
			<val>Echec de la connexion</val>
		</str>
		<str name="warning" translate="yes">
			<val>Incohérence au niveau de l’ID Adobe</val>
		</str>
		<str name="warningReactivationWF" translate="yes">
			<val>Impossible d’activer l’abonnement sur cet ordinateur ou ce périphérique.</val>
		</str>
		<str name="message" translate="yes">
			<val>L’ID Adobe avec lequel vous vous êtes connecté ne correspond pas à celui associé à cet abonnement. Connectez-vous avec l’ID Adobe défini pour cet abonnement.</val>
		</str>
		<str name="message1ReactivationWF" translate="yes">
			<val>L’ID Adobe avec lequel vous vous êtes connecté ne correspond pas à celui associé à la licence d’abonnement enregistrée sur cet ordinateur ou ce périphérique.</val>
		</str>
		<str name="message2ReactivationWF" translate="yes">
			<val>Cliquez sur Retour et connectez-vous avec l’ID Adobe associé à cet abonnement, ou cliquez sur « Se connecter plus tard » pour vous connecter avec un autre ID Adobe lors du prochain lancement du logiciel.</val>
		</str>
		<str name="back" translate="yes">
			<val>Retour</val>
		</str>
		<str name="quit" translate="yes">
			<val>Quitter</val>
		</str>
		<str name="signInLater" translate="yes">
			<val>Se connecter plus tard</val>
		</str>
	</set>
	
	<set name="dspSubscriptionExpired">
		<str name="title" translate="yes">
			<val>Renouveler votre abonnement</val>
		</str>
		<str name="message" translate="yes">
			<val>Accédez au {0}Gestionnaire d’abonnements{1} pour renouveler votre abonnement à {2} et continuer à utiliser le produit sans interruption. Si vous venez de renouveler votre abonnement, patientez 15 minutes puis réessayez.</val>
		</str>
		<str name="messageCCMTeamPara1" translate="yes">
			<val>Contactez votre administrateur pour renouveler votre abonnement et continuer à utiliser votre produit.</val>
		</str>
		<str name="messageCCMTeamPara2" translate="yes">
			<val>Si votre abonnement a déjà été renouvelé, patientez 15 minutes puis réessayez.</val>
		</str>
		<str name="signedInMessage" translate="yes">
			<val>Vous êtes connecté avec l’ID Adobe {0}.</val>
		</str>
		<str name="subscriptionManagerLinkForCC" translate="yes">
			<val> http://www.adobe.com/go/cc_manage_act_fr</val>
		</str>
		<str name="subscriptionManagerLinkForNonCC" translate="yes">
			<val>http://www.adobe.com/go/subscriptionedition_fr</val>
		</str>
		<str name="tryAgain" translate="yes">
			<val>Réessayer</val>
		</str>
		<str name="close" translate="yes">
			<val>Fermer</val>
		</str>
		<str name="differentAdobeIDLink" translate="yes">
			<val>Autre ID Adobe ?</val>
		</str>
		<str name="OfflineMessage" translate="yes">
			<val>Nous ne parvenons pas à établir une connexion à Adobe Server pour le moment. Cliquez {0}ici{1} pour résoudre les éventuels problèmes de connectivité. Si le problème persiste, contactez le {2}Service clientèle{3}.</val>
		</str>
	</set>
	
	<set name="dspCheckGenericError">
		<str name="title" translate="yes">
			<val>Réessayer</val>
		</str>
		<str name="warning" translate="yes">
			<val>Impossible de démarrer votre abonnement à {0}.</val>
		</str>
		<str name="message" translate="yes">
			<val>Veuillez patienter quelques instants, puis réessayez.</val>
		</str>
		<str name="tryAgain" translate="yes">
			<val>Réessayer</val>
		</str>
		<str name="quit" translate="yes">
			<val>Quitter</val>
		</str>
	</set>
	
	<set name="dspSubscriptionVerified">
		<str name="title" translate="yes">
			<val>Merci</val>
		</str>
		<str name="message" translate="yes">
			<val>Votre abonnement à {0} est désormais actif. Cliquez sur Continuer pour utiliser le produit.</val>
		</str>
		<str name="continue" translate="yes">
			<val>Continuer</val>
		</str>
	</set>
	
	<set name="dspSubscriptionReactivation">
		<str name="title" translate="yes">
			<val>Connexion requise</val>
		</str>
		<str name="message" translate="yes">
			<val>Vous vous êtes déconnecté de cet ordinateur ou ce périphérique. Cliquez sur « Se connecter maintenant » pour activer votre licence dès à présent ou sur Continuer pour vous reconnecter au prochain lancement du logiciel.</val>
		</str>
		<str name="signInNow" translate="yes">
			<val>Se connecter maintenant</val>
		</str>
		<str name="continue" translate="yes">
			<val>Continuer</val>
		</str>
	</set>
	
	<set name="dspReminder">
		<set name="ccInfoReminder">
			<str name="title" translate="yes">
				<val>Rappel concernant l’abonnement</val>
			</str>
			<str name="message" translate="yes">
				<val>Votre abonnement va bientôt expirer.</val>
			</str>
			<str name="info" translate="yes">
				<val>Nos archives indiquent qu’aucun mode de paiement n’a été associé à ce compte d’abonnement. Accédez au {0}Gestionnaire d’abonnements{1} et fournissez les informations de paiement demandées pour renouveler votre abonnement à {2} et continuer à utiliser le produit sans interruption.</val>
			</str>
			<str name="infoCCMTeam" translate="yes">
				<val>Contactez votre administrateur pour être certain de pouvoir toujours accéder à ce produit.</val>
			</str>
		</set>
		
		<set name="graceReminder">
			<str name="title" translate="yes">
				<val>Abonnement arrivé à expiration</val>
			</str>
			<str name="message" translate="yes">
				<val>Votre abonnement à {0} a expiré.</val>
			</str>
			<str name="info" translate="yes">
				<val>Accédez au {0}Gestionnaire d’abonnements{1} pour renouveler votre abonnement à {2} et continuer à utiliser le produit sans interruption. Vous disposez d’un court délai de grâce pour renouveler votre abonnement, après quoi vous ne pourrez plus accéder à ce produit.</val>
			</str>
			<str name="infoCCMTeam" translate="yes">
				<val>Contactez votre administrateur pour renouveler votre abonnement et ainsi continuer à utiliser le produit sans interruption. Vous disposez d’un court délai de grâce pour renouveler votre abonnement ; passé ce délai, vous ne pourrez plus accéder au produit.</val>
			</str>
		</set>
		<set name="monthlyGraceReminderOffline">
			<str name="title" translate="yes">
				<val>Erreur, impossible de se connecter à Adobe Server pour le moment</val>
			</str>
			<str name="message" translate="yes">
				<val>Nous vous rappelons que nous devons vérifier la validité de votre adhésion. Vous pouvez continuer à accéder à {0} en mode hors ligne jusqu’au {1}, mais si aucune connexion à Adobe Server n’est établie d’ici cette date, votre produit cessera de fonctionner.</val>
			</str>
			<str name="info" translate="yes">
				<val>Cliquez {0}ici{1} pour résoudre les éventuels problèmes de connectivité.</val>
			</str>
		</set>
		<set name="dailyGraceReminderOffline">
			<str name="title" translate="yes">
				<val>Erreur, impossible de se connecter à Adobe Server pour le moment</val>
			</str>
			<str name="message" translate="yes">
				<val>Nous vous rappelons que nous devons vérifier la validité de votre adhésion. Vous pouvez continuer à accéder à {0} en mode hors ligne, mais si aucune connexion à Adobe Server n’est établie dans le délai indiqué, votre produit cessera de fonctionner.</val>
			</str>
			<str name="info" translate="yes">
				<val>Cliquez {0}ici{1} pour résoudre les problèmes de connectivité.</val>
			</str>
		</set>
		<set name="billingFailureReminder">
			<str name="title" translate="yes">
				<val>Veuillez vérifier vos informations de paiement</val>
			</str>
			<str name="message" translate="yes">
				<val>Nous avons détecté un problème relatif à votre dernier paiement concernant {0}. Connectez-vous pour {1}gérer votre compte{2} et vérifier vos informations de facturation.</val>
			</str>
			<str name="info" translate="yes">
				<val>{0} cessera de fonctionner si ce problème n’est pas résolu dans le délai indiqué.</val>
			</str>
			<str name="messageCCMTeam" translate="yes">
				<val>Nous avons détecté un problème relatif au dernier paiement de votre équipe concernant {0}. Contactez votre administrateur pour qu’il résolve ce problème. Si vous êtes vous-même l’administrateur principal, connectez-vous pour {1}gérer votre compte{2}. Si ce problème n’est pas résolu dans le délai indiqué, votre produit cessera de fonctionner.</val>
			</str>
			<str name="offlineError" translate="yes">
				<val>Nous ne parvenons pas à établir une connexion à Adobe Server afin de vérifier si votre problème de facturation a été résolu. Cliquez {0}ici{1} pour résoudre les éventuels problèmes de connectivité.</val>
			</str>
		</set>
		<set name="billingFailureReminderCCT">
			<str name="title" translate="yes">
				<val>Votre adhésion est sur le point d’expirer</val>
			</str>
			<str name="warning" translate="yes">
				<val>Votre adhésion à Creative Cloud abonnement équipe est sur le point d’expirer.</val>
			</str>
			<str name="message" translate="yes">
				<val>Nous n’avons pas reçu le paiement concernant votre adhésion à Creative Cloud abonnement équipe. Contactez votre administrateur pour qu’il résolve ce problème. Si vous êtes vous-même l’administrateur principal, connectez-vous pour {0}gérer votre compte{1}. Si ce problème n’est pas résolu dans le délai indiqué, vous n’aurez plus accès à votre adhésion à Creative Cloud abonnement équipe.</val>
			</str>
			<str name="offlineError" translate="yes">
				<val>Nous ne parvenons pas à établir une connexion à Adobe Server afin de vérifier si votre problème de facturation a été résolu. Cliquez {0}ici{1} pour résoudre les éventuels problèmes de connectivité.</val>
			</str>
		</set>
		<set name="combinedSubIssueReminder">
			<str name="title" translate="yes">
				<val>Nous ne parvenons pas à contrôler votre abonnement</val>
			</str>
			<str name="message" translate="yes">
				<val>Vous n’êtes pas connecté à Internet ou votre compte présente un problème de facturation. Veuillez vous connecter pour gérer votre compte et vérifier vos informations de facturation. Pour tout problème ou question, contactez le {0}Service clientèle{1}.</val>
			</str>
			<str name="messageCCMTeam1" translate="yes">
				<val>Vous n’êtes pas connecté à Internet ou le compte de votre équipe présente un problème de facturation. Veuillez contacter votre administrateur pour résoudre ce problème de facturation.</val>
			</str>
			<str name="messageCCMTeam2" translate="yes">
				<val> Pour toute autre question, veuillez contacter le {0}Service clientèle{1}.</val>
			</str>
			<str name="offlineError" translate="yes">
				<val>Connectez-vous à Internet pour que nous puissions régler ce problème, ou cliquez sur Continuer pour rester hors ligne et recevoir un rappel ultérieurement.</val>
			</str>
		</set>
		
		<str name="subscriptionManagerLinkForCC" translate="yes">
			<val>http://www.adobe.com/go/cc_manage_act_fr</val>
		</str>
		<str name="subscriptionManagerLinkForNonCC" translate="yes">
			<val>http://www.adobe.com/go/subscriptionedition_fr</val>
		</str>
		<str name="offline" translate="yes">
			<val>Impossible d’établir une connexion à Adobe Server. Vérifiez vos paramètres de connexion, puis choisissez Réessayer.</val>
		</str>
		<str name="subscriptionPolicy" translate="yes">
			<val>{0}Politique d’abonnement{1}</val>
		</str>
		<str name="subscriptionPolicyLink" translate="yes">
			<val>http://www.adobe.com/go/subscription_policy_fr</val>
		</str>
		<str name="customerSupportLink" translate="yes">
			<val>http://www.adobe.com/go/customer_support_fr</val>
		</str>
		<str name="offlineTroubleshootLink" translate="yes">
			<val>http://www.adobe.com/go/activation_network_issues_fr</val>
		</str>
		<str name="daysRemaining" translate="yes">
			<val>Jours restants</val>
		</str>
		<str name="dayRemaining" translate="yes">
			<val>Jour restant</val>
		</str>
		<str name="continue" translate="yes">
			<val>Continuer</val>
		</str>
		<str name="tryAgain" translate="yes">
			<val>Réessayer</val>
		</str>
		<str name="retry" translate="yes">
			<val>Réessayer</val>
		</str>
		<str name="remindLater" translate="yes">
			<val>Me le rappeler ultérieurement</val>
		</str>
		<str name="OK" translate="yes">
			<val>OK</val>
		</str>
	</set>
	
	<set name="dspSuspended">
		<set name="activationSuspended">
			<str name="title" translate="yes">
				<val>Echec de l’activation</val>
			</str>
			<str name="warning" translate="yes">
				<val>Impossible d’activer {0}.</val>
			</str>
			<str name="message" translate="yes">
				<val>La date de votre système ne correspond pas à la date de notre serveur. Votre système peut avoir au maximum trois jours de décalage par rapport à la date du serveur Adobe ({0}).</val>
			</str>
			<str name="info" translate="yes">
				<val>Vérifiez les paramètres de date de votre ordinateur et réessayez. Si le problème persiste, contactez le {0}Service clientèle{1}.</val>
			</str>
		</set>
		
		<set name="subscriptionSuspended">
			<str name="title" translate="yes">
				<val>Abonnement suspendu</val>
			</str>
			<str name="warning" translate="yes">
				<val>L’abonnement à {0} a été suspendu.</val>
			</str>
			<str name="message" translate="yes">
				<val>La date de votre système ne correspond pas à la date de notre serveur. Votre système peut avoir au maximum trois jours de décalage par rapport à la date du serveur Adobe ({0}).</val>
			</str>
			<str name="info" translate="yes">
				<val>Vérifiez les paramètres de date de votre ordinateur et réessayez. Si le problème persiste, contactez le {0}Service clientèle{1}.</val>
			</str>
		</set>
		
		<set name="subscriptionWindback">
			<str name="title" translate="yes">
				<val>Abonnement suspendu</val>
			</str>
			<str name="warning" translate="yes">
				<val>L’abonnement à {0} a été suspendu.</val>
			</str>
			<str name="message" translate="yes">
				<val>La date et l’heure du système sont incorrectes. Réglez l’horloge du système et sélectionnez Réessayer. Si le problème persiste, contactez le {0}Service clientèle{1}.</val>
			</str>
		</set>
		
		<str name="customerSupportLink" translate="yes">
			<val>http://www.adobe.com/go/customer_support_fr</val>
		</str>
		<str name="activationPolicy" translate="yes">
			<val>{0}Afficher la politique d’activation{1}</val>
		</str>
		<str name="activationPolicyLink" translate="yes">
			<val>http://www.adobe.com/go/activation_fr</val>
		</str>
		<str name="subscriptionPolicy" translate="yes">
			<val>{0}Politique d’abonnement{1}</val>
		</str>
		<str name="subscriptionPolicyLink" translate="yes">
			<val>http://www.adobe.com/go/subscription_policy_fr</val>
		</str>
		<str name="quit" translate="yes">
			<val>Quitter</val>
		</str>
		<str name="tryAgain" translate="yes">
			<val>Réessayer</val>
		</str>
	</set>
	
	<set name="dateTimeFormats">
		<str name="dateFormat_Long" translate="yes">
			<val>{1} {0} {2}</val>
		</str>
	</set>

	<set name="monthsFull">
		<str name="1" translate="yes">
			<val>jan</val>
		</str>
		<str name="2" translate="yes">
			<val>fév</val>
		</str>
		<str name="3" translate="yes">
			<val>mars</val>
		</str>
		<str name="4" translate="yes">
			<val>avr</val>
		</str>
		<str name="5" translate="yes">
			<val>mai</val>
		</str>
		<str name="6" translate="yes">
			<val>juin</val>
		</str>
		<str name="7" translate="yes">
			<val>juil</val>
		</str>
		<str name="8" translate="yes">
			<val>août</val>
		</str>
		<str name="9" translate="yes">
			<val>sept</val>
		</str>
		<str name="10" translate="yes">
			<val>oct</val>
		</str>
		<str name="11" translate="yes">
			<val>nov</val>
		</str>
		<str name="12" translate="yes">
			<val>déc</val>
		</str>
	</set>
	
	<set name="dsp_IMSBusyScrim">
		<str name="WaitAMoment" translate="yes">
			<val>Veuillez patienter quelques instants...</val>
		</str>
	</set>
	
	<set name="dspSubscriptionRevoked">
		<str name="title" translate="yes">
			<val>Licence suspendue</val>
		</str>
		<str name="warning" translate="yes">
			<val>La licence du produit {0} a été suspendue.</val>
		</str>
		<str name="message" translate="yes">
			<val>Les informations concernant la licence associée à l’ID {0} ne sont plus valides ou ont été révoquées. Veuillez contacter le {1}Service clientèle{2}.</val>
		</str>
		<str name="subscriptionPolicy" translate="yes">
			<val>{0}Politique d’abonnement{1}{2}{3}Contrat de licence{4}</val>
		</str>
		<str name="subscriptionPolicyLink" translate="yes">
			<val>http://www.adobe.com/go/subscription_policy_fr</val>
		</str>
		<str name="eula_Link" translate="yes">
			<val>http://www.adobe.com/go/eulas_fr</val>
		</str>
		<str name="customerSupportLink" translate="yes">
			<val>http://www.adobe.com/go/customer_support_fr</val>
		</str>
		<str name="quit" translate="yes">
			<val>Quitter</val>
		</str>
	</set>
	<set name="deviceBasedActivation">
		<set name="dbaLicenseExpiry">
			<str name="title" translate="yes">
				<val>La licence a expiré</val>
			</str>
			<str name="message" translate="yes">
				<val>{0} s’exécute avec une licence temporaire sur cet appareil appartenant à {1}. Pour renouveler la licence et continuer à utiliser ce produit sans interruption, contactez votre administrateur.</val>
			</str>
			<str name="info" translate="yes">
				<val>Si la licence a déjà été renouvelée, patientez 15 minutes, puis réessayez.</val>
			</str>
			<str name="tryAgain" translate="yes">
				<val>Réessayer</val>
			</str>
			<str name="close" translate="yes">
				<val>Fermer</val>
			</str>
		</set>
	
		<set name="dbaLicenseRenewal">
			<str name="title" translate="yes">
				<val>Renouveler la licence</val>
			</str>
			<str name="message" translate="yes">
				<val>Pour renouveler la licence {0} sur cet appareil appartenant au pool de déploiement {1} et ainsi continuer à utiliser ce produit sans interruption, contactez votre administrateur.</val>
			</str>
			<str name="info" translate="yes">
				<val>Si la licence a déjà été renouvelée, patientez 15 minutes, puis réessayez.</val>
			</str>
			<str name="tryAgain" translate="yes">
				<val>Réessayer</val>
			</str>
			<str name="quit" translate="yes">
				<val>Quitter</val>
			</str>
		</set>
		<set name="dbaClockWindback">
			<str name="title" translate="yes">
				<val>Licence suspendue</val>
			</str>
			<str name="message" translate="yes">
				<val>La date et l’heure du système sont incorrectes sur cet appareil. Réglez l’horloge du système et cliquez sur Réessayer. Si le problème persiste, contactez votre administrateur.</val>
			</str>
			<str name="warning" translate="yes">
				<val>La licence du produit {0} a été suspendue.</val>
			</str>
			<str name="tryAgain" translate="yes">
				<val>Réessayer</val>
			</str>
			<str name="close" translate="yes">
				<val>Fermer</val>
			</str>
		</set>
		<set name="dbaClockMismatch">
			<str name="title" translate="yes">
				<val>Licence suspendue</val>
			</str>
			<str name="message" translate="yes">
				<val>La date sur cet appareil ne correspond pas à la date sur notre serveur. La date sur l’appareil peut présenter au maximum trois jours de décalage par rapport à la date du serveur Adobe ({0}). </val>
			</str>
			<str name="warning" translate="yes">
				<val>La licence du produit {0} a été suspendue.</val>
			</str>
			<str name="info" translate="yes">
				<val>Vérifiez les paramètres de date de cet appareil et cliquez sur Réessayer. Si le problème persiste, contactez votre administrateur.</val>
			</str>
			<str name="tryAgain" translate="yes">
				<val>Réessayer</val>
			</str>
			<str name="quit" translate="yes">
				<val>Quitter</val>
			</str>
		</set>
		<set name="dbaLicenseDenied">
			<str name="title" translate="yes">
				<val>Licence refusée</val>
			</str>
			<str name="stepError" translate="yes">
				<val>La licence {0} associée à cet appareil a été refusée.</val>
			</str>
			<str name="msgError" translate="yes">
				<val>Contactez votre administrateur pour que celui-ci attribue un nouveau numéro de série à cet appareil et l’ajoute au pool {0}. Si l’administrateur a déjà effectué cette opération, patientez 15 minutes, puis réessayez.</val>
			</str>
			<str name="msgErrorPoolRemoved" translate="yes">
				<val>Contactez votre administrateur pour que celui-ci attribue un nouveau numéro de série à cet appareil. Si l’administrateur a déjà effectué cette opération, patientez 15 minutes, puis réessayez.</val>
			</str>
			<str name="tryAgain" translate="yes">
				<val>Réessayer</val>
			</str>
			<str name="close" translate="yes">
				<val>Fermer</val>
			</str>
		</set>
		<set name="dbaActivationFailure">
			<str name="title" translate="yes">
				<val>Echec de l’activation</val>
			</str>
			<str name="stepError" translate="yes">
				<val>Impossible d’activer {0}.</val>
			</str>
			<str name="errorCode" translate="yes">
				<val>(Code d’erreur : {0})</val>
			</str>
			<str name="msgError" translate="yes">
				<val>Vous devez activer le produit {0} pour pouvoir l'utiliser sur cet appareil appartenant au pool {1}. Pour cela, une connexion Internet active est nécessaire. Vérifiez vos paramètres de connexion, puis réessayez.</val>
			</str>
			<str name="info" translate="yes">
				<val>Si le problème persiste, contactez votre administrateur.</val>
			</str>
			<str name="offlineError" translate="yes">
				<val>Nous ne parvenons pas à établir une connexion à Adobe Server pour le moment. Cliquez {0}ici{1} pour résoudre les éventuels problèmes de connectivité.</val>
			</str>
			<str name="clockMismatchError" translate="yes">
				<val>Vérifiez les paramètres de date de cet appareil et cliquez sur Réessayer.</val>
			</str>
			<str name="tryAgain" translate="yes">
				<val>Réessayer</val>
			</str>
			<str name="close" translate="yes">
				<val>Fermer</val>
			</str>
		</set>
		<set name="dbaMonthlyGraceReminderOffline">
			<str name="title" translate="yes">
				<val>Erreur, impossible de se connecter à Adobe Server pour le moment</val>
			</str>
			<str name="message" translate="yes">
				<val>Nous vous rappelons que nous devons vérifier la validité de la licence sur cet appareil appartenant à {0}. Vous pouvez continuer à accéder à {1} en mode hors ligne jusqu’au {2}, mais si aucune connexion à Internet n’est établie d’ici cette date, ce produit cessera de fonctionner.</val>
			</str>
			<str name="info" translate="yes">
				<val>Cliquez {0}ici{1} pour résoudre les problèmes de connectivité.</val>
			</str>
			<str name="remindLater" translate="yes">
				<val>Me le rappeler ultérieurement</val>
			</str>
			<str name="retry" translate="yes">
				<val>Réessayer</val>
			</str>
		</set>
		<set name="dbaDailyGraceReminderOffline">
			<str name="title" translate="yes">
				<val>Erreur, impossible de se connecter à Adobe Server pour le moment</val>
			</str>
			<str name="message" translate="yes">
				<val>Nous vous rappelons que nous devons vérifier la validité de votre licence sur cet appareil appartenant à {0}. Vous pouvez continuer à accéder à {1} en mode hors ligne, mais si aucune connexion à Internet n’est établie dans le délai indiqué, ce produit cessera de fonctionner.</val>
			</str>
			<str name="info" translate="yes">
				<val>Cliquez {0}ici{1} pour résoudre les problèmes de connectivité.</val>
			</str>
			<str name="ok" translate="yes">
				<val>OK</val>
			</str>
			<str name="retry" translate="yes">
				<val>Réessayer</val>
			</str>
		</set>
		<set name="dbaBonusLaunch">
			<str name="title" translate="yes">
				<val>Dernier lancement</val>
			</str>
			<str name="message" translate="yes">
				<val>{0} s’exécute avec une licence temporaire sur cet appareil appartenant à {1}. Vous pouvez encore utiliser ce produit une dernière fois. Si vous souhaitez continuer à utiliser ce produit, contactez votre administrateur.</val>
			</str>
			<str name="ok" translate="yes">
				<val>OK</val>
			</str>
		</set>
		<set name="errorScenarios">
			<str name="licenseDeniedError" translate="yes">
				<val>Il n’existe aucune licence associée à cet appareil.</val>
			</str>
			<str name="clockWindbackError" translate="yes">
				<val>Vérifiez les paramètres de date de votre appareil et cliquez sur Réessayer. Si le problème persiste, contactez votre administrateur.</val>
			</str>
			<str name="offlineError" translate="yes">
				<val>Nous ne parvenons pas à établir une connexion à Adobe Server pour le moment. Cliquez {0}ici{1} pour résoudre les éventuels problèmes de connectivité. Si le problème persiste, contactez votre administrateur.</val>
			</str>
			<str name="checkCallErrorGeneric" translate="yes">
				<val>Une erreur s’est produite lors de la récupération des informations de licence. Veuillez réessayer ultérieurement.</val>
			</str>
		</set>
		<str name="quit" translate="yes">
			<val>Quitter</val>
		</str>
		<str name="daysRemaining" translate="yes">
			<val>Jours restants</val>
		</str>
		<str name="dayRemaining" translate="yes">
			<val>Jour restant</val>
		</str>
		<str name="offlineTroubleshootLink" translate="yes">
			<val>http://www.adobe.com/go/activation_network_issues_fr</val>
		</str>
	</set>
	<set name="isoToLanguage">
		<str name="ar_AE" translate="no"><val>العربية</val></str>
		<str name="en_GB" translate="no"><val>English (International)</val></str> 
		<str name="en_INT" translate="no"><val>English (International)</val></str> 
		<str name="fr_CA" translate="no"><val>Français (Canada)</val></str>
		<str name="es_QM" translate="no"><val>Español (Middle East)</val></str>
		<str name="es_LA" translate="no"><val>Español de América Latina</val></str>
		<str name="es_NA" translate="no"><val>Español Norteamericano</val></str>
		<str name="bg_BG" translate="no"><val>Български</val></str>
		<str name="lv_LV" translate="no"><val>Latviešu</val></str>
		<str name="et_EE" translate="no"><val>Eesti</val></str>
		<str name="hr_HR" translate="no"><val>hrvatski</val></str>
		<str name="sl_SI" translate="no"><val>slovenščina</val></str>
		<str name="sk_SK" translate="no"><val>slovenčina</val></str>
		<str name="th_TH" translate="no"><val>ภาษาไทย</val></str> 
		<str name="vi_VN" translate="no"><val>Việt</val></str>
		<str name="en_XC" translate="no"><val>English (Central Europe)</val></str> 
		<str name="en_XM" translate="no"><val>English (Middle East)</val></str>
		<str name="fr_XM" translate="no"><val>Français (Moyen-Orient)</val></str>
		<str name="sq_AL" translate="no"><val>Shqip</val></str> 
		<str name="ar_SA" translate="no"><val>العربية</val></str>
		<str name="be_BY" translate="no"><val>Беларуская</val></str> 
		<str name="ca_ES" translate="no"><val>Català</val></str> 
		<str name="hi_IN" translate="no"><val>हिन्दी</val></str>
		<str name="is_IS" translate="no"><val>Íslenska</val></str> 
		<str name="lt_LT" translate="no"><val>Lietuvių</val></str>
		<str name="mk_MK" translate="no"><val>македонски</val></str>
		<str name="nn_NO" translate="no"><val>Norsk (Nynorsk)</val></str>
		<str name="pt_PT" translate="no"><val>Português de Portugal</val></str> 
		<str name="sh_YU" translate="no"><val>Srpsko-Hrvatski</val></str> 
		<str name="sr_YU" translate="no"><val>Cрпски</val></str> 
		<str name="kk_KZ" translate="no"><val>Қазақ</val></str>
		<str name="az_AZ" translate="no"><val>Azərbaycan dili</val></str> 
		<str name="es_MX" translate="no"><val>Español (América Latina)</val></str>
		<str name="no_NO" translate="no"><val>Norwegian</val></str> 
		<str name="cs_CZ" translate="no"><val>česky</val></str>
		<str name="de_DE" translate="no"><val>Deutsch</val></str>
		<str name="el_GR" translate="no"><val>Ελληνικά</val></str>
		<str name="en_US" translate="no"><val>English (North America)</val></str> 
		<str name="es_ES" translate="no"><val>Español</val></str> 
		<str name="fr_FR" translate="no"><val>Français</val></str>
		<str name="he_IL" translate="no"><val>עברית</val></str> 
		<str name="hu_HU" translate="no"><val>magyar</val></str>
		<str name="it_IT" translate="no"><val>Italiano</val></str>
		<str name="ja_JP" translate="no"><val>日本語</val></str>
		<str name="ko_KR" translate="no"><val>한국어</val></str>
		<str name="nl_NL" translate="no"><val>Nederlands</val></str>
		<str name="pl_PL" translate="no"><val>polski</val></str>
		<str name="ro_RO" translate="no"><val>Română</val></str>
		<str name="ru_RU" translate="no"><val>русский</val></str>
		<str name="sv_SE" translate="no"><val>Svenska</val></str>
		<str name="tr_TR" translate="no"><val>Türkçe</val></str>
		<str name="uk_UA" translate="no"><val>українська</val></str>
		<str name="zh_CN" translate="no"><val>简体中文</val></str>
		<str name="zh_TW" translate="no"><val>繁體中文</val></str>
		<str name="da_DK" translate="no"><val>Dansk</val></str>
		<str name="fi_FI" translate="no"><val>suomi</val></str>
		<str name="nb_NO" translate="no"><val>Norsk (Bokmål)</val></str> 
		<str name="pt_BR" translate="no"><val>Português do Brasil</val></str>
		<str name="en_AE" translate="no"><val>English يدعم العربية</val></str> 
		<str name="en_IL" translate="no"><val>English תומך עברית</val></str> 
		<str name="fr_MA" translate="no"><val>Français (Maroc)</val></str>
	</set>
		
</asf>
