<?xml version='1.0' encoding='utf-8'?>
<!DOCTYPE asf SYSTEM "http://ns.adobe.com/asf/asf_1_0.dtd" >
<asf xmlns="http://ns.adobe.com/asf" locale="fi_FI" version="1.0">
	
	<set name="common">
		<str name="windowTitle" translate="yes">
			<val>Adobe-tuote</val>
		</str>
		<str name="day" translate="yes">
			<val>päivä</val>
		</str>
		<str name="days" translate="yes">
			<val>päivää</val>
		</str>
	</set>
	
	<set name="eula">
		<str name="eula" translate="yes">
			<val>Adobe-ohjelmiston käyttöoikeussopimus</val>
		</str>
		<str name="accept" translate="yes">
			<val>Hyväksy</val>
		</str>
		<str name="quit" translate="yes">
			<val>Lopeta</val>
		</str>		
	</set>

	<set name="register">
		<set name="trial">
			<set name="online">
				<str name="title" translate="yes">
					<val>Kirjauduttava sisään</val>
				</str>
				<str name="message" translate="yes">
					<val>Kirjaudu Adobe-tunnuksellasi tuotteen {0} kokeiluversion käyttöä varten.</val>
				</str>
				<str name="message_device" translate="yes">
					<val>Tämä kokeiluversio rekisteröidään nyt Adobe-tunnukseen {0}.</val>
				</str>
				<str name="notYou" translate="yes">
					<val>(Eikö tämä ole sinun Adobe-tunnuksesi?)</val>
				</str>
				<str name="signInNow" translate="yes">
					<val>Kirjaudu sisään nyt</val>
				</str>
				<str name="signIn" translate="yes">
					<val>Kirjaudu sisään</val>
				</str>
				<str name="termTitle" translate="yes">
					<val>Ohjelmiston kokeiluversion käyttöehdot.</val>
				</str>
				<str name="termPara1" translate="yes">
					<val>Voimme pyytää sinulta valinnaisia lisätietoja, jotta voimme räätälöidä sisällön juuri sinulle sopivaksi. Voit poistaa tämän mukautetun sisällön milloin tahansa käytöstä kokeiluelämysnäytön Yksityisyysasetukset-kohdassa.</val>
				</str>
				<str name="termPara2" translate="yes">
					<val>Jos haluat tietää, mitä tietoja Adobe kerää tuotteen käytöstä ja miten se käyttää kyseisiä tietoja muun muassa markkinoinnin kohdistamiseen, napsauta {0}tätä{1} ja tutustu {2}Adoben online-tietosuojakäytäntöön{3}.</val>
				</str>
				<str name="privacyPortalLink" translate="yes">
					<val>http://www.adobe.com/go/adobe_privacy_portal_fi</val>
				</str>
				<str name="privacyPolicyLink" translate="yes">
					<val>http://www.adobe.com/go/privacy_fi</val>
				</str>
			</set>
		</set>
		
		<set name="subscription">
			<str name="title" translate="yes">
				<val>Kirjauduttava sisään</val>
			</str>			
			<str name="message" translate="yes">
				<val>Sinun on kirjauduttava sisään, ennen kuin voit käyttää tätä tuotetta ja rekisteröidä sen Adobe-tunnuksellasi. Adobe-tunnuksella voit helposti tarkistaa sarjanumerosi, käyttää Adobe Creative Cloudia ja osallistua Adobe.com-yhteisön toimintaan.</val>
			</str>
			<str name="userEmail" translate="yes">
				<val>Sinut kirjataan sisään Adobe-tunnuksella {0}.</val>
			</str>
			<str name="notYou" translate="yes">
				<val>(Eikö tämä ole sinun Adobe-tunnuksesi?)</val>
			</str>
			<str name="signInNow" translate="yes">
				<val>Kirjaudu sisään nyt</val>
			</str>
			<str name="signIn" translate="yes">
				<val>Kirjaudu sisään</val>
			</str>
			<str name="back" translate="yes">
				<val>Takaisin</val>
			</str>
		</set>
		
		
		<set name="serial">
			<set name="grace">
				<str name="title" translate="yes">
					<val>Kirjauduttava sisään</val>
				</str>			
				<str name="message" translate="yes">
					<val>Kirjaudu Adobe-tunnuksella sisään ja rekisteröi {0}. Sinulla on tähän {1} aikaa, muuten tuote lakkaa toimimasta.</val>
				</str>
				<str name="benefit" translate="yes">
					<val>Adobe-tunnuksella voit helposti tarkistaa sarjanumerosi, käyttää Adobe Creative Cloudia ja osallistua Adobe.com-yhteisön toimintaan.</val>
				</str>
				<str name="userEmail" translate="yes">
					<val>Sinut kirjataan sisään Adobe-tunnuksella {0}.</val>
				</str>
				<str name="notYou" translate="yes">
					<val>(Eikö tämä ole sinun Adobe-tunnuksesi?)</val>
				</str>
				<str name="signInNow" translate="yes">
					<val>Kirjaudu sisään nyt</val>
				</str>
				<str name="signIn" translate="yes">
					<val>Kirjaudu sisään</val>
				</str>
				<str name="signInLater" translate="yes">
					<val>Kirjaudu sisään myöhemmin</val>
				</str>
			</set>
			
			<set name="post_grace">
				<str name="title" translate="yes">
					<val>Kirjauduttava sisään</val>
				</str>			
				<str name="message" translate="yes">
					<val>Sinun on kirjauduttava sisään ja rekisteröitävä {0}, ennen kuin käytät ohjelmistoa seuraavan kerran.</val>
				</str>
				<str name="benefit" translate="yes">
					<val>Adobe-tunnuksella voit helposti tarkistaa sarjanumerosi, käyttää Adobe Creative Cloudia ja osallistua Adobe.com-yhteisön toimintaan.</val>
				</str>
				<str name="userEmail" translate="yes">
					<val>Sinut kirjataan sisään Adobe-tunnuksella {0}.</val>
				</str>
				<str name="notYou" translate="yes">
					<val>(Eikö tämä ole sinun Adobe-tunnuksesi?)</val>
				</str>
				<str name="signInNow" translate="yes">
					<val>Kirjaudu sisään nyt</val>
				</str>
				<str name="signIn" translate="yes">
					<val>Kirjaudu sisään</val>
				</str>
				<str name="signInLater" translate="yes">
					<val>Kirjaudu sisään myöhemmin</val>
				</str>
			</set>
		
			<set name="post_bonus">
				<str name="title" translate="yes">
					<val>Kirjauduttava sisään</val>
				</str>			
				<str name="message" translate="yes">
					<val>{0} ei ole käytettävissä, ennen kuin olet kirjautunut Adobe-tunnuksellasi tuotteen rekisteröintiä varten.</val>
				</str>
				<str name="benefit" translate="yes">
					<val>Adobe-tunnuksella voit helposti tarkistaa sarjanumerosi, käyttää Adobe Creative Cloudia ja osallistua Adobe.com-yhteisön toimintaan.</val>
				</str>
				<str name="userEmail" translate="yes">
					<val>Sinut kirjataan sisään Adobe-tunnuksella {0}.</val>
				</str>
				<str name="notYou" translate="yes">
					<val>(Eikö tämä ole sinun Adobe-tunnuksesi?)</val>
				</str>
				<str name="signInNow" translate="yes">
					<val>Kirjaudu sisään nyt</val>
				</str>
				<str name="signIn" translate="yes">
					<val>Kirjaudu sisään</val>
				</str>
				<str name="quit" translate="yes">
					<val>Lopeta</val>
				</str>
			</set>
		
			<set name="go_online_grace">
				<str name="title" translate="yes">
					<val>Kirjauduttava sisään</val>
				</str>			
				<str name="message" translate="yes">
					<val>Muodosta Internet-yhteys, kirjaudu Adobe-tunnuksellasi sisään ja rekisteröi {0}. Sinulla on tähän {1} aikaa, muuten tuote lakkaa toimimasta.</val>
				</str>
				<str name="benefit" translate="yes">
					<val>Adobe-tunnuksella voit helposti tarkistaa sarjanumerosi, käyttää Adobe Creative Cloudia ja osallistua Adobe.com-yhteisön toimintaan.</val>
				</str>
				<str name="userEmail" translate="yes">
					<val>Sinut kirjataan sisään Adobe-tunnuksella {0}.</val>
				</str>
				<str name="notYou" translate="yes">
					<val>(Eikö tämä ole sinun Adobe-tunnuksesi?)</val>
				</str>
				<str name="noInternet" translate="yes">
					<val>Onko sinulla Internet-yhteyden muodostamiseen liittyviä ongelmia?</val>
				</str>
				<str name="signInNow" translate="yes">
					<val>Kirjaudu sisään nyt</val>
				</str>
				<str name="signIn" translate="yes">
					<val>Kirjaudu sisään</val>
				</str>
				<str name="signInLater" translate="yes">
					<val>Kirjaudu sisään myöhemmin</val>
				</str>
			</set>
		
			<set name="go_online_post_grace">
				<str name="title" translate="yes">
					<val>Kirjauduttava sisään</val>
				</str>			
				<str name="message" translate="yes">
					<val>Sinun on kirjauduttava sisään ja rekisteröitävä {0}, ennen kuin käytät ohjelmistoa seuraavan kerran.</val>
				</str>
				<str name="benefit" translate="yes">
					<val>Adobe-tunnuksella voit helposti tarkistaa sarjanumerosi, käyttää Adobe Creative Cloudia ja osallistua Adobe.com-yhteisön toimintaan.</val>
				</str>
				<str name="userEmail" translate="yes">
					<val>Sinut kirjataan sisään Adobe-tunnuksella {0}.</val>
				</str>
				<str name="notYou" translate="yes">
					<val>(Eikö tämä ole sinun Adobe-tunnuksesi?)</val>
				</str>
				<str name="noInternet" translate="yes">
					<val>Onko sinulla Internet-yhteyden muodostamiseen liittyviä ongelmia?</val>
				</str>
				<str name="signInNow" translate="yes">
					<val>Kirjaudu sisään nyt</val>
				</str>
				<str name="signIn" translate="yes">
					<val>Kirjaudu sisään</val>
				</str>
				<str name="signInLater" translate="yes">
					<val>Kirjaudu sisään myöhemmin</val>
				</str>
			</set>
		
			<set name="go_online_post_bonus">
				<str name="title" translate="yes">
					<val>Kirjauduttava sisään</val>
				</str>			
				<str name="message" translate="yes">
					<val>{0} ei ole käytettävissä, ennen kuin olet kirjautunut Adobe-tunnuksellasi tuotteen rekisteröintiä varten.</val>
				</str>
				<str name="benefit" translate="yes">
					<val>Adobe-tunnuksella voit helposti tarkistaa sarjanumerosi, käyttää Adobe Creative Cloudia ja osallistua Adobe.com-yhteisön toimintaan.</val>
				</str>
				<str name="userEmail" translate="yes">
					<val>Sinut kirjataan sisään Adobe-tunnuksella {0}.</val>
				</str>
				<str name="noInternet" translate="yes">
					<val>Onko sinulla Internet-yhteyden muodostamiseen liittyviä ongelmia?</val>
				</str>
				<str name="notYou" translate="yes">
					<val>(Eikö tämä ole sinun Adobe-tunnuksesi?)</val>
				</str>
				<str name="signInNow" translate="yes">
					<val>Kirjaudu sisään nyt</val>
				</str>
				<str name="signIn" translate="yes">
					<val>Kirjaudu sisään</val>
				</str>
				<str name="quit" translate="yes">
					<val>Lopeta</val>
				</str>
			</set>
		</set>
	</set>
	
	
	<set name="registerOptional">
		<set name="serial">
			<str name="title" translate="yes">
				<val>Rekisteröi tuote</val>
			</str>			
			<str name="paragraphOneText" translate="yes">
				<val>Rekisteröi {0} Adobe-tunnuksellasi.</val>
			</str>
			<str name="paragraphOneTextWithAdobeID" translate="yes">
				<val>Rekisteröi {0} Adobe-tunnuksellasi:</val>
			</str>
			<str name="paragraphTwoHeader" translate="yes">
				<val>Tuotteen rekisteröinti tuo käyttöön seuraavat edut:</val>
			</str>
			<str name="pointOne" translate="yes">
				<val>Käytä teknistä tukea</val>
			</str>
			<str name="pointTwo" translate="yes">
				<val>Pidä kirjaa sarjanumerostasi</val>
			</str>
			<str name="pointThree" translate="yes">
				<val>Vastaanota tuotteeseen {0} liittyviä päivityksiä ja ilmoituksia ensimmäisten joukossa</val>
			</str>
			<str name="pointFour" translate="yes">
				<val>Saat myös {0}maksuttoman edun{1} rekisteröitymisestä.</val>
			</str>
			<str name="complementaryBenefitsLink" translate="yes">
				<val>https://www.adobe.com/go/benefit_fi</val>
			</str>
			<str name="notYou" translate="yes">
				<val>(Muu kuin sinä?)</val>
			</str>
			<str name="neverCheckBoxText" translate="yes">
				<val>Älä koskaan näytä tätä uudelleen</val>
			</str>
			<str name="registerNow" translate="yes">
				<val>Rekisteröidy nyt</val>
			</str>
			<str name="skip" translate="yes">
				<val>Ohita</val>
			</str>
		</set>
	</set>
	
	<set name="trialLaunch">
		<str name="title" translate="yes">
			<val>{0} -kok.versio </val>
		</str>
		
		<set name="start">
			<str name="info" translate="yes">
				<val>Voit kokeilla tätä tuotetta {0} päivän ajan.</val>
			</str>
			<str name="info_day" translate="yes">
				<val>Voit kokeilla tätä tuotetta {0} päivän ajan.</val>
			</str>
			<str name="additionalInfo" translate="yes">
				<val>Voit jatkaa tuotteen {0} käyttöä kokeilujakson jälkeen ostamalla ohjelmiston.</val>
			</str>
		</set>
		
		<set name="grace">
			<str name="info" translate="yes">
				<val>Kokeilujakso päättyy {0} päivän kuluttua.</val>
			</str>
			<str name="info_day" translate="yes">
				<val>Kokeilujakso päättyy {0} päivän kuluttua.</val>
			</str>
			<str name="additionalInfo" translate="yes">
				<val>Voit jatkaa tuotteen {0} käyttöä kokeilujakson jälkeen ostamalla ohjelmiston.</val>
			</str>
		</set>
		
		<set name="bonus">
			<str name="info" translate="yes">
				<val>Kokeiluversion viimeinen käynnistyskerta</val>
			</str>
			<str name="additionalInfo" translate="yes">
				<val>Kokeilujakso on päättynyt, mutta voit käyttää tuotetta {0} vielä viimeisen kerran.</val>
			</str>
			<str name="bonusInfo" translate="yes">
				<val>Voit jatkaa tuotteen {0} käyttöä ostamalla ohjelmiston.</val>
			</str>
		</set>
		
		<set name="expired">
			<str name="info" translate="yes">
				<val>Kokeilujakso on päättynyt.</val>
			</str>
			<str name="additionalInfo" translate="yes">
				<val>Voit jatkaa tuotteen {0} käyttöä ostamalla ohjelmiston.</val>
			</str>
		</set>
		
		<str name="daysRemaining" translate="yes">
			<val>päivää jäljellä</val>
		</str>
		<str name="dayRemaining" translate="yes">
			<val>päivä jäljellä</val>
		</str>
		<str name="buy" translate="yes">
			<val>Osta nyt</val>
		</str>
		<str name="buyLink" translate="no">
			<val>http://www.adobe.com/go/buy</val>
		</str>
		<str name="continue" translate="yes">
			<val>Jatka kokeiluversion käyttöä</val>
		</str>
		<str name="startTrial" translate="yes">
			<val>Aloita kokeilu</val>
		</str>
		<str name="enterSerial" translate="yes">
			<val>Hanki käyttöoikeudet tähän ohjelmistoon</val>
		</str>		
	</set>
	
	<set name="deactivate">
		<str name="title" translate="yes">
			<val>Poista aktivointi</val>
		</str>
		<str name="title_Fail" translate="yes">
			<val>Aktivoinnin poistaminen epäonnistui</val>
		</str>
		<str name="infoSubscription" translate="yes">
			<val>Sovelluksen aktivoinnin poistaminen ei muuta tilausta. Voit muokata tilausta {0}Subscription Managerilla{1}.</val>
		</str>
		<str name="infoSubscriptionCCMTeam" translate="yes">
			<val>Sovelluksen aktivoinnin poistaminen ei muuta tilausta.</val>
		</str>
		<str name="message" translate="yes">
			<val>Poistettuasi aktivoinnin voit aktivoida Adobe-tuotteesi toisessa tietokoneessa, mikäli toimit {0}ohjelmiston käyttöoikeussopimuksen{1} mukaisesti. Varmista, että olet yhteydessä Internetiin, ennen kuin poistat aktivoinnin. Voit aktivoida tuotteen tässä tietokoneessa uudelleen antamalla sarjanumerosi uudelleen.</val>
		</str>
		<str name="messageSubscription" translate="yes">
			<val>Poistettuasi aktivoinnin voit aktivoida Adobe-tuotteesi toisessa tietokoneessa, mikäli toimit {0}ohjelmiston käyttöoikeussopimuksen{1} mukaisesti. Varmista, että olet yhteydessä Internetiin, ennen kuin poistat aktivoinnin.</val>
		</str>
		<str name="deActivationMsgError" translate="yes">
			<val>Jos ongelma ei poistu, ota yhteyttä {0}asiakastukeen{1}. {2}</val>
		</str>
		<str name="customerSupportLink" translate="yes">
			<val>http://www.adobe.com/go/customer_support_fi</val>
		</str>
		<str name="eula_Link" translate="yes">
			<val>http://www.adobe.com/go/eulas_fi</val>
		</str>
		<str name="subscriptionManagerLinkForCC" translate="yes">
			<val> http://www.adobe.com/go/cc_manage_act_fi</val>
		</str>
		<str name="subscriptionManagerLinkForNonCC" translate="yes">
			<val>http://www.adobe.com/go/subscriptionedition_fi</val>
		</str>
		<str name="failure" translate="yes">
			<val>Aktivoinnin poistaminen epäonnistui. Yritä uudelleen.</val>
		</str>
		<str name="deactivate" translate="yes">
			<val>Poista aktivointi</val>
		</str>		
		<str name="cancel" translate="yes">
			<val>Peruuta</val>
		</str>
		<str name="continue" translate="yes">
			<val>Jatka</val>
		</str>
		
		<str name="offline" translate="yes">
			<val>Muodosta Internet-yhteys ja yritä uudelleen.</val>
		</str>		
		<str name="offlineMsg" translate="yes">
			<val>Aktivointia ei voi poistaa. Varmista, että olet muodostanut Internet-yhteyden, ja yritä uudelleen. Jos ongelma ei poistu, ota yhteyttä {0}asiakastukeen{1}.</val>
		</str>	
		<str name="customerSupportLink" translate="yes">
			<val>http://www.adobe.com/go/customer_support_fi</val>
		</str>
	</set>
	
	<set name="trialFailed">
		<str name="title" translate="yes">
			<val>Kokeiluversion alustaminen epäonnistui</val>
		</str>
		<str name="warning" translate="yes">
			<val>Lisensointi lakkasi toimimasta.</val>
		</str>
		<str name="message" translate="yes">
			<val>Tuotteen lisensoinnissa ilmeni ongelma. Asenna tuote uudelleen ja yritä uudelleen. Jos ongelma ei poistu edes uudelleenasennuksen jälkeen, ota yhteyttä {0}asiakastukeen{1}.</val>
		</str>
		<str name="customerSupportLink" translate="yes">
			<val>http://www.adobe.com/go/customer_support_fi</val>
		</str>
		<str name="close" translate="yes">
			<val>Sulje</val>
		</str>
		<str name="enterSerial" translate="yes">
			<val>Hanki käyttöoikeudet tähän ohjelmistoon</val>
		</str>
	</set>
	
	<set name="validateSerial">
		<str name="title" translate="yes">
			<val>Sarjanumeron vahvistus</val>
		</str>
		
		<set name="grace">
			<str name="message" translate="yes">
				<val>Muodosta Internet-yhteys sarjanumeron vahvistamista varten. Sinulla on {0} aikaa vahvistaa se, muuten ohjelmisto lakkaa toimimasta.</val>
			</str>
		</set>
		
		<set name="post_grace">
			<str name="message" translate="yes">
				<val>Muodosta Internet-yhteys sarjanumeron vahvistamista varten. Sinun on muodostettava Internet-yhteys seuraavalla käynnistyskerralla, muuten sovellus ei toimi.</val>
			</str>
		</set>
		
		<set name="post_bonus">
			<str name="message" translate="yes">
				<val>Muodosta Internet-yhteys sarjanumeron vahvistamista varten. Ohjelmisto ei toimi ilman aktivointia ja sarjanumeron vahvistamista. Sinun on muodostettava Internet-yhteys ennen jatkamista.</val>
			</str>
		</set>
		
		<str name="noInternet" translate="yes">
			<val>Onko sinulla Internet-yhteyden muodostamiseen liittyviä ongelmia?</val>
		</str>
		<str name="validate" translate="yes">
			<val>Vahvista</val>
		</str>
		<str name="connectLater" translate="yes">
			<val>Yhdistä myöhemmin</val>
		</str>
		<str name="quit" translate="yes">
			<val>Lopeta</val>
		</str>
	</set>

	<set name="deactivateSuccess">
		<str name="title" translate="yes">
			<val>Aktivoinnin poistaminen onnistui</val>
		</str>
		<str name="message" translate="yes">
			<val>Voit nyt käyttää tuotetta {0} toisessa tietokoneessa. Jos haluat käyttää tuotetta {0} tässä tietokoneessa uudelleen, anna voimassa oleva sarjanumero tai valitse Yritä ja anna tilaukseen liittyvä Adobe-tunnus.</val>
		</str>
		<str name="close" translate="yes">
			<val>Sulje</val>
		</str>	
	</set>
	
	<set name="offlineScrim">
		<str name="title" translate="yes">
			<val>Muodosta Internet-yhteys ja yritä uudelleen.</val>
		</str>
		<str name="message" translate="yes">
			<val>Tietokone näyttää olevan offline-tilassa. Vaaditaan Internet-yhteys. Muodosta Internet-yhteys ja yritä uudelleen. Jos ongelma ei poistu, ota yhteyttä {0}asiakastukeen{1}.</val>
		</str>
		<str name="offlineActivationMsg" translate="yes">
			<val>Jos tietokoneesta ei voi muodostaa Internet-yhteyttä, katso Internetiin yhteydessä olevalla laitteella lisätietoja osoitteesta {0}.</val>
		</str>
		<str name="offlineActivationLink" translate="yes">
			<val>http://www.adobe.com/go/getactivated_fi</val>
		</str>
		<str name="customerSupportLink" translate="yes">
			<val>http://www.adobe.com/go/customer_support_fi</val>
		</str>
		<str name="retry" translate="yes">
			<val>Yritä uudelleen</val>
		</str>
		<str name="connectLater" translate="yes">
			<val>Yhdistä myöhemmin</val>
		</str>
		<str name="cancel" translate="yes">
			<val>Peruuta</val>
		</str>
	</set>
	
	<set name="dspEntitlementOfflineScrim">
		<str name="title" translate="yes">
			<val>Vaaditaan Internet-yhteys tilauksia varten</val>
		</str>
		<str name="message" translate="yes">
			<val>Tilauksen aloittamiseen tarvitaan Internet-yhteys. Jos sinulla on tilaus, muodosta Internet-yhteys ja valitse Yritä uudelleen.</val>
		</str>
		<str name="serialInfo" translate="yes">
			<val>Jos sinulla on sarjanumero, valitse Anna sarjanumero ennen jatkamista.</val>
		</str>
		<str name="retry" translate="yes">
			<val>Yritä uudelleen</val>
		</str>
		<str name="enterSerialNumber" translate="yes">
			<val>Anna sarjanumero</val>
		</str>
		<str name="cancel" translate="yes">
			<val>Takaisin</val>
		</str>
	</set>
	
	<set name="screenLoading">
		<str name="loading" translate="yes">
			<val>Ladataan...</val>
		</str>
		<str name="validatingSerial" translate="yes">
			<val>Tarkistetaan sarjanumeroa. Tämä voi kestää muutaman sekunnin...</val>
		</str>
	</set>
	
	<set name="overActivation">
		<str name="title" translate="yes">
			<val>Sarjanumero</val>
		</str>
		<str name="stepMessage" translate="yes">
			<val>Sarjanumero {0} on jo käytössä suurimmassa määrässä sallittuja tietokoneita. Toisen tietokoneen aktivointi on poistettava {1} päivän kuluessa, jos haluat käyttää tätä tuotetta.</val>
		</str>
		<str name="stepMessageOneDay" translate="yes">
			<val>Sarjanumero {0} on jo käytössä suurimmassa määrässä sallittuja tietokoneita. Toisen tietokoneen aktivointi on poistettava 1 päivän kuluessa, jos haluat käyttää tätä tuotetta.</val>
		</str>
		<str name="stepMessageBonusLaunch" translate="yes">
			<val>Sarjanumero {0} on jo käytössä suurimmassa määrässä sallittuja tietokoneita. Sinun on poistettava toisen tietokoneen aktivointi tai annettava voimassa oleva sarjanumero, jos haluat käyttää tuotetta {1} tässä tietokoneessa uudelleen.</val>
		</str>
		<str name="radioButton1" translate="yes">
			<val>Yritä aktivoida uudelleen. Olen jo poistanut toisen tietokoneen aktivoinnin.</val>
		</str>
		<str name="radioButton2" translate="yes">
			<val>Anna toinen sarjanumero.</val>
		</str>
		<str name="continue" translate="yes">
			<val>Jatka</val>
		</str>
	</set>
	
	<set name="activationFailure">
		<str name="title" translate="yes">
			<val>Aktivointi epäonnistui</val>
		</str>
		<str name="activationStepError" translate="yes">
			<val>Tuotetta {0} ei voi aktivoida</val>
		</str>
		<str name="activationMsgError" translate="yes">
			<val>Tarkista Internet-yhteyden asetukset ja yritä uudelleen. Jos ongelma ei poistu, ota yhteyttä {0}asiakastukeen{1}. {2}</val>
		</str>
		<str name="customerSupportLink" translate="yes">
			<val>http://www.adobe.com/go/customer_support_fi</val>
		</str>
		<str name="close" translate="yes">
			<val>Sulje</val>
		</str>
		<str name="retry" translate="yes">
			<val>Yritä uudelleen</val>
		</str>
	</set>
	<set name="activationRequired">
		<str name="title" translate="yes">
			<val>Aktivointi on pakollinen</val>
		</str>
		<str name="activationMsgOneDay" translate="yes">
			<val>Muodosta Internet-yhteys. {0} on aktivoitava 1 päivän kuluessa, muuten tuote lakkaa toimimasta.</val>
		</str>
		<str name="activationMsg" translate="yes">
			<val>Muodosta Internet-yhteys. {0} on aktivoitava {1} päivän kuluessa, muuten tuote lakkaa toimimasta.</val>
		</str>
		<str name="activationMsgBonus" translate="yes">
			<val>Muodosta Internet-yhteys. {0} on aktivoitava tänään, muuten tuote lakkaa toimimasta.</val>
		</str>
		<str name="activateLater" translate="yes">
			<val>Aktivoi myöhemmin</val>
		</str>
		<str name="retry" translate="yes">
			<val>Aktivoi nyt</val>
		</str>
	</set>
	
	<set name="confirmationDialog">
		<str name="title" translate="yes">
			<val>Lopeta</val>
		</str>
		<str name="message" translate="yes">
			<val>Haluatko varmasti lopettaa?</val>
		</str>
		<str name="primaryButtonLabel" translate="yes">
			<val>Kyllä</val>
		</str>
		<str name="secondaryButtonLabel" translate="yes">
			<val>Ei</val>
		</str>
	</set>
	
	<set name="inAppTrials">
		<str name="loading" translate="yes">
			<val>Ladataan...</val>
		</str>
		<str name="title" translate="yes">
			<val>{0} -kok.versio </val>
		</str>
		<str name="continue" translate="yes">
			<val>Jatka kokeiluversion käyttöä</val>
		</str>
		<str name="startTrial" translate="yes">
			<val>Aloita kokeilu</val>
		</str>
		<str name="enterSerial" translate="yes">
			<val>Hanki käyttöoikeudet tähän ohjelmistoon</val>
		</str>
		<str name="privacySettings" translate="yes">
			<val>Yksityisyysasetukset</val>
		</str>
		<str name="tutorialsList" translate="yes">
			<val>{0}/{1}</val>
		</str>
		<str name="videoLoadingError" translate="yes">
			<val>Videota ladattaessa tapahtui virhe.</val>
		</str>
		<str name="tryAgain" translate="yes">
			<val>Yritä uudelleen</val>
		</str>
		<str name="exitFullScreen" translate="yes">
			<val>Poistu koko näytön tilasta painamalla Esc-näppäintä.</val>
		</str>
		<str name="okay" translate="yes">
			<val>OK</val>
		</str>
		<str name="cancel" translate="yes">
			<val>Peruuta</val>
		</str>
		<str name="privacyText" translate="yes">
			<val>Voimme pyytää sinulta valinnaisia lisätietoja, kuten ohjelmistoihin liittyvän kokemuksesi tason, jotta voimme räätälöidä sisällön juuri sinulle sopivaksi.</val>
		</str>
		<str name="privacyPolicyText" translate="yes">
			<val>Jos haluat tietää, mitä tietoja Adobe kerää tuotteen käytöstä ja miten se käyttää kyseisiä tietoja muun muassa markkinoinnin kohdistamiseen, {0}napsauta tätä{1} ja tutustu {2}Adoben online-tietosuojakäytäntöön{3}.</val>
		</str>
		<str name="optInText" translate="yes">
			<val>Poista kokeiluversion mukautetun sisällön näyttö käytöstä. Mukautettua sisältöä ei näytetä, kun käynnistät kokeiluversion seuraavan kerran.</val>
		</str>
		<str name="privacyPortalLink" translate="yes">
			<val>http://www.adobe.com/go/adobe_privacy_portal_fi</val>
		</str>
		<str name="privacyPolicyLink" translate="yes">
			<val>http://www.adobe.com/go/privacy_fi</val>
		</str>		
		
	</set>
	
	<set name="noInternetConnection">
		<str name="title" translate="yes">
			<val>Internet-yhteyttä ei ole</val>
		</str>
		<str name="para1" translate="yes">
			<val>Tässä laitteessa ei havaita Internet-yhteyttä.</val>
		</str>
		<str name="para2" translate="yes">
			<val>Aktivointi ja rekisteröinti ovat välttämättömiä, ja ne on viimeisteltävä {0} päivän kuluessa. Jos tietokoneesta pystyy muodostamaan verkkoyhteyden, prosessi kestää vain muutaman minuutin.</val>
		</str>
		<str name="para2_day" translate="yes">
			<val>Aktivointi ja rekisteröinti ovat välttämättömiä, ja ne on viimeisteltävä 1 päivän kuluessa. Jos tietokoneesta pystyy muodostamaan verkkoyhteyden, prosessi kestää vain muutaman minuutin.</val>
		</str>
		<str name="para2_end" translate="yes">
			<val>Aktivointi ja rekisteröinti ovat välttämättömiä, ja ne on viimeisteltävä. Jos tietokoneesta pystyy muodostamaan verkkoyhteyden, prosessi kestää vain muutaman minuutin.</val>
		</str>
		<str name="para2_optional" translate="yes">
			<val>Aktivointi on välttämätön, ja se on viimeisteltävä {0} päivän kuluessa. Jos tietokoneesta pystyy muodostamaan verkkoyhteyden, prosessi kestää vain muutaman minuutin.</val>
		</str>
		<str name="para2_day_optional" translate="yes">
			<val>Aktivointi on välttämätön, ja se on viimeisteltävä 1 päivän kuluessa. Jos tietokoneesta pystyy muodostamaan verkkoyhteyden, prosessi kestää vain muutaman minuutin.</val>
		</str>
		<str name="para2_end_optional" translate="yes">
			<val>Aktivointi on välttämätön, ja se on viimeisteltävä. Jos tietokoneesta pystyy muodostamaan verkkoyhteyden, prosessi kestää vain muutaman minuutin.</val>
		</str>
		<str name="para3" translate="yes">
			<val>Jos tästä tietokoneesta ei pysty muodostamaan Internet-yhteyttä, valitse Offline-aktivointi. Tarvitset ohjelmiston offline-aktivointiin Internetiin yhteydessä olevan laitteen ja tuotteen sarjanumeron.</val>
		</str>
		<str name="para3_optional" translate="yes">
			<val>Jos tästä tietokoneesta ei koskaan pysty muodostamaan Internet-yhteyttä, valitse Offline-aktivointi. Tarvitset offline-aktivointiprosessin viimeistelemiseen Internetiin yhteydessä olevan laitteen ja tuotteen sarjanumeron.</val>
		</str>
		<str name="hyperlinkText" translate="yes">
			<val>Tästä tietokoneesta on muodostettu Internet-yhteys. En tiedä ongelman syytä.</val>
		</str>
		<str name="hyperlinkTooltipText" translate="yes">
			<val>Ota yhteyttä järjestelmänvalvojaan tai soita Adoben asiakastukeen.</val>
		</str>
		<str name="offlineActivate" translate="yes">
			<val>Offline-aktivointi</val>
		</str>
		<str name="back" translate="yes">
			<val>Takaisin</val>
		</str>
	</set>
	
	<set name="offlineActivation">
		<str name="title" translate="yes">
			<val>Offline-aktivointi</val>
		</str>
		<set name="StepError">
			<str name="requestCodeExpired" translate="yes">
				<val>Pyyntökoodi {0} on vanhentunut. Viimeistele offline-aktivointi toimimalla seuraavien ohjeiden mukaan.</val>
			</str>
			<str name="requestCodeGenError" translate="yes">
				<val>Pyyntökoodia ei voi luoda. Yritä uudelleen.</val>
			</str>
		</set>
		<str name="para1" translate="yes">
			<val>1. Valitse alta Luo pyyntökoodi. Laitekohtainen koodi on voimassa 72 tuntia. Jos et pysty suorittamaan prosessia 72 tunnin kuluessa loppuun, pyydä uusi koodi.</val>
		</str>
		<str name="para2" translate="yes">
			<val>2. Siirry Internetiin yhteydessä olevalla laitteella osoitteeseen Adobe.com/go/getactivated_fi.</val>
		</str>
		<str name="para3" translate="yes">
			<val>3. Anna sivuston niin pyytäessä vaiheessa 1 saamasi koodi ja sarjanumero. Saat vastauskoodin.</val>
		</str>
		<str name="para4" translate="yes">
			<val>4. Anna vastauskoodi offline-tilassa olevassa laitteessa ja valitse Aktivoi.</val>
		</str>
		<str name="para5" translate="yes">
			<val>Aktivoi ohjelmisto verkossa valitsemalla Takaisin.</val>
		</str>
		<str name="hyperlinkText" translate="yes">
			<val>Haluan aktivoida nopeammin verkossa.</val>
		</str>
		<str name="back" translate="yes">
			<val>Takaisin</val>
		</str>
		<str name="activateLater" translate="yes">
			<val>Aktivoi myöhemmin</val>
		</str>
		<str name="quit" translate="yes">
			<val>Lopeta</val>
		</str>
		<str name="generateRequestCode" translate="yes">
			<val>Luo pyyntökoodi</val>
		</str>
		<str name="customerSupportLink" translate="yes">
			<val>http://www.adobe.com/go/customer_support_fi</val>
		</str>
	</set>
	
	<set name="offlineActivationCode">
		<str name="title" translate="yes">
			<val>Offline-aktivointi</val>
		</str>
		<set name="StepError">
			<str name="invalidResponseCode" translate="yes">
				<val>Annettu vastauskoodi ei kelpaa. Anna se uudelleen.</val>
			</str>
			<str name="requestCodeExpired" translate="yes">
				<val>Pyyntökoodi {0} on vanhentunut. Viimeistele offline-aktivointi toimimalla seuraavien ohjeiden mukaan.</val>
			</str>
			<str name="verifyError" translate="yes">
				<val>Annettua vastauskoodia ei voi vahvistaa. Yritä uudelleen.</val>
			</str>
		</set>
		<str name="requestCode" translate="yes">
			<val>Pyyntökoodi:</val>
		</str>
		<str name="para1" translate="yes">
			<val>Sinulla on {0} aikaa hankkia pyyntökoodi osoitteesta www.adobe.com/go/getactivated_fi ja antaa se alla.</val>
		</str>
		<str name="responseCode" translate="yes">
			<val>Vastauskoodi:</val>
		</str>
		<str name="hyperlinkText" translate="yes">
			<val>Haluan aktivoida nopeammin verkossa.</val>
		</str>
		<str name="back" translate="yes">
			<val>Takaisin</val>
		</str>
		<str name="activateLater" translate="yes">
			<val>Aktivoi myöhemmin</val>
		</str>
		<str name="quit" translate="yes">
			<val>Lopeta</val>
		</str>
		<str name="activate" translate="yes">
			<val>Aktivoi</val>
		</str>
		<str name="hour" translate="yes">
			<val>tunti</val>
		</str>
		<str name="hours" translate="yes">
			<val>tuntia</val>
		</str>
		<str name="customerSupportLink" translate="yes">
			<val>http://www.adobe.com/go/customer_support_fi</val>
		</str>
	</set>
	
	<set name="offlineActivationComplete">
		<str name="title" translate="yes">
			<val>Offline-aktivointi on valmis</val>
		</str>
		<str name="message" translate="yes">
			<val>Tuotteen {0} aktivointi onnistui ja se on valmiina käyttöön.</val>
		</str>
		<str name="close" translate="yes">
			<val>Sulje</val>
		</str>
		<str name="launch" translate="yes">
			<val>Käynnistä</val>
		</str>
	</set>
	
	<set name="unableToActivate">
		<str name="title" translate="yes">
			<val>Aktivointi epäonnistui</val>
		</str>
		<str name="warning" translate="yes">
			<val>Tuotetta {0} ei voi aktivoida</val>
		</str>
		<str name="para1" translate="yes">
			<val>Tämän tuotteen käyttäminen edellyttää tuoteaktivointia.</val>
		</str>
		<str name="para2" translate="yes">
			<val>Tämän tuotteen aktivoiminen edellyttää toimivaa Internet-yhteyttä. Tarkista yhteysasetukset ja valitse Yritä uudelleen.</val>
		</str>
		<str name="tryAgain" translate="yes">
			<val>Yritä uudelleen</val>
		</str>
		<str name="close" translate="yes">
			<val>Sulje</val>
		</str>
		<str name="noInternet" translate="yes">
			<val>Onko sinulla Internet-yhteyden muodostamiseen liittyviä ongelmia?</val>
		</str>
	</set>
	
	<set name="dspSubscriptionActivated">
		<str name="title" translate="yes">
			<val>Tilaus on aktivoitu</val>
		</str>
		<str name="message" translate="yes">
			<val>Kiitos, että tilasit tuotteen {0}.</val>
		</str>
		<str name="close" translate="yes">
			<val>Sulje</val>
		</str>
	</set>
	
	<set name="dspOverActivation">
		<str name="title" translate="yes">
			<val>Aktivointiyritysten enimmäismäärä on ylitetty</val>
		</str>
		<str name="warning" translate="yes">
			<val>Tuotetta {0} ei voi aktivoida.</val>
		</str>
		<str name="message" translate="yes">
			<val>Tuotteen tähän Adobe-tunnukseen liittyvä tilaus on jo käytössä kahdessa laitteessa, mikä on enimmäismäärä. Poista muiden laitteiden aktivointi ja aktivoi tilauksesi tässä laitteessa valitsemalla Jatka tai valitse Hanki käyttöoikeudet tähän ohjelmistoon, jos haluat kirjautua toisella Adobe-tunnuksella.</val>
		</str>
		<str name="activationPolicy" translate="yes">
			<val>{0}Aktivointikäytäntö{1}</val>
		</str>
		<str name="activationPolicyLink" translate="yes">
			<val>http://www.adobe.com/go/activation_fi</val>
		</str>
		<str name="licenseThisSoftware" translate="yes">
			<val>Hanki käyttöoikeudet tähän ohjelmistoon</val>
		</str>
		<str name="continue" translate="yes">
			<val>Jatka</val>
		</str>
	</set>
	
	<set name="dspAdobeIDMismatch">
		<str name="title" translate="yes">
			<val>Yritä uudelleen</val>
		</str>
		<str name="warning" translate="yes">
			<val>Adobe-tunnusten ristiriita</val>
		</str>
		<str name="message" translate="yes">
			<val>Sisäänkirjautumiseen käytetty Adobe-tunnus ei vastaa tähän tilaukseen liitettyä Adobe-tunnusta. Kirjaudu sisään tähän tilaukseen liitetyllä Adobe-tunnuksella.</val>
		</str>
		<str name="back" translate="yes">
			<val>Takaisin</val>
		</str>
		<str name="quit" translate="yes">
			<val>Lopeta</val>
		</str>
	</set>
	
	<set name="dspSubscriptionExpired">
		<str name="title" translate="yes">
			<val>Uudista tilaus</val>
		</str>
		<str name="message" translate="yes">
			<val>Siirry {0}Subscription Manageriin{1} tuotteen {2} tilauksen uusimista varten, niin voit jatkaa tuotteen käyttöä keskeytyksettä. Jos olet juuri uusinut tilauksen, odota 15 minuuttia ja yritä sitten uudelleen.</val>
		</str>
		<str name="messageCCMTeamPara1" translate="yes">
			<val>Ota yhteyttä järjestelmänvalvojaan ja uudista tilauksesi, jotta voit jatkaa tuotteen käyttöä.</val>
		</str>
		<str name="messageCCMTeamPara2" translate="yes">
			<val>Jos tilaus on jo uudistettu, odota 15 minuuttia ja yritä uudelleen.</val>
		</str>
		<str name="signedInMessage" translate="yes">
			<val>Olet kirjautunut Adobe-tunnuksella {0}. Jos haluat kirjautua toisella Adobe-tunnuksella, valitse Hanki käyttöoikeudet tähän ohjelmistoon.</val>
		</str>
		<str name="subscriptionManagerLinkForCC" translate="yes">
			<val> http://www.adobe.com/go/cc_manage_act_fi</val>
		</str>
		<str name="subscriptionManagerLinkForNonCC" translate="yes">
			<val>http://www.adobe.com/go/subscriptionedition_fi</val>
		</str>
		<str name="tryAgain" translate="yes">
			<val>Yritä uudelleen</val>
		</str>
		<str name="close" translate="yes">
			<val>Sulje</val>
		</str>
		<str name="licenseThisSoftware" translate="yes">
			<val>Hanki käyttöoikeudet tähän ohjelmistoon</val>
		</str>
	</set>
	
	<set name="dspCheckGenericError">
		<str name="title" translate="yes">
			<val>Yritä uudelleen</val>
		</str>
		<str name="warning" translate="yes">
			<val>{0} -tilausta ei voida aloittaa.</val>
		</str>
		<str name="message" translate="yes">
			<val>Odota hetki ja yritä uudelleen.</val>
		</str>
		<str name="tryAgain" translate="yes">
			<val>Yritä uudelleen</val>
		</str>
		<str name="quit" translate="yes">
			<val>Lopeta</val>
		</str>
	</set>
	
	<set name="dspSubscriptionVerified">
		<str name="title" translate="yes">
			<val>Kiitos</val>
		</str>
		<str name="message" translate="yes">
			<val>{0} -tilaus on nyt aktiivinen. Valitse Jatka, jotta voit käyttää tuotetta.</val>
		</str>
		<str name="continue" translate="yes">
			<val>Jatka</val>
		</str>
	</set>
	
	<set name="dspSubscriptionReactivation">
		<str name="title" translate="yes">
			<val>Kirjauduttava sisään</val>
		</str>
		<str name="message" translate="yes">
			<val>Tiedoistamme ilmenee, että tilaus on jo aktiivinen toisessa koneessa. Jos haluat aktivoida {0} -tilauksen tässä tietokoneessa, kirjaudu Adobe-tunnuksellasi sisään.</val>
		</str>
		<str name="signIn" translate="yes">
			<val>Kirjaudu sisään</val>
		</str>
		<str name="quit" translate="yes">
			<val>Lopeta</val>
		</str>
	</set>
	
	<set name="dspReminder">
		<set name="ccInfoReminder">
			<str name="title" translate="yes">
				<val>Tilausmuistutus</val>
			</str>
			<str name="message" translate="yes">
				<val>Tilauksesi päättyy pian.</val>
			</str>
			<str name="info" translate="yes">
				<val>Tiedoistamme ilmenee, että tähän tilaustiliin ei ole liitetty luottokorttia. Siirry {0}Subscription Manageriin{1} ja anna luottokorttitietosi tuotteen {2} tilauksen uusimista varten, niin voit jatkaa tuotteen käyttöä keskeytyksettä.</val>
			</str>
			<str name="infoCCMTeam" translate="yes">
				<val>Ota yhteyttä järjestelmänvalvojaan ja varmista, että sinulla on oikeudet tuotteen jatkuvaan käyttöön.</val>
			</str>
		</set>
		
		<set name="graceReminder">
			<str name="title" translate="yes">
				<val>Tilaus umpeutunut</val>
			</str>
			<str name="message" translate="yes">
				<val>{0} -tilaus on umpeutunut.</val>
			</str>
			<str name="info" translate="yes">
				<val>Siirry {0}Subscription Manageriin{1} tuotteen {2} tilauksen uusimista varten, niin voit jatkaa tuotteen käyttöä keskeytyksettä. Voit uusia tilauksen lyhyen lisäjakson aikana. Tämän jälkeen et voi enää käyttää tätä tuotetta.</val>
			</str>
			<str name="infoCCMTeam" translate="yes">
				<val>Ota yhteyttä järjestelmänvalvojaan ja uudista tilauksesi, jotta voit jatkaa tuotteen käyttöä keskeytyksettä. Voit uusia tilauksen lyhyen lisäjakson aikana. Tämän jälkeen et enää voi käyttää tätä tuotetta.</val>
			</str>
		</set>
		<set name="combinedSubIssueReminder">
			<str name="title" translate="yes">
				<val>Jäsenyytesi vahvistamisessa on ongelmia</val>
			</str>
			<str name="message" translate="yes">
				<val>Olet joko offline-tilassa tai tilissäsi on laskutusongelma. Muodosta verkkoyhteys ja hallitse tiliäsi ja vahvista laskutustietosi. Jos sinulla on ongelmia tai kysyttävää, ota yhteyttä {0}asiakastukeen{1}.</val>
			</str>
			<str name="messageCCMTeam1" translate="yes">
				<val>Olet joko offline-tilassa tai ryhmäsi tilissä on laskutusongelma. Ratkaise laskutusongelma ottamalla yhteys järjestelmänvalvojaan.</val>
			</str>
			<str name="messageCCMTeam2" translate="yes">
				<val> Jos sinulla on muuta kysyttävää, ota yhteyttä {0}asiakastukeen{1}.</val>
			</str>
			<str name="offlineError" translate="yes">
				<val>Muodosta verkkoyhteys, jotta voimme korjata ongelman, tai pysy offline-tilassa valitsemalla Jatka, jolloin muistutamme sinua myöhemmin.</val>
			</str>
		</set>
		
		<str name="subscriptionManagerLinkForCC" translate="yes">
			<val> http://www.adobe.com/go/cc_manage_act_fi</val>
		</str>
		<str name="subscriptionManagerLinkForNonCC" translate="yes">
			<val>http://www.adobe.com/go/subscriptionedition_fi</val>
		</str>
		<str name="offline" translate="yes">
			<val>Internet-yhteyttä ei voida muodostaa. Tarkista yhteysasetukset ja valitse Yritä uudelleen.</val>
		</str>
		<str name="subscriptionPolicy" translate="yes">
			<val>{0}Tilauskäytäntö{1}</val>
		</str>
		<str name="subscriptionPolicyLink" translate="yes">
			<val>http://www.adobe.com/go/subscription_policy_fi</val>
		</str>
		<str name="customerSupportLink" translate="yes">
			<val>http://www.adobe.com/go/customer_support_fi</val>
		</str>
		<str name="daysRemaining" translate="yes">
			<val>päivää jäljellä</val>
		</str>
		<str name="dayRemaining" translate="yes">
			<val>päivä jäljellä</val>
		</str>
		<str name="continue" translate="yes">
			<val>Jatka</val>
		</str>
		<str name="tryAgain" translate="yes">
			<val>Yritä uudelleen</val>
		</str>
		<str name="retry" translate="yes">
			<val>Yritä uudelleen</val>
		</str>
	</set>
	
	<set name="dspSuspended">
		<set name="activationSuspended">
			<str name="title" translate="yes">
				<val>Aktivointi epäonnistui</val>
			</str>
			<str name="warning" translate="yes">
				<val>Tuotetta {0} ei voi aktivoida.</val>
			</str>
			<str name="message" translate="yes">
				<val>Järjestelmäsi päivämäärä ei vastaa palvelimemme päivämäärää. Järjestelmäsi päivämäärä voi poiketa enintään kolme päivää Adobe-palvelimen päivämäärästä ({0}).</val>
			</str>
			<str name="info" translate="yes">
				<val>Tarkista tietokoneen päivämääräasetukset ja yritä uudelleen. Jos ongelma ei poistu, ota yhteyttä {0}asiakastukeen{1}.</val>
			</str>
		</set>
		
		<set name="subscriptionSuspended">
			<str name="title" translate="yes">
				<val>Tilaus keskeytetty</val>
			</str>
			<str name="warning" translate="yes">
				<val>{0} -tilaus on keskeytetty.</val>
			</str>
			<str name="message" translate="yes">
				<val>Järjestelmäsi päivämäärä ei vastaa palvelimemme päivämäärää. Järjestelmäsi päivämäärä voi poiketa enintään kolme päivää Adobe-palvelimen päivämäärästä ({0}).</val>
			</str>
			<str name="info" translate="yes">
				<val>Tarkista tietokoneen päivämääräasetukset ja yritä uudelleen. Jos ongelma ei poistu, ota yhteyttä {0}asiakastukeen{1}.</val>
			</str>
		</set>
		
		<set name="subscriptionWindback">
			<str name="title" translate="yes">
				<val>Tilaus keskeytetty</val>
			</str>
			<str name="warning" translate="yes">
				<val>{0} -tilaus on keskeytetty.</val>
			</str>
			<str name="message" translate="yes">
				<val>Järjestelmän päivämäärä ja kellonaika on asetettu väärin. Aseta järjestelmän kello oikeaan aikaan ja valitse Yritä uudelleen. Jos ongelma ei poistu, ota yhteyttä {0}asiakastukeen{1}.</val>
			</str>
		</set>
		
		<str name="customerSupportLink" translate="yes">
			<val>http://www.adobe.com/go/customer_support_fi</val>
		</str>
		<str name="activationPolicy" translate="yes">
			<val>{0}Näytä aktivointikäytäntö{1}</val>
		</str>
		<str name="activationPolicyLink" translate="yes">
			<val>http://www.adobe.com/go/activation_fi</val>
		</str>
		<str name="subscriptionPolicy" translate="yes">
			<val>{0}Tilauskäytäntö{1}</val>
		</str>
		<str name="subscriptionPolicyLink" translate="yes">
			<val>http://www.adobe.com/go/subscription_policy_fi</val>
		</str>
		<str name="quit" translate="yes">
			<val>Lopeta</val>
		</str>
		<str name="tryAgain" translate="yes">
			<val>Yritä uudelleen</val>
		</str>
	</set>
	
	<set name="dateTimeFormats">
		<str name="dateFormat_Long" translate="yes">
			<val>{1}. {0}ta {2}</val>
		</str>
	</set>

	<set name="monthsFull">
		<str name="1" translate="yes">
			<val>tammikuu</val>
		</str>
		<str name="2" translate="yes">
			<val>helmikuu</val>
		</str>
		<str name="3" translate="yes">
			<val>maaliskuu</val>
		</str>
		<str name="4" translate="yes">
			<val>huhtikuu</val>
		</str>
		<str name="5" translate="yes">
			<val>toukokuu</val>
		</str>
		<str name="6" translate="yes">
			<val>kesäkuu</val>
		</str>
		<str name="7" translate="yes">
			<val>heinäkuu</val>
		</str>
		<str name="8" translate="yes">
			<val>elokuu</val>
		</str>
		<str name="9" translate="yes">
			<val>syyskuu</val>
		</str>
		<str name="10" translate="yes">
			<val>lokakuu</val>
		</str>
		<str name="11" translate="yes">
			<val>marraskuu</val>
		</str>
		<str name="12" translate="yes">
			<val>joulukuu</val>
		</str>
	</set>
	
	<set name="dsp_IMSBusyScrim">
		<str name="WaitAMoment" translate="yes">
			<val>Odota hetki...</val>
		</str>
	</set>
	
	<set name="dspSubscriptionRevoked">
		<str name="title" translate="yes">
			<val>Tilaus keskeytetty</val>
		</str>
		<str name="warning" translate="yes">
			<val>{0} -tilaus on keskeytetty.</val>
		</str>
		<str name="message" translate="yes">
			<val>Tilauslisenssi ei enää ole voimassa tai se on kumottu. Ota yhteyttä {0}asiakastukeen{1}.</val>
		</str>
		<str name="subscriptionPolicy" translate="yes">
			<val>{0}Tilauskäytäntö{1}</val>
		</str>
		<str name="subscriptionPolicyLink" translate="yes">
			<val>http://www.adobe.com/go/subscription_policy_fi</val>
		</str>
		<str name="customerSupportLink" translate="yes">
			<val>http://www.adobe.com/go/customer_support_fi</val>
		</str>
		<str name="quit" translate="yes">
			<val>Lopeta</val>
		</str>
	</set>
	
	<set name="isoToLanguage">
		<str name="ar_AE" translate="no"><val>العربية</val></str>
		<str name="en_GB" translate="no"><val>English (International)</val></str> 
		<str name="en_INT" translate="no"><val>English (International)</val></str> 
		<str name="fr_CA" translate="no"><val>Français canadien</val></str>
		<str name="es_QM" translate="no"><val>Español (Middle East)</val></str>
		<str name="es_LA" translate="no"><val>Español de América Latina</val></str>
		<str name="es_NA" translate="no"><val>Español Norteamericano</val></str>
		<str name="bg_BG" translate="no"><val>Български</val></str>
		<str name="lv_LV" translate="no"><val>Latviešu</val></str>
		<str name="et_EE" translate="no"><val>Eesti</val></str>
		<str name="hr_HR" translate="no"><val>hrvatski</val></str>
		<str name="sl_SI" translate="no"><val>slovenščina</val></str>
		<str name="sk_SK" translate="no"><val>Slovenčina</val></str>
		<str name="th_TH" translate="no"><val>ภาษาไทย</val></str> 
		<str name="vi_VN" translate="no"><val>Việt</val></str>
		<str name="en_XC" translate="no"><val>English (Central Europe)</val></str> 
		<str name="en_XM" translate="no"><val>English (Middle East)</val></str>
		<str name="fr_XM" translate="no"><val>Français Oriental Moyen</val></str>
		<str name="sq_AL" translate="no"><val>Shqip</val></str> 
		<str name="ar_SA" translate="no"><val>العربية</val></str>
		<str name="be_BY" translate="no"><val>Беларуская</val></str> 
		<str name="ca_ES" translate="no"><val>Català</val></str> 
		<str name="hi_IN" translate="no"><val>हिन्दी</val></str>
		<str name="is_IS" translate="no"><val>Íslenska</val></str> 
		<str name="lt_LT" translate="no"><val>Lietuvių</val></str>
		<str name="mk_MK" translate="no"><val>македонски</val></str>
		<str name="nn_NO" translate="no"><val>Norsk (Nynorsk)</val></str>
		<str name="pt_PT" translate="no"><val>Português de Portugal</val></str> 
		<str name="sh_YU" translate="no"><val>Srpsko-Hrvatski</val></str> 
		<str name="sr_YU" translate="no"><val>Cрпски</val></str> 
		<str name="kk_KZ" translate="no"><val>Қазақ</val></str>
		<str name="az_AZ" translate="no"><val>Azərbaycan dili</val></str> 
		<str name="es_MX" translate="no"><val>Español (América Latina)</val></str>
		<str name="no_NO" translate="no"><val>Norwegian</val></str> 
		<str name="cs_CZ" translate="no"><val>Česky</val></str>
		<str name="de_DE" translate="no"><val>Deutsch</val></str>
		<str name="el_GR" translate="no"><val>Ελληνικά</val></str>
		<str name="en_US" translate="no"><val>English (North America)</val></str> 
		<str name="es_ES" translate="no"><val>Español</val></str> 
		<str name="fr_FR" translate="no"><val>Français</val></str>
		<str name="he_IL" translate="no"><val>עברית</val></str> 
		<str name="hu_HU" translate="no"><val>Magyar</val></str> 
		<str name="it_IT" translate="no"><val>Italiano</val></str>
		<str name="ja_JP" translate="no"><val>日本語</val></str>
		<str name="ko_KR" translate="no"><val>한국어</val></str>
		<str name="nl_NL" translate="no"><val>Nederlands</val></str>
		<str name="pl_PL" translate="no"><val>Polski</val></str>
		<str name="ro_RO" translate="no"><val>Română</val></str>
		<str name="ru_RU" translate="no"><val>Pусский</val></str>
		<str name="sv_SE" translate="no"><val>Svenska</val></str>
		<str name="tr_TR" translate="no"><val>Türkçe</val></str>
		<str name="uk_UA" translate="no"><val>Українська</val></str>
		<str name="zh_CN" translate="no"><val>简体中文</val></str>
		<str name="zh_TW" translate="no"><val>繁體中文</val></str>
		<str name="da_DK" translate="no"><val>Dansk</val></str>
		<str name="fi_FI" translate="no"><val>Suomi</val></str>
		<str name="nb_NO" translate="no"><val>Norsk (Bokmål)</val></str> 
		<str name="pt_BR" translate="no"><val>Português do Brasil</val></str>
		<str name="en_AE" translate="no"><val>English يدعم العربية</val></str> 
		<str name="en_IL" translate="no"><val>English תומך עברית</val></str> 
		<str name="fr_MA" translate="no"><val>Français (Maroc)</val></str>
	</set>
		
</asf>
