<?xml version='1.0' encoding='utf-8'?>
<!DOCTYPE asf SYSTEM "http://ns.adobe.com/asf/asf_1_0.dtd" >
<asf xmlns="http://ns.adobe.com/asf" locale="sv_SE" version="1.0">
	
	<set name="common">
		<str name="windowTitle" translate="yes">
			<val>Adobe-produkt</val>
		</str>
		<str name="day" translate="yes">
			<val>dag</val>
		</str>
		<str name="days" translate="yes">
			<val>dagar</val>
		</str>
	</set>
	
	<set name="eula">
		<str name="eula" translate="yes">
			<val>Adobes licensavtal för programvara</val>
		</str>
		<str name="productLineMsg" translate="yes">
			<val>Avtalet reglerar din installation och din användning av {0}-produkter, inklusive den här programvaran. Du kan läsa avtalen du hittills godkänt på {1}.</val>
		</str>
		<str name="eulaOnlineLink" translate="yes">
			<val>www.adobe.com/go/myaccount_se</val>
		</str>
		<str name="eulaOnlineLinkGoURL" translate="yes">
			<val>http://www.adobe.com/go/adobemembership_se</val>
		</str>
		<str name="accept" translate="yes">
			<val>Acceptera</val>
		</str>
		<str name="quit" translate="yes">
			<val>Avsluta</val>
		</str>		
	</set>

	<set name="register">
		<set name="trial">
			<set name="online">
				<str name="title" translate="yes">
					<val>Inloggning krävs</val>
				</str>
				<str name="titleMenuSignIn" translate="yes">
					<val>Logga in</val>
				</str>
				<str name="message" translate="yes">
					<val>Logga in med ditt Adobe-id för att registrera den här programvaran.</val>
				</str>
				<str name="message_device" translate="yes">
					<val>Nu registreras den här programvaran med ditt Adobe-id: {0}.</val>
				</str>
				<str name="notYou" translate="yes">
					<val>(Är det här inte ditt Adobe-id?)</val>
				</str>
				<str name="signInNow" translate="yes">
					<val>Logga in nu</val>
				</str>
				<str name="signIn" translate="yes">
					<val>Logga in</val>
				</str>
				<str name="termTitle" translate="yes">
					<val>Villkor för utvärderingsprogramvara.</val>
				</str>
				<str name="termPara1" translate="yes">
					<val>Vi kan komma att be dig om information så att vi kan anpassa innehållet för dig. Det är valfritt att uppge den här informationen. Du kan inaktivera det anpassade innehållet när som helst genom att gå till Sekretessinställningar på utvärderingsskärmen.</val>
				</str>
				<str name="termPara2" translate="yes">
					<val>Om du vill ha information om de data vi samlar in om din användning av produkten och hur Adobe använder dessa data, inklusive hur vi marknadsför dina intressen, kan du klicka {0}här{1} och läsa {2}Adobes integritetspolicy online{3}.</val>
				</str>
				<str name="privacyPortalLink" translate="yes">
					<val>http://www.adobe.com/go/adobe_privacy_portal_se</val>
				</str>
				<str name="privacyPolicyLink" translate="yes">
					<val>http://www.adobe.com/go/privacy_se</val>
				</str>
			</set>
		</set>
		
		<set name="subscription">
			<str name="title" translate="yes">
				<val>Inloggning krävs</val>
			</str>
			<str name="titleMenuSignIn" translate="yes">
					<val>Logga in</val>
			</str>			
			<str name="message" translate="yes">
				<val>Du måste logga in om du vill använda produkten och registrera den med ditt Adobe-id. Med ditt Adobe-id kan du enkelt komma åt dina serienummer, liksom Adobe Creative Cloud och Adobe.com-communityn.</val>
			</str>
			<str name="userEmail" translate="yes">
				<val>Du loggas in som Adobe-id: {0}.</val>
			</str>
			<str name="notYou" translate="yes">
				<val>(Är det här inte ditt Adobe-id?)</val>
			</str>
			<str name="signInNow" translate="yes">
				<val>Logga in nu</val>
			</str>
			<str name="signIn" translate="yes">
				<val>Logga in</val>
			</str>
			<str name="back" translate="yes">
				<val>Tillbaka</val>
			</str>
			<str name="signInLater" translate="yes">
				<val>Logga in senare</val>
			</str>
		</set>
		
		
		<set name="serial">
			<set name="grace">
				<str name="title" translate="yes">
					<val>Inloggning krävs</val>
				</str>	
				<str name="titleMenuSignIn" translate="yes">
					<val>Logga in</val>
				</str>	
				<str name="message1" translate="yes">
					<val>Logga in om du vill aktivera programvaran som är installerad på den här datorn eller enheten och koppla den till ditt Adobe-id enligt villkoren i {0}licensavtalet för programvara{1}.</val>
				</str>		
				<str name="message2" translate="yes">
					<val>Du måste logga in med ett Adobe-id och registrera {0} inom {1}. Annars slutar produkten fungera.</val>
				</str>
				<str name="benefit" translate="yes">
					<val>Med ditt Adobe-id kan du enkelt komma åt ditt medlemskap, Adobe Creative Cloud och Adobe.com-communityn.</val>
				</str>
				<str name="userEmail" translate="yes">
					<val>Du loggas in med detta Adobe-id: {0}.</val>
				</str>
				<str name="notYou" translate="yes">
					<val>(Är det här inte ditt Adobe-id?)</val>
				</str>
				<str name="signInNow" translate="yes">
					<val>Logga in nu</val>
				</str>
				<str name="signIn" translate="yes">
					<val>Logga in</val>
				</str>
				<str name="signInLater" translate="yes">
					<val>Logga in senare</val>
				</str>
			</set>
			
			<set name="post_grace">
				<str name="title" translate="yes">
					<val>Inloggning krävs</val>
				</str>	
				<str name="titleMenuSignIn" translate="yes">
					<val>Logga in</val>
				</str>	
				<str name="message1" translate="yes">
					<val>Logga in om du vill aktivera programvaran som är installerad på den här datorn eller enheten och koppla den till ditt Adobe-id enligt villkoren i {0}licensavtalet för programvara{1}.</val>
				</str>		
				<str name="message2" translate="yes">
					<val>Du måste logga in med ditt Adobe-id och registrera {0} innan du kan använda den här programvaran igen.</val>
				</str>
				<str name="benefit" translate="yes">
					<val>Med ditt Adobe-id kan du enkelt komma åt ditt medlemskap, Adobe Creative Cloud och Adobe.com-communityn.</val>
				</str>
				<str name="userEmail" translate="yes">
					<val>Du loggas in med detta Adobe-id: {0}.</val>
				</str>
				<str name="notYou" translate="yes">
					<val>(Är det här inte ditt Adobe-id?)</val>
				</str>
				<str name="signInNow" translate="yes">
					<val>Logga in nu</val>
				</str>
				<str name="signIn" translate="yes">
					<val>Logga in</val>
				</str>
				<str name="signInLater" translate="yes">
					<val>Logga in senare</val>
				</str>
			</set>
		
			<set name="post_bonus">
				<str name="title" translate="yes">
					<val>Inloggning krävs</val>
				</str>	
				<str name="titleMenuSignIn" translate="yes">
					<val>Logga in</val>
				</str>	
				<str name="message1" translate="yes">
					<val>Logga in om du vill aktivera programvaran som är installerad på den här datorn eller enheten och koppla den till ditt Adobe-id enligt villkoren i {0}licensavtalet för programvara{1}.</val>
				</str>		
				<str name="message2" translate="yes">
					<val>Du måste logga in med ditt Adobe-id och registrera produkten innan du kan använda {0}.</val>
				</str>
				<str name="benefit" translate="yes">
					<val>Med ditt Adobe-id kan du enkelt komma åt ditt medlemskap, Adobe Creative Cloud och Adobe.com-communityn.</val>
				</str>
				<str name="userEmail" translate="yes">
					<val>Du loggas in med detta Adobe-id: {0}.</val>
				</str>
				<str name="notYou" translate="yes">
					<val>(Är det här inte ditt Adobe-id?)</val>
				</str>
				<str name="signInNow" translate="yes">
					<val>Logga in nu</val>
				</str>
				<str name="signIn" translate="yes">
					<val>Logga in</val>
				</str>
				<str name="quit" translate="yes">
					<val>Avsluta</val>
				</str>
			</set>
		
			<set name="go_online_grace">
				<str name="title" translate="yes">
					<val>Inloggning krävs</val>
				</str>	
				<str name="titleMenuSignIn" translate="yes">
					<val>Logga in</val>
				</str>	
				<str name="message1" translate="yes">
					<val>Logga in om du vill aktivera programvaran som är installerad på den här datorn eller enheten och koppla den till ditt Adobe-id enligt villkoren i {0}licensavtalet för programvara{1}.</val>
				</str>		
				<str name="message2" translate="yes">
					<val>Anslut till Internet. Du måste logga in med ditt Adobe-id och registrera {0} inom {1}. Annars slutar produkten fungera.</val>
				</str>
				<str name="benefit" translate="yes">
					<val>Med ditt Adobe-id kan du enkelt komma åt ditt medlemskap, Adobe Creative Cloud och Adobe.com-communityn.</val>
				</str>
				<str name="userEmail" translate="yes">
					<val>Du loggas in med detta Adobe-id: {0}.</val>
				</str>
				<str name="notYou" translate="yes">
					<val>(Är det här inte ditt Adobe-id?)</val>
				</str>
				<str name="noInternet" translate="yes">
					<val>Har du problem med att ansluta till Internet?</val>
				</str>
				<str name="signInNow" translate="yes">
					<val>Logga in nu</val>
				</str>
				<str name="signIn" translate="yes">
					<val>Logga in</val>
				</str>
				<str name="signInLater" translate="yes">
					<val>Logga in senare</val>
				</str>
			</set>
		
			<set name="go_online_post_grace">
				<str name="title" translate="yes">
					<val>Inloggning krävs</val>
				</str>	
				<str name="titleMenuSignIn" translate="yes">
					<val>Logga in</val>
				</str>	
				<str name="message1" translate="yes">
					<val>Logga in om du vill aktivera programvaran som är installerad på den här datorn eller enheten och koppla den till ditt Adobe-id enligt villkoren i {0}licensavtalet för programvara{1}.</val>
				</str>		
				<str name="message2" translate="yes">
					<val>Du måste logga in med ditt Adobe-id och registrera {0} innan du kan använda den här programvaran igen.</val>
				</str>
				<str name="benefit" translate="yes">
					<val>Med ditt Adobe-id kan du enkelt komma åt ditt medlemskap, Adobe Creative Cloud och Adobe.com-communityn.</val>
				</str>
				<str name="userEmail" translate="yes">
					<val>Du loggas in med detta Adobe-id: {0}.</val>
				</str>
				<str name="notYou" translate="yes">
					<val>(Är det här inte ditt Adobe-id?)</val>
				</str>
				<str name="noInternet" translate="yes">
					<val>Har du problem med att ansluta till Internet?</val>
				</str>
				<str name="signInNow" translate="yes">
					<val>Logga in nu</val>
				</str>
				<str name="signIn" translate="yes">
					<val>Logga in</val>
				</str>
				<str name="signInLater" translate="yes">
					<val>Logga in senare</val>
				</str>
			</set>
		
			<set name="go_online_post_bonus">
				<str name="title" translate="yes">
					<val>Inloggning krävs</val>
				</str>	
				<str name="titleMenuSignIn" translate="yes">
					<val>Logga in</val>
				</str>		
				<str name="message1" translate="yes">
					<val>Logga in om du vill aktivera programvaran som är installerad på den här datorn eller enheten och koppla den till ditt Adobe-id enligt villkoren i {0}licensavtalet för programvara{1}.</val>
				</str>	
				<str name="message2" translate="yes">
					<val>Du måste logga in med ditt Adobe-id och registrera produkten innan du kan använda {0}.</val>
				</str>
				<str name="benefit" translate="yes">
					<val>Med ditt Adobe-id kan du enkelt komma åt ditt medlemskap, Adobe Creative Cloud och Adobe.com-communityn.</val>
				</str>
				<str name="userEmail" translate="yes">
					<val>Du loggas in med detta Adobe-id: {0}.</val>
				</str>
				<str name="noInternet" translate="yes">
					<val>Har du problem med att ansluta till Internet?</val>
				</str>
				<str name="notYou" translate="yes">
					<val>(Är det här inte ditt Adobe-id?)</val>
				</str>
				<str name="signInNow" translate="yes">
					<val>Logga in nu</val>
				</str>
				<str name="signIn" translate="yes">
					<val>Logga in</val>
				</str>
				<str name="quit" translate="yes">
					<val>Avsluta</val>
				</str>
			</set>
		</set>
	
		<set name="exceptionScenarios">
			<set name="retail">
				<str name="title" translate="yes">
					<val>Logga in</val>
				</str>	
				<str name="message1" translate="yes">
					<val>Logga in och registrera programvaran med ditt Adobe-id.</val>
				</str>
				<str name="message2" translate="yes">
					<val>Med ditt Adobe-id kan du enkelt komma åt ditt medlemskap, Adobe Creative Cloud och Adobe.com-communityn.</val>
				</str>		
				<str name="userEmail" translate="yes">
					<val>Nu registreras den här programvaran med ditt Adobe-id: {0}.</val>
				</str>
				<str name="notYou" translate="yes">
					<val>(Är det här inte ditt Adobe-id?)</val>
				</str>
				<str name="signInNow" translate="yes">
					<val>Logga in nu</val>
				</str>
				<str name="signIn" translate="yes">
					<val>Logga in</val>
				</str>
			</set>		
			<set name="volume">
				<str name="title" translate="yes">
					<val>Logga in</val>
				</str>		
				<str name="message" translate="yes">
					<val>Med ditt Adobe-id kan du enkelt komma åt ditt medlemskap, Adobe Creative Cloud och Adobe.com-communityn.</val>
				</str>		
				<str name="userEmail" translate="yes">
					<val>Du loggas in som Adobe-id: {0}.</val>
				</str>
				<str name="notYou" translate="yes">
					<val>(Är det här inte ditt Adobe-id?)</val>
				</str>
				<str name="signInNow" translate="yes">
					<val>Logga in nu</val>
				</str>
				<str name="signIn" translate="yes">
					<val>Logga in</val>
				</str>
			</set>
		</set>	
		<set name="bonusLaunch">
				<str name="title" translate="yes">
					<val>Inloggning krävs</val>
				</str>	
				<str name="message1" translate="yes">
					<val>Du har loggats ut. Det kan bero på att du gjorde en fjärrutloggning från en annan enhet eller på att du är inloggad som en annan systemanvändare på den här enheten.</val>
				</str>	
				<str name="message2" translate="yes">
					<val>Logga in för att aktivera om {0} på den här enheten i enlighet med {1}licensavtalet för programvara{2}. Om problemet kvarstår kan du kontakta {3}kundsupport{4} för ytterligare hjälp.</val>
				</str>	
				<str name="userEmail" translate="yes">
					<val>Du loggas in med detta Adobe-id: {0}.</val>
				</str>
				<str name="notYou" translate="yes">
					<val>(Är det här inte ditt Adobe-id?)</val>
				</str>
				<str name="signInNow" translate="yes">
					<val>Logga in nu</val>
				</str>
				<str name="signIn" translate="yes">
					<val>Logga in</val>
				</str>
				<str name="quit" translate="yes">
					<val>Avsluta</val>
				</str>
			</set>		
	</set>
	
	
	<set name="registerOptional">
		<set name="serial">
			<str name="title" translate="yes">
				<val>Registrera din produkt</val>
			</str>			
			<str name="paragraphOneText" translate="yes">
				<val>Registrera {0} med ditt Adobe-id.</val>
			</str>
			<str name="paragraphOneTextWithAdobeID" translate="yes">
				<val>Registrera {0} med ditt Adobe-id:</val>
			</str>
			<str name="paragraphTwoHeader" translate="yes">
				<val>Genom att registrera din produkt kan du:</val>
			</str>
			<str name="pointOne" translate="yes">
				<val>Få tillgång till teknisk support</val>
			</str>
			<str name="pointTwo" translate="yes">
				<val>Ha ordning på ditt serienummer</val>
			</str>
			<str name="pointThree" translate="yes">
				<val>Vara bland de första som får uppdateringar och meddelanden om {0}</val>
			</str>
			<str name="pointFour" translate="yes">
				<val>Du kommer också få en {0}kostnadsfri förmån{1} för att du registrerar dig.</val>
			</str>
			<str name="complementaryBenefitsLink" translate="yes">
				<val>https://www.adobe.com/go/benefit_se</val>
			</str>
			<str name="notYou" translate="yes">
				<val>(Inte du?)</val>
			</str>
			<str name="neverCheckBoxText" translate="yes">
				<val>Visa inte det här igen</val>
			</str>
			<str name="registerNow" translate="yes">
				<val>Registrera dig nu</val>
			</str>
			<str name="skip" translate="yes">
				<val>Hoppa över</val>
			</str>
		</set>
	</set>
	
	<set name="trialLaunch">
		<str name="title" translate="yes">
			<val>Utv.version av {0}</val>
		</str>
		
		<set name="start">
			<str name="info" translate="yes">
				<val>Du kan testa den här produkten i {0} dagar.</val>
			</str>
			<str name="info_day" translate="yes">
				<val>Du kan testa den här produkten i {0} dag.</val>
			</str>
			<str name="additionalInfo" translate="yes">
				<val>Du kan fortsätta använda {0} efter utvärderingsperioden genom att köpa programvaran.</val>
			</str>
		</set>
		
		<set name="grace">
			<str name="info" translate="yes">
				<val>Utvärderingsversionen går ut om {0} dagar.</val>
			</str>
			<str name="info_day" translate="yes">
				<val>Utvärderingsversionen går ut om {0} dag.</val>
			</str>
			<str name="additionalInfo" translate="yes">
				<val>Du kan fortsätta använda {0} efter utvärderingsperioden genom att köpa programvaran.</val>
			</str>
		</set>
		
		<set name="bonus">
			<str name="info" translate="yes">
				<val>Starta sista utvärderingssession</val>
			</str>
			<str name="additionalInfo" translate="yes">
				<val>Utvärderingsperioden är slut, men du kan använda {0} en sista gång.</val>
			</str>
			<str name="bonusInfo" translate="yes">
				<val>Du kan fortsätta använda {0} genom att köpa programvaran.</val>
			</str>
		</set>
		
		<set name="expired">
			<str name="info" translate="yes">
				<val>Utvärderingsperioden är slut.</val>
			</str>
			<str name="additionalInfo" translate="yes">
				<val>Du kan fortsätta använda {0} genom att köpa programvaran.</val>
			</str>
		</set>
		
		<str name="daysRemaining" translate="yes">
			<val>dagar kvar</val>
		</str>
		<str name="dayRemaining" translate="yes">
			<val>dag kvar</val>
		</str>
		<str name="buy" translate="yes">
			<val>Köp nu</val>
		</str>
		<str name="buyLink" translate="no">
			<val>http://www.adobe.com/go/buy</val>
		</str>
		<str name="join" translate="yes">
			<val>Gå med nu</val>
		</str>
		<str name="joinLink" translate="yes">
			<val>http://www.adobe.com/go/cc_plans_se</val>
		</str>
		<str name="continue" translate="yes">
			<val>Fortsätt med utvärderingsversionen</val>
		</str>
		<str name="startTrial" translate="yes">
			<val>Starta utvärderingsversionen</val>
		</str>
		<str name="enterSerial" translate="yes">
			<val>Licensiera den här programvaran</val>
		</str>		
	</set>
	
	<set name="deactivate">
		<str name="title" translate="yes">
			<val>Logga ut</val>
		</str>
		<str name="title_Fail" translate="yes">
			<val>Det gick inte att logga ut</val>
		</str>
		<str name="infoSubscription" translate="yes">
			<val>Inaktivering av programmet ändrar inte prenumerationen. Gå till {0}prenumerationshanteraren{1} om du vill ändra prenumerationen.</val>
		</str>
		<str name="infoSubscriptionCCMTeam" translate="yes">
			<val>Prenumerationen ändras inte om du inaktiverar program.</val>
		</str>
		<str name="adobeIDMessage" translate="yes">
			<val>Du är inloggad med {0}.</val>
		</str>
		<str name="message1" translate="yes">
			<val>Om du loggar ut kan du aktivera dina Adobe-produkter på en annan dator eller enhet enligt {0}licensavtalet för programvara{1}. Kontrollera att du är ansluten till Internet innan du loggar ut.</val>
		</str>
		<str name="message2" translate="yes">
			<val>Om du loggar ut inaktiveras följande programvara på den här datorn tills du loggar in igen.</val>
		</str>
		<str name="messageSubscription" translate="yes">
			<val>Om du inaktiverar kan du aktivera dina Adobe-produkter på en annan dator så länge som du följer {0}licensavtalet för programvaran{1}. Kontrollera att du är ansluten till Internet innan du inaktiverar.</val>
		</str>
		<str name="deActivationMsgError" translate="yes">
			<val>Kontakta {0}kundsupport{1} om problemet kvarstår. {2}</val>
		</str>
		<str name="customerSupportLink" translate="yes">
			<val>http://www.adobe.com/go/customer_support_se</val>
		</str>
		<str name="eula_Link" translate="yes">
			<val>http://www.adobe.com/go/eulas_se</val>
		</str>
		<str name="subscriptionManagerLink" translate="no">
			<val>http://www.creative.adobe.com/go/account</val>
		</str>
		<str name="failure" translate="yes">
			<val>Det gick inte att inaktivera. Försök igen.</val>
		</str>
		<str name="deactivate" translate="yes">
			<val>Logga ut</val>
		</str>		
		<str name="cancel" translate="yes">
			<val>Avbryt</val>
		</str>
		<str name="continue" translate="yes">
			<val>Fortsätt</val>
		</str>
		
		<str name="offline" translate="yes">
			<val>Anslut till Internet och försök igen</val>
		</str>		
		<str name="offlineMsg" translate="yes">
			<val>Det går inte att logga ut. Kontrollera att du är ansluten till Internet och försök igen. Kontakta {0}kundsupport{1} om problemet kvarstår.</val>
		</str>	
		<str name="customerSupportLink" translate="yes">
			<val>http://www.adobe.com/go/customer_support_se</val>
		</str>
	</set>
	<set name="signoutOffline">
		<str name="title" translate="yes">
			<val>Logga ut</val>
		</str>
		<str name="message" translate="yes">
			<val>Du måste vara online om du vill logga ut från dina produkter. Anslut till Internet och försök igen.</val>
		</str>
		<str name="retry" translate="yes">
			<val>Försök igen</val>
		</str>
		<str name="cancel" translate="yes">
			<val>Avbryt</val>
		</str>
	</set>
	
	<set name="trialFailed">
		<str name="title" translate="yes">
			<val>Initieringen av utvärderingsversionen misslyckades</val>
		</str>
		<str name="warning" translate="yes">
			<val>Licensieringen har slutat fungera.</val>
		</str>
		<str name="message" translate="yes">
			<val>Ett problem har uppstått med licensieringen av produkten. Installera om produkten och försök igen. Kontakta {0}kundsupport{1} om problemet kvarstår efter ominstallation så får du mer hjälp.</val>
		</str>
		<str name="customerSupportLink" translate="yes">
			<val>http://www.adobe.com/go/customer_support_se</val>
		</str>
		<str name="close" translate="yes">
			<val>Stäng</val>
		</str>
		<str name="enterSerial" translate="yes">
			<val>Licensiera den här programvaran</val>
		</str>
	</set>
	
	<set name="validateSerial">
		<str name="title" translate="yes">
			<val>Validering av serienummer</val>
		</str>
		
		<set name="grace">
			<str name="message" translate="yes">
				<val>Anslut till Internet för att validera ditt serienummer.</val>
			</str>
		</set>
		<str name="noInternet" translate="yes">
			<val>Har du problem med att ansluta till Internet?</val>
		</str>
		<str name="validate" translate="yes">
			<val>Validera</val>
		</str>
		<str name="connectLater" translate="yes">
			<val>Anslut senare</val>
		</str>
		<str name="quit" translate="yes">
			<val>Avsluta</val>
		</str>
	</set>

	<set name="deactivateSuccess">
		<str name="title" translate="yes">
			<val>Du är utloggad</val>
		</str>
		<str name="message" translate="yes">
			<val>Nu kan du använda {0} på en annan dator. Ange ett giltigt serienummer om du vill använda {0} på den här datorn igen eller välj Testa och ange det Adobe-id som hör till prenumerationen.</val>
		</str>
		<str name="close" translate="yes">
			<val>Stäng</val>
		</str>	
	</set>
	
	<set name="offlineScrim">
		<str name="title" translate="yes">
			<val>Anslut till Internet och försök igen</val>
		</str>
		<str name="message" translate="yes">
			<val>Datorn verkar vara offline. En Internetanslutning krävs. Anslut till Internet och försök igen. Kontakta {0}kundtjänst{1} om problemet kvarstår.</val>
		</str>
		<str name="offlineActivationMsg" translate="yes">
			<val>Om datorn inte kan ansluta till Internet kan du hitta mer information på {0} genom att använda en enhet med en Internetanslutning.</val>
		</str>
		<str name="offlineActivationLink" translate="yes">
			<val>http://www.adobe.com/go/getactivated_se</val>
		</str>
		<str name="customerSupportLink" translate="yes">
			<val>http://www.adobe.com/go/customer_support_se</val>
		</str>
		<str name="retry" translate="yes">
			<val>Försök igen</val>
		</str>
		<str name="connectLater" translate="yes">
			<val>Anslut senare</val>
		</str>
		<str name="cancel" translate="yes">
			<val>Avbryt</val>
		</str>
	</set>
	
	<set name="dspEntitlementOfflineScrim">
		<str name="title" translate="yes">
			<val>Internetanslutning krävs för prenumerationer</val>
		</str>
		<str name="message" translate="yes">
			<val>Du måste vara ansluten till Internet för att starta en prenumeration. Om du har en prenumeration ansluter du till Internet och väljer Försök igen.</val>
		</str>
		<str name="serialInfo" translate="yes">
			<val>Om du har ett serienummer väljer du Ange serienummer för att fortsätta.</val>
		</str>
		<str name="retry" translate="yes">
			<val>Försök igen</val>
		</str>
		<str name="enterSerialNumber" translate="yes">
			<val>Ange serienummer</val>
		</str>
		<str name="cancel" translate="yes">
			<val>Tillbaka</val>
		</str>
	</set>
	
	<set name="screenLoading">
		<str name="loading" translate="yes">
			<val>Läser in...</val>
		</str>
		<str name="validatingSerial" translate="yes">
			<val>Serienumret verifieras. Det kan ta några sekunder...</val>
		</str>
	</set>
	
	<set name="overActivation">
		<str name="title" translate="yes">
			<val>Serienummer</val>
		</str>
		<str name="stepMessage" translate="yes">
			<val>Serienumret {0} används redan för det maximala tillåtna antalet datorer. Du måste inaktivera en annan dator inom {1} dagar för att kunna använda den här produkten.</val>
		</str>
		<str name="stepMessageOneDay" translate="yes">
			<val>Serienumret {0} används redan för det maximala tillåtna antalet datorer. Du måste inaktivera en annan dator inom 1 dag för att kunna använda den här produkten.</val>
		</str>
		<str name="stepMessageBonusLaunch" translate="yes">
			<val>Serienumret {0} används redan för det maximala antalet datorer. Du måste inaktivera en annan dator eller ange ett annat giltigt serienummer för att kunna använda {1} igen på den här datorn.</val>
		</str>
		<str name="radioButton1" translate="yes">
			<val>Försök aktivera igen. Jag har redan inaktiverat en av mina andra datorer.</val>
		</str>
		<str name="radioButton2" translate="yes">
			<val>Ange ett annat serienummer.</val>
		</str>
		<str name="continue" translate="yes">
			<val>Fortsätt</val>
		</str>
	</set>
	
	<set name="activationFailure">
		<str name="title" translate="yes">
			<val>Aktiveringen misslyckades</val>
		</str>
		<str name="activationStepError" translate="yes">
			<val>Det gick inte att aktivera {0}</val>
		</str>
		<str name="activationMsgError" translate="yes">
			<val>Kontrollera inställningarna för Internetanslutningen och försök igen. Kontakta {0}kundsupport{1} om problemet kvarstår. {2}</val>
		</str>
		<str name="customerSupportLink" translate="yes">
			<val>http://www.adobe.com/go/customer_support_se</val>
		</str>
		<str name="close" translate="yes">
			<val>Stäng</val>
		</str>
		<str name="retry" translate="yes">
			<val>Försök igen</val>
		</str>
	</set>
	<set name="activationRequired">
		<str name="title" translate="yes">
			<val>Aktivering krävs</val>
		</str>
		<str name="activationMsgOneDay" translate="yes">
			<val>Anslut till Internet. Programvaran slutar fungera om inte {0} aktiveras inom 1 dag.</val>
		</str>
		<str name="activationMsg" translate="yes">
			<val>Anslut till Internet. Programvaran slutar fungera om inte {0} aktiveras inom {1} dagar.</val>
		</str>
		<str name="activationMsgBonus" translate="yes">
			<val>Anslut till Internet. Programvaran slutar fungera om inte {0} aktiveras idag.</val>
		</str>
		<str name="activateLater" translate="yes">
			<val>Aktivera senare</val>
		</str>
		<str name="retry" translate="yes">
			<val>Aktivera nu</val>
		</str>
	</set>
	
	<set name="confirmationDialog">
		<str name="title" translate="yes">
			<val>Avsluta</val>
		</str>
		<str name="message" translate="yes">
			<val>Vill du avbryta åtgärden?</val>
		</str>
		<str name="primaryButtonLabel" translate="yes">
			<val>Ja</val>
		</str>
		<str name="secondaryButtonLabel" translate="yes">
			<val>Nej</val>
		</str>
	</set>
	
	<set name="inAppTrials">
		<str name="loading" translate="yes">
			<val>Läser in...</val>
		</str>
		<str name="title" translate="yes">
			<val>Utv.version av {0}</val>
		</str>
		<str name="continue" translate="yes">
			<val>Fortsätt med utvärderingsversionen</val>
		</str>
		<str name="startTrial" translate="yes">
			<val>Starta utvärderingsversionen</val>
		</str>
		<str name="enterSerial" translate="yes">
			<val>Licensiera den här programvaran</val>
		</str>
		<str name="privacySettings" translate="yes">
			<val>Sekretessinställningar</val>
		</str>
		<str name="tutorialsList" translate="yes">
			<val>{0} av {1}</val>
		</str>
		<str name="videoLoadingError" translate="yes">
			<val>Det gick inte att läsa in video.</val>
		</str>
		<str name="tryAgain" translate="yes">
			<val>Försök igen</val>
		</str>
		<str name="exitFullScreen" translate="yes">
			<val>Tryck på ESC om du vill avsluta helskärmsläget.</val>
		</str>
		<str name="okay" translate="yes">
			<val>OK</val>
		</str>
		<str name="cancel" translate="yes">
			<val>Avbryt</val>
		</str>
		<str name="privacyText" translate="yes">
			<val>Vi kan komma att be dig om information, t.ex. hur van du är att använda programvaran, så att vi kan anpassa innehållet för dig. Det är valfritt att uppge den här informationen.</val>
		</str>
		<str name="privacyPolicyText" translate="yes">
			<val>Om du vill ha information om de data vi samlar in om din användning av produkten och hur Adobe använder dessa data, inklusive hur vi marknadsför dina intressen, kan du klicka {0}här{1} och läsa {2}Adobes integritetspolicy online{3}.</val>
		</str>
		<str name="optInText" translate="yes">
			<val>Inaktivera visningen av anpassat innehåll för utvärderingsversionen. Inget anpassat innehåll visas nästa gång du startar utvärderingsversionen.</val>
		</str>
		<str name="privacyPortalLink" translate="yes">
			<val>http://www.adobe.com/go/adobe_privacy_portal_se</val>
		</str>
		<str name="privacyPolicyLink" translate="yes">
			<val>http://www.adobe.com/go/privacy_se</val>
		</str>		
		
	</set>
	
	<set name="noInternetConnection">
		<str name="title" translate="yes">
			<val>Ingen Internetanslutning</val>
		</str>
		<str name="para1" translate="yes">
			<val>Det gick inte att identifiera någon Internetanslutning på den här datorn.</val>
		</str>
		<str name="para2" translate="yes">
			<val>Aktivering och registrering är obligatoriskt och måste utföras inom {0} dagar. Om den här datorn har en Internetanslutning tar den här processen endast några minuter.</val>
		</str>
		<str name="para2_day" translate="yes">
			<val>Aktivering och registrering är obligatorisk och måste utföras inom 1 dag. Om den här datorn har en Internetanslutning tar den här processen endast några minuter.</val>
		</str>
		<str name="para2_end" translate="yes">
			<val>Aktivering och registrering är obligatorisk och måste utföras. Om den här datorn har en Internetanslutning tar den här processen endast några minuter.</val>
		</str>
		<str name="para2_optional" translate="yes">
			<val>Aktivering är obligatorisk och måste utföras inom {0} dagar. Om den här datorn har en Internetanslutning tar den här processen endast några minuter.</val>
		</str>
		<str name="para2_day_optional" translate="yes">
			<val>Aktivering är obligatorisk och måste utföras inom 1 dag. Om den här datorn har en Internetanslutning tar den här processen endast några minuter.</val>
		</str>
		<str name="para2_end_optional" translate="yes">
			<val>Aktivering är obligatorisk och måste utföras. Om den här datorn har en Internetanslutning tar den här processen endast några minuter.</val>
		</str>
		<str name="para3" translate="yes">
			<val>Om datorn inte kan ansluta till Internet klickar du på Aktivering offline. Du behöver en enhet med en Internetanslutning och produktens serienummer för att kunna aktivera programvaran offline.</val>
		</str>
		<str name="para3_optional" translate="yes">
			<val>Om datorn inte kan ansluta till Internet klickar du på Aktivering offline. Du behöver en enhet med en Internetanslutning och produktens serienummer för att kunna slutföra aktiveringen offline.</val>
		</str>
		<str name="hyperlinkText" translate="yes">
			<val>Datorn är ansluten till Internet. Jag vet inte vad problemet är.</val>
		</str>
		<str name="hyperlinkTooltipText" translate="yes">
			<val>Kontakta din administratör eller ring Adobes kundsupport.</val>
		</str>
		<str name="offlineActivate" translate="yes">
			<val>Aktivering offline</val>
		</str>
		<str name="back" translate="yes">
			<val>Tillbaka</val>
		</str>
	</set>
	
	<set name="offlineActivation">
		<str name="title" translate="yes">
			<val>Aktivering offline</val>
		</str>
		<set name="StepError">
			<str name="requestCodeExpired" translate="yes">
				<val>Frågekoden {0} har upphört gälla. Följ stegen nedan för att slutföra aktiveringen offline.</val>
			</str>
			<str name="requestCodeGenError" translate="yes">
				<val>Det gick inte att skapa en frågekod. Försök igen.</val>
			</str>
		</set>
		<str name="para1" translate="yes">
			<val>1. Klicka på Skapa en frågekod nedan. Koden är datorspecifik och gäller 72 timmar. Om du inte kan slutföra processen inom 72 timmar skapar du en ny kod.</val>
		</str>
		<str name="para2" translate="yes">
			<val>2. Använd en enhet med en Internetanslutning och anslut till Adobe.com/go/getactivated_se.</val>
		</str>
		<str name="para3" translate="yes">
			<val>3. Ange koden från steg 1 och ditt serienummer när du uppmanas till det på webbplatsen. Du får då en svarskod.</val>
		</str>
		<str name="para4" translate="yes">
			<val>4. Ange svarskoden på datorn som är offline och klicka på Aktivera.</val>
		</str>
		<str name="para5" translate="yes">
			<val>Klicka på Tillbaka om du vill aktivera programvaran online.</val>
		</str>
		<str name="hyperlinkText" translate="yes">
			<val>Jag vill aktivera snabbare genom att gå online.</val>
		</str>
		<str name="back" translate="yes">
			<val>Tillbaka</val>
		</str>
		<str name="activateLater" translate="yes">
			<val>Aktivera senare</val>
		</str>
		<str name="quit" translate="yes">
			<val>Avsluta</val>
		</str>
		<str name="generateRequestCode" translate="yes">
			<val>Skapa en frågekod</val>
		</str>
		<str name="customerSupportLink" translate="yes">
			<val>http://www.adobe.com/go/customer_support_se</val>
		</str>
	</set>
	
	<set name="offlineActivationCode">
		<str name="title" translate="yes">
			<val>Aktivering offline</val>
		</str>
		<set name="StepError">
			<str name="invalidResponseCode" translate="yes">
				<val>Den angivna svarskoden är ogiltig. Försök igen.</val>
			</str>
			<str name="requestCodeExpired" translate="yes">
				<val>Frågekoden {0} har upphört gälla. Följ stegen nedan för att slutföra aktiveringen offline.</val>
			</str>
			<str name="verifyError" translate="yes">
				<val>Det gick inte att verifiera den angivna svarskoden. Försök igen.</val>
			</str>
		</set>
		<str name="requestCode" translate="yes">
			<val>Frågekod:</val>
		</str>
		<str name="para1" translate="yes">
			<val>Du har {0} på dig att skaffa en svarskod från www.adobe.com/go/getactivated_se och ange den nedan.</val>
		</str>
		<str name="responseCode" translate="yes">
			<val>Svarskod:</val>
		</str>
		<str name="hyperlinkText" translate="yes">
			<val>Jag vill aktivera snabbare genom att gå online.</val>
		</str>
		<str name="back" translate="yes">
			<val>Tillbaka</val>
		</str>
		<str name="activateLater" translate="yes">
			<val>Aktivera senare</val>
		</str>
		<str name="quit" translate="yes">
			<val>Avsluta</val>
		</str>
		<str name="activate" translate="yes">
			<val>Aktivera</val>
		</str>
		<str name="hour" translate="yes">
			<val>timme</val>
		</str>
		<str name="hours" translate="yes">
			<val>timmar</val>
		</str>
		<str name="customerSupportLink" translate="yes">
			<val>http://www.adobe.com/go/customer_support_se</val>
		</str>
	</set>
	
	<set name="offlineActivationComplete">
		<str name="title" translate="yes">
			<val>Aktivering offline slutförd</val>
		</str>
		<str name="message" translate="yes">
			<val>{0} har aktiverats och är klart att användas.</val>
		</str>
		<str name="close" translate="yes">
			<val>Stäng</val>
		</str>
		<str name="launch" translate="yes">
			<val>Starta</val>
		</str>
	</set>
	
	<set name="unableToActivate">
		<str name="title" translate="yes">
			<val>Aktiveringen misslyckades</val>
		</str>
		<str name="warning" translate="yes">
			<val>Det gick inte att aktivera {0}</val>
		</str>
		<str name="para1" translate="yes">
			<val>Du måste aktivera produkten för att kunna använda den.</val>
		</str>
		<str name="para2" translate="yes">
			<val>Du måste ha en fungerande Internetanslutning för att kunna aktivera den här produkten. Kontrollera anslutningsinställningarna och välj Försök igen.</val>
		</str>
		<str name="tryAgain" translate="yes">
			<val>Försök igen</val>
		</str>
		<str name="close" translate="yes">
			<val>Stäng</val>
		</str>
		<str name="noInternet" translate="yes">
			<val>Har du problem med att ansluta till Internet?</val>
		</str>
	</set>
	
	<set name="dspSubscriptionActivated">
		<str name="title" translate="yes">
			<val>Tack</val>
		</str>
		<str name="message" translate="yes">
			<val>{0} licensieras nu för {1}. Klicka på Fortsätt för att börja använda programmet.</val>
		</str>
		<str name="continue" translate="yes">
			<val>Fortsätt</val>
		</str>
	</set>
	<set name="dspSubscriptionActivatedForTrial">
		<str name="title" translate="yes">
			<val>Tack</val>
		</str>
		<str name="message" translate="yes">
			<val>Gratulerar till att ha köpt {0} med hjälp av ditt Adobe-id {1}. Klicka på Fortsätt för att starta den licensierade versionen av programvaran.</val>
		</str>
		<str name="continue" translate="yes">
			<val>Fortsätt</val>
		</str>
	</set>
	
	<set name="dspOverActivation">
		<str name="title" translate="yes">
			<val>Maxgräns för antal aktiveringar överskreds</val>
		</str>
		<str name="warning" translate="yes">
			<val>Det gick inte att aktivera {0}.</val>
		</str>
		<str name="message" translate="yes">
			<val>En prenumeration på den här produkten med det här Adobe-id:t är redan aktiverad på två enheter, som är det maximala antalet. Välj Fortsätt om du vill inaktivera dina andra enheter och aktivera prenumerationen på den här, eller välj Licensiera den här programvaran om du vill logga in med ett annat Adobe-id.</val>
		</str>
		<str name="activationPolicy" translate="yes">
			<val>{0}Aktiveringspolicy{1}</val>
		</str>
		<str name="activationPolicyLink" translate="yes">
			<val>http://www.adobe.com/go/activation_se</val>
		</str>
		<str name="licenseThisSoftware" translate="yes">
			<val>Licensiera den här programvaran</val>
		</str>
		<str name="continue" translate="yes">
			<val>Fortsätt</val>
		</str>
	</set>
	<set name="dspSignInFailedOA">
		<str name="title" translate="yes">
			<val>Det gick inte att logga in</val>
		</str>
		<str name="warning" translate="yes">
			<val>Det gick inte att logga in på den här datorn eller enheten.</val>
		</str>
		<str name="message" translate="yes">
			<val>Adobe-id:t {0} har redan använts för att aktivera programvaran på två andra datorer eller enheter.</val>
		</str>
		<str name="radioButton1" translate="yes">
			<val>Försök igen. Jag har redan loggat ut från en av dem.</val>
		</str>
		<str name="radioButton2" translate="yes">
			<val>Logga ut mig från alla andra datorer och enheter.</val>
		</str>
		<str name="differentAdobeIDLink" translate="yes">
			<val>Har du ett annat Adobe-id?</val>
		</str>
		<str name="continue" translate="yes">
			<val>Fortsätt</val>
		</str>
	</set>
	<set name="subscriptionNotFound">
		<str name="title" translate="yes">
			<val>Ingen prenumeration hittades</val>
		</str>
		<str name="message" translate="yes">
			<val>Det gick inte att hitta någon prenumeration på {0} kopplad till detta Adobe-id. Du kan köpa en {1}ny prenumeration{2}. Om du har en prenumeration som du inte kommer åt kan du kontakta {3}kundsupport{4}.</val>
		</str>
		<str name="messageTrial" translate="yes">
			<val>Du kan även välja att starta den här produkten som en utvärderingsversion.</val>
		</str>
		<str name="messageTrialContinue" translate="yes">
			<val>Du kan även välja att fortsätta köra den här produkten som en utvärderingsversion.</val>
		</str>
		<str name="differentAdobeIDLink" translate="yes">
			<val>Har du ett annat Adobe-id?</val>
		</str>
		<str name="quit" translate="yes">
			<val>Avsluta</val>
		</str>
		<str name="startTrial" translate="yes">
			<val>Starta utvärderingsversionen</val>
		</str>
		<str name="continueTrial" translate="yes">
			<val>Fortsätt med utvärderingsversionen</val>
		</str>
		<str name="NewSubscriptionLink" translate="yes">
        	<val>http://www.adobe.com/go/products_se</val>
        </str>
		<str name="customerSupportLink" translate="yes">
			<val>http://www.adobe.com/go/customer_support_se</val>
		</str>
	</set>
	
	<set name="dspAdobeIDMismatch">
		<str name="title" translate="yes">
			<val>Försök igen</val>
		</str>
		<str name="titleReactivationWF" translate="yes">
			<val>Det gick inte att logga in</val>
		</str>
		<str name="warning" translate="yes">
			<val>Adobe-id:t överensstämmer inte</val>
		</str>
		<str name="warningReactivationWF" translate="yes">
			<val>Det gick inte att aktivera prenumerationen på den här datorn eller enheten.</val>
		</str>
		<str name="message" translate="yes">
			<val>Adobe-id:t du har loggat in med överensstämmer inte med det Adobe-id som hör till den här prenumerationen. Logga in med det Adobe-id som hör till den här prenumerationen.</val>
		</str>
		<str name="message1ReactivationWF" translate="yes">
			<val>Adobe-id:t som du loggade in med matchar inte det Adobe-id som är kopplat till den aktuella prenumerationslicensen på den här datorn eller enheten.</val>
		</str>
		<str name="message2ReactivationWF" translate="yes">
			<val>Klicka på Bakåt och logga in med det Adobe-id som är kopplat till den här prenumerationen eller klicka på Logga in senare och logga sedan in med ett annat Adobe-id nästa gång du startar programvaran.</val>
		</str>
		<str name="back" translate="yes">
			<val>Bakåt</val>
		</str>
		<str name="quit" translate="yes">
			<val>Avsluta</val>
		</str>
		<str name="signInLater" translate="yes">
			<val>Logga in senare</val>
		</str>
	</set>
	
	<set name="dspSubscriptionExpired">
		<str name="title" translate="yes">
			<val>Förnya din prenumeration</val>
		</str>
		<str name="message" translate="yes">
			<val>Gå till {0}prenumerationshanteraren{1} och förnya din prenumeration på {2} så du kan fortsätta använda produkten utan avbrott. Om du precis har förnyat din prenumeration väntar du 15 minuter och försöker sedan igen.</val>
		</str>
		<str name="messageCCMTeamPara1" translate="yes">
			<val>Kontakta din administratör för att förnya prenumerationen och fortsätta använda produkten.</val>
		</str>
		<str name="messageCCMTeamPara2" translate="yes">
			<val>Om prenumerationen redan har förnyats kan du vänta 15 minuter och sedan försöka igen.</val>
		</str>
		<str name="signedInMessage" translate="yes">
			<val>Du är inloggad som Adobe-id: {0}.</val>
		</str>
		<str name="subscriptionManagerLink" translate="no">
			<val>http://www.creative.adobe.com/go/account</val>
		</str>
		<str name="tryAgain" translate="yes">
			<val>Försök igen</val>
		</str>
		<str name="close" translate="yes">
			<val>Stäng</val>
		</str>
		<str name="differentAdobeIDLink" translate="yes">
			<val>Har du ett annat Adobe-id?</val>
		</str>
	</set>
	
	<set name="dspCheckGenericError">
		<str name="title" translate="yes">
			<val>Försök igen</val>
		</str>
		<str name="warning" translate="yes">
			<val>Det går inte att starta prenumerationen på {0}.</val>
		</str>
		<str name="message" translate="yes">
			<val>Vänta ett par minuter och försök igen.</val>
		</str>
		<str name="tryAgain" translate="yes">
			<val>Försök igen</val>
		</str>
		<str name="quit" translate="yes">
			<val>Avsluta</val>
		</str>
	</set>
	
	<set name="dspSubscriptionVerified">
		<str name="title" translate="yes">
			<val>Tack</val>
		</str>
		<str name="message" translate="yes">
			<val>Din prenumeration på {0} är nu aktiv. Klicka på Fortsätt om du vill använda produkten.</val>
		</str>
		<str name="continue" translate="yes">
			<val>Fortsätt</val>
		</str>
	</set>
	
	<set name="dspSubscriptionReactivation">
		<str name="title" translate="yes">
			<val>Inloggning krävs</val>
		</str>
		<str name="message" translate="yes">
			<val>Du har loggat ut från den här datorn eller enheten. Klicka på Logga in nu om du vill aktivera din licens på den här enheten eller klicka på Fortsätt om du vill logga in nästa gång du startar programvaran.</val>
		</str>
		<str name="signInNow" translate="yes">
			<val>Logga in nu</val>
		</str>
		<str name="continue" translate="yes">
			<val>Fortsätt</val>
		</str>
	</set>
	
	<set name="dspReminder">
		<set name="ccInfoReminder">
			<str name="title" translate="yes">
				<val>Påminnelse om prenumeration</val>
			</str>
			<str name="message" translate="yes">
				<val>Din prenumeration upphör snart.</val>
			</str>
			<str name="info" translate="yes">
				<val>Enligt våra noteringar har inget kreditkort kopplats till det här prenumerationskontot. Gå till {0}prenumerationshanteraren{1} och ange ett kreditkort och förnya prenumerationen på {2} så att du kan fortsätta använda produkten utan avbrott.</val>
			</str>
			<str name="infoCCMTeam" translate="yes">
				<val>Kontakta din administratör för att se till att du har fortsatt åtkomst till den här produkten.</val>
			</str>
		</set>
		
		<set name="graceReminder">
			<str name="title" translate="yes">
				<val>Prenumeration har gått ut</val>
			</str>
			<str name="message" translate="yes">
				<val>Din prenumeration på {0} har upphört.</val>
			</str>
			<str name="info" translate="yes">
				<val>Gå till {0}prenumerationshanteraren{1} och förnya din prenumeration på {2} så du kan fortsätta använda produkten utan avbrott. Du har en kort respitperiod på dig att förnya prenumerationen, sedan kan du inte längre använda den här produkten.</val>
			</str>
			<str name="infoCCMTeam" translate="yes">
				<val>Kontakta din administratör för att förnya prenumerationen och fortsätta använda produkten utan avbrott. Du kan förnya prenumerationen under en begränsad period, därefter har du inte längre åtkomst till den här produkten.</val>
			</str>
		</set>
		
		<str name="subscriptionManagerLink" translate="no">
			<val>http://www.creative.adobe.com/go/account</val>
		</str>
		<str name="offline" translate="yes">
			<val>Det gick inte att ansluta till Internet. Kontrollera anslutningsinställningarna och välj Försök igen.</val>
		</str>
		<str name="subscriptionPolicy" translate="yes">
			<val>{0}Prenumerationspolicy{1}</val>
		</str>
		<str name="subscriptionPolicyLink" translate="yes">
			<val>http://www.adobe.com/go/subscription_policy_se</val>
		</str>
		<str name="daysRemaining" translate="yes">
			<val>dagar kvar</val>
		</str>
		<str name="dayRemaining" translate="yes">
			<val>dag kvar</val>
		</str>
		<str name="continue" translate="yes">
			<val>Fortsätt</val>
		</str>
		<str name="tryAgain" translate="yes">
			<val>Försök igen</val>
		</str>
	</set>
	
	<set name="dspSuspended">
		<set name="activationSuspended">
			<str name="title" translate="yes">
				<val>Aktiveringen misslyckades</val>
			</str>
			<str name="warning" translate="yes">
				<val>Det gick inte att aktivera {0}.</val>
			</str>
			<str name="message" translate="yes">
				<val>Datumet på datorn matchar inte datumet på servern. Datorn kan ligga upp till tre dagar före/efter Adobes serverdatum ({0}).</val>
			</str>
			<str name="info" translate="yes">
				<val>Kontrollera datuminställningarna på datorn och försök igen. Kontakta {0}kundsupport{1} om problemet kvarstår.</val>
			</str>
		</set>
		
		<set name="subscriptionSuspended">
			<str name="title" translate="yes">
				<val>Prenumerationen inaktiverad</val>
			</str>
			<str name="warning" translate="yes">
				<val>Prenumeration på {0} har inaktiverats.</val>
			</str>
			<str name="message" translate="yes">
				<val>Datumet på datorn matchar inte datumet på servern. Datorn kan ligga upp till tre dagar före/efter Adobes serverdatum ({0}).</val>
			</str>
			<str name="info" translate="yes">
				<val>Kontrollera datuminställningarna på datorn och försök igen. Kontakta {0}kundsupport{1} om problemet kvarstår.</val>
			</str>
		</set>
		
		<set name="subscriptionWindback">
			<str name="title" translate="yes">
				<val>Prenumerationen inaktiverad</val>
			</str>
			<str name="warning" translate="yes">
				<val>Prenumeration på {0} har inaktiverats.</val>
			</str>
			<str name="message" translate="yes">
				<val>Datum och tid på datorn är felaktigt inställt. Ställ datorklockan på aktuell tid och välj Försök igen. Kontakta {0}kundsupport{1} om problemet kvarstår.</val>
			</str>
		</set>
		
		<str name="customerSupportLink" translate="yes">
			<val>http://www.adobe.com/go/customer_support_se</val>
		</str>
		<str name="activationPolicy" translate="yes">
			<val>{0}Visa aktiveringspolicy{1}</val>
		</str>
		<str name="activationPolicyLink" translate="yes">
			<val>http://www.adobe.com/go/activation_se</val>
		</str>
		<str name="subscriptionPolicy" translate="yes">
			<val>{0}Prenumerationspolicy{1}</val>
		</str>
		<str name="subscriptionPolicyLink" translate="yes">
			<val>http://www.adobe.com/go/subscription_policy_se</val>
		</str>
		<str name="quit" translate="yes">
			<val>Avsluta</val>
		</str>
		<str name="tryAgain" translate="yes">
			<val>Försök igen</val>
		</str>
	</set>
	
	<set name="dateTimeFormats">
		<str name="dateFormat_Long" translate="yes">
			<val>{1} {0} {2}</val>
		</str>
	</set>

	<set name="monthsFull">
		<str name="1" translate="yes">
			<val>jan</val>
		</str>
		<str name="2" translate="yes">
			<val>feb</val>
		</str>
		<str name="3" translate="yes">
			<val>mar</val>
		</str>
		<str name="4" translate="yes">
			<val>apr</val>
		</str>
		<str name="5" translate="yes">
			<val>maj</val>
		</str>
		<str name="6" translate="yes">
			<val>jun</val>
		</str>
		<str name="7" translate="yes">
			<val>jul</val>
		</str>
		<str name="8" translate="yes">
			<val>aug</val>
		</str>
		<str name="9" translate="yes">
			<val>sep</val>
		</str>
		<str name="10" translate="yes">
			<val>okt</val>
		</str>
		<str name="11" translate="yes">
			<val>nov</val>
		</str>
		<str name="12" translate="yes">
			<val>dec</val>
		</str>
	</set>
	
	<set name="dsp_IMSBusyScrim">
		<str name="WaitAMoment" translate="yes">
			<val>Vänta...</val>
		</str>
	</set>
	
	<set name="dspSubscriptionRevoked">
		<str name="title" translate="yes">
			<val>Prenumerationen inaktiverad</val>
		</str>
		<str name="warning" translate="yes">
			<val>Prenumeration på {0} har inaktiverats.</val>
		</str>
		<str name="message" translate="yes">
			<val>Prenumerationslicensen är inte längre giltig eller har återkallats. Kontakta {0}kundsupport{1}.</val>
		</str>
		<str name="subscriptionPolicy" translate="yes">
			<val>{0}Prenumerationspolicy{1}</val>
		</str>
		<str name="subscriptionPolicyLink" translate="yes">
			<val>http://www.adobe.com/go/subscription_policy_se</val>
		</str>
		<str name="customerSupportLink" translate="yes">
			<val>http://www.adobe.com/go/customer_support_se</val>
		</str>
		<str name="quit" translate="yes">
			<val>Avsluta</val>
		</str>
	</set>
	
	<set name="isoToLanguage">
		<str name="ar_AE" translate="no"><val>العربية</val></str>
		<str name="en_GB" translate="no"><val>English (International)</val></str> 
		<str name="en_INT" translate="no"><val>English (International)</val></str> 
		<str name="fr_CA" translate="no"><val>Français (Canada)</val></str>
		<str name="es_QM" translate="no"><val>Español (Middle East)</val></str>
		<str name="es_LA" translate="no"><val>Español de América Latina</val></str>
		<str name="es_NA" translate="no"><val>Español Norteamericano</val></str>
		<str name="bg_BG" translate="no"><val>Български</val></str>
		<str name="lv_LV" translate="no"><val>Latviešu</val></str>
		<str name="et_EE" translate="no"><val>Eesti</val></str>
		<str name="hr_HR" translate="no"><val>hrvatski</val></str>
		<str name="sl_SI" translate="no"><val>slovenščina</val></str>
		<str name="sk_SK" translate="no"><val>slovenčina</val></str>
		<str name="th_TH" translate="no"><val>ภาษาไทย</val></str> 
		<str name="vi_VN" translate="no"><val>Việt</val></str>
		<str name="en_XC" translate="no"><val>English (Central Europe)</val></str> 
		<str name="en_XM" translate="no"><val>English (Middle East)</val></str>
		<str name="fr_XM" translate="no"><val>Français (Moyen-Orient)</val></str>
		<str name="sq_AL" translate="no"><val>Shqip</val></str> 
		<str name="ar_SA" translate="no"><val>العربية</val></str>
		<str name="be_BY" translate="no"><val>Беларуская</val></str> 
		<str name="ca_ES" translate="no"><val>Català</val></str> 
		<str name="hi_IN" translate="no"><val>हिन्दी</val></str>
		<str name="is_IS" translate="no"><val>Íslenska</val></str> 
		<str name="lt_LT" translate="no"><val>Lietuvių</val></str>
		<str name="mk_MK" translate="no"><val>македонски</val></str>
		<str name="nn_NO" translate="no"><val>Norsk (Nynorsk)</val></str>
		<str name="pt_PT" translate="no"><val>Português de Portugal</val></str> 
		<str name="sh_YU" translate="no"><val>Srpsko-Hrvatski</val></str> 
		<str name="sr_YU" translate="no"><val>Cрпски</val></str> 
		<str name="kk_KZ" translate="no"><val>Қазақ</val></str>
		<str name="az_AZ" translate="no"><val>Azərbaycan dili</val></str> 
		<str name="es_MX" translate="no"><val>Español (América Latina)</val></str>
		<str name="no_NO" translate="no"><val>Norwegian</val></str> 
		<str name="cs_CZ" translate="no"><val>česky</val></str>
		<str name="de_DE" translate="no"><val>Deutsch</val></str>
		<str name="el_GR" translate="no"><val>Ελληνικά</val></str>
		<str name="en_US" translate="no"><val>English (North America)</val></str> 
		<str name="es_ES" translate="no"><val>Español</val></str> 
		<str name="fr_FR" translate="no"><val>Français</val></str>
		<str name="he_IL" translate="no"><val>עברית</val></str> 
		<str name="hu_HU" translate="no"><val>magyar</val></str>
		<str name="it_IT" translate="no"><val>Italiano</val></str>
		<str name="ja_JP" translate="no"><val>日本語</val></str>
		<str name="ko_KR" translate="no"><val>한국어</val></str>
		<str name="nl_NL" translate="no"><val>Nederlands</val></str>
		<str name="pl_PL" translate="no"><val>polski</val></str>
		<str name="ro_RO" translate="no"><val>Română</val></str>
		<str name="ru_RU" translate="no"><val>русский</val></str>
		<str name="sv_SE" translate="no"><val>Svenska</val></str>
		<str name="tr_TR" translate="no"><val>Türkçe</val></str>
		<str name="uk_UA" translate="no"><val>українська</val></str>
		<str name="zh_CN" translate="no"><val>简体中文</val></str>
		<str name="zh_TW" translate="no"><val>繁體中文</val></str>
		<str name="da_DK" translate="no"><val>Dansk</val></str>
		<str name="fi_FI" translate="no"><val>suomi</val></str>
		<str name="nb_NO" translate="no"><val>Norsk (Bokmål)</val></str> 
		<str name="pt_BR" translate="no"><val>Português do Brasil</val></str>
		<str name="en_AE" translate="no"><val>English يدعم العربية</val></str> 
		<str name="en_IL" translate="no"><val>English תומך עברית</val></str> 
		<str name="fr_MA" translate="no"><val>Français (Maroc)</val></str>
	</set>
		
</asf>
