<?xml version='1.0' encoding='utf-8'?>
<!DOCTYPE asf SYSTEM "http://ns.adobe.com/asf/asf_1_0.dtd" >
<asf xmlns="http://ns.adobe.com/asf" locale="pt_BR" version="1.0">
	<set name="OptInLegalscreen">
	
		<str name="title" translate="yes">
			<val>Aceitar</val>
		</str>
		<str name="info" translate="yes">
			<val>Permitir que a Adobe colete informações capazes de indicar se as atualizações são instaladas com ou sem êxito. Essas informações serão coletadas e usadas de acordo com a {0}Política de privacidade da Adobe{1} para melhorar a confiabilidade da sua experiência de atualização. É possível desabilitar esses relatórios de informações a qualquer momento na seção Preferências.</val>
		</str>
		<str name="privacylink" translate="yes">
			<val>http://www.adobe.com/go/privacy_br</val>
		</str>			
		<str name="no" translate="yes">
			<val>Não</val>
		</str>			
		<str name="yes" translate="yes">
			<val>Sim</val>
		</str>			
	</set>
	<set name="Launch">
		<str name="title" translate="yes">
			<val>Atualizações</val>
		</str>
		<str name="checking" translate="yes">
			<val>Procurando atualizações...</val>
		</str>
	</set>
	<set name="Home">
		<str name="AAM" translate="yes">
			<val>Adobe Application Manager</val>
		</str>
		<str name="title" translate="yes">
			<val>Atualizações</val>
		</str>
		<str name="uptodate" translate="yes">
			<val>Foi verificado que todos os seus aplicativos estão atualizados: {0}</val>
		</str>
		<str name="uptodateNoTime" translate="yes">
			<val>Todos os seus aplicativos estão atualizados.</val>
		</str>
		<str name="lessthanminute" translate="yes">
			<val>menos de um minuto atrás.</val>
		</str>
		<str name="minutes" translate="yes">
			<val>{0} minuto(s) atrás.</val>
		</str>					
		<str name="hours" translate="yes">
			<val>{0} hora(s) e {0} minutos atrás.</val>
		</str>					
		<str name="days" translate="yes">
			<val>{0}.</val>
		</str>
		<str name="prefs" translate="yes">
			<val>Preferências</val>
		</str>
		<str name="about" translate="yes">
			<val>Sobre</val>
		</str>
	</set>
	
	<set name="Updates1">
		<str name="title" translate="yes">
			<val>Atualizações</val>
		</str>
		<str name="lessthanminute" translate="yes">
			<val>menos de um minuto atrás.</val>
		</str>
		<str name="minutes" translate="yes">
			<val>{0} minutos atrás.</val>
		</str>					
		<str name="hours" translate="yes">
			<val>{0} horas atrás.</val>
		</str>
		<str name="hoursandmins" translate="yes">
			<val>{0} horas e {1} minutos atrás.</val>
		</str>
		<str name="hoursandonemins" translate="yes">
			<val>{0} horas e {1} minuto atrás.</val>
		</str>						
		<str name="days" translate="yes">
			<val>{0} dias atrás.</val>
		</str>
		<str name="Oneminutes" translate="yes">
			<val>{0} minuto atrás.</val>
		</str>					
		<str name="Onehours" translate="yes">
			<val>{0} hora atrás.</val>
		</str>
		<str name="Onehoursandmins" translate="yes">
			<val>{0} hora e {1} minutos atrás.</val>
		</str>
		<str name="Onehoursandonemins" translate="yes">
			<val>{0} hora e {1} minuto atrás.</val>
		</str>	
						
		<str name="Onedays" translate="yes">
			<val>{0} dia atrás.</val>
		</str>
		<str name="prefs" translate="yes">
			<val>Preferências</val>
		</str>
		<str name="about" translate="yes">
			<val>Sobre</val>
		</str>
		<str name="share" translate="yes">
			<val>Compartilha com:</val>
		</str>
		<str name="dlsize" translate="yes">
			<val>Tamanho total da atualização: {0}</val>
		</str>
		<str name="avail" translate="yes">
			<val>{0} disponíveis</val>
		</str>
		<str name="last" translate="yes">
			<val>Última verificação de atualizações: {0}</val>
		</str>
		<str name="refresh" translate="yes">
			<val>Procure novas atualizações</val>
		</str>
		<str name="install" translate="yes">
			<val>Atualizar</val>
		</str>
		<str name="checking" translate="yes">
			<val>Procurando atualizações...</val>
		</str>
		<str name="clickupdate" translate="yes">
			<val>Clique no nome de uma atualização para saber mais</val>
		</str>
		<str name="insuffDiskHover" translate="yes">
			<val>Espaço em disco insuficiente para concluir a atualização.</val>
		</str>
		<str name="restart" translate="yes">
			<val>É necessário reiniciar o sistema</val>
		</str>
	</set>
	
	<set name="DownloadProgress">
		<str name="title" translate="yes">
			<val>Progresso da atualização</val>
		</str>
		<str name="initialize" translate="yes">
			<val>Inicializando...</val>
		</str>
		<str name="currUpdate" translate="yes">
			<val>Baixando...</val>
		</str>
		<str name="onlyPercentage" translate="yes">
			<val>({0}% concluído)</val>
		</str>
		<str name="complete" translate="yes">
			<val>{0}% concluído</val>
		</str>
		<str name="total" translate="yes">
			<val>Cerca de {0} minuto(s) restante(s) ({1})</val>
		</str>
		<str name="totalMinutes" translate="yes">
			<val>Cerca de {0} minutos restantes ({1})</val>
		</str>
		<str name="totalOneMinute" translate="yes">
			<val>Cerca de {0} minuto restante ({1})</val>
		</str>
		<str name="totalSec" translate="yes">
			<val>Cerca de {0} segundo(s) restante(s) ({1})</val>
		</str>
		<str name="totalSeconds" translate="yes">
			<val>Cerca de {0} segundos restantes ({1})</val>
		</str>
		<str name="totalOneSecond" translate="yes">
			<val>Cerca de {0} segundo restante ({1})</val>
		</str>
		<str name="totalHr" translate="yes">
			<val>Cerca de {0} hora(s) restante(s) ({1})</val>
		</str>
		<str name="totalHours" translate="yes">
			<val>Cerca de {0} horas restantes ({1})</val>
		</str>
		<str name="totalOneHour" translate="yes">
			<val>Cerca de {0} hora restante ({1})</val>
		</str>
		<str name="sure" translate="yes">
			<val>Tem certeza de que deseja cancelar a atualização?</val>
		</str>
		<str name="cancel" translate="yes">
			<val>Cancelar</val>
		</str>
		<str name="yes" translate="yes">
			<val>Sim</val>
		</str>
		<str name="no" translate="yes">
			<val>Não</val>
		</str>
	</set>
	
	<set name="AuthProxy">
			<str name="title" translate="yes">
				<val>Senha do proxy</val>
			</str>
			<str name="instruct" translate="yes">
				<val>Forneça o nome de usuário e a senha do seu servidor proxy</val>
			</str>
			<str name="username" translate="yes">
				<val>Nome de usuário</val>
			</str>
			<str name="password" translate="yes">
				<val>Senha</val>
			</str>
			<str name="remember" translate="yes">
				<val>Lembrar</val>
			</str>
			<str name="cancel" translate="yes">
				<val>Cancelar</val>
			</str>
			<str name="continue" translate="yes">
				<val>Continuar</val>
			</str>
			<str name="fail" translate="yes">
				<val>Não foi possível autenticar o usuário. Verifique o nome de usuário e a senha e tente de novo.</val>
			</str>
		</set>
	<set name="UpdateProgress">
		<str name="title" translate="yes">
			<val>Progresso da atualização</val>
		</str>
		<str name="currUpdate" translate="yes">
			<val>Atualizando {0}...</val>
		</str>
		<str name="currUpdateNoProduct" translate="yes">
			<val>Atualizando...</val>
		</str>
		<str name="complete" translate="yes">
			<val>{0}% concluído</val>
		</str>
		<str name="total" translate="yes">
			<val>Cerca de {0} minuto(s) restante(s) ({1})</val>
		</str>
		<str name="totalSec" translate="yes">
			<val>Cerca de {0} segundo(s) restante(s) ({1})</val>
		</str>
		<str name="totalHr" translate="yes">
			<val>Cerca de {0} hora(s) restante(s) ({1})</val>
		</str>
		<str name="sure" translate="yes">
			<val>Tem certeza de que deseja cancelar a atualização?</val>
		</str>
		<str name="cancel" translate="yes">
			<val>Cancelar</val>
		</str>
		<str name="yes" translate="yes">
			<val>Sim</val>
		</str>
		<str name="no" translate="yes">
			<val>Não</val>
		</str>
	</set>	
	
	<set name="Scrim">
		<str name="close" translate="yes">
			<val>Feche os seguintes aplicativos para continuar.</val>
		</str>
		<str name="cancel" translate="yes">
			<val>Cancelar</val>
		</str>
		<str name="quit" translate="yes">
			<val>Fechar</val>
		</str>
		<str name="msgforquit" translate="yes">
			<val>Tem certeza de que deseja sair?</val>
		</str>
		<str name="back" translate="yes">
			<val>Voltar</val>
		</str>
		<str name="tryagain" translate="yes">
			<val>Tentar novamente</val>
		</str>
		<str name="continue" translate="yes">
			<val>Continuar</val>
		</str>
		<str name="servererror" translate="yes">
			<val>O servidor de atualizações não está respondendo. Ele pode estar temporariamente offline ou as configurações do firewall ou da Internet podem estar incorretas.</val>
		</str>
		<str name="NotEnoughDiskSpaceError" translate="yes">
			<val>Não há espaço em disco suficiente na sua unidade para fazer o download desta atualização. Disponibilize mais espaço e tente novamente.</val>
		</str>
		<str name="NoWritePermissionError" translate="yes">
			<val>Erro ao baixar a atualização. Conceda permissões de gravação para “{0}” (incluindo pastas e arquivos) e tente novamente.</val>
		</str>
		<str name="CFUNoWritePermissionError" translate="yes">
			<val>Não é possível gravar no local “{0}”. Conceda permissões de gravação nesse local e tente novamente.</val>
		</str>
	</set>
	<set name="DonewithErrors">
		<str name="title" translate="yes">
			<val>Atualização concluída</val>
		</str>
		<str name="patchsuccessRestart" translate="yes">
			<val>A atualização foi instalada com êxito. Reinicie o sistema.</val>
		</str>
		<str name="patchsuccessRestartWithAppName" translate="yes">
			<val>O {0} foi atualizado com êxito e está pronto para uso. Reinicie o sistema.</val>
		</str>
		<str name="patchsuccess" translate="yes">
			<val>A atualização foi instalada com êxito.</val>
		</str>
		<str name="patchsuccessWithAppName" translate="yes">
			<val>O {0} foi atualizado com êxito e está pronto para uso.</val>
		</str>
		<str name="successNoRestart" translate="yes">
			<val>Os seguintes aplicativos foram atualizados com êxito.</val>
		</str>
		<str name="successRestart" translate="yes">
			<val>Os seguintes aplicativos foram atualizados com êxito. É recomendável reiniciar o sistema antes de utilizá-los.</val>
		</str>
		<str name="failPartial" translate="yes">
			<val>Não foi possível atualizar com êxito alguns componentes dos produtos a seguir.</val>
		</str>
		<str name="log" translate="yes">
			<val>O arquivo de {0}log de erros{1} pode ajudá-lo a identificar o problema. Tente atualizar novamente. {2}</val>	
		</str>	
		<str name="custsupport" translate="yes">
			<val>Se o problema persistir, entre em contato com o {0}suporte ao cliente{1} para obter mais assistência.</val>
		</str>
		<str name="supportlink" translate="yes">
			<val>http://www.adobe.com/go/customer_support_br</val>
		</str>
		<str name="piracylink" translate="yes">
			<val>http://www.adobe.com/go/reportpiracy_br</val>
		</str>
		<str name="errorString" translate="yes">
			<val>{0} {1}</val>
		</str>
		<str name="errorCodeString" translate="yes">
			<val>Código de erro: {0}</val>
		</str>
		<str name="close" translate="yes">
			<val>Fechar</val>
		</str>
		<str name="patchSuccessRestart" translate="yes">
			<val>O {0} foi atualizado com êxito e está pronto para uso. Reinicie o sistema.</val>
		</str>
		<str name="patchSuccessNoRestart" translate="yes">
			<val>A atualização foi instalada com êxito. Reinicie o sistema.</val>
		</str>
	</set>
	<set name="Fail">
		<str name="title" translate="yes">
			<val>Falha na atualização</val>
		</str>
		<str name="warn" translate="yes">
			<val>Não foi possível aplicar atualizações</val>
		</str>
		<str name="selfupdateErrorHeader" translate="yes">
			<val>Não foi possível atualizar o Adobe Application Manager</val>
		</str>
		<str name="selfupdateErrorMessage" translate="yes">
			<val>O Adobe Application Manager deve ser atualizado para que qualquer outra atualização possa ser aplicada. {0}Baixe{1} e instale a versão mais recente do Adobe Application Manager em {2}</val>
		</str>
		<str name="AAMDownloadLink" translate="yes">
			<val>http://www.adobe.com/go/applicationmanager_br</val>	
		</str>
		<str name="log" translate="yes">
			<val>O arquivo de {0}log de erros{1} pode ajudá-lo a identificar o problema. Tente atualizar novamente. {2}</val>	
		</str>
		<str name="custsupport" translate="yes">
			<val>Se o problema persistir, entre em contato com o {0}Suporte ao cliente{1} para obter ajuda adicional.</val>
		</str>
		<str name="supportlink" translate="yes">
			<val>http://www.adobe.com/go/customer_support_br</val>
		</str>
		<str name="HttpStatusError" translate="yes">
			<val>Ocorreu algum erro durante o download. Tente novamente mais tarde.</val>
		</str>
		<str name="FileSizeMismatchError" translate="yes">
			<val>Ocorreu um erro ao fazer o download desta atualização. Feche e tente novamente mais tarde.</val>
		</str>
		<str name="RIBSSetupAlreadyInUse" translate="yes">
			<val>O Adobe Application Manager já está em execução. Feche todas as instâncias do Adobe Application Manager antes de aplicar as atualizações.</val>
		</str>
		<str name="genericInstall" translate="yes">
			<val>Ocorreu um erro ao instalar esta atualização. Feche e tente novamente mais tarde.</val>
		</str>
		<str name="NoApplicableUpdates" translate="yes">
			<val>A atualização não é aplicável.</val>
		</str>
		<str name="code6" translate="yes">
			<val>Instalação concluída com erros.</val>
		</str>
		<str name="code7" translate="yes">
			<val>Falha na instalação.</val>
		</str>
		<str name="code27" translate="yes">
			<val>Atualizações não podem ser instaladas em produtos com chave usando o Adobe Application Manager. Entre em contato com seu Administrador Sassafras para obter mais informações.</val>
		</str>
		<str name="generic" translate="yes">
			<val>Ocorreu um erro ao atualizar. Feche e tente novamente mais tarde.</val>
		</str>
		<str name="InstallFailRebootRequired" translate="yes">
			<val>Houve falha na instalação. Se você reiniciar seu sistema, a instalação para esta atualização poderá ser concluída.</val>
		</str>
		<str name="errorString" translate="yes">
			<val>{0} {1}</val>
		</str>
		<str name="errorCodeString" translate="yes">
			<val>Código de erro: {0}</val>
		</str>
		<str name="close" translate="yes">
			<val>Fechar</val>
		</str>
		<str name="aamDamaged" translate="yes">
			<val>O Adobe Application Manager pode estar danificado. Baixe e instale uma nova cópia do {0}Adobe Application Manager{1}.</val>
		</str>
	</set>
	<set name="prefs">
		<str name="title" translate="yes">
			<val>Preferências</val>
		</str>
		<str name="ok" translate="yes">
			<val>OK</val>
		</str>		
		<str name="cancel" translate="yes">
			<val>Cancelar</val>
		</str>		
		<str name="choose" translate="yes">
			<val>Mostrar somente atualizações para os seguintes produtos:</val>
		</str>
		<str name="info" translate="yes">
			<val>Permite que a Adobe colete dados de instalação de atualizações para aprimorar a confiabilidade da sua experiência de atualização. 
As informações são usadas de acordo com a Política de privacidade da Adobe (http://www.adobe.com/go/privacy_br).</val>
		</str>
		<str name="notify" translate="yes">
			<val>Notificar sobre novas atualizações na barra de menu</val>
		</str>
		<str name="allowInfo" translate="yes">
			<val>Permitir que a Adobe confirme o sucesso ou a falha da atualização enviando o status de falha.</val>
		</str>
	</set>
	<set name="About">
		<str name="title" translate="yes">
			<val>Sobre o Adobe Application Manager</val>
		</str>
		<str name="close" translate="yes">
			<val>Fechar</val>
		</str>
	</set>
	<set name="options">
		<str name="decimalSeparator" translate="yes">
			<val>,</val>
		</str>
		<str name="GB" translate="yes">
			<val>GB</val>
		</str>
		<str name="MB" translate="yes">
			<val>MB</val>
		</str>
		<str name="KB" translate="yes">
			<val>KB</val>
		</str>
	</set>
	
	
	
	
	<set name="errors">
		<str name="manifestMissing" translate="yes">
			<val>A atualização que você está tentando instalar parece estar corrompida. Baixe esta correção novamente e instale-a.</val>
		</str>
		<str name="AdminRequiredForInstallError" translate="yes">
			<val>É necessário ter privilégios administrativos para fazer a atualização.</val>
		</str>
		<str name="InstallerSubsystemLaunchCancelledByUser" translate="yes">
			<val>Autorização cancelada.</val>
		</str>
		<str name="NoApplicableUpdates" translate="yes">
			<val>A atualização não é aplicável.</val>
		</str>
		<str name="NoApplicableUpdatesInPatchMode" translate="yes">
			<val>Esta correção não se aplica a você. Verifique as atualizações no menu Ajuda do seu produto para obter uma lista das atualizações mais recentes.</val>
		</str>
		<str name="UpdaterSuppressed" translate="yes">
			<val>As atualização estão desativadas.</val>
		</str>
		<str name="NoNetworkConnection" translate="yes">
			<val>O servidor de atualização não está respondendo. Ele pode estar temporariamente offline ou as configurações da Internet ou do firewall podem estar incorretas. Tente novamente mais tarde.</val>
		</str>
		<str name="ConflictingProcesses" translate="yes">
			<val>Outros processos estão em conflito com a instalação da atualização. Feche-os e tente novamente.</val>
		</str>
		<str name="AnotherUpdateRunningTitle" translate="yes">
			<val>As atualizações serão reiniciadas automaticamente em instantes</val>
		</str>
		<str name="AnotherUpdateRunningMessage" translate="yes">
			<val>Aguardando outra instância do Adobe Application Manager terminar as atualizações...</val>
		</str>
		<str name="NeedsRebootError" translate="yes">
			<val>Para concluir a instalação desta atualização, reinicie o seu sistema.</val>
		</str>
		<str name="RebootTryAgainError" translate="yes">
			<val>Para que as atualização sejam aplicadas, a máquina precisa ser reinicializada.</val>
		</str>
		<str name="SelfUpdateError" translate="yes">
			<val>Ocorreu algum erro interno durante a instalação.</val>
		</str>
		<str name="genericDownload" translate="yes">
			<val>Ocorreu um erro ao fazer o download desta atualização. Feche e tente novamente mais tarde.</val>
		</str>
		<str name="genericInstall" translate="yes">
			<val>Ocorreu um erro ao instalar esta atualização. Feche e tente novamente mais tarde.</val>
		</str>
		<str name="generic" translate="yes">
			<val>Ocorreu um erro ao atualizar. Feche e tente novamente mais tarde.</val>
		</str>
		<str name="InvalidWebfeedError" translate="yes">
			<val>O servidor de atualização não está respondendo. Ele pode estar temporariamente offline ou as configurações da Internet ou do firewall podem estar incorretas. Tente novamente mais tarde.</val>
		</str>
		<str name="NotEnoughDiskSpaceError" translate="yes">
			<val>Não há espaço em disco suficiente na sua unidade para fazer o download desta atualização. Disponibilize mais espaço e tente novamente.</val>
		</str>
		<str name="NoWritePermissionError" translate="yes">
			<val>Ocorreu um erro ao fazer o download desta atualização. Forneça permissões de gravação e tente novamente.</val>
		</str>
		<str name="FileSizeMismatchError" translate="yes">
			<val>Ocorreu um erro ao fazer o download desta atualização. Feche e tente novamente mais tarde.</val>
		</str>
		<str name="ExceedMaxPathLimitError" translate="yes">
			<val>Ocorreu um problema ao fazer o download desta atualização para o local especificado em Preferências. Altere o local de download e tente novamente mais tarde.</val>
		</str>
		<str name="MissingResourceError" translate="yes">
			<val>Ocorreu um erro ao fazer o download desta atualização. Feche e tente novamente mais tarde.</val>
		</str>
		<str name="HttpStatusError" translate="yes">
			<val>Ocorreu algum erro durante o download. Tente novamente mais tarde.</val>
		</str>
		<str name="UnzipMountError" translate="yes">
			<val>Ocorreu um erro ao instalar esta atualização. Feche e tente novamente mais tarde.</val>
		</str>
		<str name="FailureToMoveError" translate="yes">
			<val>Ocorreu um erro ao instalar esta atualização. Feche e tente novamente mais tarde.</val>
		</str>
		<str name="ValidationFailureDownload" translate="yes">
			<val>Ocorreu um erro ao fazer o download desta atualização. Feche e tente novamente mais tarde.</val>
		</str>
		<str name="ValidationFailureInstall" translate="yes">
			<val>Ocorreu um erro ao instalar esta atualização. Feche e tente novamente mais tarde.</val>
		</str>
		<str name="InstallerAlreadyInUse" translate="yes">
			<val>Outra instância do Updater está em execução. Tente novamente mais tarde.</val>
		</str>
		<str name="RIBSSetupAlreadyInUse" translate="yes">
			<val>Você já está executando o Adobe Application Manager. Feche todas as instâncias do Adobe Application Manager para continuar com esta instalação.</val>
		</str>
		<str name="notApplicableMsg" translate="yes">
			<val>A atualização não é aplicável.</val>
		</str>
		<str name="suppressError" translate="yes">
			<val>As atualizações foram suprimidas pelo Administrador. Entre em contato com ele para aplicá-las em sua máquina.</val>
		</str>
		<str name="agvErrorWarning" translate="yes">
			<val>Falha na verificação de software original da Adobe</val>
		</str>
		<str name="agvErrorText" translate="yes">
			<val>O produto que você está tentando atualizar não é um software original da Adobe e parece ser falso. {0}Denuncie a pirataria{1} ou entre em contato com o {2}Suporte ao cliente{3} para obter ajuda.</val>
		</str>
		<str name="msiError" translate="yes">
			<val>Outro instalador está em execução no momento. Feche-o antes de instalar esta atualização. Feche outros instaladores.</val>
		</str>
		<str name="UacOffError" translate="yes">
			<val>Os privilégios de administrador poderão ser necessários para instalar a correção. Altere as suas configurações de Controle de acesso do usuário no Painel de Controle do Windows e tente novamente.</val>
		</str>
		<str name="InstallFailRebootRequired" translate="yes">
			<val>Houve falha na instalação. Se você reiniciar seu sistema, a instalação para esta atualização poderá ser concluída.</val>
		</str>
	</set>
	<set name="installPBSErrorCode">
		<str name="code0" translate="yes">
			<val>Instalação com êxito.</val>
		</str>
		<str name="code6" translate="yes">
			<val>Concluído com erros.</val>
		</str>
		<str name="code7" translate="yes">
			<val>Falha na instalação.</val>
		</str>
		<str name="code8" translate="yes">
			<val>Concluído. É necessário reinicializar o sistema para completar o fluxo de trabalho.</val>
		</str>
		<str name="code11" translate="yes">
			<val>Já há uma outra instância da implantação em execução.</val>
		</str>
		<str name="code14" translate="yes">
			<val>É necessário a autorização com credenciais administrativas para prosseguir.</val>
		</str>
		<str name="code19" translate="yes">
			<val>Processo conflitantes em execução.</val>
		</str>
		<str name="code24" translate="yes">
			<val>Instalação cancelada.</val>
		</str>
		<str name="code27" translate="yes">
			<val>Atualizações não podem ser instaladas em produtos com chave usando o Adobe Application Manager. Entre em contato com seu Administrador Sassafras para obter mais informações.</val>
		</str>
		<str name="code29Single" translate="yes">
			<val>O {0} foi movido ou excluído incorretamente. Inicie ou reinstale o aplicativo para atualizar o local e tente de novo. Para remover o produto de um sistema, desinstale o produto usando os aliases em "/Applications/Utilities/Adobe Installers".</val>
		</str>
		<str name="code29Many" translate="yes">
			<val>Um destes produtos foi movido ou excluído incorretamente: {0}. Inicie ou reinstale os aplicativos para atualizar o local e tente de novo. Para remover o produto de um sistema, desinstale o produto usando os aliases em "/Applications/Utilities/Adobe Installers".</val>
		</str>
		<str name="code30" translate="yes">
			<val>Espaço em disco insuficiente para concluir esta instalação.</val>
		</str>
		<str name="code31" translate="yes">
			<val>Espaço em disco insuficiente para concluir esta instalação.</val>
		</str>
		<str name="code32" translate="yes">
			<val>A atualização não é aplicável.</val>
		</str>
		<str name="code28" translate="yes">
			<val>A atualização não é aplicável.</val>
		</str>
		<str name="code36" translate="yes">
			<val>Outro instalador está em execução no momento. Feche-o antes de instalar esta atualização. Feche outros instaladores.</val>
		</str>

	</set>	
	<set name="alert">
		<str name="workflowNeedCloseMessage" translate="yes">
			<val>Outras instâncias do Adobe Application Manager estão em execução e devem ser fechadas para continuar. Deseja fechá-las e continuar com esta instalação?</val>
		</str>
		<str name="title" translate="yes">
			<val>Alerta</val>
		</str>
		<str name="cancelUpdate" translate="yes">
			<val>Cancelar atualização</val>
		</str>
	</set>
	
</asf>	
