<?xml version='1.0' encoding='utf-8'?>
<!DOCTYPE asf SYSTEM "http://ns.adobe.com/asf/asf_1_0.dtd" >
<asf xmlns="http://ns.adobe.com/asf" locale="sv_SE" version="1.0">
	<set name="ButtonLabel">
		<str name="Quit" translate="yes">
			<val>Avsluta</val>
		</str>
		<str name="Yes" translate="yes">
			<val>Ja</val>
		</str>
		<str name="Cancel" translate="yes">
			<val>Avbryt</val>
		</str>
		<str name="Browse" translate="yes">
			<val>Bläddra</val>
		</str>
		<str name="Retry" translate="yes">
			<val>Försök igen</val>
		</str>
		<str name="Pause" translate="yes">
			<val>Pausa</val>
		</str>
		<str name="Resume" translate="yes">
			<val>Fortsätt</val>
		</str>
		<str name="No" translate="yes">
			<val>Nej</val>
		</str>
		<str name="save" translate="yes">
			<val>Spara</val>
		</str>
		<str name="decline" translate="yes">
			<val>Avböj</val>
		</str>
		<str name="accept" translate="yes">
			<val>Acceptera</val>
		</str>
		<str name="cancelInstall" translate="yes">
			<val>Avbryt installation</val>
		</str>
		<str name="continue" translate="yes">
			<val>Fortsätt</val>
		</str>
	</set>
	<set name="downloadScreen">
		<str name="title" translate="yes">
			<val>Hämta</val>
		</str>
	</set>
	<set name="Updates">
		<str name="regularUp" translate="yes">
			<val>Regelbundna uppdateringar</val>
		</str>
		<str name="regularUpWithReboot" translate="yes">
			<val>Regelbundna uppdateringar. (Omstart krävs)</val>
		</str>
		<str name="Update" translate="yes">
			<val>Uppdatera</val>
		</str>
		<str name="UpToDate" translate="yes">
			<val>Uppdaterad</val>
		</str>
		<str name="newFeatures" translate="yes">
			<val>Nya funktioner!</val>
		</str>
		<str name="newFeaturesWtihReboot" translate="yes">
			<val>Nya funktioner.</val>
		</str>
		<str name="RestartReq" translate="yes">
			<val>(Omstart krävs)</val>
		</str>
		<str name="securityUp" translate="yes">
			<val>Säkerhetsuppdateringar.</val>
		</str>
		<str name="securityUpWithReboot" translate="yes">
			<val>Säkerhetsuppdateringar. (Omstart krävs)</val>
		</str>
		<str name="Updates" translate="yes">
			<val>Uppdateringar</val>
		</str>
		<str name="UpdatesCount" translate="yes">
			<val>Uppdateringar ({0})</val>
		</str>
		<str name="Updating" translate="yes">
			<val>Uppdaterar...</val>
		</str>
		<str name="UpdateFail" translate="yes">
			<val>Uppdateringen misslyckades</val>
		</str>
		<str name="Updated" translate="yes">
			<val>Uppdaterad</val>
		</str>
		<str name="UpdateAll" translate="yes">
			<val>Uppdatera alla</val>
		</str>
		<str name="finishingUp" translate="yes">
			<val>Slutför...</val>
		</str>
		<str name="UpdateWait" translate="yes">
			<val>Väntar på att uppdateras</val>
		</str>
		<str name="NoNewUpdate" translate="yes">
			<val>Du är ajour! Inga nya uppdateringar.</val>
		</str>
		<str name="UpdatingAll" translate="yes">
			<val>Uppdaterar alla appar...</val>
		</str>
		<str name="CancellingUpdate" translate="yes">
			<val>Avbryter uppdatering...</val>
		</str>
		<str name="CancelUpdate" translate="yes">
			<val>Avbryt uppdatering</val>
		</str>
	</set>
	<set name="EulaScreen">
		<str name="title" translate="yes">
			<val>Adobes användaravtal för programvara</val>
		</str>
	</set>
	<set name="NavigationPanel">
		<str name="preferences" translate="yes">
			<val>Mina inställningar</val>
		</str>
		<str name="OnlyPreferences" translate="yes">
			<val>Inställningar</val>
		</str>
		<str name="help" translate="yes">
			<val>Hjälp</val>
		</str>
		<str name="signOut" translate="yes">
			<val>Logga ut</val>
		</str>
		<str name="allApps" translate="yes">
			<val>Alla</val>
		</str>
		<str name="allAppsCount" translate="yes">
			<val>Alla ({0})</val>
		</str>
		<str name="newApps" translate="yes">
			<val>Nya program ({0})</val>
		</str>
	</set>

	<set name="PreferenceScreen">
		<str name="title" translate="yes">
			<val>Inställningar</val>
		</str>
		<str name="installOptions" translate="yes">
			<val>Installationsalternativ</val>
		</str>
		<str name="language" translate="yes">
			<val>Språk:</val>
		</str>
		<str name="installLocation" translate="yes">
			<val>Installationsplats:</val>
		</str>
		<str name="useDefaultInstallLocation" translate="yes">
			<val>Använd standardplats</val>
		</str>
		<str name="usingDefaultInstallLocation" translate="yes">
			<val>Standardplats...</val>
		</str>
		<str name="defaultOptions" translate="yes">
			<val>Använd alltid standardinstallationsalternativen.</val>
		</str>
		<str name="reportsTitle" translate="yes">
			<val>Rapporter</val>
		</str>
		<str name="analyticsReport" translate="yes">
			<val>Hjälp Adobe att förbättra hämtningen och installationen genom att skicka rapporter om installationsstatus.</val>
		</str>
	</set>
	<set name="PreferencePathError">
			<str name="LongPath" translate="yes">
				<val>Den sökväg som valts för installationen är för lång.</val>
			</str>
			<str name="RootDrive" translate="yes">
				<val>Installation på en rotenhetsplats stöds inte.</val>
			</str>
			<str name="RemovableDrive" translate="yes">
				<val>Installation på en flyttbar flash-enhet stöds inte.</val>
			</str>
			<str name="MappedDrive" translate="yes">
				<val>Installation på en mappad nätverksenhet stöds inte.</val>
			</str>
			<str name="CaseSensitive" translate="yes">
				<val>Installation på skiftlägeskänsliga volymer stöds inte.</val>
			</str>
			<str name="LockedPath" translate="yes">
				<val>Installation på en låst plats stöds inte.</val>
			</str>
			<str name="Generic" translate="yes">
				<val>Det går inte att installera på den valda platsen.</val>
			</str>
		</set>
	<set name="networkErrors">
		<str name="networkDisconnect" translate="yes">
			<val>Anslut till Internet och försök igen.</val>
		</str>
	</set>
	<set name="fileSystemError">
		<str name="fileWriteError" translate="yes">
			<val>Det går inte att skriva till {0}. Välj en annan mapp för att fortsätta.</val>
		</str>
		<str name="writePermissionError" translate="yes">
			<val>Du har inte skrivbehörighet till {0}. Tillhandahåll skrivbehörighet till den här mappen och försök igen.</val>
		</str>
	</set>
	<set name="Progress">
		<str name="extractionProgress" translate="yes">
			<val>Extraherar...</val>
		</str>
		<str name="extractionWait" translate="yes">
			<val>Väntar på extrahering...</val>
		</str>
		<str name="downloading" translate="yes">
			<val>Hämtar...</val>
		</str>
		<str name="percentComplete" translate="yes">
			<val>{0} % klart</val>
		</str>
		<str name="percentDownloaded" translate="yes">
			<val>{0} % hämtat</val>
		</str>
		<str name="percentInstalled" translate="yes">
			<val>{0} % installerat</val>
		</str>
		<str name="percentMbOfMb" translate="yes">
			<val>{0} MB av {1} MB hämtat</val>
		</str>
		<str name="percentMbOfGb" translate="yes">
			<val>{0} MB av {1} GB hämtat</val>
		</str>
		<str name="percentGbOfGb" translate="yes">
			<val>{0} GB av {1} GB hämtat</val>
		</str>
		<str name="minutesRemaining" translate="yes">
			<val>ungefär {0} minuter återstår</val>
		</str>
		<str name="minuteRemaining" translate="yes">
			<val>ungefär {0} minut återstår</val>
		</str>
		<str name="lessThanMinute" translate="yes">
			<val>mindre än en minut</val>
		</str>
		<str name="calculatingTime" translate="yes">
			<val>beräknar återstående tid</val>
		</str>
		<str name="downloadWait" translate="yes">
			<val>Väntar på hämtning...</val>
		</str>
		<str name="downloadCancel" translate="yes">
			<val>Avbryter hämtningen...</val>
		</str>
		<str name="install" translate="yes">
			<val>Installera</val>
		</str>
		<str name="try" translate="yes">
			<val>Testa</val>
		</str>
		<str name="installing" translate="yes">
			<val>Installerar...</val>
		</str>
		<str name="installWait" translate="yes">
			<val>Väntar på installation...</val>
		</str>
		<str name="installCancel" translate="yes">
			<val>Avbryter installationen...</val>
		</str>
		<str name="installComplete" translate="yes">
			<val>Installationen är klar</val>
		</str>
		<str name="closing" translate="yes">
			<val>Stänger...</val>
		</str>
		<str name="alreadyInstalled" translate="yes">
			<val>Installerad</val>
		</str>
		<str name="trialDaysRemaining" translate="yes">
			<val>{0} dagar återstår av testperioden</val>
		</str>
		<str name="trialDayRemaining" translate="yes">
			<val>{0} dag återstår av testperioden</val>
		</str>
		<str name="appLaunch" translate="yes">
			<val>Starta</val>
		</str>
	</set>

	<set name="UpdateErrors">
		<str name="fileWriteError" translate="yes">
			<val>Det gick inte att skriva till filen/mappen. Avsluta och försök igen när du inaktiverat ditt antivirusprogram eller kontakta {0}kundsupport{1}.</val>
		</str>
		<str name="genericInstallFailure" translate="yes">
			<val>Ett fel inträffade när den här uppdateringen installerades. Försök igen senare eller kontakta {0}kundsupport{1}.</val>
		</str>
		<str name="updaterNotRunning" translate="yes">
			<val>Det ser ut som att installationsprogrammet för korrigeringsfilen inte körs. Du kan avsluta nu och försöka uppdatera senare.</val>
		</str>
		<str name="updateNotApplicable" translate="yes">
			<val>Den här uppdateringen är inte tillgänglig för förhands-/betaversioner av den här produkten.</val>
		</str>
		<str name="unableToApplySassafras" translate="yes">
			<val>Det gick inte att uppdatera de valda produkterna. Kontakta Sassafras-administratören om du vill ha mer information.</val>
		</str>
		<str name="conflictingProcessErrTitle" translate="yes">
			<val>{0}-uppdatering</val>
		</str>
		<str name="patchModeSyncErrorTitle" translate="yes">
			<val>Ett problem har uppstått.</val>
		</str>
		<str name="appMovedErrTitle" translate="yes">
			<val>Det gick inte att hitta programmet. Återställ om det tagits bort eller flyttats till en annan disk. Annars kan du installera om programmet. </val>
		</str>
		<str name="adminPriviledgeUpdateErr" translate="yes">
			<val>Administratörsrättigheter krävs för uppdatering. Försök igen eller avbryt och uppdatera om.</val>
		</str>
		<str name="aamuAlreadyRunningErr" translate="yes">
			<val>Adobe Application Manager körs redan. Stäng alla övriga instanser innan du installerar uppdateringar eller kontakta {0}kundsupport{1}.</val>
		</str>
	</set>

	<set name="DownloadErrors">
		<str name="retryingTitle" translate="yes">
			<val>Försöker igen...</val>
		</str>
		<str name="commonDownloadErrTitle" translate="yes">
			<val>Hämtningsfel</val>
		</str>
		<str name="commonDownloadErr" translate="yes">
			<val>Hämtningsfel. Klicka på Försök igen eller kontakta {0}kundsupport{1}.</val>
		</str>
		<str name="fatalDownloadErr" translate="yes">
			<val>Hämtningsfel. Kontakta {0}kundsupport{1}.</val>
		</str>
		<str name="genericWriteErr" translate="yes">
			<val>Det gick inte att komma åt hårddisken. Tryck på Försök igen eller kontakta {0}kundsupport{1}.</val>
		</str>
		<str name="diskSpaceError" translate="yes">
			<val>Otillräckligt diskutrymme. Frigör utrymme på {0} och försök igen.</val>
		</str>
		<str name="writeError" translate="yes">
			<val>Det gick inte att skriva till temp-katalogen. Om problemet kvarstår, kontakta {0}kundsupport{1}.</val>
		</str>
		<str name="InvalidFile" translate="yes">
			<val>De hämtade filerna ser ut att vara skadade. Klicka på Avbryt, vänta några minuter och försök igen.</val>
		</str>
		<str name="networkUnavailable" translate="yes">
			<val>Kan inte nå Adobe-servrar. Kontrollera din internetuppkoppling, brandväggsinställningar och försök igen.</val>
		</str>
		<str name="networkUnavailableRetry" translate="yes">
			<val>Servern svarar inte. Kontrollera Internet- och brandväggsinställningarna. Klicka sedan på Försök igen.</val>
		</str>
		<str name="maxPathErr" translate="yes">
			<val>Sökvägen för hämtningen är för lång. Kontakta {0}kundsupport{1}.</val>
		</str>
		<str name="pathUnavailable" translate="yes">
			<val>Sökvägen för hämtningen är inte tillgänglig. Försök igen. Kontakta {0}kundsupport{1} om problemet kvarstår.</val>
		</str>
		<str name="pathUnavailableFatal" translate="yes">
			<val>Sökvägen för hämtningen är inte tillgänglig. Avbryt och försök igen senare. Kontakta {0}kundsupport{1} om problemet kvarstår.</val>
		</str>
	</set>

	<set name="PreferenceErrors">
		<str name="maxPathErr" translate="yes">
			<val>Installationssökvägen är för lång. Välj en annan installationsplats i inställningarna och försök igen.</val>
		</str>
		<str name="rootPathErr" translate="yes">
			<val>Det går inte att installera till rotsökvägen.</val>
		</str>
		<str name="flashPathErr" translate="yes">
			<val>Det går inte att installera till flyttbar enhet.</val>
		</str>
		<str name="networkPathErr" translate="yes">
			<val>Det går inte att installera till nätverksenhet.</val>
		</str>
		<str name="caseSensitivePathErr" translate="yes">
			<val>Det går inte att installera på skiftslägeskänslig enhet.</val>
		</str>
		<str name="GenericErr" translate="yes">
			<val>Fel i installationssökväg. Välj en annan installationsplats i inställningarna och försök igen.</val>
		</str>
	</set>
	
	<set name="InstallErrors">
		<str name="installFailed" translate="yes">
			<val>Install. missl.</val>
		</str>
		<str name="InitializeFailed" translate="yes">
			<val>Det gick inte att installera produkten. Klicka på Försök igen för att hämta igen.</val>
		</str>
		<str name="conflictErr" translate="yes">
			<val>En version som står i konflikt eller en förhandsversion av {0} finns på datorn. Avbryt och avinstallera den tidigare versionen innan du fortsätter.</val>
		</str>
		<str name="betaVersionErr" translate="yes">
			<val>En betaversion av den här produkten är installerad på datorn. Avsluta och avinstallera den versionen innan du fortsätter eller kontakta {0}kundsupport{1}</val>
		</str>
		<str name="msiRunningErr" translate="yes">
			<val>Ett annat installationsprogram körs. Vänta tills det har avslutats och försök igen.</val>
		</str>
		<str name="aamRunningErr" translate="yes">
			<val>Application Manager körs redan. Vänta tills det har avslutats och försök igen.</val>
		</str>
		<str name="adminPriviledgeErr" translate="yes">
			<val>Administratörsrättigheter krävs för installation. Försök igen eller avbryt och installera senare.</val>
		</str>
		<str name="applicationList" translate="yes">
			<val>- {0}</val>
		</str>
		<str name="LockedPathErr" translate="yes">
			<val>{0} är låst. Välj en annan installationsplats i inställningarna eller lås upp mappen. Försök sedan igen.</val>
		</str>
		<str name="accessPermissionErr" translate="yes">
			<val>{0} har inte skrivrättighet. Välj en annan installationsplats i inställningarna eller ge mappen skrivrättighet. Försök sedan igen.</val>
		</str>
		<str name="installPathErr" translate="yes">
			<val>Fel i installationssökväg. Välj en annan installationsplats i inställningarna och försök igen.</val>
		</str>
		<str name="systemReqErr" translate="yes">
			<val>Systemkraven uppfylls inte. Se {0}lägsta systemkrav{1} för mer information.</val>
		</str>
		<str name="diskSpaceErr" translate="yes">
			<val>Otillräckligt diskutrymme. Välj en annan plats för installationen i inställningarna eller frigör diskutrymme och försök igen.</val>
		</str>
		<str name="conflictingProcessErr" translate="yes">
			<val>Stäng följande program om du vill fortsätta:</val>
		</str>
		<str name="conflictingProcessErrTitle" translate="yes">
			<val>Installation av {0}</val>
		</str>
		<str name="SyncFailureError" translate="yes">
			<val>Ett fel inträffade vid installationen. Starta om datorn och försök igen.</val>
		</str>
		<str name="criticalInstallErr" translate="yes">
			<val>Fel uppstod under installationen. {0}Mer information{1}.</val>
		</str>
		<str name="recommendedInstallErr" translate="yes">
			<val>Installationen är slutförd men vissa rekommenderade komponenter installerades inte korrekt. {0}Mer information{1}.</val>
		</str>
		<str name="mediadbSyncErr" translate="yes">
			<val>Installationen är slutförd men vissa komponenter installerades inte korrekt. {0}Mer information{1}.</val>
		</str>
		<str name="aamCorruptErr" translate="yes">
			<val>Adobe Application Manager är skadat och måste installeras igen. {0}Hämta nu{1} eller kontakta {2}kundsupport{3}.</val>
		</str>
		<str name="doneWithError" translate="yes">
			<val>Installationen är slutförd men vissa valfria komponenter installerades inte korrekt. {0}Mer information{1}.</val>
		</str>
		<str name="relaunchAAM" translate="yes">
			<val>Ett problem uppstod. Stäng Adobe Application Manager och försök igen. Det bör åtgärda felet.</val>
		</str>
	</set>

	<set name="ExtractionErrors">
		<str name="badPathErr" translate="yes">
			<val>Det gick inte att extrahera de hämtade filerna. Klicka på Försök igen för att hämta igen.</val>
		</str>
		<str name="diskSpaceErr" translate="yes">
			<val>Otillräckligt diskutrymme för extrahering av filer. Frigör utrymme på {0} och försök igen.</val>
		</str>
		<str name="writePermissionErr" translate="yes">
			<val>{0} saknas eller är skyddad. Skapa en sökväg som har skrivrättighet och försök igen.</val>
		</str>
		<str name="maxPathErr" translate="yes">
			<val>Det gick inte att extrahera till temp-katalogen. Kontakta {1}kundsupport{2}.</val>
		</str>
		<str name="genericExtractionErr" translate="yes">
			<val>Det gick inte att extrahera filer. Klicka på Försök igen för att hämta igen eller kontakta {0}kundsupport{1}.</val>
		</str>
	</set>
	<set name="CommonErrors">
		<str name="errorBracket" translate="yes">
			<val> ({0})</val>
		</str>
	</set>

	<set name="authProxy">
		<str name="authTitle" translate="yes">
			<val>En sak till...</val>
		</str>
		<str name="authDesc" translate="yes">
			<val>Ange ditt proxyanvändarnamn och lösenord för att fortsätta. Det här händer vanligtvis om du har en brandvägg.</val>
		</str>
		<str name="userName" translate="yes">
			<val>Användarnamn:</val>
		</str>
		<str name="password" translate="yes">
			<val>Lösenord:</val>
		</str>
		<str name="rememberCredentials" translate="yes">
			<val>Kom ihåg min proxyinformation.</val>
		</str>

	</set>

	<set name="Common">
		<str name="GB" translate="yes">
			<val>GB</val>
		</str>
		<str name="launching" translate="yes">
			<val>Startar...</val>
		</str>
		<str name="QuitConfirmation" translate="yes">
			<val>Vill du avbryta? Alla pågående hämtningar och installationer avbryts.</val>
		</str>
		<str name="SingleQuitConfirmation" translate="yes">
			<val>Vill du avbryta installationen?</val>
		</str>
		<str name="SingleUpdateQuitConfirmation" translate="yes">
			<val>Vill du avbryta den här uppdateringen?</val>
		</str>
		<str name="ErrorSummaryText" translate="yes">
			<val>{0}Felsammanfattningen{1} kan innehålla information som hjälper dig att identifiera problemet.</val>
		</str>
		<str name="CustomerSupportText" translate="yes">
			<val>Kontakta {0}kundsupport{1} om problemet kvarstår.</val>
		</str>
		<str name="CustomerSupportLink" translate="yes">
			<val>http://www.adobe.com/go/support_se</val>
		</str>
		<str name="goSupportLink" translate="yes">
			<val>http://www.adobe.com/go/customer_support_se</val>
		</str>
		<str name="sysReqLink" translate="yes">
			<val>http://www.adobe.com/go/cc_techspecs_se</val>
		</str>
		<str name="aamDownloadLink" translate="yes">
			<val>http://www.adobe.com/go/applicationmanager_se</val>
		</str>
		<str name="MB" translate="yes">
			<val>MB</val>
		</str>
		<str name="KB" translate="yes">
			<val>kB</val>
		</str>
		<str name="of" translate="yes">
			<val>av</val>
		</str>
		<str name="decimalSeparator" translate="yes">
			<val>,</val>
		</str>
		<str name="langFallbackStr" translate="yes">
			<val>(På {0})</val>
		</str>
		<str name="commaSeparator" translate="yes">
			<val>,</val>
		</str>
		<str name="upgradeConfirmation" translate="yes">
			<val>Om du installerar testversionen av {0} avinstalleras tidigare versioner av {1}.</val>
		</str>
		<str name="upgradeConfirmationTitle" translate="yes">
			<val>Obs!</val>
		</str>
	</set>
	
	<set name="isoToLanguage">
		<str name="ar_AE" translate="no"><val>العربية</val></str>
		<str name="en_GB" translate="no"><val>English (International)</val></str> 
		<str name="fr_CA" translate="no"><val>Français canadien</val></str>
		<str name="es_QM" translate="no"><val>Español (Middle East)</val></str>
		<str name="es_LA" translate="no"><val>Español de América Latina</val></str>
		<str name="es_NA" translate="no"><val>Español Norteamericano</val></str>
		<str name="bg_BG" translate="no"><val>Български</val></str>
		<str name="lv_LV" translate="no"><val>Latviešu</val></str>
		<str name="et_EE" translate="no"><val>Eesti</val></str>
		<str name="hr_HR" translate="no"><val>hrvatski</val></str>
		<str name="sl_SI" translate="no"><val>slovenščina</val></str>
		<str name="sk_SK" translate="no"><val>slovenčina</val></str>
		<str name="th_TH" translate="no"><val>ภาษาไทย</val></str> 
		<str name="vi_VN" translate="no"><val>Việt</val></str>
		<str name="en_XC" translate="no"><val>English (Central Europe)</val></str> 
		<str name="en_XM" translate="no"><val>English (Middle East)</val></str>
		<str name="fr_XM" translate="no"><val>Français Oriental Moyen</val></str>
		<str name="sq_AL" translate="no"><val>Shqip</val></str> 
		<str name="ar_SA" translate="no"><val>العربية</val></str>
		<str name="be_BY" translate="no"><val>Беларуская</val></str> 
		<str name="ca_ES" translate="no"><val>Català</val></str> 
		<str name="hi_IN" translate="no"><val>हिन्दी</val></str>
		<str name="is_IS" translate="no"><val>Íslenska</val></str> 
		<str name="lt_LT" translate="no"><val>Lietuvių</val></str>
		<str name="mk_MK" translate="no"><val>македонски</val></str>
		<str name="nn_NO" translate="no"><val>Norsk (Nynorsk)</val></str>
		<str name="pt_PT" translate="no"><val>Português de Portugal</val></str> 
		<str name="sh_YU" translate="no"><val>Srpsko-Hrvatski</val></str> 
		<str name="sr_YU" translate="no"><val>Cрпски</val></str> 
		<str name="kk_KZ" translate="no"><val>Қазақ</val></str>
		<str name="az_AZ" translate="no"><val>Azərbaycan dili</val></str> 
		<str name="es_MX" translate="no"><val>Español (América Latina)</val></str>
		<str name="no_NO" translate="no"><val>Norwegian</val></str> 
		<str name="cs_CZ" translate="no"><val>Česky</val></str>
		<str name="de_DE" translate="no"><val>Deutsch</val></str>
		<str name="el_GR" translate="no"><val>Ελληνικά</val></str>
		<str name="en_US" translate="no"><val>English (North America)</val></str> 
		<str name="es_ES" translate="no"><val>Español</val></str> 
		<str name="fr_FR" translate="no"><val>Français</val></str>
		<str name="he_IL" translate="no"><val>עברית</val></str> 
		<str name="hu_HU" translate="no"><val>Magyar</val></str> 
		<str name="it_IT" translate="no"><val>Italiano</val></str>
		<str name="ja_JP" translate="no"><val>日本語</val></str>
		<str name="ko_KR" translate="no"><val>한국어</val></str>
		<str name="nl_NL" translate="no"><val>Nederlands</val></str>
		<str name="pl_PL" translate="no"><val>Polski</val></str>
		<str name="ro_RO" translate="no"><val>Română</val></str>
		<str name="ru_RU" translate="no"><val>Pусский</val></str>
		<str name="sv_SE" translate="no"><val>Svenska</val></str>
		<str name="tr_TR" translate="no"><val>Türkçe</val></str>
		<str name="uk_UA" translate="no"><val>Українська</val></str>
		<str name="zh_CN" translate="no"><val>简体中文</val></str>
		<str name="zh_TW" translate="no"><val>繁體中文</val></str>
		<str name="da_DK" translate="no"><val>Dansk</val></str>
		<str name="fi_FI" translate="no"><val>Suomi</val></str>
		<str name="nb_NO" translate="no"><val>Norsk (Bokmål)</val></str> 
		<str name="pt_BR" translate="no"><val>Português do Brasil</val></str>
		<str name="en_AE" translate="no"><val>English يدعم العربية</val></str> 
		<str name="en_IL" translate="no"><val>English תומך עברית</val></str> 
		<str name="fr_MA" translate="no"><val>Français (Maroc)</val></str>
    </set>
	
	<set name="isoToFallbackLanguage">
		<str name="ar_AE" translate="no"><val>العربية</val></str>
		<str name="en_GB" translate="yes"><val>engelska</val></str> 
		<str name="fr_CA" translate="no"><val>Français canadien</val></str>
		<str name="es_QM" translate="no"><val>Español</val></str>
		<str name="es_LA" translate="no"><val>Español de América Latina</val></str>
		<str name="es_NA" translate="no"><val>Español Norteamericano</val></str>
		<str name="bg_BG" translate="no"><val>Български</val></str>
		<str name="lv_LV" translate="no"><val>Latviešu</val></str>
		<str name="et_EE" translate="no"><val>Eesti</val></str>
		<str name="hr_HR" translate="no"><val>hrvatski</val></str>
		<str name="sl_SI" translate="no"><val>slovenščina</val></str>
		<str name="sk_SK" translate="no"><val>slovenčina</val></str>
		<str name="th_TH" translate="no"><val>ภาษาไทย</val></str> 
		<str name="vi_VN" translate="no"><val>Việt</val></str>
		<str name="en_XC" translate="yes"><val>engelska</val></str> 
		<str name="en_XM" translate="yes"><val>engelska</val></str>
		<str name="fr_XM" translate="no"><val>Français Oriental Moyen</val></str>
		<str name="sq_AL" translate="no"><val>Shqip</val></str> 
		<str name="ar_SA" translate="no"><val>العربية</val></str>
		<str name="be_BY" translate="no"><val>Беларуская</val></str> 
		<str name="ca_ES" translate="no"><val>Català</val></str> 
		<str name="hi_IN" translate="no"><val>हिन्दी</val></str>
		<str name="is_IS" translate="no"><val>Íslenska</val></str> 
		<str name="lt_LT" translate="no"><val>Lietuvių</val></str>
		<str name="mk_MK" translate="no"><val>македонски</val></str>
		<str name="nn_NO" translate="no"><val>Norsk</val></str>
		<str name="pt_PT" translate="no"><val>Português de Portugal</val></str> 
		<str name="sh_YU" translate="no"><val>Srpsko-Hrvatski</val></str> 
		<str name="sr_YU" translate="no"><val>Cрпски</val></str> 
		<str name="kk_KZ" translate="no"><val>Қазақ</val></str>
		<str name="az_AZ" translate="no"><val>Azərbaycan dili</val></str> 
		<str name="es_MX" translate="no"><val>Español</val></str>
		<str name="no_NO" translate="no"><val>Norwegian</val></str> 
		<str name="cs_CZ" translate="no"><val>Česky</val></str>
		<str name="de_DE" translate="no"><val>Deutsch</val></str>
		<str name="el_GR" translate="no"><val>Ελληνικά</val></str>
		<str name="en_US" translate="yes"><val>engelska</val></str> 
		<str name="es_ES" translate="no"><val>Español</val></str> 
		<str name="fr_FR" translate="no"><val>Français</val></str>
		<str name="he_IL" translate="no"><val>עברית</val></str> 
		<str name="hu_HU" translate="no"><val>Magyar</val></str> 
		<str name="it_IT" translate="no"><val>Italiano</val></str>
		<str name="ja_JP" translate="no"><val>日本語</val></str>
		<str name="ko_KR" translate="no"><val>한국어</val></str>
		<str name="nl_NL" translate="no"><val>Nederlands</val></str>
		<str name="pl_PL" translate="no"><val>Polski</val></str>
		<str name="ro_RO" translate="no"><val>Română</val></str>
		<str name="ru_RU" translate="no"><val>Pусский</val></str>
		<str name="sv_SE" translate="no"><val>Svenska</val></str>
		<str name="tr_TR" translate="no"><val>Türkçe</val></str>
		<str name="uk_UA" translate="no"><val>Українська</val></str>
		<str name="zh_CN" translate="yes"><val>简体中文</val></str>
		<str name="zh_TW" translate="yes"><val>繁體中文</val></str>
		<str name="da_DK" translate="no"><val>Dansk</val></str>
		<str name="fi_FI" translate="no"><val>Suomi</val></str>
		<str name="nb_NO" translate="no"><val>Norsk</val></str> 
		<str name="pt_BR" translate="no"><val>Português do Brasil</val></str>
		<str name="en_AE" translate="no"><val>English يدعم العربية</val></str> 
		<str name="en_IL" translate="no"><val>English תומך עברית</val></str> 
		<str name="fr_MA" translate="no"><val>Français</val></str>
    </set>
	
	<set name="register">
		<set name="subscription">
			<str name="title" translate="yes">
				<val>Inloggning krävs</val>
			</str>			
			<str name="message" translate="yes">
				<val>Du måste logga in om du vill använda produkten och registrera den med ditt Adobe-id. Med ditt Adobe-id kan du enkelt komma åt dina serienummer liksom Adobe Creative Cloud och Adobe.com-communityn.</val>
			</str>
			<str name="userEmail" translate="yes">
				<val>Du loggas in som Adobe-id: {0}.</val>
			</str>
			<str name="notYou" translate="yes">
				<val>(Är det här inte ditt Adobe-id?)</val>
			</str>
			<str name="signInNow" translate="yes">
				<val>Logga in nu</val>
			</str>
			<str name="signIn" translate="yes">
				<val>Logga in</val>
			</str>
			<str name="back" translate="yes">
				<val>Tillbaka</val>
			</str>
		</set>
	</set>
	<set name="AdobeIdScreen">
		<str name="signinHeader" translate="yes">
			<val>Logga in med ditt Adobe-id</val>
		</str>
		<str name="signinSubheader" translate="yes">
			<val>Vi vill se till att du får alla appar du behöver</val>
		</str>
		<str name="username" translate="yes">
			<val>Adobe-id:</val>
		</str>
		<str name="password" translate="yes">
			<val>Lösenord:</val>
		</str>
		<str name="cancel" translate="yes">
			<val>Avbryt</val>
		</str>
		<str name="Quit" translate="yes">
			<val>Avsluta</val>
		</str>
		<str name="createAdobeID" translate="yes">
			<val>Skapa ett Adobe-id</val>
		</str>
		<str name="forgotYourPassword" translate="yes">
			<val>Har du glömt ditt lösenord?</val>
		</str>
		<str name="usernameSample" translate="yes">
			<val>john@doe.com</val>
		</str>
		<str name="save" translate="yes">
			<val>Logga in</val>
		</str>
		<str name="createAdobeIDURL" translate="yes">
			<val>/go/adobemembership_se</val>
		</str>
		<str name="forgotYourPasswordURL" translate="yes">
			<val>/go/forgetpassword_se</val>
		</str>
	</set>
	<set name="AdobeIdScreenErrors">
	    <str name="doesNotExist" translate="yes">
			<val>Adobe-id:t finns inte</val>
		</str>
		<str name="invalidCredentials" translate="yes">
			<val>Adobe-id:t och lösenordet matchar inte.</val>
		</str>
		<str name="loginDeny" translate="yes">
			<val>Det tillåtna antalet inloggningsförsök har överskridits. Avbryt och försök igen.</val>
		</str>
		<str name="malformedAdobeId" translate="yes">
			<val>Ogiltigt Adobe-id.</val>
		</str>
		<str name="networkError" translate="yes">
			<val>Det gick inte att kontakta Adobe. Anslut till Internet och försök igen.</val>
		</str>
		<str name="internalError" translate="yes">
			<val>Internt fel. Det gick inte att logga in.</val>
		</str>
	</set>
	<set name="OptinDialog">
	    <str name="title" translate="yes">
			<val>Bara så att du vet.</val>
		</str>
		<str name="optinText" translate="yes">
			<val>När du laddar ned den här utvärderingsprodukten godkänner du att vi, och våra partnerföretag, kan använda din information och kontakta dig i marknadsföringssyfte via e-post, post eller telefon enligt vår &lt;a href='{0}'&gt;sekretesspolicy&lt;/a&gt;. Du kan avböja att få ytterligare e-postmeddelanden genom att klicka på länken för att avbryta prenumerationen som finns i alla e-postmeddelanden du får av oss.</val>
		</str>
		<str name="privacyLink" translate="yes">
			<val>http://www.adobe.com/go/privacy_se</val>
		</str>
		<str name="adobeLink" translate="yes">
			<val>http://www.adobe.com/se/</val>
		</str>
		<str name="cancel" translate="yes">
			<val>Avbryt</val>
		</str>
		<str name="ok" translate="yes">
			<val>OK</val>
		</str>
	</set>
	<set name="EligibleTrialistDialog">
	    <str name="title" translate="yes">
			<val>Vänta...</val>
		</str>
		<str name="message" translate="yes">
			<val>Baserat på att du angett {0} som språk, installeras {1} som en utvärderingsversion. Ändra till ett språk som du kan installera den fullständiga versionen på.</val>
		</str>
		<str name="installTrial" translate="yes">
			<val>Installera utvärderingsversion</val>
		</str>
		<str name="cancel" translate="yes">
			<val>Avbryt</val>
		</str>
		<str name="changePrefs" translate="yes">
			<val>Ändra inställningar</val>
		</str>
	</set>
	<set name="LanguageSelectionDialog">
	    <str name="sl_title" translate="yes">
			<val>Ändra språk</val>
		</str>
		<str name="sl_message" translate="yes">
			<val>Ändra dina {0}språkinställningar{1} från {2} {3}till {4}{5} så att vi kan meddela dig om uppdateringar till den produkt du köpt: {6}{7}{8}.</val>
		</str>
		<str name="changeNow" translate="yes">
			<val>Ändra nu</val>
		</str>
		<str name="changeLater" translate="yes">
			<val>Ändra senare</val>
		</str>
		<str name="ml_title" translate="yes">
			<val>Välj ett språk</val>
		</str>
		<str name="ml_message" translate="yes">
			<val>Välj ett språk för att installera produkten.</val>
		</str>
		<str name="ml_info" translate="yes">
			<val>Det anges även som standardspråket i {0}Inställningar{1}. Men du kan ändra det senare.</val>
		</str>
		<str name="continue" translate="yes">
			<val>Fortsätt</val>
		</str>
	</set>
</asf>
