<?xml version='1.0' encoding='utf-8'?>
<!DOCTYPE asf SYSTEM "http://ns.adobe.com/asf/asf_1_0.dtd" >
<asf xmlns="http://ns.adobe.com/asf" locale="ru_RU" version="1.0">
	
	<set name="common">
		<str name="windowTitle" translate="yes">
			<val>Продукт Adobe</val>
		</str>
		<str name="day" translate="yes">
			<val>день</val>
		</str>
		<str name="days" translate="yes">
			<val>дн.</val>
		</str>
	</set>
	
	<set name="eula">
		<str name="eula" translate="yes">
			<val>Лицензионное соглашение по использованию ПО Adobe</val>
		</str>
		<str name="accept" translate="yes">
			<val>Принять</val>
		</str>
		<str name="quit" translate="yes">
			<val>Выйти</val>
		</str>		
	</set>

	<set name="register">
		<set name="trial">
			<set name="online">
				<str name="title" translate="yes">
					<val>Требуется вход</val>
				</str>
				<str name="message" translate="yes">
					<val>Для использования пробной версии {0} войдите в систему с Adobe ID.</val>
				</str>
				<str name="message_device" translate="yes">
					<val>Пробная версия будет зарегистрирована на ваш Adobe ID: {0}.</val>
				</str>
				<str name="notYou" translate="yes">
					<val>(Не ваш Adobe ID?)</val>
				</str>
				<str name="signInNow" translate="yes">
					<val>Войти сейчас</val>
				</str>
				<str name="signIn" translate="yes">
					<val>Войти</val>
				</str>
				<str name="termTitle" translate="yes">
					<val>Условия пользования пробной версией ПО.</val>
				</str>
				<str name="termPara1" translate="yes">
					<val>Мы можем попросить вас предоставить дополнительные сведения, чтобы мы могли предоставить вам соответствующее содержимое. Это содержимое можно в любой момент отключить из раздела «Настройки конфиденциальности» в меню управления пробной версией.</val>
				</str>
				<str name="termPara2" translate="yes">
					<val>Чтобы получить дополнительную информацию про собираемые нами данные о том, как вы используете продукт, а также о том, как компания Adobe использует эти данные, включая наши маркетинговые действия в ваших интересах, {0}щелкните здесь{1}, а также см. {2}политику конфиденциальности в Интернете компании Adobe{3}.</val>
				</str>
				<str name="privacyPortalLink" translate="yes">
					<val>http://www.adobe.com/go/adobe_privacy_portal_ru</val>
				</str>
				<str name="privacyPolicyLink" translate="yes">
					<val>http://www.adobe.com/go/privacy_ru</val>
				</str>
			</set>
		</set>
		
		<set name="subscription">
			<str name="title" translate="yes">
				<val>Требуется вход</val>
			</str>			
			<str name="message" translate="yes">
				<val>Чтобы использовать этот продукт и зарегистрировать его со своим Adobe ID, необходимо выполнить вход. Adobe ID обеспечивает простой доступ к серийным номерам, службе Adobe Creative Cloud и сообществу Adobe.com.</val>
			</str>
			<str name="userEmail" translate="yes">
				<val>Вы войдете в систему с Adobe ID: {0}.</val>
			</str>
			<str name="notYou" translate="yes">
				<val>(Не ваш Adobe ID?)</val>
			</str>
			<str name="signInNow" translate="yes">
				<val>Войти сейчас</val>
			</str>
			<str name="signIn" translate="yes">
				<val>Войти</val>
			</str>
			<str name="back" translate="yes">
				<val>Назад</val>
			</str>
		</set>
		
		
		<set name="serial">
			<set name="grace">
				<str name="title" translate="yes">
					<val>Требуется вход</val>
				</str>			
				<str name="message" translate="yes">
					<val>Вход со своим Adobe ID для регистрации {0} в течение {1} обязателен, в противном случае он прекратит работать.</val>
				</str>
				<str name="benefit" translate="yes">
					<val>Adobe ID обеспечивает простой доступ к вашим серийным номерам, а также к службе Adobe Creative Cloud и сообществу Adobe.com.</val>
				</str>
				<str name="userEmail" translate="yes">
					<val>Вы войдете в систему с Adobe ID: {0}.</val>
				</str>
				<str name="notYou" translate="yes">
					<val>(Не ваш Adobe ID?)</val>
				</str>
				<str name="signInNow" translate="yes">
					<val>Войти сейчас</val>
				</str>
				<str name="signIn" translate="yes">
					<val>Войти</val>
				</str>
				<str name="signInLater" translate="yes">
					<val>Войти позже</val>
				</str>
			</set>
			
			<set name="post_grace">
				<str name="title" translate="yes">
					<val>Требуется вход</val>
				</str>			
				<str name="message" translate="yes">
					<val>Войти со своим Adobe ID для регистрации {0} необходимо перед следующим использованием программы.</val>
				</str>
				<str name="benefit" translate="yes">
					<val>Adobe ID обеспечивает простой доступ к вашим серийным номерам, а также к службе Adobe Creative Cloud и сообществу Adobe.com.</val>
				</str>
				<str name="userEmail" translate="yes">
					<val>Вы войдете в систему с Adobe ID: {0}.</val>
				</str>
				<str name="notYou" translate="yes">
					<val>(Не ваш Adobe ID?)</val>
				</str>
				<str name="signInNow" translate="yes">
					<val>Войти сейчас</val>
				</str>
				<str name="signIn" translate="yes">
					<val>Войти</val>
				</str>
				<str name="signInLater" translate="yes">
					<val>Войти позже</val>
				</str>
			</set>
		
			<set name="post_bonus">
				<str name="title" translate="yes">
					<val>Требуется вход</val>
				</str>			
				<str name="message" translate="yes">
					<val>Без входа со своим Adobe ID для регистрации {0} его использовать нельзя.</val>
				</str>
				<str name="benefit" translate="yes">
					<val>Adobe ID обеспечивает простой доступ к вашим серийным номерам, а также к службе Adobe Creative Cloud и сообществу Adobe.com.</val>
				</str>
				<str name="userEmail" translate="yes">
					<val>Вы войдете в систему с Adobe ID: {0}.</val>
				</str>
				<str name="notYou" translate="yes">
					<val>(Не ваш Adobe ID?)</val>
				</str>
				<str name="signInNow" translate="yes">
					<val>Войти сейчас</val>
				</str>
				<str name="signIn" translate="yes">
					<val>Войти</val>
				</str>
				<str name="quit" translate="yes">
					<val>Выйти</val>
				</str>
			</set>
		
			<set name="go_online_grace">
				<str name="title" translate="yes">
					<val>Требуется вход</val>
				</str>			
				<str name="message" translate="yes">
					<val>Подключитесь к Интернету. Вход со своим Adobe ID для регистрации {0} в течение {1} обязателен, в противном случае он прекратит работать.</val>
				</str>
				<str name="benefit" translate="yes">
					<val>Adobe ID обеспечивает простой доступ к вашим серийным номерам, а также к службе Adobe Creative Cloud и сообществу Adobe.com.</val>
				</str>
				<str name="userEmail" translate="yes">
					<val>Вы войдете в систему с Adobe ID: {0}.</val>
				</str>
				<str name="notYou" translate="yes">
					<val>(Не ваш Adobe ID?)</val>
				</str>
				<str name="noInternet" translate="yes">
					<val>Не удается подключиться к Интернету?</val>
				</str>
				<str name="signInNow" translate="yes">
					<val>Войти сейчас</val>
				</str>
				<str name="signIn" translate="yes">
					<val>Войти</val>
				</str>
				<str name="signInLater" translate="yes">
					<val>Войти позже</val>
				</str>
			</set>
		
			<set name="go_online_post_grace">
				<str name="title" translate="yes">
					<val>Требуется вход</val>
				</str>			
				<str name="message" translate="yes">
					<val>Войти со своим Adobe ID для регистрации {0} необходимо перед следующим использованием программы.</val>
				</str>
				<str name="benefit" translate="yes">
					<val>Adobe ID обеспечивает простой доступ к вашим серийным номерам, а также к службе Adobe Creative Cloud и сообществу Adobe.com.</val>
				</str>
				<str name="userEmail" translate="yes">
					<val>Вы войдете в систему с Adobe ID: {0}.</val>
				</str>
				<str name="notYou" translate="yes">
					<val>(Не ваш Adobe ID?)</val>
				</str>
				<str name="noInternet" translate="yes">
					<val>Не удается подключиться к Интернету?</val>
				</str>
				<str name="signInNow" translate="yes">
					<val>Войти сейчас</val>
				</str>
				<str name="signIn" translate="yes">
					<val>Войти</val>
				</str>
				<str name="signInLater" translate="yes">
					<val>Войти позже</val>
				</str>
			</set>
		
			<set name="go_online_post_bonus">
				<str name="title" translate="yes">
					<val>Требуется вход</val>
				</str>			
				<str name="message" translate="yes">
					<val>Без входа со своим Adobe ID для регистрации {0} его использовать нельзя.</val>
				</str>
				<str name="benefit" translate="yes">
					<val>Adobe ID обеспечивает простой доступ к вашим серийным номерам, а также к службе Adobe Creative Cloud и сообществу Adobe.com.</val>
				</str>
				<str name="userEmail" translate="yes">
					<val>Вы войдете в систему с Adobe ID: {0}.</val>
				</str>
				<str name="noInternet" translate="yes">
					<val>Не удается подключиться к Интернету?</val>
				</str>
				<str name="notYou" translate="yes">
					<val>(Не ваш Adobe ID?)</val>
				</str>
				<str name="signInNow" translate="yes">
					<val>Войти сейчас</val>
				</str>
				<str name="signIn" translate="yes">
					<val>Войти</val>
				</str>
				<str name="quit" translate="yes">
					<val>Выйти</val>
				</str>
			</set>
		</set>
	</set>
	
	
	<set name="registerOptional">
		<set name="serial">
			<str name="title" translate="yes">
				<val>Регистрация продукта</val>
			</str>			
			<str name="paragraphOneText" translate="yes">
				<val>Зарегистрируйте {0}, указав свой Adobe ID.</val>
			</str>
			<str name="paragraphOneTextWithAdobeID" translate="yes">
				<val>Зарегистрируйте {0}, указав свой Adobe ID:</val>
			</str>
			<str name="paragraphTwoHeader" translate="yes">
				<val>Зарегистрировав продукт, вы сможете:</val>
			</str>
			<str name="pointOne" translate="yes">
				<val>Получать техническую поддержку</val>
			</str>
			<str name="pointTwo" translate="yes">
				<val>Иметь свой серийный номер под рукой</val>
			</str>
			<str name="pointThree" translate="yes">
				<val>Своевременно получать уведомления и обновления для {0}</val>
			</str>
			<str name="pointFour" translate="yes">
				<val>После регистрации вам будут доступны {0}дополнительные преимущества{1}.</val>
			</str>
			<str name="complementaryBenefitsLink" translate="yes">
				<val>https://www.adobe.com/go/benefit_ru</val>
			</str>
			<str name="notYou" translate="yes">
				<val>(Не вы?)</val>
			</str>
			<str name="neverCheckBoxText" translate="yes">
				<val>Больше не показывать это сообщение</val>
			</str>
			<str name="registerNow" translate="yes">
				<val>Зарегистрировать сейчас</val>
			</str>
			<str name="skip" translate="yes">
				<val>Пропустить</val>
			</str>
		</set>
	</set>
	
	<set name="trialLaunch">
		<str name="title" translate="yes">
			<val>Демо {0}</val>
		</str>
		
		<set name="start">
			<str name="info" translate="yes">
				<val>Можно опробовать этот продукт в течение {0} дн.</val>
			</str>
			<str name="info_day" translate="yes">
				<val>Можно опробовать этот продукт в течение {0} дн.</val>
			</str>
			<str name="additionalInfo" translate="yes">
				<val>Чтобы продолжить использовать {0} после истечения ознакомительного периода, это программное обеспечение необходимо купить.</val>
			</str>
		</set>
		
		<set name="grace">
			<str name="info" translate="yes">
				<val>Пробный период истекает через {0} дн.</val>
			</str>
			<str name="info_day" translate="yes">
				<val>Пробный период истекает через {0} дн.</val>
			</str>
			<str name="additionalInfo" translate="yes">
				<val>Чтобы продолжить использовать {0} после истечения ознакомительного периода, это программное обеспечение необходимо купить.</val>
			</str>
		</set>
		
		<set name="bonus">
			<str name="info" translate="yes">
				<val>Последний запуск пробной версии</val>
			</str>
			<str name="additionalInfo" translate="yes">
				<val>Пробный период истек, но можно воспользоваться программой {0} еще один раз.</val>
			</str>
			<str name="bonusInfo" translate="yes">
				<val>Чтобы продолжить использовать {0}, это программное обеспечение необходимо купить.</val>
			</str>
		</set>
		
		<set name="expired">
			<str name="info" translate="yes">
				<val>Пробный период истек.</val>
			</str>
			<str name="additionalInfo" translate="yes">
				<val>Чтобы продолжить использовать {0}, это программное обеспечение необходимо купить.</val>
			</str>
		</set>
		
		<str name="daysRemaining" translate="yes">
			<val>Осталось дней</val>
		</str>
		<str name="dayRemaining" translate="yes">
			<val>Осталось дней</val>
		</str>
		<str name="buy" translate="yes">
			<val>Купить сейчас</val>
		</str>
		<str name="buyLink" translate="no">
			<val>http://www.adobe.com/go/buy</val>
		</str>
		<str name="continue" translate="yes">
			<val>Продолжить проб. период</val>
		</str>
		<str name="startTrial" translate="yes">
			<val>Начать пробный период</val>
		</str>
		<str name="enterSerial" translate="yes">
			<val>Лицензировать это ПО</val>
		</str>		
	</set>
	
	<set name="deactivate">
		<str name="title" translate="yes">
			<val>Деактивация</val>
		</str>
		<str name="title_Fail" translate="yes">
			<val>Сбой деактивации</val>
		</str>
		<str name="infoSubscription" translate="yes">
			<val>Деактивация программы не вызывает изменения подписки. Чтобы изменить подписку, перейдите в {0}диспетчер подписки{1}.</val>
		</str>
		<str name="infoSubscriptionCCMTeam" translate="yes">
			<val>Деактивация приложения не влияет на подписку.</val>
		</str>
		<str name="message" translate="yes">
			<val>Деактивация позволяет активировать продукты Adobe на другом компьютере при условии, что не нарушается {0}Лицензионное соглашение на использование программного обеспечения{1}. Перед началом деактивации убедитесь, что установлено подключение к Интернету. Чтобы повторно активировать продукт на этом компьютере, введите свой серийный номер.</val>
		</str>
		<str name="messageSubscription" translate="yes">
			<val>Деактивация позволяет активировать продукты Adobe на другом компьютере при условии, что не нарушается {0}Лицензионное соглашение на использование программного обеспечения{1}. Перед началом деактивации убедитесь, что установлено подключение к Интернету.</val>
		</str>
		<str name="deActivationMsgError" translate="yes">
			<val>Если проблема не решилась, обратитесь в {0}службу технической поддержки клиентов{1}. {2}</val>
		</str>
		<str name="customerSupportLink" translate="yes">
			<val>http://www.adobe.com/go/customer_support_ru</val>
		</str>
		<str name="eula_Link" translate="yes">
			<val>http://www.adobe.com/go/eulas_ru</val>
		</str>
		<str name="subscriptionManagerLinkForCC" translate="yes">
			<val> http://www.adobe.com/go/cc_manage_act_ru</val>
		</str>
		<str name="subscriptionManagerLinkForNonCC" translate="yes">
			<val>http://www.adobe.com/go/subscriptionedition_ru</val>
		</str>
		<str name="failure" translate="yes">
			<val>Не удалось выполнить деактивацию. Повторите попытку.</val>
		</str>
		<str name="deactivate" translate="yes">
			<val>Деактивировать</val>
		</str>		
		<str name="cancel" translate="yes">
			<val>Отмена</val>
		</str>
		<str name="continue" translate="yes">
			<val>Продолжить</val>
		</str>
		
		<str name="offline" translate="yes">
			<val>Подключитесь к Интернету и повторите попытку</val>
		</str>		
		<str name="offlineMsg" translate="yes">
			<val>Не удалось выполнить деактивацию. Убедитесь, что установлено подключение к Интернету, и повторите попытку. Если проблема не будет устранена, обратитесь в {0}службу технической поддержки клиентов{1}.</val>
		</str>	
		<str name="customerSupportLink" translate="yes">
			<val>http://www.adobe.com/go/customer_support_ru</val>
		</str>
	</set>
	
	<set name="trialFailed">
		<str name="title" translate="yes">
			<val>Сбой инициализации пробной версии</val>
		</str>
		<str name="warning" translate="yes">
			<val>Система лицензирования перестала работать</val>
		</str>
		<str name="message" translate="yes">
			<val>Возникла проблема с лицензированием этого продукта. Переустановите продукт и повторите попытку. Если проблема не решится после переустановки, обратитесь за помощью в {0}службу технической поддержки клиентов{1}.</val>
		</str>
		<str name="customerSupportLink" translate="yes">
			<val>http://www.adobe.com/go/customer_support_ru</val>
		</str>
		<str name="close" translate="yes">
			<val>Закрыть</val>
		</str>
		<str name="enterSerial" translate="yes">
			<val>Лицензировать это ПО</val>
		</str>
	</set>
	
	<set name="validateSerial">
		<str name="title" translate="yes">
			<val>Проверка серийного номера</val>
		</str>
		
		<set name="grace">
			<str name="message" translate="yes">
				<val>Подключитесь к Интернету, чтобы проверить серийный номер. На его проверку отводится {0}, в противном случае программа перестанет работать.</val>
			</str>
		</set>
		
		<set name="post_grace">
			<str name="message" translate="yes">
				<val>Подключитесь к Интернету, чтобы проверить серийный номер. При следующем запуске вам будет предложено подключиться к Интернету, в противном случае программа работать не будет.</val>
			</str>
		</set>
		
		<set name="post_bonus">
			<str name="message" translate="yes">
				<val>Подключитесь к Интернету, чтобы проверить серийный номер. Программа не будет работать без активации и проверки серийного номера. Необходимо подключиться к Интернету, чтобы продолжить.</val>
			</str>
		</set>
		
		<str name="noInternet" translate="yes">
			<val>Не удается подключиться к Интернету?</val>
		</str>
		<str name="validate" translate="yes">
			<val>Проверить</val>
		</str>
		<str name="connectLater" translate="yes">
			<val>Подключиться позже</val>
		</str>
		<str name="quit" translate="yes">
			<val>Выйти</val>
		</str>
	</set>

	<set name="deactivateSuccess">
		<str name="title" translate="yes">
			<val>Деактивация выполнена успешно</val>
		</str>
		<str name="message" translate="yes">
			<val>Теперь можно использовать {0} на другом компьютере. Чтобы вновь использовать {0} на этом компьютере, заново введите действительный серийный номер или выберите «Пробная версия» и введите Adobe ID, связанный с вашей подпиской.</val>
		</str>
		<str name="close" translate="yes">
			<val>Закрыть</val>
		</str>	
	</set>
	
	<set name="offlineScrim">
		<str name="title" translate="yes">
			<val>Подключитесь к Интернету и повторите попытку</val>
		</str>
		<str name="message" translate="yes">
			<val>Компьютер работает автономно. Требуется подключение к Интернету. Подключитесь к Интернету и повторите попытку. Если проблема не решилась, обратитесь в {0}службу технической поддержки клиентов{1}.</val>
		</str>
		<str name="offlineActivationMsg" translate="yes">
			<val>Если на этом компьютере нет доступа к Интернету, см. дополнительную информацию на странице {0} с подключенного к интернету устройства.</val>
		</str>
		<str name="offlineActivationLink" translate="yes">
			<val>http://www.adobe.com/go/getactivated_ru</val>
		</str>
		<str name="customerSupportLink" translate="yes">
			<val>http://www.adobe.com/go/customer_support_ru</val>
		</str>
		<str name="retry" translate="yes">
			<val>Повторить попытку</val>
		</str>
		<str name="connectLater" translate="yes">
			<val>Подключиться позже</val>
		</str>
		<str name="cancel" translate="yes">
			<val>Отмена</val>
		</str>
	</set>
	
	<set name="dspEntitlementOfflineScrim">
		<str name="title" translate="yes">
			<val>Требуется подключение к Интернету для оформления подписки</val>
		</str>
		<str name="message" translate="yes">
			<val>Для оформления подписки необходимо подключение к Интернету. Если у вас уже есть подписка, подключитесь к Интернету и нажмите «Повторить попытку».</val>
		</str>
		<str name="serialInfo" translate="yes">
			<val>Если у вас есть серийный номер, нажмите кнопку «Ввести серийный номер», чтобы продолжить.</val>
		</str>
		<str name="retry" translate="yes">
			<val>Повторить попытку</val>
		</str>
		<str name="enterSerialNumber" translate="yes">
			<val>Ввести серийный номер</val>
		</str>
		<str name="cancel" translate="yes">
			<val>Назад</val>
		</str>
	</set>
	
	<set name="screenLoading">
		<str name="loading" translate="yes">
			<val>Загрузка...</val>
		</str>
		<str name="validatingSerial" translate="yes">
			<val>Выполняется проверка серийного номера. Это может занять несколько секунд...</val>
		</str>
	</set>
	
	<set name="overActivation">
		<str name="title" translate="yes">
			<val>Серийный номер</val>
		</str>
		<str name="stepMessage" translate="yes">
			<val>Серийный номер {0} уже используется на максимально допустимом числе компьютеров. Чтобы воспользоваться этим продуктом, необходимо деактивировать другой компьютер в течение {1} дней.</val>
		</str>
		<str name="stepMessageOneDay" translate="yes">
			<val>Серийный номер {0} уже используется на максимально допустимом числе компьютеров. Чтобы воспользоваться этим продуктом, необходимо деактивировать другой компьютер в течение 1 дня.</val>
		</str>
		<str name="stepMessageBonusLaunch" translate="yes">
			<val>Серийный номер {0} уже используется на максимально допустимом числе компьютеров. Чтобы снова пользоваться {1} на этом компьютере, необходимо деактивировать другой компьютер или указать другой действительный серийный номер.</val>
		</str>
		<str name="radioButton1" translate="yes">
			<val>Повторить попытку активации. Программное обеспечение уже деактивировано на других моих компьютерах.</val>
		</str>
		<str name="radioButton2" translate="yes">
			<val>Введите другой серийный номер.</val>
		</str>
		<str name="continue" translate="yes">
			<val>Продолжить</val>
		</str>
	</set>
	
	<set name="activationFailure">
		<str name="title" translate="yes">
			<val>Сбой активации</val>
		</str>
		<str name="activationStepError" translate="yes">
			<val>Не удалось активировать {0}</val>
		</str>
		<str name="activationMsgError" translate="yes">
			<val>Проверьте настройки подключения к Интернету и повторите попытку. Если проблема не будет устранена, обратитесь в {0}службу технической поддержки клиентов{1}. {2}</val>
		</str>
		<str name="customerSupportLink" translate="yes">
			<val>http://www.adobe.com/go/customer_support_ru</val>
		</str>
		<str name="close" translate="yes">
			<val>Закрыть</val>
		</str>
		<str name="retry" translate="yes">
			<val>Повторить попытку</val>
		</str>
	</set>
	<set name="activationRequired">
		<str name="title" translate="yes">
			<val>Требуется активация</val>
		</str>
		<str name="activationMsgOneDay" translate="yes">
			<val>Подключитесь к Интернету. Активация {0} в течение 1 дня обязательна, в противном случае продукт прекратит работать.</val>
		</str>
		<str name="activationMsg" translate="yes">
			<val>Подключитесь к Интернету. Активация {0} в течение {1} дней обязательна, в противном случае продукт прекратит работать.</val>
		</str>
		<str name="activationMsgBonus" translate="yes">
			<val>Подключитесь к Интернету. Активировать {0} необходимо сегодня, в противном случае продукт прекратит работать.</val>
		</str>
		<str name="activateLater" translate="yes">
			<val>Активировать позднее</val>
		</str>
		<str name="retry" translate="yes">
			<val>Активировать сейчас</val>
		</str>
	</set>
	
	<set name="confirmationDialog">
		<str name="title" translate="yes">
			<val>Выйти</val>
		</str>
		<str name="message" translate="yes">
			<val>Выйти?</val>
		</str>
		<str name="primaryButtonLabel" translate="yes">
			<val>Да</val>
		</str>
		<str name="secondaryButtonLabel" translate="yes">
			<val>Нет</val>
		</str>
	</set>
	
	<set name="inAppTrials">
		<str name="loading" translate="yes">
			<val>Загрузка...</val>
		</str>
		<str name="title" translate="yes">
			<val>Демо {0}</val>
		</str>
		<str name="continue" translate="yes">
			<val>Продолжить проб. период</val>
		</str>
		<str name="startTrial" translate="yes">
			<val>Начать пробный период</val>
		</str>
		<str name="enterSerial" translate="yes">
			<val>Лицензировать это ПО</val>
		</str>
		<str name="privacySettings" translate="yes">
			<val>Настройки конфиденциальности</val>
		</str>
		<str name="tutorialsList" translate="yes">
			<val>{0} из {1}</val>
		</str>
		<str name="videoLoadingError" translate="yes">
			<val>Ошибка при загрузке видео.</val>
		</str>
		<str name="tryAgain" translate="yes">
			<val>Повторить попытку</val>
		</str>
		<str name="exitFullScreen" translate="yes">
			<val>Нажмите клавишу Esc, чтобы выйти из полноэкранного режима.</val>
		</str>
		<str name="okay" translate="yes">
			<val>ОК</val>
		</str>
		<str name="cancel" translate="yes">
			<val>Отмена</val>
		</str>
		<str name="privacyText" translate="yes">
			<val>Мы можем попросить вас предоставить дополнительные сведения, например, указать ваш уровень навыков работы с программным обеспечением, чтобы мы могли предоставить вам соответствующее содержимое.</val>
		</str>
		<str name="privacyPolicyText" translate="yes">
			<val>Чтобы получить дополнительную информацию про собираемые нами данные о том, как вы используете продукт, а также о том, как компания Adobe использует эти данные, включая наши маркетинговые действия в ваших интересах, {0}щелкните здесь{1}, а также см. {2}политику конфиденциальности в Интернете компании Adobe{3}</val>
		</str>
		<str name="optInText" translate="yes">
			<val>Отключите отображение настраиваемого содержимого пробной версии. При следующем запуске пробной версии настраиваемое содержимое отображаться не будет.</val>
		</str>
		<str name="privacyPortalLink" translate="yes">
			<val>http://www.adobe.com/go/adobe_privacy_portal_ru</val>
		</str>
		<str name="privacyPolicyLink" translate="yes">
			<val>http://www.adobe.com/go/privacy_ru</val>
		</str>		
		
	</set>
	
	<set name="noInternetConnection">
		<str name="title" translate="yes">
			<val>Нет подключения к Интернету</val>
		</str>
		<str name="para1" translate="yes">
			<val>Нам не удалось обнаружить подключение к Интернету на этом компьютере.</val>
		</str>
		<str name="para2" translate="yes">
			<val>Активация и регистрация являются обязательными, эти действия должны быть выполнены в течение {0} дней. Если этот компьютер можно подключить к Интернету, то на их выполнение уйдет лишь несколько минут.</val>
		</str>
		<str name="para2_day" translate="yes">
			<val>Активация и регистрация являются обязательными, эти действия должны быть выполнены в течение 1 дня. Если этот компьютер можно подключить к Интернету, то на их выполнение уйдет лишь несколько минут.</val>
		</str>
		<str name="para2_end" translate="yes">
			<val>Активация и регистрация являются обязательными действиями. Если на этом компьютере есть доступ к Интернету, то на их выполнение уйдет лишь несколько минут.</val>
		</str>
		<str name="para2_optional" translate="yes">
			<val>Требуется выполнить активацию в течение {0} дн. Если на компьютере есть доступ к Интернету, то на это уйдет лишь несколько минут.</val>
		</str>
		<str name="para2_day_optional" translate="yes">
			<val>Требуется выполнить активацию в течение {1} дня. Если на компьютере есть доступ к Интернету, то на это уйдет лишь несколько минут.</val>
		</str>
		<str name="para2_end_optional" translate="yes">
			<val>Требуется выполнить активацию. Если на компьютере есть доступ к Интернету, то на это уйдет лишь несколько минут.</val>
		</str>
		<str name="para3" translate="yes">
			<val>Если этот компьютер не удается подключить к Интернету, щелкните «Автономная активация». Для выполнения процесса автономной активации вам потребуется устройство, подключенное к Интернету, и серийный номер вашего продукта.</val>
		</str>
		<str name="para3_optional" translate="yes">
			<val>Если этот компьютер невозможно подключить к Интернету, щелкните «Автономная активация». Для выполнения автономной активации потребуется устройство, подключенное к Интернету, и серийный номер продукта.</val>
		</str>
		<str name="hyperlinkText" translate="yes">
			<val>Этот компьютер подключен к Интернету. Я не знаю, в чем заключается проблема.</val>
		</str>
		<str name="hyperlinkTooltipText" translate="yes">
			<val>Обратитесь к своему администратору или позвоните в службу технической поддержки компании Adobe.</val>
		</str>
		<str name="offlineActivate" translate="yes">
			<val>Автономная активация</val>
		</str>
		<str name="back" translate="yes">
			<val>Назад</val>
		</str>
	</set>
	
	<set name="offlineActivation">
		<str name="title" translate="yes">
			<val>Автономная активация</val>
		</str>
		<set name="StepError">
			<str name="requestCodeExpired" translate="yes">
				<val>Срок действия кода запроса {0} истек. Выполните описанные далее шаги, чтобы завершить автономную активацию.</val>
			</str>
			<str name="requestCodeGenError" translate="yes">
				<val>Нам не удалось сформировать код запроса. Повторите попытку позднее.</val>
			</str>
		</set>
		<str name="para1" translate="yes">
			<val>1. Щелкните «Сформировать код запроса». Код уникален для каждого компьютера и действителен на протяжении 72 часов. Если за это время завершить процесс не удастся, затребуйте новый код.</val>
		</str>
		<str name="para2" translate="yes">
			<val>2. С помощью устройства, подключенного к Интернету, перейдите на страницу Adobe.com/go/getactivated_ru.</val>
		</str>
		<str name="para3" translate="yes">
			<val>3. Когда потребуется, введите код, полученный на стадии 1, и свой серийный номер, и будет сформирован код отклика.</val>
		</str>
		<str name="para4" translate="yes">
			<val>4. Введите код отклика на не подключенном к сети компьютере и щелкните кнопку «Активировать».</val>
		</str>
		<str name="para5" translate="yes">
			<val>Чтобы активировать программное обеспечение по сети, щелкните «Назад».</val>
		</str>
		<str name="hyperlinkText" translate="yes">
			<val>Я хочу выполнить активацию быстрее, подключившись к Интернету.</val>
		</str>
		<str name="back" translate="yes">
			<val>Назад</val>
		</str>
		<str name="activateLater" translate="yes">
			<val>Активировать позднее</val>
		</str>
		<str name="quit" translate="yes">
			<val>Выйти</val>
		</str>
		<str name="generateRequestCode" translate="yes">
			<val>Сформировать код запроса</val>
		</str>
		<str name="customerSupportLink" translate="yes">
			<val>http://www.adobe.com/go/customer_support_ru</val>
		</str>
	</set>
	
	<set name="offlineActivationCode">
		<str name="title" translate="yes">
			<val>Автономная активация</val>
		</str>
		<set name="StepError">
			<str name="invalidResponseCode" translate="yes">
				<val>Введен недопустимый код отклика. Введите код еще раз.</val>
			</str>
			<str name="requestCodeExpired" translate="yes">
				<val>Срок действия кода запроса {0} истек. Выполните описанные далее шаги, чтобы завершить автономную активацию.</val>
			</str>
			<str name="verifyError" translate="yes">
				<val>Нам не удалось проверить введенный код отклика. Повторите попытку позднее.</val>
			</str>
		</set>
		<str name="requestCode" translate="yes">
			<val>Код запроса:</val>
		</str>
		<str name="para1" translate="yes">
			<val>У вас есть {0}, чтобы получить код отклика на сайте www.adobe.com/go/getactivated_ru и ввести его.</val>
		</str>
		<str name="responseCode" translate="yes">
			<val>Код отклика:</val>
		</str>
		<str name="hyperlinkText" translate="yes">
			<val>Я хочу выполнить активацию быстрее, подключившись к Интернету.</val>
		</str>
		<str name="back" translate="yes">
			<val>Назад</val>
		</str>
		<str name="activateLater" translate="yes">
			<val>Активировать позднее</val>
		</str>
		<str name="quit" translate="yes">
			<val>Выйти</val>
		</str>
		<str name="activate" translate="yes">
			<val>Активировать</val>
		</str>
		<str name="hour" translate="yes">
			<val>час</val>
		</str>
		<str name="hours" translate="yes">
			<val>час.</val>
		</str>
		<str name="customerSupportLink" translate="yes">
			<val>http://www.adobe.com/go/customer_support_ru</val>
		</str>
	</set>
	
	<set name="offlineActivationComplete">
		<str name="title" translate="yes">
			<val>Автономная активация завершена</val>
		</str>
		<str name="message" translate="yes">
			<val>Приложение {0} успешно активировано и готово к работе.</val>
		</str>
		<str name="close" translate="yes">
			<val>Закрыть</val>
		</str>
		<str name="launch" translate="yes">
			<val>Запустить</val>
		</str>
	</set>
	
	<set name="unableToActivate">
		<str name="title" translate="yes">
			<val>Сбой активации</val>
		</str>
		<str name="warning" translate="yes">
			<val>Не удалось активировать {0}</val>
		</str>
		<str name="para1" translate="yes">
			<val>Для использования этого продукта необходима активация.</val>
		</str>
		<str name="para2" translate="yes">
			<val>Для активации этого продукта необходимо действующее подключение к Интернету. Проверьте свое подключение и повторите попытку.</val>
		</str>
		<str name="tryAgain" translate="yes">
			<val>Повторить попытку</val>
		</str>
		<str name="close" translate="yes">
			<val>Закрыть</val>
		</str>
		<str name="noInternet" translate="yes">
			<val>Не удается подключиться к Интернету?</val>
		</str>
	</set>
	
	<set name="dspSubscriptionActivated">
		<str name="title" translate="yes">
			<val>Подписка активирована</val>
		</str>
		<str name="message" translate="yes">
			<val>Благодарим за подписку на {0}.</val>
		</str>
		<str name="close" translate="yes">
			<val>Закрыть</val>
		</str>
	</set>
	
	<set name="dspOverActivation">
		<str name="title" translate="yes">
			<val>Превышен максимум активаций</val>
		</str>
		<str name="warning" translate="yes">
			<val>Не удалось активировать {0}.</val>
		</str>
		<str name="message" translate="yes">
			<val>Подписка на этот продукт с этим Adobe ID уже активна на двух устройствах. Чтобы деактивировать другое устройство и активировать подписку на данном устройстве, нажмите «Продолжить». Чтобы выполнить вход с другим Adobe ID, нажмите «Лицензировать это ПО».</val>
		</str>
		<str name="activationPolicy" translate="yes">
			<val>{0}Политика активации{1}</val>
		</str>
		<str name="activationPolicyLink" translate="yes">
			<val>http://www.adobe.com/go/activation_ru</val>
		</str>
		<str name="licenseThisSoftware" translate="yes">
			<val>Лицензировать это ПО</val>
		</str>
		<str name="continue" translate="yes">
			<val>Продолжить</val>
		</str>
	</set>
	
	<set name="dspAdobeIDMismatch">
		<str name="title" translate="yes">
			<val>Повторите попытку</val>
		</str>
		<str name="warning" translate="yes">
			<val>Несовпадение Adobe ID</val>
		</str>
		<str name="message" translate="yes">
			<val>Вход был выполнен не с тем Adobe ID, который связан с этой подпиской. Выполните вход с Adobe ID, связанным с этой подпиской.</val>
		</str>
		<str name="back" translate="yes">
			<val>Назад</val>
		</str>
		<str name="quit" translate="yes">
			<val>Выйти</val>
		</str>
	</set>
	
	<set name="dspSubscriptionExpired">
		<str name="title" translate="yes">
			<val>Обновите подписку</val>
		</str>
		<str name="message" translate="yes">
			<val>Чтобы обновить подписку на {2} и продолжить пользоваться продуктом, запустите {0}диспетчер подписки{1} и введите данные о кредитной карте. Если вы уже обновили подписку, подождите 15 минут и повторите попытку.</val>
		</str>
		<str name="messageCCMTeamPara1" translate="yes">
			<val>Чтобы обновить подписку и продолжить пользоваться продуктом, обратитесь к своему администратору.</val>
		</str>
		<str name="messageCCMTeamPara2" translate="yes">
			<val>Если вы уже обновили подписку, подождите 15 минут и повторите попытку.</val>
		</str>
		<str name="signedInMessage" translate="yes">
			<val>Вход был выполнен с Adobe ID {0}. Если вы хотите выполнить вход с другим Adobe ID, нажмите «Лицензировать это ПО».</val>
		</str>
		<str name="subscriptionManagerLinkForCC" translate="yes">
			<val> http://www.adobe.com/go/cc_manage_act_ru</val>
		</str>
		<str name="subscriptionManagerLinkForNonCC" translate="yes">
			<val>http://www.adobe.com/go/subscriptionedition_ru</val>
		</str>
		<str name="tryAgain" translate="yes">
			<val>Повторить попытку</val>
		</str>
		<str name="close" translate="yes">
			<val>Закрыть</val>
		</str>
		<str name="licenseThisSoftware" translate="yes">
			<val>Лицензировать это ПО</val>
		</str>
	</set>
	
	<set name="dspCheckGenericError">
		<str name="title" translate="yes">
			<val>Повторите попытку</val>
		</str>
		<str name="warning" translate="yes">
			<val>Невозможно запустить подписку на {0}.</val>
		</str>
		<str name="message" translate="yes">
			<val>Подождите несколько секунд и повторите попытку.</val>
		</str>
		<str name="tryAgain" translate="yes">
			<val>Повторить попытку</val>
		</str>
		<str name="quit" translate="yes">
			<val>Выйти</val>
		</str>
	</set>
	
	<set name="dspSubscriptionVerified">
		<str name="title" translate="yes">
			<val>Спасибо!</val>
		</str>
		<str name="message" translate="yes">
			<val>Подписка на {0} активирована. Чтобы приступить к работе, выберите «Продолжить».</val>
		</str>
		<str name="continue" translate="yes">
			<val>Продолжить</val>
		</str>
	</set>
	
	<set name="dspSubscriptionReactivation">
		<str name="title" translate="yes">
			<val>Требуется вход</val>
		</str>
		<str name="message" translate="yes">
			<val>По нашим данным эта подписка уже активирована на другом компьютере. Чтобы активировать {0} на этом компьютере, выполните вход со своим идентификатором Adobe ID.</val>
		</str>
		<str name="signIn" translate="yes">
			<val>Войти</val>
		</str>
		<str name="quit" translate="yes">
			<val>Выйти</val>
		</str>
	</set>
	
	<set name="dspReminder">
		<set name="ccInfoReminder">
			<str name="title" translate="yes">
				<val>Напоминание о подписке</val>
			</str>
			<str name="message" translate="yes">
				<val>Срок действия подписки скоро истекает.</val>
			</str>
			<str name="info" translate="yes">
				<val>По нашим данным, с этой учетной записью подписки не связаны кредитные карты. Чтобы обновить подписку на {2} и пользоваться продуктом, запустите {0}диспетчер подписки{1} и введите данные о своей кредитной карте.</val>
			</str>
			<str name="infoCCMTeam" translate="yes">
				<val>Чтобы сохранить доступ к продукту, обратитесь к своему администратору.</val>
			</str>
		</set>
		
		<set name="graceReminder">
			<str name="title" translate="yes">
				<val>Срок действия подписки истек</val>
			</str>
			<str name="message" translate="yes">
				<val>Срок действия подписки на {0} истек.</val>
			</str>
			<str name="info" translate="yes">
				<val>Чтобы обновить подписку на {2} и продолжить пользоваться продуктом, запустите {0}диспетчер подписки{1} и введите данные о своей кредитной карте. Для обновления подписки дается небольшая отсрочка, по истечении которой доступ к продукту прекращается.</val>
			</str>
			<str name="infoCCMTeam" translate="yes">
				<val>Чтобы обновить подписку и продолжить пользоваться продуктом без перерывов, обратитесь к своему администратору. Для обновления предоставляется короткий льготный период, по истечению которого доступ к продукту прекращается.</val>
			</str>
		</set>
		<set name="combinedSubIssueReminder">
			<str name="title" translate="yes">
				<val>Не удается проверить ваше членство.</val>
			</str>
			<str name="message" translate="yes">
				<val>Вы находитесь в автономном режиме или возникла проблема с выставлением счетов по вашей учетной записи. Выйдите в Интернет, редактируйте свою учетную запись и проверьте сведения для выставления счетов. По всем проблемам и вопросам обращайтесь в {0}службу технической поддержки клиентов{1}.</val>
			</str>
			<str name="messageCCMTeam1" translate="yes">
				<val>Вы находитесь в автономном режиме или возникла проблема с выставлением счетов по учетной записи вашей рабочей группы. Обратитесь к своему администратору для решения проблемы.</val>
			</str>
			<str name="messageCCMTeam2" translate="yes">
				<val> По остальным вопросам обращайтесь в {0}службу технической поддержки клиентов{1}.</val>
			</str>
			<str name="offlineError" translate="yes">
				<val>Выйдите в Интернет, чтобы мы могли исправить проблему, или щелкните «Продолжить», чтобы остаться в автономном режиме — в этом случае мы напомним вам позже.</val>
			</str>
		</set>
		
		<str name="subscriptionManagerLinkForCC" translate="yes">
			<val> http://www.adobe.com/go/cc_manage_act_ru</val>
		</str>
		<str name="subscriptionManagerLinkForNonCC" translate="yes">
			<val>http://www.adobe.com/go/subscriptionedition_ru</val>
		</str>
		<str name="offline" translate="yes">
			<val>Не удалось подключиться к Интернету. Проверьте настройки подключения и повторите попытку.</val>
		</str>
		<str name="subscriptionPolicy" translate="yes">
			<val>{0}Политика подписки{1}</val>
		</str>
		<str name="subscriptionPolicyLink" translate="yes">
			<val>http://www.adobe.com/go/subscription_policy_ru</val>
		</str>
		<str name="customerSupportLink" translate="yes">
			<val>http://www.adobe.com/go/customer_support_ru</val>
		</str>
		<str name="daysRemaining" translate="yes">
			<val>Осталось дней</val>
		</str>
		<str name="dayRemaining" translate="yes">
			<val>Осталось дней</val>
		</str>
		<str name="continue" translate="yes">
			<val>Продолжить</val>
		</str>
		<str name="tryAgain" translate="yes">
			<val>Повторить попытку</val>
		</str>
		<str name="retry" translate="yes">
			<val>Повторить</val>
		</str>
	</set>
	
	<set name="dspSuspended">
		<set name="activationSuspended">
			<str name="title" translate="yes">
				<val>Сбой активации</val>
			</str>
			<str name="warning" translate="yes">
				<val>Не удалось активировать {0}.</val>
			</str>
			<str name="message" translate="yes">
				<val>Системная дата вашего компьютера не совпадает с системной датой сервера Adobe. Они могут различаться не более чем на три дня ({0}).</val>
			</str>
			<str name="info" translate="yes">
				<val>Проверьте настройки даты и повторите попытку. Если проблема не решится, обратитесь в {0}службу технической поддержки клиентов{1}.</val>
			</str>
		</set>
		
		<set name="subscriptionSuspended">
			<str name="title" translate="yes">
				<val>Подписка приостановлена</val>
			</str>
			<str name="warning" translate="yes">
				<val>Подписка на {0} была приостановлена.</val>
			</str>
			<str name="message" translate="yes">
				<val>Системная дата вашего компьютера не совпадает с системной датой сервера Adobe. Они могут различаться не более чем на три дня ({0}).</val>
			</str>
			<str name="info" translate="yes">
				<val>Проверьте настройки даты и повторите попытку. Если проблема не решится, обратитесь в {0}службу технической поддержки клиентов{1}.</val>
			</str>
		</set>
		
		<set name="subscriptionWindback">
			<str name="title" translate="yes">
				<val>Подписка приостановлена</val>
			</str>
			<str name="warning" translate="yes">
				<val>Подписка на {0} была приостановлена.</val>
			</str>
			<str name="message" translate="yes">
				<val>Неправильно установлены системное время или дата. Установите на системных часах точное время и выберите пункт «Повторить попытку». Если проблема не решится, обратитесь в {0}службу технической поддержки клиентов{1}.</val>
			</str>
		</set>
		
		<str name="customerSupportLink" translate="yes">
			<val>http://www.adobe.com/go/customer_support_ru</val>
		</str>
		<str name="activationPolicy" translate="yes">
			<val>{0}Просмотр политики активации{1}</val>
		</str>
		<str name="activationPolicyLink" translate="yes">
			<val>http://www.adobe.com/go/activation_ru</val>
		</str>
		<str name="subscriptionPolicy" translate="yes">
			<val>{0}Политика подписки{1}</val>
		</str>
		<str name="subscriptionPolicyLink" translate="yes">
			<val>http://www.adobe.com/go/subscription_policy_ru</val>
		</str>
		<str name="quit" translate="yes">
			<val>Выйти</val>
		</str>
		<str name="tryAgain" translate="yes">
			<val>Повторить попытку</val>
		</str>
	</set>
	
	<set name="dateTimeFormats">
		<str name="dateFormat_Long" translate="yes">
			<val>{1} {0} {2} г.</val>
		</str>
	</set>

	<set name="monthsFull">
		<str name="1" translate="yes">
			<val>янв</val>
		</str>
		<str name="2" translate="yes">
			<val>фев</val>
		</str>
		<str name="3" translate="yes">
			<val>мар</val>
		</str>
		<str name="4" translate="yes">
			<val>апр</val>
		</str>
		<str name="5" translate="yes">
			<val>май</val>
		</str>
		<str name="6" translate="yes">
			<val>июн</val>
		</str>
		<str name="7" translate="yes">
			<val>июл</val>
		</str>
		<str name="8" translate="yes">
			<val>авг</val>
		</str>
		<str name="9" translate="yes">
			<val>сен</val>
		</str>
		<str name="10" translate="yes">
			<val>окт</val>
		</str>
		<str name="11" translate="yes">
			<val>ноя</val>
		</str>
		<str name="12" translate="yes">
			<val>дек</val>
		</str>
	</set>
	
	<set name="dsp_IMSBusyScrim">
		<str name="WaitAMoment" translate="yes">
			<val>Подождите...</val>
		</str>
	</set>
	
	<set name="dspSubscriptionRevoked">
		<str name="title" translate="yes">
			<val>Подписка приостановлена</val>
		</str>
		<str name="warning" translate="yes">
			<val>Подписка на {0} была приостановлена.</val>
		</str>
		<str name="message" translate="yes">
			<val>Лицензия на подписку больше не действительна или аннулирована. Обратитесь в {0}службу технической поддержки клиентов{1}.</val>
		</str>
		<str name="subscriptionPolicy" translate="yes">
			<val>{0}Политика подписки{1}</val>
		</str>
		<str name="subscriptionPolicyLink" translate="yes">
			<val>http://www.adobe.com/go/subscription_policy_ru</val>
		</str>
		<str name="customerSupportLink" translate="yes">
			<val>http://www.adobe.com/go/customer_support_ru</val>
		</str>
		<str name="quit" translate="yes">
			<val>Выйти</val>
		</str>
	</set>
	
	<set name="isoToLanguage">
		<str name="ar_AE" translate="no"><val>العربية</val></str>
		<str name="en_GB" translate="no"><val>English (International)</val></str> 
		<str name="en_INT" translate="no"><val>English (International)</val></str> 
		<str name="fr_CA" translate="no"><val>Français canadien</val></str>
		<str name="es_QM" translate="no"><val>Español (Middle East)</val></str>
		<str name="es_LA" translate="no"><val>Español de América Latina</val></str>
		<str name="es_NA" translate="no"><val>Español Norteamericano</val></str>
		<str name="bg_BG" translate="no"><val>Български</val></str>
		<str name="lv_LV" translate="no"><val>Latviešu</val></str>
		<str name="et_EE" translate="no"><val>Eesti</val></str>
		<str name="hr_HR" translate="no"><val>hrvatski</val></str>
		<str name="sl_SI" translate="no"><val>slovenščina</val></str>
		<str name="sk_SK" translate="no"><val>Slovenčina</val></str>
		<str name="th_TH" translate="no"><val>ภาษาไทย</val></str> 
		<str name="vi_VN" translate="no"><val>Việt</val></str>
		<str name="en_XC" translate="no"><val>English (Central Europe)</val></str> 
		<str name="en_XM" translate="no"><val>English (Middle East)</val></str>
		<str name="fr_XM" translate="no"><val>Français Oriental Moyen</val></str>
		<str name="sq_AL" translate="no"><val>Shqip</val></str> 
		<str name="ar_SA" translate="no"><val>العربية</val></str>
		<str name="be_BY" translate="no"><val>Беларуская</val></str> 
		<str name="ca_ES" translate="no"><val>Català</val></str> 
		<str name="hi_IN" translate="no"><val>हिन्दी</val></str>
		<str name="is_IS" translate="no"><val>Íslenska</val></str> 
		<str name="lt_LT" translate="no"><val>Lietuvių</val></str>
		<str name="mk_MK" translate="no"><val>македонски</val></str>
		<str name="nn_NO" translate="no"><val>Norsk (Nynorsk)</val></str>
		<str name="pt_PT" translate="no"><val>Português de Portugal</val></str> 
		<str name="sh_YU" translate="no"><val>Srpsko-Hrvatski</val></str> 
		<str name="sr_YU" translate="no"><val>Cрпски</val></str> 
		<str name="kk_KZ" translate="no"><val>Қазақ</val></str>
		<str name="az_AZ" translate="no"><val>Azərbaycan dili</val></str> 
		<str name="es_MX" translate="no"><val>Español (América Latina)</val></str>
		<str name="no_NO" translate="no"><val>Norwegian</val></str> 
		<str name="cs_CZ" translate="no"><val>Česky</val></str>
		<str name="de_DE" translate="no"><val>Deutsch</val></str>
		<str name="el_GR" translate="no"><val>Ελληνικά</val></str>
		<str name="en_US" translate="no"><val>English (North America)</val></str> 
		<str name="es_ES" translate="no"><val>Español</val></str> 
		<str name="fr_FR" translate="no"><val>Français</val></str>
		<str name="he_IL" translate="no"><val>עברית</val></str> 
		<str name="hu_HU" translate="no"><val>Magyar</val></str> 
		<str name="it_IT" translate="no"><val>Italiano</val></str>
		<str name="ja_JP" translate="no"><val>日本語</val></str>
		<str name="ko_KR" translate="no"><val>한국어</val></str>
		<str name="nl_NL" translate="no"><val>Nederlands</val></str>
		<str name="pl_PL" translate="no"><val>Polski</val></str>
		<str name="ro_RO" translate="no"><val>Română</val></str>
		<str name="ru_RU" translate="no"><val>Pусский</val></str>
		<str name="sv_SE" translate="no"><val>Svenska</val></str>
		<str name="tr_TR" translate="no"><val>Türkçe</val></str>
		<str name="uk_UA" translate="no"><val>Українська</val></str>
		<str name="zh_CN" translate="no"><val>简体中文</val></str>
		<str name="zh_TW" translate="no"><val>繁體中文</val></str>
		<str name="da_DK" translate="no"><val>Dansk</val></str>
		<str name="fi_FI" translate="no"><val>Suomi</val></str>
		<str name="nb_NO" translate="no"><val>Norsk (Bokmål)</val></str> 
		<str name="pt_BR" translate="no"><val>Português do Brasil</val></str>
		<str name="en_AE" translate="no"><val>English يدعم العربية</val></str> 
		<str name="en_IL" translate="no"><val>English תומך עברית</val></str> 
		<str name="fr_MA" translate="no"><val>Français (Maroc)</val></str>
	</set>
		
</asf>
