<?xml version='1.0' encoding='utf-8'?>
<!DOCTYPE asf SYSTEM "http://ns.adobe.com/asf/asf_1_0.dtd" >
<asf xmlns="http://ns.adobe.com/asf" locale="da_DK" version="1.0">
	
	<set name="common">
		<str name="windowTitle" translate="yes">
			<val>Adobe-produkt</val>
		</str>
		<str name="day" translate="yes">
			<val>dag</val>
		</str>
		<str name="days" translate="yes">
			<val>dage</val>
		</str>
	</set>
	
	<set name="eula">
		<str name="eula" translate="yes">
			<val>Adobe-softwarelicensaftale</val>
		</str>
		<str name="productLineMsg" translate="yes">
			<val>Aftalen bestemmer din installation og brug af {0}-produkter, der omfatter denne software. Du kan se de aftaler, du har accepteret indtil videre, på {1}.</val>
		</str>
		<str name="eulaOnlineLink" translate="yes">
			<val>www.adobe.com/go/myaccount_dk</val>
		</str>
		<str name="eulaOnlineLinkGoURL" translate="yes">
			<val>http://www.adobe.com/go/adobemembership_dk</val>
		</str>
		<str name="accept" translate="yes">
			<val>Accepter</val>
		</str>
		<str name="quit" translate="yes">
			<val>Afslut</val>
		</str>		
	</set>

	<set name="register">
		<set name="trial">
			<set name="online">
				<str name="title" translate="yes">
					<val>Du skal logge på</val>
				</str>
				<str name="titleMenuSignIn" translate="yes">
					<val>Log på</val>
				</str>
				<str name="message" translate="yes">
					<val>Log på med dit Adobe-id.</val>
				</str>
				<str name="message_device" translate="yes">
					<val>Log på med dit Adobe-id: {0}.</val>
				</str>
				<str name="notYou" translate="yes">
					<val>(Er det ikke dit Adobe-id?)</val>
				</str>
				<str name="signInNow" translate="yes">
					<val>Log på nu</val>
				</str>
				<str name="signIn" translate="yes">
					<val>Log på</val>
				</str>
				<str name="termTitle" translate="yes">
					<val>Vilkår og betingelser for prøvesoftware.</val>
				</str>
				<str name="termPara1" translate="yes">
					<val>Vi beder dig muligvis om at opgive valgfrie oplysninger, så vi kan skræddersy indholdet til dig. Du kan når som helst deaktivere det tilpassede indhold ved at gå til Indstillinger for beskyttelse af personlige oplysninger på det skærmbillede, hvor du tilpasser din oplevelse af prøveversionen.</val>
				</str>
				<str name="termPara2" translate="yes">
					<val>Du kan finde oplysninger om de data, vi indsamler om din brug af produktet, og hvordan Adobe bruger disse data, herunder hvordan vi tilpasser materialet til dine interesser, ved at {0}klikke her{1} for at se {2}Adobes politik for beskyttelse af personlige oplysninger{3}.</val>
				</str>
				<str name="privacyPortalLink" translate="yes">
					<val>http://www.adobe.com/go/adobe_privacy_portal_dk</val>
				</str>
				<str name="privacyPolicyLink" translate="yes">
					<val>http://www.adobe.com/go/privacy_dk</val>
				</str>
			</set>
		</set>
		
		<set name="subscription">
			<str name="title" translate="yes">
				<val>Du skal logge på</val>
			</str>
			<str name="titleMenuSignIn" translate="yes">
				<val>Log på</val>
			</str>			
			<str name="message" translate="yes">
				<val>Log på med dit Adobe-id Adobe-id for at bruge dette produkt og få adgang til oplysninger om dit medlemskab.</val>
			</str>
			<str name="userEmail" translate="yes">
				<val>Du bliver logget på som Adobe-id: {0}.</val>
			</str>
			<str name="notYou" translate="yes">
				<val>(Er det ikke dit Adobe-id?)</val>
			</str>
			<str name="signInNow" translate="yes">
				<val>Log på nu</val>
			</str>
			<str name="signIn" translate="yes">
				<val>Log på</val>
			</str>
			<str name="back" translate="yes">
				<val>Tilbage</val>
			</str>
			<str name="signInLater" translate="yes">
				<val>Log på senere</val>
			</str>
		</set>
		
		<set name="signInForValidation">
			<str name="title" translate="yes">
				<val>Du skal logge på</val>
			</str>	
			<str name="message" translate="yes">
				<val>Du skal logge på med et Adobe-id for at aktivere softwaren. </val>
			</str>
			<str name="benefit" translate="yes">
				<val>Angiv dit Adobe-id for at få adgang til dit medlemskab og registrere dit produkt.</val>
			</str>
			<str name="userEmail" translate="yes">
				<val>Du bliver logget på med Adobe-id: {0}.</val>
			</str>
			<str name="notYou" translate="yes">
				<val>(Er det ikke dit Adobe-id?)</val>
			</str>
			<str name="signInNow" translate="yes">
				<val>Log på nu</val>
			</str>
			<str name="signIn" translate="yes">
				<val>Log på</val>
			</str>
			<str name="signInLater" translate="yes">
				<val>Log på senere</val>
			</str>	
		</set>
		
		<set name="serial">
			<set name="grace">
				<str name="title" translate="yes">
					<val>Du skal logge på</val>
				</str>	
				<str name="titleMenuSignIn" translate="yes">
					<val>Log på</val>
				</str>		
				<str name="message" translate="yes">
					<val>Du skal logge på med et Adobe-id og registrere {0} inden for {1}. Ellers ophører det med at fungere.</val>
				</str>
				<str name="benefit" translate="yes">
					<val>Angiv dit Adobe-id for at få adgang til dit medlemskab og registrere dit produkt.</val>
				</str>
				<str name="userEmail" translate="yes">
					<val>Du bliver logget på med Adobe-id: {0}.</val>
				</str>
				<str name="notYou" translate="yes">
					<val>(Er det ikke dit Adobe-id?)</val>
				</str>
				<str name="signInNow" translate="yes">
					<val>Log på nu</val>
				</str>
				<str name="signIn" translate="yes">
					<val>Log på</val>
				</str>
				<str name="signInLater" translate="yes">
					<val>Log på senere</val>
				</str>
				<str name="noInternet" translate="yes">
					<val>Har du problemer med at oprette forbindelse til internettet?</val>
				</str>
			</set>
			
			<set name="post_grace">
				<str name="title" translate="yes">
					<val>Du skal logge på</val>
				</str>	
				<str name="titleMenuSignIn" translate="yes">
					<val>Log på</val>
				</str>	
				<str name="message" translate="yes">
					<val>Du skal logge på med dit Adobe-id for at registrere {0}, inden du næste gang bruger softwaren.</val>
				</str>
				<str name="benefit" translate="yes">
					<val>Angiv dit Adobe-id for at få adgang til dit medlemskab og registrere dit produkt.</val>
				</str>
				<str name="userEmail" translate="yes">
					<val>Du bliver logget på med Adobe-id: {0}.</val>
				</str>
				<str name="notYou" translate="yes">
					<val>(Er det ikke dit Adobe-id?)</val>
				</str>
				<str name="signInNow" translate="yes">
					<val>Log på nu</val>
				</str>
				<str name="signIn" translate="yes">
					<val>Log på</val>
				</str>
				<str name="signInLater" translate="yes">
					<val>Log på senere</val>
				</str>
			</set>
		
			<set name="post_bonus">
				<str name="title" translate="yes">
					<val>Du skal logge på</val>
				</str>	
				<str name="titleMenuSignIn" translate="yes">
					<val>Log på</val>
				</str>		
				<str name="message" translate="yes">
					<val>Du kan ikke bruge {0} uden at logge på med dit Adobe-id.</val>
				</str>
				<str name="benefit" translate="yes">
					<val>Angiv dit Adobe-id for at få adgang til dit medlemskab og registrere dit produkt.</val>
				</str>
				<str name="userEmail" translate="yes">
					<val>Du bliver logget på med Adobe-id: {0}.</val>
				</str>
				<str name="notYou" translate="yes">
					<val>(Er det ikke dit Adobe-id?)</val>
				</str>
				<str name="signInNow" translate="yes">
					<val>Log på nu</val>
				</str>
				<str name="signIn" translate="yes">
					<val>Log på</val>
				</str>
				<str name="quit" translate="yes">
					<val>Afslut</val>
				</str>
			</set>
		</set>
	
		<set name="exceptionScenarios">
			<set name="retail">
				<str name="title" translate="yes">
					<val>Log på</val>
				</str>	
				<str name="message1" translate="yes">
					<val>Log på for at registrere denne software under dit Adobe-id.</val>
				</str>
				<str name="message2" translate="yes">
					<val>Dit Adobe-id giver dig nem adgang til dit medlemskab, Adobe Creative Cloud og vores community på Adobe.com.</val>
				</str>		
				<str name="userEmail" translate="yes">
					<val>Vi logger nu på og registrerer denne software under dit Adobe-id: {0}.</val>
				</str>
				<str name="notYou" translate="yes">
					<val>(Er det ikke dit Adobe-id?)</val>
				</str>
				<str name="signInNow" translate="yes">
					<val>Log på nu</val>
				</str>
				<str name="signIn" translate="yes">
					<val>Log på</val>
				</str>
			</set>		
			<set name="volume">
				<str name="title" translate="yes">
					<val>Log på</val>
				</str>		
				<str name="message" translate="yes">
					<val>Dit Adobe-id giver dig nem adgang til dit medlemskab, Adobe Creative Cloud og vores community på Adobe.com.</val>
				</str>		
				<str name="userEmail" translate="yes">
					<val>Du bliver logget på som Adobe-id: {0}.</val>
				</str>
				<str name="notYou" translate="yes">
					<val>(Er det ikke dit Adobe-id?)</val>
				</str>
				<str name="signInNow" translate="yes">
					<val>Log på nu</val>
				</str>
				<str name="signIn" translate="yes">
					<val>Log på</val>
				</str>
			</set>
		</set>	
	</set>
	
	<set name="trialLaunch">
		<str name="title" translate="yes">
			<val>Prøvev. til {0}</val>
		</str>
		
		<set name="start">
			<str name="info" translate="yes">
				<val>Du kan prøve dette produkt i {0} dage.</val>
			</str>
			<str name="info_day" translate="yes">
				<val>Du kan prøve dette produkt i {0} dag.</val>
			</str>
			<str name="additionalInfo" translate="yes">
				<val>Du kan fortsætte med at bruge {0} efter prøveperioden ved at købe softwaren.</val>
			</str>
		</set>
		
		<set name="grace">
			<str name="info" translate="yes">
				<val>Din prøveperiode udløber om {0} dage.</val>
			</str>
			<str name="info_day" translate="yes">
				<val>Din prøveperiode udløber om {0} dag.</val>
			</str>
			<str name="additionalInfo" translate="yes">
				<val>Du kan fortsætte med at bruge {0} efter prøveperioden ved at købe softwaren.</val>
			</str>
		</set>
		
		<set name="bonus">
			<str name="info" translate="yes">
				<val>Sidste start i prøveperiode</val>
			</str>
			<str name="additionalInfo" translate="yes">
				<val>Din prøveperiode er udløbet, men du kan bruge {0} én gang mere.</val>
			</str>
			<str name="bonusInfo" translate="yes">
				<val>Du kan fortsætte med at bruge {0} ved at købe softwaren.</val>
			</str>
		</set>
		
		<set name="expired">
			<str name="info" translate="yes">
				<val>Din prøveperiode er udløbet.</val>
			</str>
			<str name="additionalInfo" translate="yes">
				<val>Du kan fortsætte med at bruge {0} ved at købe softwaren.</val>
			</str>
		</set>
		
		<str name="daysRemaining" translate="yes">
			<val>Dage tilbage</val>
		</str>
		<str name="dayRemaining" translate="yes">
			<val>Dag tilbage</val>
		</str>
		<str name="buy" translate="yes">
			<val>Køb nu</val>
		</str>
		<str name="buyLink" translate="no">
			<val>http://www.adobe.com/go/buy</val>
		</str>
		<str name="join" translate="yes">
			<val>Deltag nu</val>
		</str>
		<str name="joinLink" translate="yes">
			<val>http://www.adobe.com/go/cc_plans_dk</val>
		</str>
		<str name="continue" translate="yes">
			<val>Fortsæt prøveperiode</val>
		</str>
		<str name="startTrial" translate="yes">
			<val>Start prøveperiode</val>
		</str>
		<str name="enterSerial" translate="yes">
			<val>Licenser denne software</val>
		</str>		
	</set>
	
	<set name="deactivate">
		<str name="title" translate="yes">
			<val>Log af</val>
		</str>
		<str name="title_Fail" translate="yes">
			<val>Log af mislykkedes</val>
		</str>
		<str name="infoSubscription" translate="yes">
			<val>Abonnementet ændres ikke, når du deaktiverer programmet. Hvis du vil ændre dit abonnement, skal du besøge {0}Abonnementsstyring{1}.</val>
		</str>
		<str name="infoSubscriptionCCMTeam" translate="yes">
			<val>Hvis du deaktiverer programmet, ændres dit abonnement ikke.</val>
		</str>
		<str name="adobeIDMessage" translate="yes">
			<val>Du er i øjeblikket logget på med {0}.</val>
		</str>
		<str name="message1" translate="yes">
			<val>Hvis du logger af, kan du aktivere dit Adobe-produkt på en anden computer eller enhed i henhold til {0}softwarelicensaftalen{1}. Kontroller, at der er forbindelse til internettet, før du logger af.</val>
		</str>
		<str name="message2" translate="yes">
			<val>Hvis du logger af vil følgende software være deaktiveret på denne computer, medmindre du logger på igen.</val>
		</str>
		<str name="messageSubscription" translate="yes">
			<val>Hvis du deaktiverer et Adobe-produkt, kan du aktivere det på en anden computer, forudsat du overholder {0}softwarelicensaftalen{1}. Kontroller, at der er forbindelse til internettet, før du deaktiverer.</val>
		</str>
		<str name="deActivationMsgError" translate="yes">
			<val>Hvis problemerne fortsætter, skal du kontakte {0}kundesupport{1}. {2}</val>
		</str>
		<str name="customerSupportLink" translate="yes">
			<val>http://www.adobe.com/go/customer_support_dk</val>
		</str>
		<str name="eula_Link" translate="yes">
			<val>http://www.adobe.com/go/eulas_dk</val>
		</str>
		<str name="failure" translate="yes">
			<val>Deaktiveringen blev ikke udført korrekt. Prøv igen.</val>
		</str>
		<str name="deactivate" translate="yes">
			<val>Log af</val>
		</str>		
		<str name="cancel" translate="yes">
			<val>Annuller</val>
		</str>
		<str name="continue" translate="yes">
			<val>Fortsæt</val>
		</str>
		
		<str name="offline" translate="yes">
			<val>Opret forbindelse til internettet, og prøv igen</val>
		</str>		
		<str name="offlineMsg" translate="yes">
			<val>Du kan ikke logge af. Sørg for at have forbindelse til internettet, og prøv igen. Kontakt {0}Kundesupport{1}, hvis problemet fortsætter.</val>
		</str>	
		<str name="customerSupportLink" translate="yes">
			<val>http://www.adobe.com/go/customer_support_dk</val>
		</str>
	</set>
	
	<set name="trialFailed">
		<str name="title" translate="yes">
			<val>Ukorrekt initialisering af prøveperiode</val>
		</str>
		<str name="warning" translate="yes">
			<val>Licensen er ophørt med at fungere.</val>
		</str>
		<str name="message" translate="yes">
			<val>Der er opstået et problem med licensen til dette produkt. Geninstaller produktet, og prøv igen. Hvis problemet fortsætter, efter du har installeret igen, skal du kontakte {0}Kundesupport{1} for hjælp.</val>
		</str>
		<str name="customerSupportLink" translate="yes">
			<val>http://www.adobe.com/go/customer_support_dk</val>
		</str>
		<str name="close" translate="yes">
			<val>Luk</val>
		</str>
		<str name="enterSerial" translate="yes">
			<val>Licenser denne software</val>
		</str>
	</set>
	
	<set name="validateSerial">
		<str name="title" translate="yes">
			<val>Validering af serienummer</val>
		</str>
		
		<set name="grace">
			<str name="message" translate="yes">
				<val>Opret forbindelse til internettet for at bekræfte dit serienummer.</val>
			</str>
		</set>
		<str name="noInternet" translate="yes">
			<val>Har du problemer med at oprette forbindelse til internettet?</val>
		</str>
		<str name="validate" translate="yes">
			<val>Valider</val>
		</str>
		<str name="connectLater" translate="yes">
			<val>Opret forbindelse senere</val>
		</str>
		<str name="quit" translate="yes">
			<val>Afslut</val>
		</str>
	</set>
	
	<set name="offlineScrim">
		<str name="title" translate="yes">
			<val>Opret forbindelse til internettet, og prøv igen</val>
		</str>
		<str name="message" translate="yes">
			<val>Din computer er tilsyneladende offline. Der kræves en internetforbindelse. Opret forbindelse til internettet, og prøv igen. Kontakt {0}Kundesupport{1}, hvis problemet fortsætter.</val>
		</str>
		<str name="offlineActivationMsg" translate="yes">
			<val>Hvis denne computer ikke kan få adgang til internettet, kan du få flere oplysninger på {0} ved hjælp af en enhed med internetforbindelse.</val>
		</str>
		<str name="offlineActivationLink" translate="yes">
			<val>http://www.adobe.com/go/getactivated_dk</val>
		</str>
		<str name="customerSupportLink" translate="yes">
			<val>http://www.adobe.com/go/customer_support_dk</val>
		</str>
		<str name="retry" translate="yes">
			<val>Prøv igen</val>
		</str>
		<str name="connectLater" translate="yes">
			<val>Opret forbindelse senere</val>
		</str>
		<str name="cancel" translate="yes">
			<val>Annuller</val>
		</str>
	</set>
	
	<set name="dspEntitlementOfflineScrim">
		<str name="title" translate="yes">
			<val>Der kræves internetforbindelse til abonnementer</val>
		</str>
		<str name="message" translate="yes">
			<val>Du skal bruge en internetforbindelse for at kunne starte et abonnement. Hvis du har et abonnement, skal du oprette forbindelse til internettet og vælge Prøv igen.</val>
		</str>
		<str name="serialInfo" translate="yes">
			<val>Hvis du har et serienummer, skal du vælge Angiv serienummer for at fortsætte.</val>
		</str>
		<str name="retry" translate="yes">
			<val>Prøv igen</val>
		</str>
		<str name="enterSerialNumber" translate="yes">
			<val>Angiv serienummer</val>
		</str>
		<str name="cancel" translate="yes">
			<val>Tilbage</val>
		</str>
	</set>
	
	<set name="screenLoading">
		<str name="loading" translate="yes">
			<val>Indlæser...</val>
		</str>
		<str name="validatingSerial" translate="yes">
			<val>Validerer serienummer. Det kan tage et øjeblik...</val>
		</str>
		<str name="checkCall" translate="yes">
			<val>Validerer licensstatus online. Det kan tage et øjeblik...</val>
		</str>
		<str name="autoprovisionTrial" translate="yes">
			<val>Kontrollerer softwarelicens...</val>
		</str>
		<str name="activation" translate="yes">
			<val>Validerer softwarelicens. Det kan tage et øjeblik...</val>
		</str>
		<str name="dbaLicenseCheck" translate="yes">
			<val>Validerer licens. Det kan tage et øjeblik...</val>
		</str>
	</set>
	
	<set name="overActivation">
		<str name="title" translate="yes">
			<val>Serienummer</val>
		</str>
		<str name="stepMessage" translate="yes">
			<val>Serienummeret {0} bruges allerede på det maksimalt tilladte antal computere. Du skal deaktivere en anden computer inden for {1} dage for at bruge dette produkt.</val>
		</str>
		<str name="stepMessageOneDay" translate="yes">
			<val>Serienummeret {0} bruges allerede på det maksimalt tilladte antal computere. Du skal deaktivere en anden computer inden for 1 dag for at bruge dette produkt.</val>
		</str>
		<str name="stepMessageBonusLaunch" translate="yes">
			<val>Serienummeret {0} bruges allerede på det maksimalt tilladte antal computere. Du skal deaktivere en anden computer eller angive et andet gyldigt serienummer for at kunne bruge {1} igen på denne computer.</val>
		</str>
		<str name="radioButton1" translate="yes">
			<val>Prøv at aktivere igen. Jeg har allerede deaktiveret en af mine andre computere.</val>
		</str>
		<str name="radioButton2" translate="yes">
			<val>Angiv et andet serienummer.</val>
		</str>
		<str name="continue" translate="yes">
			<val>Fortsæt</val>
		</str>
	</set>
	<set name="overActivationPOSA">
		<str name="title" translate="yes">
			<val>Maksimalt antal aktiveringer overskredet</val>
		</str>
		<str name="warning" translate="yes">
			<val>Kunne ikke aktivere softwaren på denne computer eller enhed.</val>
		</str>
		<str name="info" translate="yes">
			<val>Dette Adobe-id {0} er allerede brugt til logge på og aktivere softwaren på to andre computere eller enheder.</val>
		</str>
		<str name="message" translate="yes">
			<val>Prøv igen efter at have deaktiveret en af dine andre computere eller enheder inden for {0} dage. </val>
		</str>
		<str name="messageOneDay" translate="yes">
			<val>Prøv igen efter at have deaktiveret en af dine computere eller enheder inden for 1 dag. </val>
		</str>
		<str name="messageBonusLaunch" translate="yes">
			<val>Du skal prøve igen, når du har deaktiveret en af dine andre computere eller enheder. </val>
		</str>
		<str name="messageExpired" translate="yes">
			<val>Du skal prøve igen, når du har deaktiveret en af dine andre computere eller enheder.</val>
		</str>
		<str name="HaveAnotherAdobeID" translate="yes">
			<val>Har du et andet Adobe-id?</val>
		</str>
		<str name="supportMessage" translate="yes">
			<val>Hvis problemet fortsætter, skal du kontakte {0}Kundesupport{1}. </val>
		</str>
		<str name="customerSupportLink" translate="yes">
			<val>http://www.adobe.com/go/customer_support_dk</val>
		</str>
		<str name="retry" translate="yes">
			<val>Prøv igen</val>
		</str>
		<str name="cancel" translate="yes">
			<val>Annuller</val>
		</str>
		<str name="quit" translate="yes">
			<val>Afslut</val>
		</str>
	</set>
	
	<set name="activationFailure">
		<str name="title" translate="yes">
			<val>Aktivering er ikke udført korrekt</val>
		</str>
		<str name="activationStepError" translate="yes">
			<val>{0} kan ikke aktiveres.</val>
		</str>
		<str name="activationMsgError" translate="yes">
			<val>Kontroller indstillingerne for din internetforbindelse, og prøv igen. Kontakt {0}Kundesupport{1}, hvis problemet fortsætter. {2}</val>
		</str>
		<str name="customerSupportLink" translate="yes">
			<val>http://www.adobe.com/go/customer_support_dk</val>
		</str>
		<str name="close" translate="yes">
			<val>Luk</val>
		</str>
		<str name="retry" translate="yes">
			<val>Prøv igen</val>
		</str>
	</set>
	<set name="activationRequired">
		<str name="title" translate="yes">
			<val>Produktet skal aktiveres</val>
		</str>
		<str name="activationMsgOneDay" translate="yes">
			<val>Opret forbindelse til internettet. Du skal aktivere {0} inden for 1 dag, ellers ophører det med at fungere.</val>
		</str>
		<str name="activationMsg" translate="yes">
			<val>Opret forbindelse til internettet. Du skal aktivere {0} inden for {1} dage, ellers ophører det med at fungere.</val>
		</str>
		<str name="activationMsgBonus" translate="yes">
			<val>Opret forbindelse til internettet. Du skal aktivere {0} i dag, ellers ophører det med at fungere.</val>
		</str>
		<str name="activateLater" translate="yes">
			<val>Aktiver senere</val>
		</str>
		<str name="retry" translate="yes">
			<val>Aktiver nu</val>
		</str>
	</set>
	<set name="licenseMismatch">
			<str name="title" translate="yes">
				<val>Uoverensstemmende licens</val>
			</str>
			<str name="warning" translate="yes">
				<val>Den software, der er installeret på denne maskine, har ekstra funktioner, som ikke er autoriseret til din aktuelle licens.</val>
			</str>
			<str name="message" translate="yes">
				<val>Hvis du vil bruge denne software, skal du følge disse trin for at hente og installere en permanent kopi af produktet:</val>
			</str>
			<str name="point1" translate="yes">
				<val>1. Fjern det eksisterende abonnementsbaserede produkt.</val>
			</str>
			<str name="point2" translate="yes">
				<val>2.	Hent {0} fra {1}www.adobe.com{2}</val>
			</str>
			<str name="point3" translate="yes">
				<val>3. Installer {0}, der er hentet fra adobe.com</val>
			</str>
			<str name="ok" translate="yes">
				<val>OK</val>
			</str>
			<str name="adobeLnk" translate="yes">
				<val>http://www.adobe.com/go/downloads_dk</val>
			</str>
		</set>
	
	<set name="confirmationDialog">
		<str name="title" translate="yes">
			<val>Afslut</val>
		</str>
		<str name="message" translate="yes">
			<val>Vil du afslutte?</val>
		</str>
		<str name="primaryButtonLabel" translate="yes">
			<val>Ja</val>
		</str>
		<str name="secondaryButtonLabel" translate="yes">
			<val>Nej</val>
		</str>
	</set>
	
	<set name="inAppTrials">
		<str name="loading" translate="yes">
			<val>Indlæser...</val>
		</str>
		<str name="title" translate="yes">
			<val>Prøvev. til {0}</val>
		</str>
		<str name="continue" translate="yes">
			<val>Fortsæt prøveperiode</val>
		</str>
		<str name="startTrial" translate="yes">
			<val>Start prøveperiode</val>
		</str>
		<str name="enterSerial" translate="yes">
			<val>Licenser denne software</val>
		</str>
		<str name="privacySettings" translate="yes">
			<val>Indstillinger for beskyttelse af personlige oplysninger</val>
		</str>
		<str name="tutorialsList" translate="yes">
			<val>{0} af {1}</val>
		</str>
		<str name="videoLoadingError" translate="yes">
			<val>Fejl under indlæsning af video.</val>
		</str>
		<str name="tryAgain" translate="yes">
			<val>Prøv igen.</val>
		</str>
		<str name="exitFullScreen" translate="yes">
			<val>Tryk på ESC for at afslutte fuldskærmtilstand.</val>
		</str>
		<str name="okay" translate="yes">
			<val>OK</val>
		</str>
		<str name="cancel" translate="yes">
			<val>Annuller</val>
		</str>
		<str name="privacyText" translate="yes">
			<val>Vi beder dig muligvis om at opgive valgfrie oplysninger som f.eks. din softwareerfaring, så vi kan skræddersy indholdet til dig.</val>
		</str>
		<str name="privacyPolicyText" translate="yes">
			<val>Du kan finde oplysninger om de data, vi indsamler om din brug af produktet, og hvordan Adobe bruger disse data, herunder hvordan vi tilpasser materialet til dine interesser, ved at {0}klikke her{1} for at se {2}Adobes politik for beskyttelse af personlige oplysninger{3}</val>
		</str>
		<str name="optInText" translate="yes">
			<val>Slå visning af tilpasset indhold fra i prøveversionen. Der bliver ikke vist noget tilpasset indhold, næste gang du starter prøveversionen.</val>
		</str>
		<str name="privacyPortalLink" translate="yes">
			<val>http://www.adobe.com/go/adobe_privacy_portal_dk</val>
		</str>
		<str name="privacyPolicyLink" translate="yes">
			<val>http://www.adobe.com/go/privacy_dk</val>
		</str>		
		
	</set>
	
	<set name="noInternetConnection">
		<str name="title" translate="yes">
			<val>Ingen internetforbindelse</val>
		</str>
		<str name="para1" translate="yes">
			<val>Der kan ikke registreres en internetforbindelse på denne computer.</val>
		</str>
		<str name="para2" translate="yes">
			<val>Aktivering og registrering er påkrævet og skal udføres inden for {0} dage. Hvis computeren har forbindelse til internettet, tager processen kun få minutter.</val>
		</str>
		<str name="para2_day" translate="yes">
			<val>Aktivering og registrering er påkrævet og skal udføres inden for 1 dag. Hvis computeren har forbindelse til internettet, tager processen kun få minutter.</val>
		</str>
		<str name="para2_end" translate="yes">
			<val>Aktivering og registrering er påkrævet og skal udføres. Hvis computeren har forbindelse til internettet, tager processen kun få minutter.</val>
		</str>
		<str name="para2_optional" translate="yes">
			<val>Aktivering er påkrævet og skal udføres inden for {0} dage. Hvis computeren har forbindelse til internettet, tager processen kun få minutter.</val>
		</str>
		<str name="para2_day_optional" translate="yes">
			<val>Aktivering er påkrævet og skal udføres inden for 1 dag. Hvis computeren har forbindelse til internettet, tager processen kun få minutter.</val>
		</str>
		<str name="para2_end_optional" translate="yes">
			<val>Aktivering er påkrævet og skal udføres. Hvis computeren har forbindelse til internettet, tager processen kun få minutter.</val>
		</str>
		<str name="para3" translate="yes">
			<val>Hvis denne computer ikke kan oprette forbindelse til internettet, skal du klikke på Offlineaktivering. Du skal bruge en enhed med internetadgang samt produktets serienummer for at aktivere din software offline.</val>
		</str>
		<str name="para3_optional" translate="yes">
			<val>Hvis denne computer aldrig kan oprette forbindelse til internettet, skal du klikke på Offlineaktivering. Du skal bruge en enhed med internetforbindelse samt produktets serienummer for at udføre offlineaktivering.</val>
		</str>
		<str name="hyperlinkText" translate="yes">
			<val>Denne computer har forbindelse til internettet. Det er ikke muligt at finde årsagen til problemet.</val>
		</str>
		<str name="hyperlinkTooltipText" translate="yes">
			<val>Kontakt administratoren eller Adobe Kundesupport.</val>
		</str>
		<str name="offlineActivate" translate="yes">
			<val>Offlineaktivering</val>
		</str>
		<str name="back" translate="yes">
			<val>Tilbage</val>
		</str>
	</set>
	
	<set name="offlineActivation">
		<str name="title" translate="yes">
			<val>Offlineaktivering</val>
		</str>
		<set name="StepError">
			<str name="requestCodeExpired" translate="yes">
				<val>Anmodningskoden {0} er udløbet. Følg vejledningen herunder for at fuldføre offlineaktiveringen.</val>
			</str>
			<str name="requestCodeGenError" translate="yes">
				<val>Der kan ikke oprettes en anmodningskode. Prøv igen.</val>
			</str>
		</set>
		<str name="para1" translate="yes">
			<val>1. Klik på Opret anmodningskode herunder. Koden er computerspecifik og er gyldig i 72 timer. Hvis du ikke kan fuldføre processen inden for 72 timer, skal du anmode om en ny kode.</val>
		</str>
		<str name="para2" translate="yes">
			<val>2. Brug din enhed med internetforbindelse til at gå til Adobe.com/go/getactivated_dk.</val>
		</str>
		<str name="para3" translate="yes">
			<val>3. Angiv koden fra trin 1 samt dit serienummer, når du bliver bedt om det på webstedet. Herved oprettes en svarkode.</val>
		</str>
		<str name="para4" translate="yes">
			<val>4. Angiv svarkoden på din offlinecomputer, og klik på Aktiver.</val>
		</str>
		<str name="para5" translate="yes">
			<val>Klik på Tilbage for at aktivere din software online.</val>
		</str>
		<str name="hyperlinkText" translate="yes">
			<val>Jeg vil aktivere hurtigere ved at gå online.</val>
		</str>
		<str name="back" translate="yes">
			<val>Tilbage</val>
		</str>
		<str name="activateLater" translate="yes">
			<val>Aktiver senere</val>
		</str>
		<str name="quit" translate="yes">
			<val>Afslut</val>
		</str>
		<str name="generateRequestCode" translate="yes">
			<val>Opret anmodningskode</val>
		</str>
		<str name="customerSupportLink" translate="yes">
			<val>http://www.adobe.com/go/customer_support_dk</val>
		</str>
	</set>
	
	<set name="offlineActivationCode">
		<str name="title" translate="yes">
			<val>Offlineaktivering</val>
		</str>
		<set name="StepError">
			<str name="invalidResponseCode" translate="yes">
				<val>Den angivne svarkode er ugyldig. Angiv koden igen.</val>
			</str>
			<str name="requestCodeExpired" translate="yes">
				<val>Anmodningskoden {0} er udløbet. Følg vejledningen herunder for at fuldføre offlineaktiveringen.</val>
			</str>
			<str name="verifyError" translate="yes">
				<val>Den angivne svarkode kan ikke bekræftes. Prøv igen.</val>
			</str>
		</set>
		<str name="requestCode" translate="yes">
			<val>Anmodningskode:</val>
		</str>
		<str name="para1" translate="yes">
			<val>Du har {0} til at hente en svarkode fra www.adobe.com/go/getactivated_dk og angive den herunder.</val>
		</str>
		<str name="responseCode" translate="yes">
			<val>Svarkode:</val>
		</str>
		<str name="hyperlinkText" translate="yes">
			<val>Jeg vil aktivere hurtigere ved at gå online.</val>
		</str>
		<str name="back" translate="yes">
			<val>Tilbage</val>
		</str>
		<str name="activateLater" translate="yes">
			<val>Aktiver senere</val>
		</str>
		<str name="quit" translate="yes">
			<val>Afslut</val>
		</str>
		<str name="activate" translate="yes">
			<val>Aktiver</val>
		</str>
		<str name="hour" translate="yes">
			<val>time</val>
		</str>
		<str name="hours" translate="yes">
			<val>timer</val>
		</str>
		<str name="customerSupportLink" translate="yes">
			<val>http://www.adobe.com/go/customer_support_dk</val>
		</str>
	</set>
	
	<set name="offlineActivationComplete">
		<str name="title" translate="yes">
			<val>Offlineaktivering er udført</val>
		</str>
		<str name="message" translate="yes">
			<val>{0} er aktiveret og er klar til brug.</val>
		</str>
		<str name="close" translate="yes">
			<val>Luk</val>
		</str>
		<str name="launch" translate="yes">
			<val>Start</val>
		</str>
	</set>
	
	<set name="unableToActivate">
		<str name="title" translate="yes">
			<val>Aktivering er ikke udført korrekt</val>
		</str>
		<str name="warning" translate="yes">
			<val>{0} kan ikke aktiveres.</val>
		</str>
		<str name="para1" translate="yes">
			<val>Der kræves produktaktivering, for at dette produkt kan bruges.</val>
		</str>
		<str name="para2" translate="yes">
			<val>Du skal have en aktiv internetforbindelse for at kunne aktivere dette produkt. Kontroller dine forbindelsesindstillinger, og vælg Prøv igen.</val>
		</str>
		<str name="tryAgain" translate="yes">
			<val>Prøv igen</val>
		</str>
		<str name="close" translate="yes">
			<val>Luk</val>
		</str>
		<str name="noInternet" translate="yes">
			<val>Har du problemer med at oprette forbindelse til internettet?</val>
		</str>
	</set>
	
	<set name="dspSubscriptionActivated">
		<str name="title" translate="yes">
			<val>Tak!</val>
		</str>
		<str name="message" translate="yes">
			<val>{0} bliver nu givet i licens til {1}. Klik på Fortsæt for at bruge softwaren.</val>
		</str>
		<str name="continue" translate="yes">
			<val>Fortsæt</val>
		</str>
	</set>
	<set name="dspSubscriptionActivatedForTrial">
		<str name="title" translate="yes">
			<val>Tak!</val>
		</str>
		<str name="message" translate="yes">
			<val>Til lykke med dit køb af {0} ved hjælp af dit Adobe-id {1}. Klik på Fortsæt for at bruge den licenserede kopi af softwaren.</val>
		</str>
		<str name="continue" translate="yes">
			<val>Fortsæt</val>
		</str>
	</set>
	
	<set name="dspOverActivation">
		<str name="title" translate="yes">
			<val>Maksimalt antal aktiveringer overskredet</val>
		</str>
		<str name="warning" translate="yes">
			<val>{0} kan ikke aktiveres.</val>
		</str>
		<str name="message" translate="yes">
			<val>Et abonnement på dette produkt under dette Adobe-id er allerede aktivt på de maksimalt to enheder. Vælg Fortsæt for at deaktivere dine øvrige enheder og aktivere dit abonnement på denne enhed, eller vælg Licenser denne software for at logge på med et andet Adobe-id.</val>
		</str>
		<str name="activationPolicy" translate="yes">
			<val>{0}Aktiveringspolitik{1}</val>
		</str>
		<str name="activationPolicyLink" translate="yes">
			<val>http://www.adobe.com/go/activation_dk</val>
		</str>
		<str name="licenseThisSoftware" translate="yes">
			<val>Licenser denne software</val>
		</str>
		<str name="continue" translate="yes">
			<val>Fortsæt</val>
		</str>
	</set>
	<set name="dspSignInFailedOA">
		<str name="title" translate="yes">
			<val>Logon mislykkedes</val>
		</str>
		<str name="warning" translate="yes">
			<val>Det er ikke muligt at logge på denne computer eller enhed.</val>
		</str>
		<str name="message" translate="yes">
			<val>Dette Adobe-id {0} er allerede brugt til at aktivere softwaren på to andre computere eller enheder.</val>
		</str>
		<str name="radioButton1" translate="yes">
			<val>Prøv igen. Jeg har allerede logget af en af dem.</val>
		</str>
		<str name="radioButton2" translate="yes">
			<val>Log mig ud af alle andre computere eller enheder.</val>
		</str>
		<str name="differentAdobeIDLink" translate="yes">
			<val>Har du et andet Adobe-id?</val>
		</str>
		<str name="continue" translate="yes">
			<val>Fortsæt</val>
		</str>
	</set>
	<set name="subscriptionNotFound">
		<str name="title" translate="yes">
			<val>Der blev ikke fundet noget abonnement</val>
		</str>
		<str name="message" translate="yes">
			<val>Vi kunne ikke finde et {0}-abonnement, der er knyttet til dette Adobe-id. Du kan købe et {1}nyt abonnement{2}. Hvis du har et abonnement og ikke kan få adgang til det, skal du kontakte {3}Kundesupport{4}.</val>
		</str>
		<str name="messageTrial" translate="yes">
			<val>Du kan også vælge at starte dette produkt på prøve.</val>
		</str>
		<str name="messageTrialContinue" translate="yes">
			<val>Du kan også vælge at fortsætte med dette produkt på prøve.</val>
		</str>
		<str name="differentAdobeIDLink" translate="yes">
			<val>Har du et andet Adobe-id?</val>
		</str>
		<str name="quit" translate="yes">
			<val>Afslut</val>
		</str>
		<str name="startTrial" translate="yes">
			<val>Start prøveperiode</val>
		</str>
		<str name="continueTrial" translate="yes">
			<val>Fortsæt prøveperiode</val>
		</str>
		<str name="NewSubscriptionLinkForCC" translate="yes">
        	<val>http://www.adobe.com/go/cc_plans_dk</val>
        </str>
        <str name="NewSubscriptionLinkForNonCC" translate="yes">
        	<val>http://www.adobe.com/go/products_dk</val>
        </str>
		<str name="customerSupportLink" translate="yes">
			<val>http://www.adobe.com/go/customer_support_dk</val>
		</str>
	</set>
	
	<set name="dspAdobeIDMismatch">
		<str name="title" translate="yes">
			<val>Prøv igen</val>
		</str>
		<str name="titleReactivationWF" translate="yes">
			<val>Logon mislykkedes</val>
		</str>
		<str name="warning" translate="yes">
			<val>Manglende overensstemmelse mellem Adobe-id'er</val>
		</str>
		<str name="warningReactivationWF" translate="yes">
			<val>Kunne ikke aktivere abonnementet på denne computer eller enhed.</val>
		</str>
		<str name="message" translate="yes">
			<val>Det Adobe-id, du loggede på med, svarer ikke til det Adobe-id, som er knyttet til dette abonnement. Log på med det Adobe-id, der er knyttet til dette abonnement.</val>
		</str>
		<str name="message1ReactivationWF" translate="yes">
			<val>Det Adobe-id, du loggede på med svarer ikke til det Adobe-id, der er knyttet til den nuværende abonnementlicens på denne computer eller enhed.</val>
		</str>
		<str name="message2ReactivationWF" translate="yes">
			<val>Klik på Tilbage og log på med et Adobe-id, der er knyttet til dette abonnement, eller klik på Log på senere og log derefter på med et andet Adobe-id, næste gang du starter softwaren.</val>
		</str>
		<str name="back" translate="yes">
			<val>Tilbage</val>
		</str>
		<str name="quit" translate="yes">
			<val>Afslut</val>
		</str>
		<str name="signInLater" translate="yes">
			<val>Log på senere</val>
		</str>
	</set>
	
	<set name="dspSubscriptionExpired">
		<str name="title" translate="yes">
			<val>Forny dit abonnement</val>
		</str>
		<str name="message" translate="yes">
			<val>Gå til {0}Abonnementsstyring{1}, og angiv et kreditkort for at forny abonnementet på {2} og fortsætte med at bruge produktet uden afbrydelser. Hvis du lige har fornyet abonnementet, skal du vente 15 minutter og prøve igen.</val>
		</str>
		<str name="messageCCMTeamPara1" translate="yes">
			<val>Kontakt administratoren for at forny abonnementet og fortsætte med at bruge produktet.</val>
		</str>
		<str name="messageCCMTeamPara2" translate="yes">
			<val>Hvis du allerede har fornyet abonnementet, skal du vente 15 minutter og prøve igen.</val>
		</str>
		<str name="signedInMessage" translate="yes">
			<val>Du er logget på som Adobe-id: {0}.</val>
		</str>
		<str name="subscriptionManagerLinkForCC" translate="yes">
			<val> http://www.adobe.com/go/cc_manage_act_dk</val>
		</str>
		<str name="subscriptionManagerLinkForNonCC" translate="yes">
			<val>http://www.adobe.com/go/subscriptionedition_dk</val>
		</str>
		<str name="tryAgain" translate="yes">
			<val>Prøv igen</val>
		</str>
		<str name="close" translate="yes">
			<val>Luk</val>
		</str>
		<str name="differentAdobeIDLink" translate="yes">
			<val>Har du et andet Adobe-id?</val>
		</str>
		<str name="OfflineMessage" translate="yes">
			<val>Vi beklager, men vi kan ikke oprette forbindelse til Adobe Server i øjeblikket. Klik {0}her{1} for at udføre fejlfinding for ethvert problem med internetforbindelsen. Hvis problemet fortsætter, skal du kontakte {2}Kundesupport{3}.</val>
		</str>
	</set>
	
	<set name="dspCheckGenericError">
		<str name="title" translate="yes">
			<val>Prøv igen</val>
		</str>
		<str name="warning" translate="yes">
			<val>Dit abonnement på {0} kan ikke startes.</val>
		</str>
		<str name="message" translate="yes">
			<val>Vent et øjeblik, og prøv igen.</val>
		</str>
		<str name="tryAgain" translate="yes">
			<val>Prøv igen</val>
		</str>
		<str name="quit" translate="yes">
			<val>Afslut</val>
		</str>
	</set>
	
	<set name="dspSubscriptionVerified">
		<str name="title" translate="yes">
			<val>Tak!</val>
		</str>
		<str name="message" translate="yes">
			<val>Dit abonnement på {0} er nu aktivt. Klik på Fortsæt for at bruge produktet.</val>
		</str>
		<str name="continue" translate="yes">
			<val>Fortsæt</val>
		</str>
	</set>
	
	<set name="dspSubscriptionReactivation">
		<str name="title" translate="yes">
			<val>Du skal logge på</val>
		</str>
		<str name="message" translate="yes">
			<val>Du er logget af denne computer eller enhed. Klik på Log på nu for at aktivere din licens på denne enhed, eller klik på Fortsæt for at logge på ved næste start.</val>
		</str>
		<str name="signInNow" translate="yes">
			<val>Log på nu</val>
		</str>
		<str name="continue" translate="yes">
			<val>Fortsæt</val>
		</str>
	</set>
	
	<set name="dspReminder">
		<set name="ccInfoReminder">
			<str name="title" translate="yes">
				<val>Påmindelse om abonnement</val>
			</str>
			<str name="message" translate="yes">
				<val>Dit abonnement udløber snart.</val>
			</str>
			<str name="info" translate="yes">
				<val>Vores fortegnelser angiver, at der ikke er knyttet en betalingsmetode til denne abonnementskonto. Gå til {0}Abonnementsstyring{1}, og angiv de nødvendige betalingsoplysninger for {2}, så du kan fortsætte med at bruge dit produkt uden afbrydelser.</val>
			</str>
			<str name="infoCCMTeam" translate="yes">
				<val>Kontakt administratoren for at sikre, at du fortsat har adgang til produktet.</val>
			</str>
		</set>
		
		<set name="graceReminder">
			<str name="title" translate="yes">
				<val>Abonnementet er udløbet</val>
			</str>
			<str name="message" translate="yes">
				<val>Dit abonnement på {0} er udløbet.</val>
			</str>
			<str name="info" translate="yes">
				<val>Gå til {0}Abonnementsstyring{1}, og angiv et kreditkort for at forny abonnementet på {2} og fortsætte med at bruge produktet uden afbrydelser. Du har en kort prøveperiode, hvor du kan forny abonnementet. Når den er udløbet, vil du ikke længere have adgang til produktet.</val>
			</str>
			<str name="infoCCMTeam" translate="yes">
				<val>Kontakt administratoren for at forny abonnementet, så du kan fortsætte med at bruge produktet uden afbrydelser. Du har en kort frist til at forny abonnementet. Når den er udløbet, vil du ikke længere have adgang til produktet.</val>
			</str>
		</set>
		<set name="monthlyGraceReminderOffline">
			<str name="title" translate="yes">
				<val>Vi beklager - vi kan ikke oprette forbindelse til Adobe Server i øjeblikket</val>
			</str>
			<str name="message" translate="yes">
				<val>Dette er blot en påmindelse om, at vi er nødt til at kontrollere, om dit medlemskab er gyldigt. Du kan stadig få adgang til {0} offline indtil {1}, men hvis vi ikke kan oprette forbindelse til Adobe Server inden da, ophører dit produkt med at fungere.</val>
			</str>
			<str name="info" translate="yes">
				<val>Klik {0}her{1} for at udføre fejlfinding for ethvert problem med internetforbindelsen.</val>
			</str>
		</set>
		<set name="dailyGraceReminderOffline">
			<str name="title" translate="yes">
				<val>Vi beklager - vi kan ikke oprette forbindelse til Adobe Server i øjeblikket</val>
			</str>
			<str name="message" translate="yes">
				<val>Dette er blot en påmindelse om, at vi er nødt til at kontrollere, om dit medlemskab er gyldigt. Du kan stadig få adgang til {0} offline, men hvis du ikke opretter forbindelse til Adobe Server inden for den viste frist, ophører dit produkt med at fungere.</val>
			</str>
			<str name="info" translate="yes">
				<val>Klik {0}her{1} for at udføre fejlfinding for problemer med internetforbindelsen.</val>
			</str>
		</set>
		<set name="billingFailureReminder">
			<str name="title" translate="yes">
				<val>Kontroller dine faktureringsoplysninger</val>
			</str>
			<str name="message" translate="yes">
				<val>Vi har opdaget et problem med din sidste betaling for {0}. Gå online for at {1}administrere din konto{2}, og kontroller dine faktureringsoplysninger.</val>
			</str>
			<str name="info" translate="yes">
				<val>{0} ophører med at fungere, hvis problemet ikke bliver løst inden for den viste frist.</val>
			</str>
			<str name="messageCCMTeam" translate="yes">
				<val>Vi har opdaget et problem med dit teams seneste betaling for {0}. Kontakt din administrator for at løse problemet, eller, hvis du er den primære administrator, gå online for at {1}administrere din konto{2}. Hvis problemet ikke bliver løst inden for den viste frist, ophører dit produkt med at fungere.</val>
			</str>
			<str name="offlineError" translate="yes">
				<val>Vi beklager, men vi kan ikke oprette forbindelse til Adobe Server i øjeblikket for at kontrollere, om du har løst dit faktureringsproblem. Klik {0}her{1} for at udføre fejlfinding for eventuelle problemer med internetforbindelsen.</val>
			</str>
		</set>
		<set name="billingFailureReminderCCT">
			<str name="title" translate="yes">
				<val>Dit medlemskab udløber snart</val>
			</str>
			<str name="warning" translate="yes">
				<val>Dit Creative Cloud for teams-medlemskab udløber snart.</val>
			</str>
			<str name="message" translate="yes">
				<val>Vi har ikke modtaget betaling for dit Creative Cloud for teams-medlemskab. Kontakt din administrator for at løse problemet, eller, hvis du er den primære administrator, gå online for at {0}administrere din konto{1}. Hvis problemet ikke bliver løst inden for den viste frist, får du ikke længere adgang til dit medlemskab af Creative Cloud for teams.</val>
			</str>
			<str name="offlineError" translate="yes">
				<val>Vi beklager, men vi kan ikke oprette forbindelse til Adobe Server i øjeblikket for at kontrollere, om du har løst dit faktureringsproblem. Klik {0}her{1} for at udføre fejlfinding for eventuelle problemer med internetforbindelsen.</val>
			</str>
		</set>
		<set name="combinedSubIssueReminder">
			<str name="title" translate="yes">
				<val>Vi har problemer med at bekræfte dit medlemskab</val>
			</str>
			<str name="message" translate="yes">
				<val>Du er enten offline, eller der er et faktureringsproblem med din konto. Gå online for at administrere din konto, og kontroller dine faktureringsoplysninger. Hvis du oplever problemer eller har spørgsmål, kan du kontakte {0}Kundesupport{1}.</val>
			</str>
			<str name="messageCCMTeam1" translate="yes">
				<val>Du er enten offline, eller der er et faktureringsproblem med din teamkonto. Kontakt din administrator for at løse faktureringsproblemet.</val>
			</str>
			<str name="messageCCMTeam2" translate="yes">
				<val> Hvis du har yderligere spørgsmål, kan du kontakte {0}Kundesupport{1}.</val>
			</str>
			<str name="offlineError" translate="yes">
				<val>Gå online, så vi kan løse problemet, eller klik på Fortsæt for at blive offline og modtage en påmindelse senere.</val>
			</str>
		</set>
		
		<str name="subscriptionManagerLinkForCC" translate="yes">
			<val>http://www.adobe.com/go/cc_manage_act_dk</val>
		</str>
		<str name="subscriptionManagerLinkForNonCC" translate="yes">
			<val>http://www.adobe.com/go/subscriptionedition_dk</val>
		</str>
		<str name="offline" translate="yes">
			<val>Der kan ikke oprettes forbindelse til Adobe Server. Kontroller forbindelsesindstillingerne, og vælg Prøv igen.</val>
		</str>
		<str name="subscriptionPolicy" translate="yes">
			<val>{0}Abonnementspolitik{1}</val>
		</str>
		<str name="subscriptionPolicyLink" translate="yes">
			<val>http://www.adobe.com/go/subscription_policy_dk</val>
		</str>
		<str name="customerSupportLink" translate="yes">
			<val>http://www.adobe.com/go/customer_support_dk</val>
		</str>
		<str name="offlineTroubleshootLink" translate="yes">
			<val>http://www.adobe.com/go/activation_network_issues_dk</val>
		</str>
		<str name="daysRemaining" translate="yes">
			<val>Dage tilbage</val>
		</str>
		<str name="dayRemaining" translate="yes">
			<val>Dag tilbage</val>
		</str>
		<str name="continue" translate="yes">
			<val>Fortsæt</val>
		</str>
		<str name="tryAgain" translate="yes">
			<val>Prøv igen</val>
		</str>
		<str name="retry" translate="yes">
			<val>Prøv igen</val>
		</str>
		<str name="remindLater" translate="yes">
			<val>Påmind mig senere</val>
		</str>
		<str name="OK" translate="yes">
			<val>OK</val>
		</str>
	</set>
	
	<set name="dspSuspended">
		<set name="activationSuspended">
			<str name="title" translate="yes">
				<val>Aktivering er ikke udført korrekt</val>
			</str>
			<str name="warning" translate="yes">
				<val>{0} kan ikke aktiveres.</val>
			</str>
			<str name="message" translate="yes">
				<val>Datoen på dit system svarer ikke til datoen på vores server. Systemdatoen kan være op til tre dage forud eller bagud i forhold til datoen på Adobe-serveren ({0}).</val>
			</str>
			<str name="info" translate="yes">
				<val>Kontroller datoindstillingerne på computeren, og prøv igen. Kontakt {0}Kundesupport{1}, hvis problemet fortsætter.</val>
			</str>
		</set>
		
		<set name="subscriptionSuspended">
			<str name="title" translate="yes">
				<val>Abonnement - afbrydelse</val>
			</str>
			<str name="warning" translate="yes">
				<val>Abonnementet på {0} er afbrudt.</val>
			</str>
			<str name="message" translate="yes">
				<val>Datoen på dit system svarer ikke til datoen på vores server. Systemdatoen kan være op til tre dage forud eller bagud i forhold til datoen på Adobe-serveren ({0}).</val>
			</str>
			<str name="info" translate="yes">
				<val>Kontroller datoindstillingerne på computeren, og prøv igen. Kontakt {0}Kundesupport{1}, hvis problemet fortsætter.</val>
			</str>
		</set>
		
		<set name="subscriptionWindback">
			<str name="title" translate="yes">
				<val>Abonnement - afbrydelse</val>
			</str>
			<str name="warning" translate="yes">
				<val>Abonnementet på {0} er afbrudt.</val>
			</str>
			<str name="message" translate="yes">
				<val>Systemdato og -klokkeslæt er angivet forkert. Angiv systemuret til det aktuelle tidspunkt, og vælg Prøv igen. Kontakt {0}Kundesupport{1}, hvis problemet fortsætter.</val>
			</str>
		</set>
		
		<str name="customerSupportLink" translate="yes">
			<val>http://www.adobe.com/go/customer_support_dk</val>
		</str>
		<str name="activationPolicy" translate="yes">
			<val>{0}Vis aktiveringspolitik{1}</val>
		</str>
		<str name="activationPolicyLink" translate="yes">
			<val>http://www.adobe.com/go/activation_dk</val>
		</str>
		<str name="subscriptionPolicy" translate="yes">
			<val>{0}Abonnementspolitik{1}</val>
		</str>
		<str name="subscriptionPolicyLink" translate="yes">
			<val>http://www.adobe.com/go/subscription_policy_dk</val>
		</str>
		<str name="quit" translate="yes">
			<val>Afslut</val>
		</str>
		<str name="tryAgain" translate="yes">
			<val>Prøv igen</val>
		</str>
	</set>
	
	<set name="dateTimeFormats">
		<str name="dateFormat_Long" translate="yes">
			<val>{1}. {0} {2}</val>
		</str>
	</set>

	<set name="monthsFull">
		<str name="1" translate="yes">
			<val>januar</val>
		</str>
		<str name="2" translate="yes">
			<val>oktober</val>
		</str>
		<str name="3" translate="yes">
			<val>november</val>
		</str>
		<str name="4" translate="yes">
			<val>december</val>
		</str>
		<str name="5" translate="yes">
			<val>februar</val>
		</str>
		<str name="6" translate="yes">
			<val>marts</val>
		</str>
		<str name="7" translate="yes">
			<val>april</val>
		</str>
		<str name="8" translate="yes">
			<val>maj</val>
		</str>
		<str name="9" translate="yes">
			<val>juni</val>
		</str>
		<str name="10" translate="yes">
			<val>juli</val>
		</str>
		<str name="11" translate="yes">
			<val>august</val>
		</str>
		<str name="12" translate="yes">
			<val>september</val>
		</str>
	</set>
	
	<set name="dsp_IMSBusyScrim">
		<str name="WaitAMoment" translate="yes">
			<val>Vent et øjeblik...</val>
		</str>
	</set>
	
	<set name="dspSubscriptionRevoked">
		<str name="title" translate="yes">
			<val>Licensen er suspenderet</val>
		</str>
		<str name="warning" translate="yes">
			<val>Licensen til {0} er suspenderet.</val>
		</str>
		<str name="message" translate="yes">
			<val>Licensoplysningerne for {0} er ikke længere gyldige eller er blevet trukket tilbage. Kontakt venligst {1}Kundesupport{2}.</val>
		</str>
		<str name="subscriptionPolicy" translate="yes">
			<val>{0}Abonnementspolitik{1}{2}{3}Softwarelicensaftale{4}</val>
		</str>
		<str name="subscriptionPolicyLink" translate="yes">
			<val>http://www.adobe.com/go/subscription_policy_dk</val>
		</str>
		<str name="eula_Link" translate="yes">
			<val>http://www.adobe.com/go/eulas_dk</val>
		</str>
		<str name="customerSupportLink" translate="yes">
			<val>http://www.adobe.com/go/customer_support_dk</val>
		</str>
		<str name="quit" translate="yes">
			<val>Afslut</val>
		</str>
	</set>
	<set name="deviceBasedActivation">
		<set name="dbaLicenseExpiry">
			<str name="title" translate="yes">
				<val>Licensen er udløbet</val>
			</str>
			<str name="message" translate="yes">
				<val>{0} har kørt med en prøvelicens på denne enhed, der hører til {1}. Kontakt din administrator for at forny licensen, så du kan fortsætte med at bruge produktet uden afbrydelser.</val>
			</str>
			<str name="info" translate="yes">
				<val>Hvis du allerede har fornyet licensen, bedes du vente 15 minutter og prøve igen.</val>
			</str>
			<str name="tryAgain" translate="yes">
				<val>Prøv igen</val>
			</str>
			<str name="close" translate="yes">
				<val>Luk</val>
			</str>
		</set>
	
		<set name="dbaLicenseRenewal">
			<str name="title" translate="yes">
				<val>Forny licensen</val>
			</str>
			<str name="message" translate="yes">
				<val>Kontakt din administrator for at forny licensen til {0} på denne enhed, der hører til anvendelsesgruppe {1}, så du kan fortsætte med at bruge produktet uden afbrydelser.</val>
			</str>
			<str name="info" translate="yes">
				<val>Hvis du allerede har fornyet licensen, bedes du vente 15 minutter og prøve igen.</val>
			</str>
			<str name="tryAgain" translate="yes">
				<val>Prøv igen</val>
			</str>
			<str name="quit" translate="yes">
				<val>Afslut</val>
			</str>
		</set>
		<set name="dbaClockWindback">
			<str name="title" translate="yes">
				<val>Licensen er suspenderet</val>
			</str>
			<str name="message" translate="yes">
				<val>Systemdato og -klokkeslæt er angivet forkert på denne enhed. Indstil systemuret til det aktuelle tidspunkt, og vælg Prøv igen. Kontakt din administrator, hvis problemet fortsætter.</val>
			</str>
			<str name="warning" translate="yes">
				<val>Licensen til {0} er suspenderet.</val>
			</str>
			<str name="tryAgain" translate="yes">
				<val>Prøv igen</val>
			</str>
			<str name="close" translate="yes">
				<val>Luk</val>
			</str>
		</set>
		<set name="dbaClockMismatch">
			<str name="title" translate="yes">
				<val>Licensen er suspenderet</val>
			</str>
			<str name="message" translate="yes">
				<val>Datoen på denne enhed svarer ikke til datoen på vores server. Datoen på denne enhed kan være op til tre dage forud eller bagud i forhold til datoen på Adobe-serveren ({0}). </val>
			</str>
			<str name="warning" translate="yes">
				<val>Licensen til {0} er suspenderet.</val>
			</str>
			<str name="info" translate="yes">
				<val>Kontrollér datoindstillingerne på denne enhed, og vælg Prøv igen. Kontakt din administrator, hvis problemet fortsætter.</val>
			</str>
			<str name="tryAgain" translate="yes">
				<val>Prøv igen</val>
			</str>
			<str name="quit" translate="yes">
				<val>Afslut</val>
			</str>
		</set>
		<set name="dbaLicenseDenied">
			<str name="title" translate="yes">
				<val>Licensen er afvist</val>
			</str>
			<str name="stepError" translate="yes">
				<val>Licensen til {0} på denne enhed er afvist.</val>
			</str>
			<str name="msgError" translate="yes">
				<val>Kontakt din administrator for at genserialisere denne enhed og føje den til gruppen {0} igen. Hvis administrator allerede har gennemført dette trin, bedes du vente 15 minutter og prøve igen.</val>
			</str>
			<str name="msgErrorPoolRemoved" translate="yes">
				<val>Kontakt din administrator for at genserialisere denne enhed. Hvis administrator allerede har gennemført dette trin, bedes du vente 15 minutter og prøve igen.</val>
			</str>
			<str name="tryAgain" translate="yes">
				<val>Prøv igen</val>
			</str>
			<str name="close" translate="yes">
				<val>Luk</val>
			</str>
		</set>
		<set name="dbaActivationFailure">
			<str name="title" translate="yes">
				<val>Aktivering mislykkedes</val>
			</str>
			<str name="stepError" translate="yes">
				<val>{0} kan ikke aktiveres.</val>
			</str>
			<str name="errorCode" translate="yes">
				<val>(Fejlkode: {0})</val>
			</str>
			<str name="msgError" translate="yes">
				<val>Der kræves produktaktivering for at bruge {0} på denne enhed, der hører til {1}. Du skal have en aktiv internetforbindelse for at kunne aktivere dette produkt. Kontrollér dine forbindelsesindstillinger, og prøv igen.</val>
			</str>
			<str name="info" translate="yes">
				<val>Hvis problemet fortsætter, skal du kontakte din administrator.</val>
			</str>
			<str name="offlineError" translate="yes">
				<val>Vi beklager, men vi kan ikke oprette forbindelse til Adobe Server i øjeblikket. Klik {0}her{1} for at udføre fejlfinding for eventuelle problemer med internetforbindelsen.</val>
			</str>
			<str name="clockMismatchError" translate="yes">
				<val>Kontrollér datoindstillingerne på denne enhed, og vælg Prøv igen.</val>
			</str>
			<str name="tryAgain" translate="yes">
				<val>Prøv igen</val>
			</str>
			<str name="close" translate="yes">
				<val>Luk</val>
			</str>
		</set>
		<set name="dbaMonthlyGraceReminderOffline">
			<str name="title" translate="yes">
				<val>Vi beklager - vi kan ikke oprette forbindelse til Adobe Server i øjeblikket</val>
			</str>
			<str name="message" translate="yes">
				<val>Dette er blot en påmindelse om, at vi er nødt til at kontrollere, om din licens på denne enhed, der hører til {0}, er gyldig. Du kan stadig få adgang til {1} offline indtil {2}, men hvis vi ikke kan oprette forbindelse til internettet inden da, ophører produktet med at fungere.</val>
			</str>
			<str name="info" translate="yes">
				<val>Klik {0}her{1} for at udføre fejlfinding for problemer med internetforbindelsen.</val>
			</str>
			<str name="remindLater" translate="yes">
				<val>Påmind mig senere</val>
			</str>
			<str name="retry" translate="yes">
				<val>Prøv igen</val>
			</str>
		</set>
		<set name="dbaDailyGraceReminderOffline">
			<str name="title" translate="yes">
				<val>Vi beklager - vi kan ikke oprette forbindelse til Adobe Server i øjeblikket</val>
			</str>
			<str name="message" translate="yes">
				<val>Dette er blot en påmindelse om, at vi er nødt til at kontrollere, om din licens på denne enhed, der hører til {0}, er gyldig. Du kan stadig få adgang til {1} offline, men hvis du ikke opretter forbindelse til Adobe Server inden for den viste frist, ophører dit produkt med at fungere.</val>
			</str>
			<str name="info" translate="yes">
				<val>Klik {0}her{1} for at udføre fejlfinding for problemer med internetforbindelsen.</val>
			</str>
			<str name="ok" translate="yes">
				<val>OK</val>
			</str>
			<str name="retry" translate="yes">
				<val>Prøv igen</val>
			</str>
		</set>
		<set name="dbaBonusLaunch">
			<str name="title" translate="yes">
				<val>Seneste start</val>
			</str>
			<str name="message" translate="yes">
				<val>{0} har kørt med en prøvelicens på denne enhed, der hører til {1}. Du kan bruge produktet en sidste gang. Kontakt din administrator for at fortsætte med at bruge produktet.</val>
			</str>
			<str name="ok" translate="yes">
				<val>OK</val>
			</str>
		</set>
		<set name="errorScenarios">
			<str name="licenseDeniedError" translate="yes">
				<val>Der er ikke knyttet nogen licens til denne enhed.</val>
			</str>
			<str name="clockWindbackError" translate="yes">
				<val>Kontrollér datoindstillingerne på enheden, og vælg Prøv igen. Kontakt din administrator, hvis problemet fortsætter.</val>
			</str>
			<str name="offlineError" translate="yes">
				<val>Vi beklager, men vi kan ikke oprette forbindelse til Adobe Server i øjeblikket. Klik {0}her{1} for at udføre fejlfinding for problemer med internetforbindelsen. Hvis problemet fortsætter, skal du kontakte din administrator.</val>
			</str>
			<str name="checkCallErrorGeneric" translate="yes">
				<val>Der opstod en fejl under hentning af licensoplysninger. Prøv igen senere.</val>
			</str>
		</set>
		<str name="quit" translate="yes">
			<val>Afslut</val>
		</str>
		<str name="daysRemaining" translate="yes">
			<val>Dage tilbage</val>
		</str>
		<str name="dayRemaining" translate="yes">
			<val>Dag tilbage</val>
		</str>
		<str name="offlineTroubleshootLink" translate="yes">
			<val>http://www.adobe.com/go/activation_network_issues_dk</val>
		</str>
	</set>
	<set name="isoToLanguage">
		<str name="ar_AE" translate="no"><val>العربية</val></str>
		<str name="en_GB" translate="no"><val>English (International)</val></str> 
		<str name="en_INT" translate="no"><val>English (International)</val></str> 
		<str name="fr_CA" translate="no"><val>Français (Canada)</val></str>
		<str name="es_QM" translate="no"><val>Español (Middle East)</val></str>
		<str name="es_LA" translate="no"><val>Español de América Latina</val></str>
		<str name="es_NA" translate="no"><val>Español Norteamericano</val></str>
		<str name="bg_BG" translate="no"><val>Български</val></str>
		<str name="lv_LV" translate="no"><val>Latviešu</val></str>
		<str name="et_EE" translate="no"><val>Eesti</val></str>
		<str name="hr_HR" translate="no"><val>hrvatski</val></str>
		<str name="sl_SI" translate="no"><val>slovenščina</val></str>
		<str name="sk_SK" translate="no"><val>slovenčina</val></str>
		<str name="th_TH" translate="no"><val>ภาษาไทย</val></str> 
		<str name="vi_VN" translate="no"><val>Việt</val></str>
		<str name="en_XC" translate="no"><val>English (Central Europe)</val></str> 
		<str name="en_XM" translate="no"><val>English (Middle East)</val></str>
		<str name="fr_XM" translate="no"><val>Français (Moyen-Orient)</val></str>
		<str name="sq_AL" translate="no"><val>Shqip</val></str> 
		<str name="ar_SA" translate="no"><val>العربية</val></str>
		<str name="be_BY" translate="no"><val>Беларуская</val></str> 
		<str name="ca_ES" translate="no"><val>Català</val></str> 
		<str name="hi_IN" translate="no"><val>हिन्दी</val></str>
		<str name="is_IS" translate="no"><val>Íslenska</val></str> 
		<str name="lt_LT" translate="no"><val>Lietuvių</val></str>
		<str name="mk_MK" translate="no"><val>македонски</val></str>
		<str name="nn_NO" translate="no"><val>Norsk (Nynorsk)</val></str>
		<str name="pt_PT" translate="no"><val>Português de Portugal</val></str> 
		<str name="sh_YU" translate="no"><val>Srpsko-Hrvatski</val></str> 
		<str name="sr_YU" translate="no"><val>Cрпски</val></str> 
		<str name="kk_KZ" translate="no"><val>Қазақ</val></str>
		<str name="az_AZ" translate="no"><val>Azərbaycan dili</val></str> 
		<str name="es_MX" translate="no"><val>Español (América Latina)</val></str>
		<str name="no_NO" translate="no"><val>Norwegian</val></str> 
		<str name="cs_CZ" translate="no"><val>česky</val></str>
		<str name="de_DE" translate="no"><val>Deutsch</val></str>
		<str name="el_GR" translate="no"><val>Ελληνικά</val></str>
		<str name="en_US" translate="no"><val>English (North America)</val></str> 
		<str name="es_ES" translate="no"><val>Español</val></str> 
		<str name="fr_FR" translate="no"><val>Français</val></str>
		<str name="he_IL" translate="no"><val>עברית</val></str> 
		<str name="hu_HU" translate="no"><val>magyar</val></str>
		<str name="it_IT" translate="no"><val>Italiano</val></str>
		<str name="ja_JP" translate="no"><val>日本語</val></str>
		<str name="ko_KR" translate="no"><val>한국어</val></str>
		<str name="nl_NL" translate="no"><val>Nederlands</val></str>
		<str name="pl_PL" translate="no"><val>polski</val></str>
		<str name="ro_RO" translate="no"><val>Română</val></str>
		<str name="ru_RU" translate="no"><val>русский</val></str>
		<str name="sv_SE" translate="no"><val>Svenska</val></str>
		<str name="tr_TR" translate="no"><val>Türkçe</val></str>
		<str name="uk_UA" translate="no"><val>українська</val></str>
		<str name="zh_CN" translate="no"><val>简体中文</val></str>
		<str name="zh_TW" translate="no"><val>繁體中文</val></str>
		<str name="da_DK" translate="no"><val>Dansk</val></str>
		<str name="fi_FI" translate="no"><val>suomi</val></str>
		<str name="nb_NO" translate="no"><val>Norsk (Bokmål)</val></str> 
		<str name="pt_BR" translate="no"><val>Português do Brasil</val></str>
		<str name="en_AE" translate="no"><val>English يدعم العربية</val></str> 
		<str name="en_IL" translate="no"><val>English תומך עברית</val></str> 
		<str name="fr_MA" translate="no"><val>Français (Maroc)</val></str>
	</set>
		
</asf>
