<?xml version='1.0' encoding='utf-8'?>
<!DOCTYPE asf SYSTEM "http://ns.adobe.com/asf/asf_1_0.dtd" >
<asf xmlns="http://ns.adobe.com/asf" locale="zh_TW" version="1.0">
	<set name="ButtonLabel">
		<str name="Quit" translate="yes">
			<val>結束</val>
		</str>
		<str name="Yes" translate="yes">
			<val>是</val>
		</str>
		<str name="Cancel" translate="yes">
			<val>取消</val>
		</str>
		<str name="Browse" translate="yes">
			<val>瀏覽</val>
		</str>
		<str name="Retry" translate="yes">
			<val>重試</val>
		</str>
		<str name="Pause" translate="yes">
			<val>暫停</val>
		</str>
		<str name="Resume" translate="yes">
			<val>恢復</val>
		</str>
		<str name="No" translate="yes">
			<val>否</val>
		</str>
		<str name="save" translate="yes">
			<val>儲存</val>
		</str>
		<str name="decline" translate="yes">
			<val>拒絕</val>
		</str>
		<str name="accept" translate="yes">
			<val>接受</val>
		</str>
		<str name="cancelInstall" translate="yes">
			<val>取消安裝</val>
		</str>
		<str name="continue" translate="yes">
			<val>繼續</val>
		</str>
	</set>
	<set name="downloadScreen">
		<str name="title" translate="yes">
			<val>下載</val>
		</str>
	</set>
	<set name="Updates">
		<str name="regularUp" translate="yes">
			<val>定期更新</val>
		</str>
		<str name="regularUpWithReboot" translate="yes">
			<val>例常更新 (需要重新啟動)。</val>
		</str>
		<str name="Update" translate="yes">
			<val>更新</val>
		</str>
		<str name="UpToDate" translate="yes">
			<val>最新版本</val>
		</str>
		<str name="newFeatures" translate="yes">
			<val>新功能！</val>
		</str>
		<str name="newFeaturesWtihReboot" translate="yes">
			<val>新功能。</val>
		</str>
		<str name="RestartReq" translate="yes">
			<val>(需要重新啟動)</val>
		</str>
		<str name="securityUp" translate="yes">
			<val>安全性更新。</val>
		</str>
		<str name="securityUpWithReboot" translate="yes">
			<val>安全性更新 (需要重新啟動)。</val>
		</str>
		<str name="Updates" translate="yes">
			<val>更新</val>
		</str>
		<str name="UpdatesCount" translate="yes">
			<val>更新 ({0})</val>
		</str>
		<str name="Updating" translate="yes">
			<val>正在更新...</val>
		</str>
		<str name="UpdateFail" translate="yes">
			<val>更新失敗</val>
		</str>
		<str name="Updated" translate="yes">
			<val>已更新</val>
		</str>
		<str name="UpdateAll" translate="yes">
			<val>全部更新</val>
		</str>
		<str name="finishingUp" translate="yes">
			<val>正在完成...</val>
		</str>
		<str name="UpdateWait" translate="yes">
			<val>正在等候更新</val>
		</str>
		<str name="NoNewUpdate" translate="yes">
			<val>太棒了！沒有新的更新。</val>
		</str>
		<str name="UpdatingAll" translate="yes">
			<val>正在更新所有應用程式...</val>
		</str>
		<str name="CancellingUpdate" translate="yes">
			<val>正在取消更新...</val>
		</str>
		<str name="CancelUpdate" translate="yes">
			<val>取消更新</val>
		</str>
	</set>
	<set name="EulaScreen">
		<str name="title" translate="yes">
			<val>Adobe 軟體使用者合約</val>
		</str>
	</set>
	<set name="NavigationPanel">
		<str name="preferences" translate="yes">
			<val>我的偏好設定</val>
		</str>
		<str name="OnlyPreferences" translate="yes">
			<val>偏好設定</val>
		</str>
		<str name="help" translate="yes">
			<val>說明</val>
		</str>
		<str name="signOut" translate="yes">
			<val>登出</val>
		</str>
		<str name="allApps" translate="yes">
			<val>全部</val>
		</str>
		<str name="allAppsCount" translate="yes">
			<val>全部 ({0})</val>
		</str>
		<str name="newApps" translate="yes">
			<val>新的應用程式 ({0})</val>
		</str>
	</set>

	<set name="PreferenceScreen">
		<str name="title" translate="yes">
			<val>偏好設定</val>
		</str>
		<str name="installOptions" translate="yes">
			<val>安裝選項</val>
		</str>
		<str name="language" translate="yes">
			<val>語言:</val>
		</str>
		<str name="installLocation" translate="yes">
			<val>安裝位置:</val>
		</str>
		<str name="useDefaultInstallLocation" translate="yes">
			<val>使用預設位置...</val>
		</str>
		<str name="usingDefaultInstallLocation" translate="yes">
			<val>預設位置...</val>
		</str>
		<str name="defaultOptions" translate="yes">
			<val>永遠使用預設安裝選項。</val>
		</str>
		<str name="reportsTitle" translate="yes">
			<val>報告</val>
		</str>
		<str name="analyticsReport" translate="yes">
			<val>傳送安裝狀態報告，協助 Adobe 改善下載與安裝經驗。</val>
		</str>
	</set>
	<set name="PreferencePathError">
			<str name="LongPath" translate="yes">
				<val>選擇的安裝路徑太長。</val>
			</str>
			<str name="RootDrive" translate="yes">
				<val>不支援安裝至根磁碟機位置。</val>
			</str>
			<str name="RemovableDrive" translate="yes">
				<val>不支援安裝至可移除的快閃磁碟機。</val>
			</str>
			<str name="MappedDrive" translate="yes">
				<val>不支援安裝至連線的網路磁碟機。</val>
			</str>
			<str name="CaseSensitive" translate="yes">
				<val>不支援安裝至區分大小寫的磁碟區。</val>
			</str>
			<str name="LockedPath" translate="yes">
				<val>不支援安裝至遭到鎖定的位置。</val>
			</str>
			<str name="Generic" translate="yes">
				<val>無法安裝至選擇的位置。</val>
			</str>
		</set>
	<set name="networkErrors">
		<str name="networkDisconnect" translate="yes">
			<val>請連線至網際網路，然後再試一次。</val>
		</str>
	</set>
	<set name="fileSystemError">
		<str name="fileWriteError" translate="yes">
			<val>無法寫入 {0}。請選取其他資料夾進行。</val>
		</str>
		<str name="writePermissionError" translate="yes">
			<val>您沒有寫入 {0} 的權限。請提供此資料夾的寫入權限，然後再試一次。</val>
		</str>
	</set>
	<set name="Progress">
		<str name="extractionProgress" translate="yes">
			<val>正在解壓縮...</val>
		</str>
		<str name="extractionWait" translate="yes">
			<val>正在等待解壓縮...</val>
		</str>
		<str name="downloading" translate="yes">
			<val>正在下載...</val>
		</str>
		<str name="percentComplete" translate="yes">
			<val>{0}% 已完成</val>
		</str>
		<str name="percentDownloaded" translate="yes">
			<val>{0}% 已下載</val>
		</str>
		<str name="percentInstalled" translate="yes">
			<val>{0}% 已安裝</val>
		</str>
		<str name="percentMbOfMb" translate="yes">
			<val>{0} MB / {1} MB 正在下載</val>
		</str>
		<str name="percentMbOfGb" translate="yes">
			<val>{0} MB / {1} GB 正在下載</val>
		</str>
		<str name="percentGbOfGb" translate="yes">
			<val>{0} GB / {1} GB 正在下載</val>
		</str>
		<str name="minutesRemaining" translate="yes">
			<val>大約還剩 {0} 分鐘</val>
		</str>
		<str name="minuteRemaining" translate="yes">
			<val>大約還剩 {0} 分鐘</val>
		</str>
		<str name="lessThanMinute" translate="yes">
			<val>不到一分鐘</val>
		</str>
		<str name="calculatingTime" translate="yes">
			<val>正在計算剩餘時間</val>
		</str>
		<str name="downloadWait" translate="yes">
			<val>正在等待下載...</val>
		</str>
		<str name="downloadCancel" translate="yes">
			<val>正在取消下載...</val>
		</str>
		<str name="install" translate="yes">
			<val>安裝</val>
		</str>
		<str name="try" translate="yes">
			<val>試用</val>
		</str>
		<str name="installing" translate="yes">
			<val>正在安裝...</val>
		</str>
		<str name="installWait" translate="yes">
			<val>正在等待安裝...</val>
		</str>
		<str name="installCancel" translate="yes">
			<val>正在取消安裝...</val>
		</str>
		<str name="installComplete" translate="yes">
			<val>安裝完成</val>
		</str>
		<str name="closing" translate="yes">
			<val>正在關閉...</val>
		</str>
		<str name="alreadyInstalled" translate="yes">
			<val>已安裝</val>
		</str>
		<str name="trialDaysRemaining" translate="yes">
			<val>正在使用試用版，尚餘 {0} 天</val>
		</str>
		<str name="trialDayRemaining" translate="yes">
			<val>正在使用試用版，尚餘 {0} 天</val>
		</str>
		<str name="appLaunch" translate="yes">
			<val>啟動</val>
		</str>
	</set>

	<set name="UpdateErrors">
		<str name="fileWriteError" translate="yes">
			<val>無法寫入檔案/資料夾。您可以立刻退出，停用防毒系統後重試，或聯絡{0}客戶支援{1}。</val>
		</str>
		<str name="genericInstallFailure" translate="yes">
			<val>安裝本更新時發生錯誤。請稍後再試一次，或聯絡{0}客戶支援{1}。</val>
		</str>
		<str name="updaterNotRunning" translate="yes">
			<val>糟糕！修補安裝程式似乎沒有執行。您可以立刻退出，稍後再次嘗試更新。</val>
		</str>
		<str name="updateNotApplicable" translate="yes">
			<val>本更新不適用於本產品的測試/Beta 版。</val>
		</str>
		<str name="unableToApplySassafras" translate="yes">
			<val>無法更新輸入的產品。請聯絡您的 Sassafras 系統管理員以取得進一步的資訊。</val>
		</str>
		<str name="conflictingProcessErrTitle" translate="yes">
			<val>{0} 更新</val>
		</str>
		<str name="patchModeSyncErrorTitle" translate="yes">
			<val>發生問題!</val>
		</str>
		<str name="appMovedErrTitle" translate="yes">
			<val>找不到應用程式。如果應用程式移至垃圾桶/移動到不同磁碟機，請進行復原，否則請進行重新安裝。</val>
		</str>
		<str name="adminPriviledgeUpdateErr" translate="yes">
			<val>您必須具有系統管理員權限才能更新。請重試，或取消並在稍後進行更新。</val>
		</str>
		<str name="aamuAlreadyRunningErr" translate="yes">
			<val>Adobe Application Manager 已經在執行；套用更新前請關閉其他實體，或請聯絡{0}客戶支援{1}。</val>
		</str>
	</set>

	<set name="DownloadErrors">
		<str name="retryingTitle" translate="yes">
			<val>正在重試...</val>
		</str>
		<str name="commonDownloadErrTitle" translate="yes">
			<val>下載錯誤</val>
		</str>
		<str name="commonDownloadErr" translate="yes">
			<val>下載錯誤。請按「重試」再試一次，或聯絡{0}客戶支援{1}。</val>
		</str>
		<str name="fatalDownloadErr" translate="yes">
			<val>下載錯誤。請聯絡{0}客戶支援{1}。</val>
		</str>
		<str name="genericWriteErr" translate="yes">
			<val>存取硬碟時發生錯誤。請按「重試」再試一次，或聯絡{0}客戶支援{1}。</val>
		</str>
		<str name="diskSpaceError" translate="yes">
			<val>磁碟空間不足。請清除 {0} 上的空間，然後再試一次。</val>
		</str>
		<str name="writeError" translate="yes">
			<val>寫入暫存檔案位置時發生錯誤。如果這個問題仍然持續存在，請聯絡{0}客戶支援{1}。</val>
		</str>
		<str name="InvalidFile" translate="yes">
			<val>下載似乎已損毀。請按「取消」，稍候幾分鐘，然後再試一次。</val>
		</str>
		<str name="networkUnavailable" translate="yes">
			<val>無法連至 Adobe 伺服器。請確認網際網路連線、防火牆設定，然後再試一次。</val>
		</str>
		<str name="networkUnavailableRetry" translate="yes">
			<val>伺服器沒有回應。請檢查您的網際網路與防火牆設定，然後按「重試」再試一次。</val>
		</str>
		<str name="maxPathErr" translate="yes">
			<val>下載路徑太長。請聯絡{0}客戶支援{1}。</val>
		</str>
		<str name="pathUnavailable" translate="yes">
			<val>下載路徑無法使用，請再試一次。如果這個問題仍然持續存在，請聯絡{0}客戶支援{1}。</val>
		</str>
		<str name="pathUnavailableFatal" translate="yes">
			<val>下載路徑無法使用。請結束並稍後再試一次。如果這個問題仍然持續存在，請聯絡{0}客戶支援{1}。</val>
		</str>
	</set>

	<set name="PreferenceErrors">
		<str name="maxPathErr" translate="yes">
			<val>安裝路徑太長。請在您的偏好設定中選取其他安裝位置，然後再試一次。</val>
		</str>
		<str name="rootPathErr" translate="yes">
			<val>無法安裝至根路徑。</val>
		</str>
		<str name="flashPathErr" translate="yes">
			<val>無法安裝至可移除的磁碟機。</val>
		</str>
		<str name="networkPathErr" translate="yes">
			<val>無法安裝至網路磁碟機。</val>
		</str>
		<str name="caseSensitivePathErr" translate="yes">
			<val>無法安裝至區分大小寫的磁碟機。</val>
		</str>
		<str name="GenericErr" translate="yes">
			<val>安裝路徑錯誤。請在您的偏好設定中選取其他安裝位置，然後再試一次。</val>
		</str>
	</set>
	
	<set name="InstallErrors">
		<str name="installFailed" translate="yes">
			<val>安裝失敗</val>
		</str>
		<str name="InitializeFailed" translate="yes">
			<val>無法安裝產品。請按「重試」再下載一次。</val>
		</str>
		<str name="conflictErr" translate="yes">
			<val>這部電腦上已存在與 {0} 衝突的版本或預先發佈版本。請結束並解除安裝舊版本，才能繼續進行安裝。</val>
		</str>
		<str name="betaVersionErr" translate="yes">
			<val>測試版存在於電腦中。在您繼續前，請結束並解除安裝；請連絡{0}客戶支援{1}</val>
		</str>
		<str name="msiRunningErr" translate="yes">
			<val>另一個安裝程式已經在執行。請等待其完成，然後再試一次。</val>
		</str>
		<str name="aamRunningErr" translate="yes">
			<val>Application Manager 已經在執行。請等待其完成，然後再試一次。</val>
		</str>
		<str name="adminPriviledgeErr" translate="yes">
			<val>您必須具有系統管理員權限才能安裝。請重試，或取消並在稍後進行安裝。</val>
		</str>
		<str name="applicationList" translate="yes">
			<val>- {0}</val>
		</str>
		<str name="LockedPathErr" translate="yes">
			<val>{0} 已鎖定。請在您的偏好設定中選取其他安裝位置，或將檔案夾解除鎖定，然後再試一次。</val>
		</str>
		<str name="accessPermissionErr" translate="yes">
			<val>{0} 不具有寫入權限。請在您的偏好設定中選取其他安裝位置，或為檔案夾提供寫入權限，然後再試一次。</val>
		</str>
		<str name="installPathErr" translate="yes">
			<val>安裝路徑錯誤。請在您的偏好設定中選取其他安裝位置，然後再試一次。</val>
		</str>
		<str name="systemReqErr" translate="yes">
			<val>不符合系統需求。請參閱{0}最低系統需求{1}以取得更多詳細資訊。</val>
		</str>
		<str name="diskSpaceErr" translate="yes">
			<val>磁碟空間不足。請在您的偏好設定中選取其他安裝位置，或清除磁碟空間並再試一次。</val>
		</str>
		<str name="conflictingProcessErr" translate="yes">
			<val>請關閉下列應用程式以繼續:</val>
		</str>
		<str name="conflictingProcessErrTitle" translate="yes">
			<val>{0} 安裝</val>
		</str>
		<str name="SyncFailureError" translate="yes">
			<val>安裝發生錯誤。請重新啟動系統並再試一次。</val>
		</str>
		<str name="criticalInstallErr" translate="yes">
			<val>安裝期間發生錯誤。{0}更多詳細資訊{1}。</val>
		</str>
		<str name="recommendedInstallErr" translate="yes">
			<val>安裝已完成，不過有部分建議的組件未能正確安裝。{0}更多詳細資訊{1}。</val>
		</str>
		<str name="mediadbSyncErr" translate="yes">
			<val>安裝已完成，不過有部分組件未能正確安裝。{0}更多詳細資訊{1}。</val>
		</str>
		<str name="aamCorruptErr" translate="yes">
			<val>Adobe Application Manager 已經毀損且必須重新安裝。請{0}立即下載{1}，或聯絡{2}客戶支援{3}。</val>
		</str>
		<str name="doneWithError" translate="yes">
			<val>安裝已完成，不過有部分選用的組件未能正確安裝。{0}更多詳細資訊{1}。</val>
		</str>
		<str name="relaunchAAM" translate="yes">
			<val>發生問題。請結束 Adobe Application Manager，然後再試一次。問題應該可以解決。</val>
		</str>
	</set>

	<set name="ExtractionErrors">
		<str name="badPathErr" translate="yes">
			<val>無法解壓縮下載的檔案。請按「重試」再下載一次。</val>
		</str>
		<str name="diskSpaceErr" translate="yes">
			<val>磁碟空間不足，無法解壓縮檔案。請清除 {0} 上的空間，然後再試一次。</val>
		</str>
		<str name="writePermissionErr" translate="yes">
			<val>{0} 已遺失或受到保護。請建立路徑並確定您具有寫入權限，然後再試一次。</val>
		</str>
		<str name="maxPathErr" translate="yes">
			<val>無法解壓縮至暫存目錄。請聯絡{1}客戶支援{2}。</val>
		</str>
		<str name="genericExtractionErr" translate="yes">
			<val>無法解壓縮檔案。請按「重試」再下載一次，或聯絡{0}客戶支援{1}。</val>
		</str>
	</set>
	<set name="CommonErrors">
		<str name="errorBracket" translate="yes">
			<val>({0})</val>
		</str>
	</set>

	<set name="authProxy">
		<str name="authTitle" translate="yes">
			<val>另外一件事...</val>
		</str>
		<str name="authDesc" translate="yes">
			<val>請輸入您的 Proxy 使用者名稱與密碼以繼續。如果您位於防火牆之後，通常會發生這種情況。</val>
		</str>
		<str name="userName" translate="yes">
			<val>使用者名稱:</val>
		</str>
		<str name="password" translate="yes">
			<val>密碼:</val>
		</str>
		<str name="rememberCredentials" translate="yes">
			<val>請記住我的 Proxy 資訊。</val>
		</str>

	</set>

	<set name="Common">
		<str name="GB" translate="yes">
			<val>GB</val>
		</str>
		<str name="launching" translate="yes">
			<val>正在啟動...</val>
		</str>
		<str name="QuitConfirmation" translate="yes">
			<val>您確定要結束嗎? 所有進行中的下載與安裝將會取消。</val>
		</str>
		<str name="SingleQuitConfirmation" translate="yes">
			<val>您確定要取消此安裝?</val>
		</str>
		<str name="SingleUpdateQuitConfirmation" translate="yes">
			<val>您確定要取消此更新?</val>
		</str>
		<str name="ErrorSummaryText" translate="yes">
			<val>{0}錯誤摘要{1}檔案可協助您識別問題。</val>
		</str>
		<str name="CustomerSupportText" translate="yes">
			<val>如果問題仍然持續存在，請聯絡{0}客戶支援{1}以取得進一步協助。</val>
		</str>
		<str name="CustomerSupportLink" translate="yes">
			<val>http://www.adobe.com/go/support_tw</val>
		</str>
		<str name="goSupportLink" translate="yes">
			<val>http://www.adobe.com/go/customer_support_tw</val>
		</str>
		<str name="sysReqLink" translate="yes">
			<val>http://www.adobe.com/go/cc_techspecs_tw</val>
		</str>
		<str name="aamDownloadLink" translate="yes">
			<val>http://www.adobe.com/go/applicationmanager_tw</val>
		</str>
		<str name="MB" translate="yes">
			<val>MB</val>
		</str>
		<str name="KB" translate="yes">
			<val>KB</val>
		</str>
		<str name="of" translate="yes">
			<val>/</val>
		</str>
		<str name="decimalSeparator" translate="yes">
			<val>.</val>
		</str>
		<str name="langFallbackStr" translate="yes">
			<val>({0})</val>
		</str>
		<str name="commaSeparator" translate="yes">
			<val>,</val>
		</str>
		<str name="upgradeConfirmation" translate="yes">
			<val>安裝 {0} 試用版將會解除安裝先前版本的 {1}。</val>
		</str>
		<str name="upgradeConfirmationTitle" translate="yes">
			<val>請注意...</val>
		</str>
	</set>
	
	<set name="isoToLanguage">
		<str name="ar_AE" translate="no"><val>العربية</val></str>
		<str name="en_GB" translate="no"><val>English (International)</val></str> 
		<str name="fr_CA" translate="no"><val>Français canadien</val></str>
		<str name="es_QM" translate="no"><val>Español (Middle East)</val></str>
		<str name="es_LA" translate="no"><val>Español de América Latina</val></str>
		<str name="es_NA" translate="no"><val>Español Norteamericano</val></str>
		<str name="bg_BG" translate="no"><val>Български</val></str>
		<str name="lv_LV" translate="no"><val>Latviešu</val></str>
		<str name="et_EE" translate="no"><val>Eesti</val></str>
		<str name="hr_HR" translate="no"><val>hrvatski</val></str>
		<str name="sl_SI" translate="no"><val>slovenščina</val></str>
		<str name="sk_SK" translate="no"><val>slovenčina</val></str>
		<str name="th_TH" translate="no"><val>ภาษาไทย</val></str> 
		<str name="vi_VN" translate="no"><val>Việt</val></str>
		<str name="en_XC" translate="no"><val>English (Central Europe)</val></str> 
		<str name="en_XM" translate="no"><val>English (Middle East)</val></str>
		<str name="fr_XM" translate="no"><val>Français Oriental Moyen</val></str>
		<str name="sq_AL" translate="no"><val>Shqip</val></str> 
		<str name="ar_SA" translate="no"><val>العربية</val></str>
		<str name="be_BY" translate="no"><val>Беларуская</val></str> 
		<str name="ca_ES" translate="no"><val>Català</val></str> 
		<str name="hi_IN" translate="no"><val>हिन्दी</val></str>
		<str name="is_IS" translate="no"><val>Íslenska</val></str> 
		<str name="lt_LT" translate="no"><val>Lietuvių</val></str>
		<str name="mk_MK" translate="no"><val>македонски</val></str>
		<str name="nn_NO" translate="no"><val>Norsk (Nynorsk)</val></str>
		<str name="pt_PT" translate="no"><val>Português de Portugal</val></str> 
		<str name="sh_YU" translate="no"><val>Srpsko-Hrvatski</val></str> 
		<str name="sr_YU" translate="no"><val>Cрпски</val></str> 
		<str name="kk_KZ" translate="no"><val>Қазақ</val></str>
		<str name="az_AZ" translate="no"><val>Azərbaycan dili</val></str> 
		<str name="es_MX" translate="no"><val>Español (América Latina)</val></str>
		<str name="no_NO" translate="no"><val>Norwegian</val></str> 
		<str name="cs_CZ" translate="no"><val>Česky</val></str>
		<str name="de_DE" translate="no"><val>Deutsch</val></str>
		<str name="el_GR" translate="no"><val>Ελληνικά</val></str>
		<str name="en_US" translate="no"><val>English (North America)</val></str> 
		<str name="es_ES" translate="no"><val>Español</val></str> 
		<str name="fr_FR" translate="no"><val>Français</val></str>
		<str name="he_IL" translate="no"><val>עברית</val></str> 
		<str name="hu_HU" translate="no"><val>Magyar</val></str> 
		<str name="it_IT" translate="no"><val>Italiano</val></str>
		<str name="ja_JP" translate="no"><val>日本語</val></str>
		<str name="ko_KR" translate="no"><val>한국어</val></str>
		<str name="nl_NL" translate="no"><val>Nederlands</val></str>
		<str name="pl_PL" translate="no"><val>Polski</val></str>
		<str name="ro_RO" translate="no"><val>Română</val></str>
		<str name="ru_RU" translate="no"><val>Pусский</val></str>
		<str name="sv_SE" translate="no"><val>Svenska</val></str>
		<str name="tr_TR" translate="no"><val>Türkçe</val></str>
		<str name="uk_UA" translate="no"><val>Українська</val></str>
		<str name="zh_CN" translate="no"><val>简体中文</val></str>
		<str name="zh_TW" translate="no"><val>繁體中文</val></str>
		<str name="da_DK" translate="no"><val>Dansk</val></str>
		<str name="fi_FI" translate="no"><val>Suomi</val></str>
		<str name="nb_NO" translate="no"><val>Norsk (Bokmål)</val></str> 
		<str name="pt_BR" translate="no"><val>Português do Brasil</val></str>
		<str name="en_AE" translate="no"><val>English يدعم العربية</val></str> 
		<str name="en_IL" translate="no"><val>English תומך עברית</val></str> 
		<str name="fr_MA" translate="no"><val>Français (Maroc)</val></str>
    </set>
	
	<set name="isoToFallbackLanguage">
		<str name="ar_AE" translate="no"><val>العربية</val></str>
		<str name="en_GB" translate="yes"><val>英文</val></str> 
		<str name="fr_CA" translate="no"><val>Français canadien</val></str>
		<str name="es_QM" translate="no"><val>Español</val></str>
		<str name="es_LA" translate="no"><val>Español de América Latina</val></str>
		<str name="es_NA" translate="no"><val>Español Norteamericano</val></str>
		<str name="bg_BG" translate="no"><val>Български</val></str>
		<str name="lv_LV" translate="no"><val>Latviešu</val></str>
		<str name="et_EE" translate="no"><val>Eesti</val></str>
		<str name="hr_HR" translate="no"><val>hrvatski</val></str>
		<str name="sl_SI" translate="no"><val>slovenščina</val></str>
		<str name="sk_SK" translate="no"><val>slovenčina</val></str>
		<str name="th_TH" translate="no"><val>ภาษาไทย</val></str> 
		<str name="vi_VN" translate="no"><val>Việt</val></str>
		<str name="en_XC" translate="yes"><val>英文</val></str> 
		<str name="en_XM" translate="yes"><val>英文</val></str>
		<str name="fr_XM" translate="no"><val>Français Oriental Moyen</val></str>
		<str name="sq_AL" translate="no"><val>Shqip</val></str> 
		<str name="ar_SA" translate="no"><val>العربية</val></str>
		<str name="be_BY" translate="no"><val>Беларуская</val></str> 
		<str name="ca_ES" translate="no"><val>Català</val></str> 
		<str name="hi_IN" translate="no"><val>हिन्दी</val></str>
		<str name="is_IS" translate="no"><val>Íslenska</val></str> 
		<str name="lt_LT" translate="no"><val>Lietuvių</val></str>
		<str name="mk_MK" translate="no"><val>македонски</val></str>
		<str name="nn_NO" translate="no"><val>Norsk</val></str>
		<str name="pt_PT" translate="no"><val>Português de Portugal</val></str> 
		<str name="sh_YU" translate="no"><val>Srpsko-Hrvatski</val></str> 
		<str name="sr_YU" translate="no"><val>Cрпски</val></str> 
		<str name="kk_KZ" translate="no"><val>Қазақ</val></str>
		<str name="az_AZ" translate="no"><val>Azərbaycan dili</val></str> 
		<str name="es_MX" translate="no"><val>Español</val></str>
		<str name="no_NO" translate="no"><val>Norwegian</val></str> 
		<str name="cs_CZ" translate="no"><val>Česky</val></str>
		<str name="de_DE" translate="no"><val>Deutsch</val></str>
		<str name="el_GR" translate="no"><val>Ελληνικά</val></str>
		<str name="en_US" translate="yes"><val>英文</val></str> 
		<str name="es_ES" translate="no"><val>Español</val></str> 
		<str name="fr_FR" translate="no"><val>Français</val></str>
		<str name="he_IL" translate="no"><val>עברית</val></str> 
		<str name="hu_HU" translate="no"><val>Magyar</val></str> 
		<str name="it_IT" translate="no"><val>Italiano</val></str>
		<str name="ja_JP" translate="no"><val>日本語</val></str>
		<str name="ko_KR" translate="no"><val>한국어</val></str>
		<str name="nl_NL" translate="no"><val>Nederlands</val></str>
		<str name="pl_PL" translate="no"><val>Polski</val></str>
		<str name="ro_RO" translate="no"><val>Română</val></str>
		<str name="ru_RU" translate="no"><val>Pусский</val></str>
		<str name="sv_SE" translate="no"><val>Svenska</val></str>
		<str name="tr_TR" translate="no"><val>Türkçe</val></str>
		<str name="uk_UA" translate="no"><val>Українська</val></str>
		<str name="zh_CN" translate="yes"><val>簡體中文</val></str>
		<str name="zh_TW" translate="yes"><val>繁體中文</val></str>
		<str name="da_DK" translate="no"><val>Dansk</val></str>
		<str name="fi_FI" translate="no"><val>Suomi</val></str>
		<str name="nb_NO" translate="no"><val>Norsk</val></str> 
		<str name="pt_BR" translate="no"><val>Português do Brasil</val></str>
		<str name="en_AE" translate="no"><val>English يدعم العربية</val></str> 
		<str name="en_IL" translate="no"><val>English תומך עברית</val></str> 
		<str name="fr_MA" translate="no"><val>Français</val></str>
    </set>
	
	<set name="register">
		<set name="subscription">
			<str name="title" translate="yes">
				<val>需要登入</val>
			</str>			
			<str name="message" translate="yes">
				<val>需要登入才能使用此產品，並使用您的 Adobe ID 註冊該產品。您的 Adobe ID 提供一種簡單的方式，存取序號，以及 Adobe Creative Cloud 和 Adobe.com 社群。</val>
			</str>
			<str name="userEmail" translate="yes">
				<val>您會以 Adobe ID: {0} 登入。</val>
			</str>
			<str name="notYou" translate="yes">
				<val>(不是您的 Adobe ID?)</val>
			</str>
			<str name="signInNow" translate="yes">
				<val>立即登入</val>
			</str>
			<str name="signIn" translate="yes">
				<val>登入</val>
			</str>
			<str name="back" translate="yes">
				<val>上一步</val>
			</str>
		</set>
	</set>
	<set name="AdobeIdScreen">
		<str name="signinHeader" translate="yes">
			<val>請使用您的 Adobe ID 登入</val>
		</str>
		<str name="signinSubheader" translate="yes">
			<val>我們想要確保您取得所有正確的 App</val>
		</str>
		<str name="username" translate="yes">
			<val>Adobe ID:</val>
		</str>
		<str name="password" translate="yes">
			<val>密碼:</val>
		</str>
		<str name="cancel" translate="yes">
			<val>取消</val>
		</str>
		<str name="Quit" translate="yes">
			<val>結束</val>
		</str>
		<str name="createAdobeID" translate="yes">
			<val>建立 Adobe ID</val>
		</str>
		<str name="forgotYourPassword" translate="yes">
			<val>忘記密碼?</val>
		</str>
		<str name="usernameSample" translate="yes">
			<val>john@doe.com</val>
		</str>
		<str name="save" translate="yes">
			<val>登入</val>
		</str>
		<str name="createAdobeIDURL" translate="yes">
			<val>/go/adobemembership_tw</val>
		</str>
		<str name="forgotYourPasswordURL" translate="yes">
			<val>/go/forgetpassword_tw</val>
		</str>
	</set>
	<set name="AdobeIdScreenErrors">
	    <str name="doesNotExist" translate="yes">
			<val>Adobe ID 不存在</val>
		</str>
		<str name="invalidCredentials" translate="yes">
			<val>Adobe ID 與密碼不相符。</val>
		</str>
		<str name="loginDeny" translate="yes">
			<val>已超過登入次數上限。請結束並再試一次。</val>
		</str>
		<str name="malformedAdobeId" translate="yes">
			<val>Adobe ID 無效。</val>
		</str>
		<str name="networkError" translate="yes">
			<val>無法聯絡 Adobe。請連線至網際網路，然後再試一次。</val>
		</str>
		<str name="internalError" translate="yes">
			<val>網際網路錯誤。無法登入。</val>
		</str>
	</set>
	<set name="OptinDialog">
	    <str name="title" translate="yes">
			<val>我們認為應該讓您知道。</val>
		</str>
		<str name="optinText" translate="yes">
			<val>當您下載此試用產品，即表示您同意我們與協力廠商依據我們的&lt;a href='{0}'&gt;隱私權政策&lt;/a&gt;使用您的資訊，並可透過電子郵件、郵件或電話傳送行銷通訊給您。如不想再收到電子郵件，您可以從任何一封我們寄發的電子郵件中，按一下取消訂閱的連結。</val>
		</str>
		<str name="privacyLink" translate="yes">
			<val>http://www.adobe.com/go/privacy_tw</val>
		</str>
		<str name="adobeLink" translate="yes">
			<val>http://www.adobe.com/tw/</val>
		</str>
		<str name="cancel" translate="yes">
			<val>取消</val>
		</str>
		<str name="ok" translate="yes">
			<val>確定</val>
		</str>
	</set>
	<set name="EligibleTrialistDialog">
	    <str name="title" translate="yes">
			<val>請稍等一下...</val>
		</str>
		<str name="message" translate="yes">
			<val>根據您目前的偏好設定語言{0}，{1} 將會以試用版安裝。請將您的偏好設定語言變更成有資格的地區以使用完整產品。</val>
		</str>
		<str name="installTrial" translate="yes">
			<val>安裝試用版</val>
		</str>
		<str name="cancel" translate="yes">
			<val>取消</val>
		</str>
		<str name="changePrefs" translate="yes">
			<val>變更偏好設定</val>
		</str>
	</set>
	<set name="LanguageSelectionDialog">
	    <str name="sl_title" translate="yes">
			<val>變更您的語言</val>
		</str>
		<str name="sl_message" translate="yes">
			<val>請將您的語言{0}偏好設定{1}從{2} {3}變更成{4}{5}，讓我們能通知您有關所購買產品 {6}{7}{8} 的所有更新。</val>
		</str>
		<str name="changeNow" translate="yes">
			<val>立即變更</val>
		</str>
		<str name="changeLater" translate="yes">
			<val>稍後變更</val>
		</str>
		<str name="ml_title" translate="yes">
			<val>選擇語言</val>
		</str>
		<str name="ml_message" translate="yes">
			<val>請選取要安裝產品的語言。</val>
		</str>
		<str name="ml_info" translate="yes">
			<val>這也會設定成{0}偏好設定{1}中的預設語言，您稍後可以加以變更。</val>
		</str>
		<str name="continue" translate="yes">
			<val>繼續</val>
		</str>
	</set>
</asf>
