<?xml version='1.0' encoding='utf-8'?>
<!DOCTYPE asf SYSTEM "http://ns.adobe.com/asf/asf_1_0.dtd" >
<asf xmlns="http://ns.adobe.com/asf" locale="zh_CN" version="1.0">

	<set name="ButtonLabel">
		<str name="Yes" translate="yes">
			<val>是</val>
		</str>
		<str name="No" translate="yes">
			<val>否</val>
		</str>
		<str name="Accept" translate="yes">
			<val>接受</val>
		</str>
		<str name="Install" translate="yes">
			<val>安装</val>
		</str>
		<str name="Uninstall" translate="yes">
			<val>卸载</val>
		</str>
		<str name="OK" translate="yes">
			<val>确定</val>
		</str>
		<str name="Continue" translate="yes">
			<val>继续</val>
		</str>
		<str name="Back" translate="yes">
			<val>上一步</val>
		</str>
		<str name="Cancel" translate="yes">
			<val>取消</val>
		</str>
        <str name="Close" translate="yes">
            <val>关闭</val>
        </str>
		<str name="Quit" translate="yes">
			<val>退出</val>
		</str>
		<str name="SignIn" translate="yes">
			<val>登录</val>
		</str>
		<str name="SignInNow" translate="yes">
			<val>现在登录</val>
		</str>
		<str name="SignInLater" translate="yes">
			<val>以后登录</val>
		</str>
		<str name="StartAgain" translate="yes">
			<val>重新开始</val>
		</str>
		<str name="Retry" translate="yes">
			<val>重试</val>
		</str>
		<str name="Verify" translate="yes">
			<val>验证</val>
		</str>
		<str name="ConnectLater" translate="yes">
			<val>稍后连接</val>
		</str>
	</set>
	
	<set name="DialogueTitle">
		<str name="Quit" translate="yes">
			<val>退出</val>
		</str>
	</set>

	<set name="Welcome">
		<str name="Title" translate="yes">
			<val>欢迎</val>
		</str>
		<str name="OptionOne" translate="yes">
			<val>使用序列号安装</val>
		</str>
		<str name="OptionOneInfo" translate="yes">
			<val>我有序列号。</val>
		</str>
		<str name="OptionTwo" translate="yes">
			<val>开始我的订阅</val>
		</str>
		<str name="OptionTwoInfo" translate="yes">
			<val>我已经订阅。</val>
		</str>
		<str name="OptionThree" translate="yes">
			<val>作为试用版安装</val>
		</str>
		<str name="OptionThreeInfo" translate="yes">
			<val>我想在有限时间内试用 {0}。</val>
		</str>
		<set name="MBLS">
			<str name="OptionOne" translate="yes">
				<val>安装</val>
			</str>
			<str name="OptionOneInfo" translate="yes">
				<val>我已经购买</val>
			</str>
			<str name="OptionTwo" translate="yes">
				<val>试用</val>
			</str>
			<str name="OptionTwoInfo" translate="yes">
				<val>我想在有限时间内试用 {0}</val>
			</str>
		</set>
	</set>
	
	<set name="EULA">
		<str name="Title" translate="yes">
			<val>Adobe 软件许可协议</val>
		</str>
		<str name="Para1" translate="yes">
			<val>您当前安装、使用 {0} 产品（包括此软件）时需要遵守该协议。您可以登录 www.adobe.com/go/myaccount_cn 查看您目前已接受的协议。</val>
		</str>
	</set>

	<set name="Register">
		<str name="Title" translate="yes">
			<val>需要登录</val>
		</str>
		<set name="Trial">
			<str name="FirstTime" translate="yes">
				<val>请使用 Adobe ID 登录以开始试用 {0}。</val>
			</str>
			<str name="Subsequent" translate="yes">
				<val>我们现在要将您的试用注册到您的 Adobe ID: {0}。</val>
			</str>
			<set name="TnC">
				<str name="Title" translate="yes">
					<val>试用版软件的条款和条件。</val>
				</str>
				<str name="Paragraph1" translate="yes">
					<val>我们可能会要求您提供可选信息，以便为您提供量身定制的内容。您随时可以通过试用体验屏幕上的“隐私设置”关闭此定制的内容。</val>
				</str>
				<str name="Paragraph2" translate="yes">
					<val>有关我们收集的关于产品使用情况的数据，以及 Adobe 如何使用此数据（包括我们如何根据您的兴趣进行市场营销）的信息，请单击{0}此处{1}并查看 {2}Adobe 在线隐私政策{3}。</val>
				</str>
			</set>
			<set name="EntitlementInTrial">
				<str name="Title" translate="yes">
					<val>找到有效的许可证</val>
				</str>
				<str name="Para1" translate="yes">
					<val>您已经选择试用版，但根据您的 Adobe ID {0}，您可以使用获得此软件的完全版本。请在安装结束之后享用许可的软件副本。</val>
				</str>
				<str name="Para2" translate="yes">
					<val>按“继续”进行安装。</val>
				</str>
				<str name="DiffAdobeID" translate="yes">
					<val>拥有其它 Adobe ID？</val>
				</str>
			</set>						
		</set>
		<set name="Serial">
			<str name="Paragraph1" translate="yes">
				<val>您的 {0} 序列号已经过验证。</val>
			</str>
			<str name="Paragraph2" translate="yes">
				<val>您必须登录，才能安装此产品并将其注册在您的 Adobe ID 下。通过 Adobe ID，可便捷地访问序列号以及 Adobe Creative Cloud 和 Adobe.com/cn 社区。</val>
			</str>
			<str name="SubsequentParagraph3" translate="yes">
				<val>我们将用此 Adobe ID 为您登录: {0}。</val>
			</str>
		</set>
		<set name="MBLS">
			<str name="Paragraph1" translate="yes">
				<val>安装此产品要求使用 Adobe ID 登录。您还可以通过 Adobe ID 轻松地访问 Adobe 联机服务主机和 Adobe.com 社区。</val>
			</str>
			<set name="Offline">
				<str name="Title" translate="yes">
					<val>请连接到 Internet，然后重试</val>
				</str>
				<set name="Install">
					<str name="Paragraph1" translate="yes">
						<val>您需要 Internet 连接以开始订阅。如果您已经订阅，请连接到 Internet，然后选择“重试”。</val>
					</str>
					<str name="Paragraph2" translate="yes">
						<val>如果您有一个序列号但现在无法连接到 Internet，请选择“稍后连接”。您需要在 7 天内验证您的序列号，否则您的软件将会停止工作。如果此计算机无法访问 Internet，请使用可访问 Internet 的设备在 {0} 上获取更多详细信息。</val>
					</str>
				</set>
				<set name="Trial">
					<str name="Paragraph1" translate="yes">
						<val>您的计算机似乎已脱机，导致了连接错误。需要 Internet 连接。请连接到 Internet 后重试。如果此问题依然存在，请联系{0}客户支持{1}。</val>
					</str>
				</set>
			</set>
		</set>
		<str name="NotYou" translate="yes">
			<val>（不是您的 Adobe ID？）</val>
		</str>
		<set name="Subscription">
			<set name="FirstTime">
				<str name="Paragraph" translate="yes">
					<val>我们现在将用 Adobe ID 为您登录以访问您的订阅。</val>
				</str>
			</set>
			<set name="Subsequent">
				<str name="Title" translate="yes">
					<val>验证您的订阅</val>
				</str>
				<str name="Paragraph" translate="yes">
					<val>您需要使用此 Adobe ID 验证您的订阅: {0}。</val>
				</str>
				<str name="Paragraph2" translate="yes">
					<val>我们希望确保您获得了所需的全部应用程序。</val>
				</str>
			</set>
			<set name="EntitlementCallScrim">
				<str name="WaitAMoment" translate="yes">
					<val>请稍候...</val>
				</str>
			</set>
			
			<set name="OfflineScrim">
				<str name="Title" translate="yes">
					<val>您需要 Internet 连接以开始订阅</val>
				</str>
				<str name="Message" translate="yes">
					<val>请确保已连接到 Internet，然后单击“重试”。如果此问题仍然存在，请与 {0}Adobe 客户服务{1}联系。</val>
				</str>
			</set>
			
			<set name="NoSubscriptionFound">
	        	<str name="Title" translate="yes">
	        		<val>未找到订阅</val>
	        	</str>
	        	<str name="ParagraphOneText" translate="yes">
	        		<val>无法找到与此 Adobe ID 关联的 {0}{1}{2} 订阅。您可以购买一个{3}新订阅{4}或单击“上一步”以输入其它 Adobe ID。如果您已经订阅但无法访问该订阅，请与{5}客户支持{6}联系。</val>
	        	</str>
	        	<str name="ParagraphTwoText" translate="yes">
	        		<val>您也可以单击{0}重新开始{1}以选择作为试用版安装或使用有效的序列号安装。</val>	
	        	</str>
	        </set>
		</set>
	</set>
	
	<set name="InstallOptions">
		<str name="Title" translate="yes">
			<val>选项</val>
		</str>
		<str name="SelectAppInfo" translate="yes">
			<val>单击产品名以自定义选项</val>
		</str>
		<str name="NoComponentInfo" translate="yes">
			<val>没有要自定义的组件。</val>
		</str>
		<str name="Components" translate="yes">
			<val>{0} 组件</val>
		</str>
		<str name="TotalInstall" translate="yes">
			<val>安装总计: {0}</val>
		</str>
		<str name="Language" translate="yes">
			<val>语言:</val>
		</str>
		<str name="Location" translate="yes">
			<val>位置:</val>
		</str>
		<str name="Available" translate="yes">
			<val>{0} 可用</val>
		</str>
		<str name="SpaceRequired" translate="yes">
			<val>所需空间: {0}</val>
		</str>
		<str name="SpaceWarning" translate="yes">
			<val>所需空间: {0}，可用空间: {1}</val>
		</str>
        <str name="InsufficientDiskSpace" translate="yes">
			<val>磁盘空间不足，无法完成此安装。</val>
        </str>
		<str name="DefaultDriveWarning" translate="yes">
			<val>某些文件还将安装在您的 {0} 中</val>
		</str>
		
		<set name="PayloadError">
			<str name="TrialInstall" translate="yes">
				<val>将以试用版安装本产品。</val>
			</str>
			<str name="LicensedInstall" translate="yes">
				<val>将会安装此软件的许可副本。</val>
			</str>
			<str name="AlreadyInstalled" translate="yes">
				<val>已安装了此产品的早期版本。此产品将会安装在其原始位置。</val>
			</str>
			<set name="SystemRequirements">
				<set name="OS">
					<str name="Header" translate="yes">
						<val>不满足操作系统要求。</val>
					</str>
					<str name="CurrentOS" translate="yes">
						<val>- 当前操作系统：{0} {1}</val>
					</str>
					<str name="MacRecommended" translate="yes">
						<val>- 建议使用 Mac OS {0} 及更高版本。</val>
					</str>
					<str name="MacServer" translate="yes">
						<val>- 建议使用 Mac 服务器。</val>
					</str>
					<str name="WinNotRecommended" translate="yes">
						<val>- 不建议使用 {0}。</val>
					</str>
					<str name="SPRecommended" translate="yes">
						<val>- 建议使用 Service Pack {0}。</val>
					</str>
					<str name="64BitRecommended" translate="yes">
						<val>- 建议使用 64 位操作系统。</val>
					</str>
					<str name="32BitRecommended" translate="yes">
						<val>- 建议使用 32 位操作系统。</val>
					</str>
					<str name="MacRequired" translate="yes">
						<val>- 要求使用 Mac OS {0} 或更高版本。</val>
					</str>
					<str name="MacServerRequired" translate="yes">
						<val>- 要求使用 Mac Server。</val>
					</str>
					<str name="WinNotRequired" translate="yes">
						<val>- {0} 不受支持。</val>
					</str>
					<str name="SPRequired" translate="yes">
						<val>- 要求使用 Service Pack {0}。</val>
					</str>
					<str name="64BitRequired" translate="yes">
						<val>- 要求使用 64 位操作系统。</val>
					</str>
					<str name="32BitRequired" translate="yes">
						<val>- 要求使用 32 位操作系统。</val>
					</str>
				</set>
				<str name="RAM" translate="yes">
					<val>建议使用 {0} 的 RAM。</val>
				</str>
				<str name="CPU" translate="yes">
					<val>不满足 CPU 要求。</val>
				</str>
				<str name="ScreenResolution" translate="yes">
					<val>建议使用至少 {0}x{1} 的屏幕分辨率。</val>
				</str>
				<str name="Footer" translate="yes">
					<val>单击警告图标以了解更多详细信息。</val>
				</str>
			</set>
			<str name="Conflicting" translate="yes">
				<val>此计算机上存在冲突的或预发布的 {0} 版本。必须先删除冲突的版本，然后才能从当前介质安装。</val>
			</str>
			<str name="AlreadyUpgraded" translate="yes">
				<val>已安装了此产品的较新版本</val>
			</str>
			<str name="Language" translate="yes">
				<val>对所选语言不可用</val>
			</str>
			<str name="RequiredDisabled" translate="yes">
				<val>必需组件已禁用</val>
			</str>
		</set>
		
		<set name="InstallPathError">
			<str name="LongPath" translate="yes">
				<val>所选安装路径过长。</val>
			</str>
			<str name="RootDrive" translate="yes">
				<val>不支持安装到根驱动器位置。</val>
			</str>
			<str name="RemovableDrive" translate="yes">
				<val>不支持安装到可移动闪存驱动器。</val>
			</str>
			<str name="MappedDrive" translate="yes">
				<val>不支持安装到映射的网络驱动器。</val>
			</str>
			<str name="CaseSensitive" translate="yes">
				<val>不支持安装到区分大小写的卷。</val>
			</str>
			<str name="LockedPath" translate="yes">
				<val>不支持安装到锁定位置。</val>
			</str>
			<str name="Generic" translate="yes">
				<val>无法安装到所选位置。</val>
			</str>
		</set>
		
		<set name="WorkflowNeedClose">
			<str name="Title" translate="yes">
				<val>警告</val>
			</str>
			<str name="Message" translate="yes">
				<val>其它的 Adobe Application Manager 实例正在运行，必须关闭。请关闭它们以继续。</val>
			</str>
		</set>
	</set>
	
	<set name="UninstallOptions">
		<str name="Title" translate="yes">
			<val>卸载选项</val>
		</str>
		<str name="RemovePreferences" translate="yes">
			<val>删除首选项</val>
		</str>
		<str name="ToolTipInfo" translate="yes">
			<val>删除所选产品的通知、警报、报告或任何其它首选项。</val>
		</str>
	</set>
	
	<set name="Progress">
		<str name="MinutesRemaining" translate="yes">
			<val>还剩大约 {0} 分钟</val>
		</str>
		<str name="MinuteRemaining" translate="yes">
			<val>还剩大约 {0} 分钟</val>
		</str>
		<str name="LTMinuteRemaining" translate="yes">
			<val>还剩不到一分钟</val>
		</str>
		<str name="PctComplete" translate="yes">
			<val>（已完成 {0}%）</val>
		</str>
		
		<set name="ConflictingProcess">
			<str name="Title" translate="yes">
				<val>请关闭下列应用程序以继续:</val>
			</str>
			<str name="SubText1" translate="yes">
				<val>（如果关闭应用程序后仍显示此消息，则表示该应用程序的某些进程仍在后台运行。{0}了解更多{1}有关终止后台进程的信息。）</val>
			</str>
			<str name="BackgroundProcessesLink" translate="yes">
				<val>http://www.adobe.com/go/learn_bgprocesses_cn</val>
			</str>
			<str name="SubText2" translate="yes">
				<val>需要关闭的应用程序列表:</val>
			</str>
		</set>
		
		<set name="DiskPrompt">
			<str name="Title" translate="yes">
				<val>请插入磁盘 {0} 以继续。</val>
			</str>
		</set>
		
		<set name="Install">
			<str name="Title" translate="yes">
				<val>安装</val>
			</str>
			<str name="Preparing" translate="yes">
				<val>正在准备安装...</val>
			</str>
			<str name="Currently" translate="yes">
				<val>当前正在安装 {0}</val>
			</str>
			<str name="Confirmation" translate="yes">
				<val>是否确实要取消安装？</val>
			</str>
			
			<str name="AdministratorPrivileges" translate="yes">
				<val>需要管理员权限才能安装。请以管理员身份登录。</val>
			</str>
		</set>
		<set name="Uninstall">
			<str name="Title" translate="yes">
				<val>卸载</val>
			</str>
			<str name="Preparing" translate="yes">
				<val>正在准备卸载...</val>
			</str>
			<str name="Currently" translate="yes">
				<val>当前正在卸载 {0}</val>
			</str>
			<str name="Confirmation" translate="yes">
				<val>是否确实要取消卸载？</val>
			</str>
			
			<str name="AdministratorPrivileges" translate="yes">
				<val>需要管理员权限才能卸载。请以管理员身份登录。</val>
			</str>
		</set>
	</set>
	
	<set name="Success">
		<set name="Install">
			<str name="Title" translate="yes">
				<val>安装完成</val>
			</str>
			<str name="MyAdobeLink" translate="yes">
				<val>http://www.adobe.com/go/adobemembership_cn</val>
			</str>
			<str name="Link1Text" translate="yes">
				<val>我的 Adobe</val>
			</str>
			<str name="Link1" translate="yes">
				<val>http://www.adobe.com/go/adobemembership_cn</val>
			</str>
			<str name="Link2Text" translate="yes">
				<val>视频教程</val>
			</str>
			<str name="Link2" translate="yes">
				<val>http://www.adobe.com/go/adobetv_howto_cn</val>
			</str>
			<str name="AdditionalInfo" translate="yes">
				<val>要管理此软件或其它正版 Adobe 软件，请转到 {0}。</val>
			</str>
			<str name="BtnLblLaunchNow" translate="yes">
				<val>立即启动</val>
			</str>
			<str name="BtnLblClose" translate="yes">
				<val>关闭</val>
			</str>
			<set name="PP">
				<str name="CompletedText" translate="yes">
					<val>{0} 已成功安装，可以使用了。</val>
				</str>
				<str name="RestartText" translate="yes">
				<val>建议在使用之前重新启动系统。</val>
				</str>
			</set>
			<set name="Suite">
				<str name="CompletedText" translate="yes">
					<val>这些应用程序可以使用了。</val>
				</str>
				<str name="RestartText" translate="yes">
				<val>其中某些产品建议在使用之前重新启动系统。</val>
				</str>
			</set>
		</set>
		
		<set name="Uninstall">
			<str name="Title" translate="yes">
				<val>卸载完成</val>
			</str>
			<str name="RestartText" translate="yes">
				<val>请重新启动系统。</val>
			</str>
			<set name="PP">
				<str name="CompletedText" translate="yes">
					<val>{0} 已成功卸载。</val>
				</str>
			</set>
			<set name="Suite">
				<str name="CompletedText" translate="yes">
					<val>下列应用程序已成功卸载。</val>
				</str>
			</set>
		</set>
	</set>
	
    <set name="DoneWithError">
	    <set name="Install">
	        <str name="Title" translate="yes">
	            <val>安装完成</val>
	        </str>
	        <str name="CompleteText" translate="yes">
	            <val>安装已完成，这些应用程序可以使用了。</val>
	        </str>
	        <str name="IncompleteWarning" translate="yes">
	            <val>下列产品的某些项目无法成功安装。</val>
	        </str>
			<set name="PP">
				<str name="RestartText" translate="yes">
					<val>建议在使用之前重新启动系统。</val>
				</str>
			</set>
			<set name="Suite">
				<str name="RestartText" translate="yes">
					<val>其中某些产品建议在使用之前重新启动系统。</val>
				</str>
			</set>
			<set name="Cancelled">
		        <str name="Title" translate="yes">
		            <val>安装已取消</val>
		        </str>
		        <str name="CompleteText" translate="yes">
	            	<val>但是，下列应用程序在按“取消”按钮之前已经安装。您可以选择手动卸载这些应用程序。</val>
		        </str>
	        </set>
            <str name="DiskSpaceText" translate="yes">
                <val>磁盘空间不足；请清理出一些空间，然后再次尝试安装。</val>
            </str>
		</set>
	    <set name="Uninstall">
	        <str name="Title" translate="yes">
	            <val>卸载完成</val>
	        </str>
	        <str name="CompleteText" translate="yes">
	            <val>已成功卸载下列应用程序</val>
	        </str>
	        <str name="IncompleteWarning" translate="yes">
	            <val>某些组件无法卸载。</val>
	        </str>
	        <str name="CleanerToolText" translate="yes">
            	<val>您可以下载并运行 {0}Cleaner Tool{1} 进行完全清理。</val>
        </str>
	    </set>
    </set>

    <set name="Failure">
	    <set name="Install">
	        <str name="Title" translate="yes">
	            <val>安装失败</val>
	        </str>
	        <str name="WarningText" translate="yes">
	            <val>安装遇到错误。</val>
	        </str>
			<str name="InitializeTroubleshootingTips" translate="yes">
			    <val>更多故障排除提示:{0}1. 重新启动计算机。{0}2. 退出所有应用程序，包括启动项、病毒检查和防火墙软件。{0}3. 启动安装程序并重新安装应用程序。</val>
            </str>
			<str name="TroubleshootingTips" translate="yes">
			    <val>更多故障排除提示:{0}1. 重新启动计算机。{0}2. 退出所有应用程序，包括启动项、病毒检查和防火墙软件。{0}3. 关闭此窗口，然后再次启动安装程序以重新安装应用程序。</val>
            </str>
	        
	        <set name="Cancelled">
		        <str name="Title" translate="yes">
		            <val>安装已取消</val>
		        </str>
		        <str name="WarningText" translate="yes">
		            <val>安装已取消。请稍后重试。</val>
		        </str>
	        </set>
	        
	        <set name="AGVFailure">
		        <str name="WarningText" translate="yes">
		            <val>Adobe 正版软件验证失败</val>
		        </str>
		        <str name="ParagraphOneText" translate="yes">
					<val>您尝试安装的产品不是 Adobe 正版软件，似乎是假冒产品。请{0}举报盗版行为{1}或与{2}客户支持{3}联系以获得帮助。</val>
		        </str>
		        <str name="ReportPiracyLink" translate="yes">
		            <val>http://www.adobe.com/go/reportpiracy_cn</val>
		        </str>
	        </set>
	        
	        <set name="SyncFail">
	            <str name="WarningText" translate="yes">
	                <val>安装程序数据库中存在不一致性。请重新启动计算机并重新安装。</val>
	            </str>
	        </set>
	        
	        <set name="MSIRunning">
	            <str name="ParagraphOneText" translate="yes">
	                <val>另一个安装程序当前正在运行，必须关闭它才能安装此产品。请关闭其它安装程序。</val>
	            </str>
	        </set>
	        
	        <set name="DiskSpace">
	            <str name="ParagraphOneText" translate="yes">
	                <val>磁盘空间不足；请清理出一些空间，然后再次尝试安装。</val>
	            </str>
	        </set>
	    </set>
	    
	    <set name="Uninstall">
	        <str name="Title" translate="yes">
	            <val>卸载失败</val>
	        </str>
	        <str name="WarningText" translate="yes">
	            <val>卸载遇到错误。</val>
	        </str>
			<str name="InitializeTroubleshootingTips" translate="yes">
			    <val>故障排除提示:{0}1. 重新启动计算机。{0}2. 退出所有应用程序，包括启动项、病毒检查和防火墙软件。{0}3. 再次卸载。</val>
            </str>
	        <str name="TroubleshootingTips" translate="yes">
			    <val>更多故障排除提示:{0}1. 重新启动计算机。{0}2. 退出所有应用程序，包括启动项、病毒检查和防火墙软件。{0}3. 再次卸载。</val>
            </str>
            <str name="CleanerToolText" translate="yes">
            	<val>您也可以下载并运行 {0}Cleaner Tool{1}。</val>
        	</str>
        	<str name="MSIRunning" translate="yes">
	            <val>另一个安装程序当前正在运行，必须关闭它才能卸载此产品。请关闭其它安装程序。</val>
	        </str> 	        
	    </set>
	    
        <set name="InitializationFailed">
            <str name="Paragraph1" translate="yes">
                <val>安装程序无法初始化。其原因可能是缺失文件。</val>
            </str>
        </set>
        
        <set name="ConflictingPayload">
            <str name="Paragraph1" translate="yes">
                <val>此计算机上存在冲突的或预发布的 {0} 版本。必须先删除冲突的版本，然后才能从当前介质安装。</val>
            </str>
        </set>
        
        <set name="x64BitOn32Bit">
            <str name="Paragraph1" translate="yes">
                <val>此产品只能安装在 64 位系统上。</val>
            </str>
        </set>
    </set>
    
	<set name="Common">
		<str name="DefaultProductName" translate="yes">
			<val>Adobe 产品</val>
		</str>
		<str name="QuitConfirmation" translate="yes">
            <val>是否确实要退出？</val>
        </str>
		
        <str name="ErrorSummaryText" translate="yes">
            <val>{0}错误摘要{1}文件可以帮助您确认问题。</val>
        </str>
        <str name="CustomerSupportText" translate="yes">
            <val>如果问题仍然存在，请与{0}客户支持{1}联系，以获得更多帮助。</val>
        </str>
        <str name="CustomerSupportLink" translate="yes">
            <val>http://www.adobe.com/go/customer_support_cn</val>
        </str>
        <str name="NewSubscriptionLink" translate="yes">
        	<val>http://www.adobe.com/go/products_cn</val>
        </str>
        <str name="CleanerToolLink" translate="yes">
            <val>http://www.adobe.com/go/cscleanertool_cn</val>
        </str>
        
        <str name="SystemRequirementsLink" translate="yes">
            <val>http://www.adobe.com/go/cs_systemreqs_cn</val>
        </str>

		<str name="PrivacyPortalLink" translate="yes">
			<val>http://www.adobe.com/go/adobe_privacy_portal_cn</val>
		</str>
		
		<str name="PrivacyPolicyLink" translate="yes">
			<val>http://www.adobe.com/go/privacy_cn</val>
		</str>
		<str name="GetActivated" translate="yes">
			<val>http://www.adobe.com/go/getactivated_cn</val>
		</str>
		<str name="GB" translate="yes">
			<val>GB</val>
		</str>
		<str name="MB" translate="yes">
			<val>MB</val>
		</str>
		<str name="KB" translate="yes">
			<val>KB</val>
		</str>
		<str name="decimalSeparator" translate="yes">
			<val>.</val>
		</str>
		<str name="commaSeparator" translate="yes">
			<val>,</val>
		</str>
	</set>
	
	<set name="OSName">
		<str name="6.2.1" translate="no"><val>Windows Server 2012</val></str>
		<str name="6.2.0" translate="no"><val>Windows 8</val></str>
		<str name="Win8" translate="no"><val>Windows 8</val></str>
		<str name="Win7" translate="no"><val>Windows 7</val></str>
		<str name="Server2008R2" translate="no"><val>Windows Server 2008 R2</val></str>
		<str name="Vista" translate="no"><val>Windows Vista</val></str>
		<str name="Server2008" translate="no"><val>Windows Server 2008</val></str>
		<str name="Server2003" translate="no"><val>Windows Server 2003</val></str>
		<str name="XP" translate="no"><val>Windows XP</val></str>
		<str name="2000" translate="no"><val>Windows 2000</val></str>
		<str name="ME" translate="no"><val>Windows ME</val></str>
		<str name="98" translate="no"><val>Windows 98</val></str>
		<str name="NT4.0" translate="no"><val>Windows NT 4.0</val></str>
		<str name="95" translate="no"><val>Windows 95</val></str>
		<str name="UNKNOWN" translate="no"><val>Windows</val></str>
	</set>
	
	<set name="isoToLanguage">
		<str name="en_US" translate="no"><val>English (North America)</val></str>
		<str name="en_GB" translate="no"><val>English (International)</val></str>
		<str name="en_INT" translate="no"><val>English (International)</val></str>
		<str name="en_AE" translate="no"><val>English يدعم العربية</val></str>
		<str name="en_IL" translate="no"><val>English תומך עברית</val></str>
		<str name="en_XC" translate="no"><val>English (Central Europe)</val></str>
		<str name="en_XM" translate="no"><val>English (Middle East)</val></str>
		
		<str name="fr_FR" translate="no"><val>Français</val></str>
		<str name="fr_CA" translate="no"><val>Français (Canada)</val></str>
		<str name="fr_MA" translate="no"><val>Français (Maroc)</val></str>
		<str name="fr_XM" translate="no"><val>Français (Moyen-Orient)</val></str>
		
		<str name="es_ES" translate="no"><val>Español</val></str>
		<str name="es_MX" translate="no"><val>Español (América Latina)</val></str>
		<str name="es_LA" translate="no"><val>Español de América Latina</val></str>
		<str name="es_NA" translate="no"><val>Español Norteamericano</val></str>
		<str name="es_QM" translate="no"><val>Español (Middle East)</val></str>
		
		<str name="ar_AE" translate="no"><val>العربية</val></str>
		<str name="bg_BG" translate="no"><val>Български</val></str>
		<str name="lv_LV" translate="no"><val>Latviešu</val></str>
		<str name="et_EE" translate="no"><val>Eesti</val></str>
		<str name="hr_HR" translate="no"><val>hrvatski</val></str>
		<str name="sl_SI" translate="no"><val>slovenščina</val></str>
		<str name="sk_SK" translate="no"><val>slovenčina</val></str>
		<str name="th_TH" translate="no"><val>ภาษาไทย</val></str>
		<str name="vi_VN" translate="no"><val>Việt</val></str>
		<str name="sq_AL" translate="no"><val>Shqip</val></str>
		<str name="ar_SA" translate="no"><val>العربية</val></str>
		<str name="be_BY" translate="no"><val>Беларуская</val></str>
		<str name="ca_ES" translate="no"><val>Català</val></str>
		<str name="hi_IN" translate="no"><val>हिन्दी</val></str>
		<str name="is_IS" translate="no"><val>Íslenska</val></str>
		<str name="lt_LT" translate="no"><val>Lietuvių</val></str>
		<str name="mk_MK" translate="no"><val>македонски</val></str>
		<str name="nn_NO" translate="no"><val>Norsk (Nynorsk)</val></str>
		<str name="pt_PT" translate="no"><val>Português de Portugal</val></str>
		<str name="sh_YU" translate="no"><val>Srpsko-Hrvatski</val></str>
		<str name="sr_YU" translate="no"><val>Cрпски</val></str>
		<str name="kk_KZ" translate="no"><val>Қазақ</val></str>
		<str name="az_AZ" translate="no"><val>Azərbaycan dili</val></str>
		<str name="no_NO" translate="no"><val>Norwegian</val></str>
		<str name="cs_CZ" translate="no"><val>česky</val></str>
		<str name="de_DE" translate="no"><val>Deutsch</val></str>
		<str name="el_GR" translate="no"><val>Ελληνικά</val></str>
		<str name="he_IL" translate="no"><val>עברית</val></str>
		<str name="hu_HU" translate="no"><val>magyar</val></str>
		<str name="it_IT" translate="no"><val>Italiano</val></str>
		<str name="ja_JP" translate="no"><val>日本語</val></str>
		<str name="ko_KR" translate="no"><val>한국어</val></str>
		<str name="nl_NL" translate="no"><val>Nederlands</val></str>
		<str name="pl_PL" translate="no"><val>polski</val></str>
		<str name="ro_RO" translate="no"><val>Română</val></str>
		<str name="ru_RU" translate="no"><val>русский</val></str>
		<str name="sv_SE" translate="no"><val>Svenska</val></str>
		<str name="tr_TR" translate="no"><val>Türkçe</val></str>
		<str name="uk_UA" translate="no"><val>українська</val></str>
		<str name="zh_CN" translate="no"><val>简体中文</val></str>
		<str name="zh_TW" translate="no"><val>繁體中文</val></str>
		<str name="da_DK" translate="no"><val>Dansk</val></str>
		<str name="fi_FI" translate="no"><val>suomi</val></str>
		<str name="nb_NO" translate="no"><val>Norsk (Bokmål)</val></str>
		<str name="pt_BR" translate="no"><val>Português do Brasil</val></str>
	</set>

</asf>
