<?xml version='1.0' encoding='utf-8'?>
<!DOCTYPE asf SYSTEM "http://ns.adobe.com/asf/asf_1_0.dtd" >
<asf xmlns="http://ns.adobe.com/asf" locale="es_ES" version="1.0">
	<set name="ButtonLabel">
		<str name="Quit" translate="yes">
			<val>Salir</val>
		</str>
		<str name="Yes" translate="yes">
			<val>Sí</val>
		</str>
		<str name="Cancel" translate="yes">
			<val>Cancelar</val>
		</str>
		<str name="Browse" translate="yes">
			<val>Examinar</val>
		</str>
		<str name="Retry" translate="yes">
			<val>Reintentar</val>
		</str>
		<str name="Pause" translate="yes">
			<val>Pausar</val>
		</str>
		<str name="Resume" translate="yes">
			<val>Reanudar</val>
		</str>
		<str name="No" translate="yes">
			<val>No</val>
		</str>
		<str name="save" translate="yes">
			<val>Guardar</val>
		</str>
		<str name="decline" translate="yes">
			<val>No aceptar</val>
		</str>
		<str name="accept" translate="yes">
			<val>Aceptar</val>
		</str>
		<str name="cancelInstall" translate="yes">
			<val>Cancelar instalación</val>
		</str>
		<str name="continue" translate="yes">
			<val>Continuar</val>
		</str>
	</set>
	<set name="downloadScreen">
		<str name="title" translate="yes">
			<val>Descargar</val>
		</str>
	</set>
	<set name="Updates">
		<str name="regularUp" translate="yes">
			<val>Actualizaciones regulares</val>
		</str>
		<str name="regularUpWithReboot" translate="yes">
			<val>Actualizaciones regulares. (Es necesario reiniciar)</val>
		</str>
		<str name="Update" translate="yes">
			<val>Actualizar</val>
		</str>
		<str name="UpToDate" translate="yes">
			<val>Actualizado</val>
		</str>
		<str name="newFeatures" translate="yes">
			<val>Nuevas funciones</val>
		</str>
		<str name="newFeaturesWtihReboot" translate="yes">
			<val>Nuevas funciones.</val>
		</str>
		<str name="RestartReq" translate="yes">
			<val>(Es necesario reiniciar)</val>
		</str>
		<str name="securityUp" translate="yes">
			<val>Actualizaciones de seguridad.</val>
		</str>
		<str name="securityUpWithReboot" translate="yes">
			<val>Actualizaciones de seguridad. (Es necesario reiniciar)</val>
		</str>
		<str name="Updates" translate="yes">
			<val>Actualizaciones</val>
		</str>
		<str name="UpdatesCount" translate="yes">
			<val>Actualizaciones ({0})</val>
		</str>
		<str name="Updating" translate="yes">
			<val>Actualizando...</val>
		</str>
		<str name="UpdateFail" translate="yes">
			<val>Fallo en la actualización</val>
		</str>
		<str name="Updated" translate="yes">
			<val>Actualizado</val>
		</str>
		<str name="UpdateAll" translate="yes">
			<val>Actualizar todo</val>
		</str>
		<str name="finishingUp" translate="yes">
			<val>Finalizando...</val>
		</str>
		<str name="UpdateWait" translate="yes">
			<val>Esperando a actualizar</val>
		</str>
		<str name="NoNewUpdate" translate="yes">
			<val>Completado. No hay actualizaciones nuevas.</val>
		</str>
		<str name="UpdatingAll" translate="yes">
			<val>Actualizando todas las aplicaciones...</val>
		</str>
		<str name="CancellingUpdate" translate="yes">
			<val>Cancelando la actualización...</val>
		</str>
		<str name="CancelUpdate" translate="yes">
			<val>Cancelar actualización</val>
		</str>
	</set>
	<set name="EulaScreen">
		<str name="title" translate="yes">
			<val>Acuerdo de licencia del software de Adobe</val>
		</str>
	</set>
	<set name="NavigationPanel">
		<str name="preferences" translate="yes">
			<val>Mis preferencias</val>
		</str>
		<str name="OnlyPreferences" translate="yes">
			<val>Preferencias</val>
		</str>
		<str name="help" translate="yes">
			<val>Ayuda</val>
		</str>
		<str name="signOut" translate="yes">
			<val>Cerrar sesión</val>
		</str>
		<str name="allApps" translate="yes">
			<val>Todo</val>
		</str>
		<str name="allAppsCount" translate="yes">
			<val>Todo ({0})</val>
		</str>
		<str name="newApps" translate="yes">
			<val>Nuevas aplicaciones ({0})</val>
		</str>
	</set>

	<set name="PreferenceScreen">
		<str name="title" translate="yes">
			<val>Preferencias</val>
		</str>
		<str name="installOptions" translate="yes">
			<val>Opciones de instalación</val>
		</str>
		<str name="language" translate="yes">
			<val>Idioma:</val>
		</str>
		<str name="installLocation" translate="yes">
			<val>Ubicación:</val>
		</str>
		<str name="useDefaultInstallLocation" translate="yes">
			<val>Utilizar ubicación predeterminada...</val>
		</str>
		<str name="usingDefaultInstallLocation" translate="yes">
			<val>Ubicación predeterminada…</val>
		</str>
		<str name="defaultOptions" translate="yes">
			<val>Utilizar siempre las opciones de instalación predeterminadas.</val>
		</str>
		<str name="reportsTitle" translate="yes">
			<val>Informes</val>
		</str>
		<str name="analyticsReport" translate="yes">
			<val>Colaborar con Adobe para mejorar la experiencia de descarga e instalación enviando informes sobre el estado de la instalación.</val>
		</str>
	</set>
	<set name="PreferencePathError">
			<str name="LongPath" translate="yes">
				<val>La ruta de instalación seleccionada es demasiado larga.</val>
			</str>
			<str name="RootDrive" translate="yes">
				<val>No se puede instalar en una ubicación de unidad raíz.</val>
			</str>
			<str name="RemovableDrive" translate="yes">
				<val>No se puede instalar en una unidad flash extraíble.</val>
			</str>
			<str name="MappedDrive" translate="yes">
				<val>No se puede instalar en una unidad de red asignada.</val>
			</str>
			<str name="CaseSensitive" translate="yes">
				<val>No se puede instalar en volúmenes que distinguen mayúsculas y minúsculas.</val>
			</str>
			<str name="LockedPath" translate="yes">
				<val>No se puede instalar en una ubicación bloqueada.</val>
			</str>
			<str name="Generic" translate="yes">
				<val>No se puede instalar en la ubicación seleccionada.</val>
			</str>
		</set>
	<set name="networkErrors">
		<str name="networkDisconnect" translate="yes">
			<val>Conéctese a Internet e inténtelo de nuevo.</val>
		</str>
	</set>
	<set name="fileSystemError">
		<str name="fileWriteError" translate="yes">
			<val>No se puede escribir en {0}. Seleccione otra carpeta para continuar.</val>
		</str>
		<str name="writePermissionError" translate="yes">
			<val>No tiene permiso para escribir en {0}. Proporcione permisos de escritura a esta carpeta e inténtelo de nuevo.</val>
		</str>
	</set>
	<set name="Progress">
		<str name="extractionProgress" translate="yes">
			<val>Extrayendo...</val>
		</str>
		<str name="extractionWait" translate="yes">
			<val>Esperando para extraer...</val>
		</str>
		<str name="downloading" translate="yes">
			<val>Descarga en curso...</val>
		</str>
		<str name="percentComplete" translate="yes">
			<val>{0} % completado</val>
		</str>
		<str name="percentDownloaded" translate="yes">
			<val>{0} % descargado</val>
		</str>
		<str name="percentInstalled" translate="yes">
			<val>{0} % instalado</val>
		</str>
		<str name="percentMbOfMb" translate="yes">
			<val>Descargando {0} MB de {1} MB</val>
		</str>
		<str name="percentMbOfGb" translate="yes">
			<val>Descargando {0} MB de {1} GB</val>
		</str>
		<str name="percentGbOfGb" translate="yes">
			<val>Descargando {0} GB de {1} GB</val>
		</str>
		<str name="minutesRemaining" translate="yes">
			<val>Quedan {0} minutos</val>
		</str>
		<str name="minuteRemaining" translate="yes">
			<val>Queda {0} minuto</val>
		</str>
		<str name="lessThanMinute" translate="yes">
			<val>Menos de un minuto</val>
		</str>
		<str name="calculatingTime" translate="yes">
			<val>Calculando tiempo restante</val>
		</str>
		<str name="downloadWait" translate="yes">
			<val>Esp. descarg...</val>
		</str>
		<str name="downloadCancel" translate="yes">
			<val>Cancelando descarga...</val>
		</str>
		<str name="install" translate="yes">
			<val>Instalar</val>
		</str>
		<str name="try" translate="yes">
			<val>Probar</val>
		</str>
		<str name="installing" translate="yes">
			<val>Instalación en curso...</val>
		</str>
		<str name="installWait" translate="yes">
			<val>Esperando para instalar...</val>
		</str>
		<str name="installCancel" translate="yes">
			<val>Cancelando instalación...</val>
		</str>
		<str name="installComplete" translate="yes">
			<val>Instalación completa</val>
		</str>
		<str name="closing" translate="yes">
			<val>Cerrando...</val>
		</str>
		<str name="alreadyInstalled" translate="yes">
			<val>Instalado</val>
		</str>
		<str name="trialDaysRemaining" translate="yes">
			<val>Le quedan {0} días de prueba restantes</val>
		</str>
		<str name="trialDayRemaining" translate="yes">
			<val>Le quedan {0} día de prueba restante</val>
		</str>
		<str name="appLaunch" translate="yes">
			<val>Lanzar</val>
		</str>
	</set>

	<set name="UpdateErrors">
		<str name="fileWriteError" translate="yes">
			<val>Error de escritura. Salga e inténtelo de nuevo tras desactivar el antivirus o contacte con {0}Asistencia al cliente{1}.</val>
		</str>
		<str name="genericInstallFailure" translate="yes">
			<val>Se ha producido un error al instalar la actualización. Inténtelo de nuevo más tarde o póngase en contacto con {0}Asistencia al cliente{1}.</val>
		</str>
		<str name="updaterNotRunning" translate="yes">
			<val>¡Vaya! Parece que no se está ejecutando el instalador de parches. Salga e intente realizar de nuevo la actualización más tarde.</val>
		</str>
		<str name="updateNotApplicable" translate="yes">
			<val>Esta actualización no es aplicable a las versiones beta o demo de este producto.</val>
		</str>
		<str name="unableToApplySassafras" translate="yes">
			<val>No se han podido actualizar los productos con claves. Póngase en contacto con el administrador de Sassafras para obtener más información.</val>
		</str>
		<str name="conflictingProcessErrTitle" translate="yes">
			<val>Actualización {0}</val>
		</str>
		<str name="patchModeSyncErrorTitle" translate="yes">
			<val>Se ha producido un problema.</val>
		</str>
		<str name="appMovedErrTitle" translate="yes">
			<val>No se pudo encontrar la aplicación. Restáurela si la ha eliminado/movido a un volumen diferente. Si no, reinstálela.</val>
		</str>
		<str name="adminPriviledgeUpdateErr" translate="yes">
			<val>Se necesitan privilegios de administrador para la actualización. Inténtelo de nuevo o pulse Cancelar para instalarlo más tarde.</val>
		</str>
		<str name="aamuAlreadyRunningErr" translate="yes">
			<val>Se está ejecutando Adobe Application Manager. Cierre el programa antes de aplicar actualizaciones o póngase en contacto con {0}Asistencia al cliente{1}.</val>
		</str>
	</set>

	<set name="DownloadErrors">
		<str name="retryingTitle" translate="yes">
			<val>Reintentando...</val>
		</str>
		<str name="commonDownloadErrTitle" translate="yes">
			<val>Error de descarga</val>
		</str>
		<str name="commonDownloadErr" translate="yes">
			<val>Error de descarga. Pulse Reintentar para intentarlo de nuevo o póngase en contacto con {0}Asistencia al cliente{1}.</val>
		</str>
		<str name="fatalDownloadErr" translate="yes">
			<val>Error de descarga. Contacte con el servicio de {0}Asistencia al cliente{1}.</val>
		</str>
		<str name="genericWriteErr" translate="yes">
			<val>Error al acceder al disco duro. Pulse Reintentar para intentarlo de nuevo o contacte con el {0}servicio de asistencia al cliente{1}.</val>
		</str>
		<str name="diskSpaceError" translate="yes">
			<val>No hay espacio suficiente en disco. Libere espacio en {0} e inténtelo de nuevo.</val>
		</str>
		<str name="writeError" translate="yes">
			<val>Error de escritura en la ubicación del archivo temporal. Si el problema persiste, póngase en contacto con {0}Asistencia al cliente{1}.</val>
		</str>
		<str name="InvalidFile" translate="yes">
			<val>Parece que la descarga está dañada. Pulse Cancelar, espere unos minutos e inténtelo de nuevo.</val>
		</str>
		<str name="networkUnavailable" translate="yes">
			<val>No se ha podido acceder a los servidores de Adobe. Compruebe la conexión a Internet, la configuración del firewall e inténtelo de nuevo.</val>
		</str>
		<str name="networkUnavailableRetry" translate="yes">
			<val>El servidor no responde. Compruebe su configuración de Internet y del cortafuegos y luego pulse Reintentar para intentarlo de nuevo.</val>
		</str>
		<str name="maxPathErr" translate="yes">
			<val>La ruta de descarga es demasiado larga. Contacte con el {0}servicio de asistencia al cliente{1}.</val>
		</str>
		<str name="pathUnavailable" translate="yes">
			<val>La ruta de descarga no está disponible. Inténtelo de nuevo. Si el problema persiste, contacte con el {0}servicio de asistencia al cliente{1}.</val>
		</str>
		<str name="pathUnavailableFatal" translate="yes">
			<val>La ruta de descarga no está disponible. Salga e inténtelo de nuevo más tarde. Si el problema persiste, contacte con el {0}servicio de asistencia al cliente{1}.</val>
		</str>
	</set>

	<set name="PreferenceErrors">
		<str name="maxPathErr" translate="yes">
			<val>La ruta de instalación es demasiado larga. Seleccione otra ubicación de instalación en sus preferencias e inténtelo de nuevo.</val>
		</str>
		<str name="rootPathErr" translate="yes">
			<val>No se puede instalar en la ruta raíz.</val>
		</str>
		<str name="flashPathErr" translate="yes">
			<val>No se puede instalar en una unidad extraíble.</val>
		</str>
		<str name="networkPathErr" translate="yes">
			<val>No se puede instalar en una unidad de red.</val>
		</str>
		<str name="caseSensitivePathErr" translate="yes">
			<val>No se puede instalar en una unidad que distingue entre mayúsculas y minúsculas.</val>
		</str>
		<str name="GenericErr" translate="yes">
			<val>Error en la ruta de instalación. Seleccione otra ubicación de instalación en sus preferencias e inténtelo de nuevo.</val>
		</str>
	</set>
	
	<set name="InstallErrors">
		<str name="installFailed" translate="yes">
			<val>Error de instalación</val>
		</str>
		<str name="InitializeFailed" translate="yes">
			<val>No se puede instalar el producto. Pulse Reintentar para descargarlo de nuevo.</val>
		</str>
		<str name="conflictErr" translate="yes">
			<val>Existe una versión en conflicto o de evaluación de{0} en este ordenador. Salga y desinstale la versión anterior antes de continuar.</val>
		</str>
		<str name="betaVersionErr" translate="yes">
			<val>Hay una versión beta de este producto en el equipo. Cierre y desinstale dicha versión antes de continuar; póngase en contacto con {0}Asistencia al cliente{1}.</val>
		</str>
		<str name="msiRunningErr" translate="yes">
			<val>Ya hay otro instalador en ejecución. Espere a que termine e inténtelo de nuevo.</val>
		</str>
		<str name="aamRunningErr" translate="yes">
			<val>Application Manager ya está en ejecución. Espere a que termine e inténtelo de nuevo.</val>
		</str>
		<str name="adminPriviledgeErr" translate="yes">
			<val>Se necesitan privilegios de administrador para la instalación. Inténtelo de nuevo o pulse Cancelar para instalarlo más tarde.</val>
		</str>
		<str name="applicationList" translate="yes">
			<val>- {0}</val>
		</str>
		<str name="LockedPathErr" translate="yes">
			<val>{0} está bloqueado. Seleccione otra ubicación de instalación en sus preferencias o desbloquee la carpeta. A continuación, inténtelo de nuevo.</val>
		</str>
		<str name="accessPermissionErr" translate="yes">
			<val>{0} no dispone de acceso de escritura. Seleccione otra ubicación de instalación en sus preferencias o proporcione acceso de escritura a la carpeta. A continuación, inténtelo de nuevo.</val>
		</str>
		<str name="installPathErr" translate="yes">
			<val>Error en la ruta de instalación. Seleccione otra ubicación de instalación en sus preferencias e inténtelo de nuevo.</val>
		</str>
		<str name="systemReqErr" translate="yes">
			<val>No se cumplen los requisitos del sistema. Vea los {0}requisitos mínimos del sistema{1} para obtener más detalles.</val>
		</str>
		<str name="diskSpaceErr" translate="yes">
			<val>No hay suficiente espacio en disco. Seleccione otra ubicación de instalación en sus preferencias, o libere espacio en disco e inténtelo de nuevo.</val>
		</str>
		<str name="conflictingProcessErr" translate="yes">
			<val>Cierre las siguientes aplicaciones para continuar:</val>
		</str>
		<str name="conflictingProcessErrTitle" translate="yes">
			<val>Instalar {0}</val>
		</str>
		<str name="SyncFailureError" translate="yes">
			<val>Se ha producido un error en la instalación. Reinicie el sistema e inténtelo de nuevo.</val>
		</str>
		<str name="criticalInstallErr" translate="yes">
			<val>Se han encontrado errores durante la instalación. {0}Obtener más detalles{1}.</val>
		</str>
		<str name="recommendedInstallErr" translate="yes">
			<val>La instalación se ha completado, aunque algunos componentes recomendados no se han instalado correctamente. {0}Obtener más detalles{1}.</val>
		</str>
		<str name="mediadbSyncErr" translate="yes">
			<val>La instalación se ha completado, aunque algunos componentes no se han instalado correctamente. {0}Obtener más detalles{1}.</val>
		</str>
		<str name="aamCorruptErr" translate="yes">
			<val>Adobe Application Manager está dañado y es necesario reinstalarlo. {0}Descárguelo ahora{1} o póngase en contacto con {2}Asistencia al cliente{3}.</val>
		</str>
		<str name="doneWithError" translate="yes">
			<val>La instalación se ha completado, aunque algunos componentes opcionales no se han instalado correctamente. {0}Obtener más detalles{1}.</val>
		</str>
		<str name="relaunchAAM" translate="yes">
			<val>Se ha producido un problema. Salga de Adobe Application Manager e inténtelo de nuevo. Eso debería solucionar el problema.</val>
		</str>
	</set>

	<set name="ExtractionErrors">
		<str name="badPathErr" translate="yes">
			<val>No se pueden extraer los archivos descargados. Pulse Reintentar para descargarlos de nuevo.</val>
		</str>
		<str name="diskSpaceErr" translate="yes">
			<val>No hay espacio suficiente en disco para extraer los archivos. Libere espacio en {0} e inténtelo de nuevo.</val>
		</str>
		<str name="writePermissionErr" translate="yes">
			<val>{0} falta o está protegido. Cree la ruta, asegúrese de que dispone de acceso de escritura e inténtelo de nuevo.</val>
		</str>
		<str name="maxPathErr" translate="yes">
			<val>No se puede extraer en el directorio temporal. Póngase en contacto con {1}Asistencia al cliente{2}.</val>
		</str>
		<str name="genericExtractionErr" translate="yes">
			<val>No se pueden extraer los archivos. Pulse Reintentar para descargarlos de nuevo o contacte con el {0}servicio de asistencia al cliente{1}.</val>
		</str>
	</set>
	<set name="CommonErrors">
		<str name="errorBracket" translate="yes">
			<val> ({0})</val>
		</str>
	</set>

	<set name="authProxy">
		<str name="authTitle" translate="yes">
			<val>Una cosa más...</val>
		</str>
		<str name="authDesc" translate="yes">
			<val>Introduzca su nombre de usuario y contraseña de proxy para continuar. Esto normalmente se produce si se encuentra detrás de un firewall.</val>
		</str>
		<str name="userName" translate="yes">
			<val>Nombre de usuario:</val>
		</str>
		<str name="password" translate="yes">
			<val>Contraseña:</val>
		</str>
		<str name="rememberCredentials" translate="yes">
			<val>Recordar mi información de proxy.</val>
		</str>

	</set>

	<set name="Common">
		<str name="GB" translate="yes">
			<val>GB</val>
		</str>
		<str name="launching" translate="yes">
			<val>Iniciando...</val>
		</str>
		<str name="QuitConfirmation" translate="yes">
			<val>¿Seguro que desea salir? Todas las descargas e instalaciones activas se cancelarán.</val>
		</str>
		<str name="SingleQuitConfirmation" translate="yes">
			<val>¿Seguro que desea cancelar esta instalación?</val>
		</str>
		<str name="SingleUpdateQuitConfirmation" translate="yes">
			<val>¿Está seguro de que desea cancelar esta actualización?</val>
		</str>
		<str name="ErrorSummaryText" translate="yes">
			<val>El archivo {0}resumen de errores{1} puede ayudarle a identificar el problema.</val>
		</str>
		<str name="CustomerSupportText" translate="yes">
			<val>Si el problema persiste, póngase en contacto con {0}Asistencia al cliente{1} para obtener ayuda.</val>
		</str>
		<str name="CustomerSupportLink" translate="yes">
			<val>http://www.adobe.com/go/support_es</val>
		</str>
		<str name="goSupportLink" translate="yes">
			<val>http://www.adobe.com/go/customer_support_es</val>
		</str>
		<str name="sysReqLink" translate="yes">
			<val>http://www.adobe.com/go/cc_techspecs_es</val>
		</str>
		<str name="aamDownloadLink" translate="yes">
			<val>http://www.adobe.com/go/applicationmanager_es</val>
		</str>
		<str name="MB" translate="yes">
			<val>MB</val>
		</str>
		<str name="KB" translate="yes">
			<val>KB</val>
		</str>
		<str name="of" translate="yes">
			<val>de</val>
		</str>
		<str name="decimalSeparator" translate="yes">
			<val>,</val>
		</str>
		<str name="langFallbackStr" translate="yes">
			<val>(En {0})</val>
		</str>
		<str name="commaSeparator" translate="yes">
			<val>,</val>
		</str>
		<str name="upgradeConfirmation" translate="yes">
			<val>La instalación de {0} en modo de prueba desinstalará las versiones anteriores de {1}.</val>
		</str>
		<str name="upgradeConfirmationTitle" translate="yes">
			<val>Tenga en cuenta que...</val>
		</str>
	</set>
	
	<set name="isoToLanguage">
		<str name="ar_AE" translate="no"><val>العربية</val></str>
		<str name="en_GB" translate="no"><val>English (International)</val></str> 
		<str name="fr_CA" translate="no"><val>Français canadien</val></str>
		<str name="es_QM" translate="no"><val>Español (Middle East)</val></str>
		<str name="es_LA" translate="no"><val>Español de América Latina</val></str>
		<str name="es_NA" translate="no"><val>Español Norteamericano</val></str>
		<str name="bg_BG" translate="no"><val>Български</val></str>
		<str name="lv_LV" translate="no"><val>Latviešu</val></str>
		<str name="et_EE" translate="no"><val>Eesti</val></str>
		<str name="hr_HR" translate="no"><val>hrvatski</val></str>
		<str name="sl_SI" translate="no"><val>slovenščina</val></str>
		<str name="sk_SK" translate="no"><val>slovenčina</val></str>
		<str name="th_TH" translate="no"><val>ภาษาไทย</val></str> 
		<str name="vi_VN" translate="no"><val>Việt</val></str>
		<str name="en_XC" translate="no"><val>English (Central Europe)</val></str> 
		<str name="en_XM" translate="no"><val>English (Middle East)</val></str>
		<str name="fr_XM" translate="no"><val>Français Oriental Moyen</val></str>
		<str name="sq_AL" translate="no"><val>Shqip</val></str> 
		<str name="ar_SA" translate="no"><val>العربية</val></str>
		<str name="be_BY" translate="no"><val>Беларуская</val></str> 
		<str name="ca_ES" translate="no"><val>Català</val></str> 
		<str name="hi_IN" translate="no"><val>हिन्दी</val></str>
		<str name="is_IS" translate="no"><val>Íslenska</val></str> 
		<str name="lt_LT" translate="no"><val>Lietuvių</val></str>
		<str name="mk_MK" translate="no"><val>македонски</val></str>
		<str name="nn_NO" translate="no"><val>Norsk (Nynorsk)</val></str>
		<str name="pt_PT" translate="no"><val>Português de Portugal</val></str> 
		<str name="sh_YU" translate="no"><val>Srpsko-Hrvatski</val></str> 
		<str name="sr_YU" translate="no"><val>Cрпски</val></str> 
		<str name="kk_KZ" translate="no"><val>Қазақ</val></str>
		<str name="az_AZ" translate="no"><val>Azərbaycan dili</val></str> 
		<str name="es_MX" translate="no"><val>Español (América Latina)</val></str>
		<str name="no_NO" translate="no"><val>Norwegian</val></str> 
		<str name="cs_CZ" translate="no"><val>Česky</val></str>
		<str name="de_DE" translate="no"><val>Deutsch</val></str>
		<str name="el_GR" translate="no"><val>Ελληνικά</val></str>
		<str name="en_US" translate="no"><val>English (North America)</val></str> 
		<str name="es_ES" translate="no"><val>Español</val></str> 
		<str name="fr_FR" translate="no"><val>Français</val></str>
		<str name="he_IL" translate="no"><val>עברית</val></str> 
		<str name="hu_HU" translate="no"><val>Magyar</val></str> 
		<str name="it_IT" translate="no"><val>Italiano</val></str>
		<str name="ja_JP" translate="no"><val>日本語</val></str>
		<str name="ko_KR" translate="no"><val>한국어</val></str>
		<str name="nl_NL" translate="no"><val>Nederlands</val></str>
		<str name="pl_PL" translate="no"><val>Polski</val></str>
		<str name="ro_RO" translate="no"><val>Română</val></str>
		<str name="ru_RU" translate="no"><val>Pусский</val></str>
		<str name="sv_SE" translate="no"><val>Svenska</val></str>
		<str name="tr_TR" translate="no"><val>Türkçe</val></str>
		<str name="uk_UA" translate="no"><val>Українська</val></str>
		<str name="zh_CN" translate="no"><val>简体中文</val></str>
		<str name="zh_TW" translate="no"><val>繁體中文</val></str>
		<str name="da_DK" translate="no"><val>Dansk</val></str>
		<str name="fi_FI" translate="no"><val>Suomi</val></str>
		<str name="nb_NO" translate="no"><val>Norsk (Bokmål)</val></str> 
		<str name="pt_BR" translate="no"><val>Português do Brasil</val></str>
		<str name="en_AE" translate="no"><val>English يدعم العربية</val></str> 
		<str name="en_IL" translate="no"><val>English תומך עברית</val></str> 
		<str name="fr_MA" translate="no"><val>Français (Maroc)</val></str>
    </set>
	
	<set name="isoToFallbackLanguage">
		<str name="ar_AE" translate="no"><val>العربية</val></str>
		<str name="en_GB" translate="yes"><val>Inglés</val></str> 
		<str name="fr_CA" translate="no"><val>Français canadien</val></str>
		<str name="es_QM" translate="no"><val>Español</val></str>
		<str name="es_LA" translate="no"><val>Español de América Latina</val></str>
		<str name="es_NA" translate="no"><val>Español Norteamericano</val></str>
		<str name="bg_BG" translate="no"><val>Български</val></str>
		<str name="lv_LV" translate="no"><val>Latviešu</val></str>
		<str name="et_EE" translate="no"><val>Eesti</val></str>
		<str name="hr_HR" translate="no"><val>hrvatski</val></str>
		<str name="sl_SI" translate="no"><val>slovenščina</val></str>
		<str name="sk_SK" translate="no"><val>slovenčina</val></str>
		<str name="th_TH" translate="no"><val>ภาษาไทย</val></str> 
		<str name="vi_VN" translate="no"><val>Việt</val></str>
		<str name="en_XC" translate="yes"><val>Inglés</val></str> 
		<str name="en_XM" translate="yes"><val>Inglés</val></str>
		<str name="fr_XM" translate="no"><val>Français Oriental Moyen</val></str>
		<str name="sq_AL" translate="no"><val>Shqip</val></str> 
		<str name="ar_SA" translate="no"><val>العربية</val></str>
		<str name="be_BY" translate="no"><val>Беларуская</val></str> 
		<str name="ca_ES" translate="no"><val>Català</val></str> 
		<str name="hi_IN" translate="no"><val>हिन्दी</val></str>
		<str name="is_IS" translate="no"><val>Íslenska</val></str> 
		<str name="lt_LT" translate="no"><val>Lietuvių</val></str>
		<str name="mk_MK" translate="no"><val>македонски</val></str>
		<str name="nn_NO" translate="no"><val>Norsk</val></str>
		<str name="pt_PT" translate="no"><val>Português de Portugal</val></str> 
		<str name="sh_YU" translate="no"><val>Srpsko-Hrvatski</val></str> 
		<str name="sr_YU" translate="no"><val>Cрпски</val></str> 
		<str name="kk_KZ" translate="no"><val>Қазақ</val></str>
		<str name="az_AZ" translate="no"><val>Azərbaycan dili</val></str> 
		<str name="es_MX" translate="no"><val>Español</val></str>
		<str name="no_NO" translate="no"><val>Norwegian</val></str> 
		<str name="cs_CZ" translate="no"><val>Česky</val></str>
		<str name="de_DE" translate="no"><val>Deutsch</val></str>
		<str name="el_GR" translate="no"><val>Ελληνικά</val></str>
		<str name="en_US" translate="yes"><val>Inglés</val></str> 
		<str name="es_ES" translate="no"><val>Español</val></str> 
		<str name="fr_FR" translate="no"><val>Français</val></str>
		<str name="he_IL" translate="no"><val>עברית</val></str> 
		<str name="hu_HU" translate="no"><val>Magyar</val></str> 
		<str name="it_IT" translate="no"><val>Italiano</val></str>
		<str name="ja_JP" translate="no"><val>日本語</val></str>
		<str name="ko_KR" translate="no"><val>한국어</val></str>
		<str name="nl_NL" translate="no"><val>Nederlands</val></str>
		<str name="pl_PL" translate="no"><val>Polski</val></str>
		<str name="ro_RO" translate="no"><val>Română</val></str>
		<str name="ru_RU" translate="no"><val>Pусский</val></str>
		<str name="sv_SE" translate="no"><val>Svenska</val></str>
		<str name="tr_TR" translate="no"><val>Türkçe</val></str>
		<str name="uk_UA" translate="no"><val>Українська</val></str>
		<str name="zh_CN" translate="yes"><val>简体中文</val></str>
		<str name="zh_TW" translate="yes"><val>繁體中文</val></str>
		<str name="da_DK" translate="no"><val>Dansk</val></str>
		<str name="fi_FI" translate="no"><val>Suomi</val></str>
		<str name="nb_NO" translate="no"><val>Norsk</val></str> 
		<str name="pt_BR" translate="no"><val>Português do Brasil</val></str>
		<str name="en_AE" translate="no"><val>English يدعم العربية</val></str> 
		<str name="en_IL" translate="no"><val>English תומך עברית</val></str> 
		<str name="fr_MA" translate="no"><val>Français</val></str>
    </set>
	
	<set name="register">
		<set name="subscription">
			<str name="title" translate="yes">
				<val>Inicio de sesión obligatorio</val>
			</str>			
			<str name="message" translate="yes">
				<val>Es obligatorio iniciar sesión para usar este producto y registrarlo con su ID de Adobe. Su ID de Adobe le proporciona una forma sencilla de acceder a sus números de serie, a Adobe Creative Cloud y a la comunidad de Adobe.com.</val>
			</str>
			<str name="userEmail" translate="yes">
				<val>Iniciaremos sesión con este ID de Adobe: {0}.</val>
			</str>
			<str name="notYou" translate="yes">
				<val>(¿No es su ID de Adobe?)</val>
			</str>
			<str name="signInNow" translate="yes">
				<val>Iniciar sesión ahora</val>
			</str>
			<str name="signIn" translate="yes">
				<val>Iniciar sesión</val>
			</str>
			<str name="back" translate="yes">
				<val>Atrás</val>
			</str>
		</set>
	</set>
	<set name="AdobeIdScreen">
		<str name="signinHeader" translate="yes">
			<val>Inicie sesión con su ID de Adobe</val>
		</str>
		<str name="signinSubheader" translate="yes">
			<val>Queremos asegurarnos de que obtiene las aplicaciones adecuadas</val>
		</str>
		<str name="username" translate="yes">
			<val>ID de Adobe:</val>
		</str>
		<str name="password" translate="yes">
			<val>Contraseña:</val>
		</str>
		<str name="cancel" translate="yes">
			<val>Cancelar</val>
		</str>
		<str name="Quit" translate="yes">
			<val>Salir</val>
		</str>
		<str name="createAdobeID" translate="yes">
			<val>Crear un ID de Adobe</val>
		</str>
		<str name="forgotYourPassword" translate="yes">
			<val>¿Ha olvidado la contraseña?</val>
		</str>
		<str name="usernameSample" translate="yes">
			<val>juan@nadie.com</val>
		</str>
		<str name="save" translate="yes">
			<val>Iniciar sesión</val>
		</str>
		<str name="createAdobeIDURL" translate="yes">
			<val>/go/adobemembership_es</val>
		</str>
		<str name="forgotYourPasswordURL" translate="yes">
			<val>/go/forgetpassword_es</val>
		</str>
	</set>
	<set name="AdobeIdScreenErrors">
	    <str name="doesNotExist" translate="yes">
			<val>El ID de Adobe no existe</val>
		</str>
		<str name="invalidCredentials" translate="yes">
			<val>El ID de Adobe y la contraseña no coinciden.</val>
		</str>
		<str name="loginDeny" translate="yes">
			<val>Se ha superado el número máximo de intentos de inicio de sesión. Salga e inténtelo de nuevo.</val>
		</str>
		<str name="malformedAdobeId" translate="yes">
			<val>ID de Adobe no válido.</val>
		</str>
		<str name="networkError" translate="yes">
			<val>No se puede contactar con Adobe. Conéctese a Internet e inténtelo de nuevo.</val>
		</str>
		<str name="internalError" translate="yes">
			<val>Error interno. No se puede iniciar sesión.</val>
		</str>
	</set>
	<set name="OptinDialog">
	    <str name="title" translate="yes">
			<val>Pensamos que debíamos informarle.</val>
		</str>
		<str name="optinText" translate="yes">
			<val>Cuando descarga este producto de prueba está aceptando que nosotros, y otras empresas que nos proporcionan ayuda comercial, podríamos utilizar su información y enviarle comunicaciones de marketing mediante correo electrónico, correo o teléfono, de acuerdo con nuestra &lt;a href='{0}'&gt;Política de privacidad&lt;/a&gt;. Puede dejar de recibir correos electrónicos en el futuro haciendo clic en el vínculo de cancelación de la suscripción de cualquier correo electrónico que reciba de nuestra parte.</val>
		</str>
		<str name="privacyLink" translate="yes">
			<val>http://www.adobe.com/go/privacy_es</val>
		</str>
		<str name="adobeLink" translate="yes">
			<val>http://www.adobe.com/es/</val>
		</str>
		<str name="cancel" translate="yes">
			<val>Cancelar</val>
		</str>
		<str name="ok" translate="yes">
			<val>Aceptar</val>
		</str>
	</set>
	<set name="EligibleTrialistDialog">
	    <str name="title" translate="yes">
			<val>Espere un minuto...</val>
		</str>
		<str name="message" translate="yes">
			<val>Según sus {0} de idioma actuales, {1} se instalará en el modo de prueba. Cambie su idioma preferencial a un idioma permitido para poder disfrutar de la versión completa del producto.</val>
		</str>
		<str name="installTrial" translate="yes">
			<val>Instalar versión de prueba</val>
		</str>
		<str name="cancel" translate="yes">
			<val>Cancelar</val>
		</str>
		<str name="changePrefs" translate="yes">
			<val>Cambiar preferencias</val>
		</str>
	</set>
	<set name="LanguageSelectionDialog">
	    <str name="sl_title" translate="yes">
			<val>Cambiar el idioma</val>
		</str>
		<str name="sl_message" translate="yes">
			<val>Cambie sus {0}Preferencias{1} de idioma de {2} {3}a {4}{5} para que podamos notificarle de las actualizaciones del producto adquirido {6}{7}{8}.</val>
		</str>
		<str name="changeNow" translate="yes">
			<val>Cambiar ahora</val>
		</str>
		<str name="changeLater" translate="yes">
			<val>Cambiar más tarde</val>
		</str>
		<str name="ml_title" translate="yes">
			<val>Elegir un idioma</val>
		</str>
		<str name="ml_message" translate="yes">
			<val>Seleccione un idioma para instalar el producto.</val>
		</str>
		<str name="ml_info" translate="yes">
			<val>También se establecerá como idioma predeterminado en {0}Preferencias{1}, que podrá cambiar más tarde.</val>
		</str>
		<str name="continue" translate="yes">
			<val>Continuar</val>
		</str>
	</set>
</asf>
