<?xml version='1.0' encoding='utf-8'?>
<!DOCTYPE asf SYSTEM "http://ns.adobe.com/asf/asf_1_0.dtd" >
<asf xmlns="http://ns.adobe.com/asf" locale="pt_BR" version="1.0">
	
	<set name="common">
		<str name="windowTitle" translate="yes">
			<val>Produto Adobe</val>
		</str>
		<str name="day" translate="yes">
			<val>dia</val>
		</str>
		<str name="days" translate="yes">
			<val>dias</val>
		</str>
	</set>
	
	<set name="eula">
		<str name="eula" translate="yes">
			<val>Contrato de licença de software da Adobe</val>
		</str>
		<str name="accept" translate="yes">
			<val>Aceitar</val>
		</str>
		<str name="quit" translate="yes">
			<val>Sair</val>
		</str>		
	</set>

	<set name="register">
		<set name="trial">
			<set name="online">
				<str name="title" translate="yes">
					<val>Entrada necessária</val>
				</str>
				<str name="message" translate="yes">
					<val>Entre com sua ID da Adobe para usar a versão de avaliação de {0}.</val>
				</str>
				<str name="message_device" translate="yes">
					<val>A versão de avaliação será registrada no seu ID da Adobe: {0}.</val>
				</str>
				<str name="notYou" translate="yes">
					<val>(Não é sua ID da Adobe?)</val>
				</str>
				<str name="signInNow" translate="yes">
					<val>Entrar agora</val>
				</str>
				<str name="signIn" translate="yes">
					<val>Entrar</val>
				</str>
				<str name="termTitle" translate="yes">
					<val>Termos e condições do software de avaliação.</val>
				</str>
				<str name="termPara1" translate="yes">
					<val>Poderemos solicitar o fornecimento de informações opcionais para adaptar o conteúdo para você. Você poderá desativar o conteúdo personalizado a qualquer momento indo até Configurações de privacidade na tela de avaliação.</val>
				</str>
				<str name="termPara2" translate="yes">
					<val>Para obter informações sobre dados que coletamos sobre seu uso do produto e como a Adobe usa esses dados, inclusive como divulgamos produtos de acordo com seus interesses, clique {0}aqui{1} e veja a {2}Política de privacidade on-line da Adobe{3}.</val>
				</str>
				<str name="privacyPortalLink" translate="yes">
					<val>http://www.adobe.com/go/adobe_privacy_portal_br</val>
				</str>
				<str name="privacyPolicyLink" translate="yes">
					<val>http://www.adobe.com/go/privacy_br</val>
				</str>
			</set>
		</set>
		
		<set name="subscription">
			<str name="title" translate="yes">
				<val>Entrada necessária</val>
			</str>			
			<str name="message" translate="yes">
				<val>É necessário entrar para usar este produto e registrá-lo com sua ID da Adobe. A ID da Adobe permite acessar os números de série, o Adobe Creative Cloud e a comunidade Adobe.com.</val>
			</str>
			<str name="userEmail" translate="yes">
				<val>Você entrará com a ID da Adobe {0}.</val>
			</str>
			<str name="notYou" translate="yes">
				<val>(Não é sua ID da Adobe?)</val>
			</str>
			<str name="signInNow" translate="yes">
				<val>Entrar agora</val>
			</str>
			<str name="signIn" translate="yes">
				<val>Entrar</val>
			</str>
			<str name="back" translate="yes">
				<val>Voltar</val>
			</str>
		</set>
		
		
		<set name="serial">
			<set name="grace">
				<str name="title" translate="yes">
					<val>Entrada necessária</val>
				</str>			
				<str name="message" translate="yes">
					<val>É necessário entrar com um ID da Adobe e registrar o {0} em até {1}; caso contrário, o produto deixará de funcionar.</val>
				</str>
				<str name="benefit" translate="yes">
					<val>Seu ID da Adobe fornece uma maneira fácil de acessar os seus números de série, o Adobe Creative Cloud e a comunidade Adobe.com.</val>
				</str>
				<str name="userEmail" translate="yes">
					<val>Você entrará com a ID da Adobe {0}.</val>
				</str>
				<str name="notYou" translate="yes">
					<val>(Não é sua ID da Adobe?)</val>
				</str>
				<str name="signInNow" translate="yes">
					<val>Entrar agora</val>
				</str>
				<str name="signIn" translate="yes">
					<val>Entrar</val>
				</str>
				<str name="signInLater" translate="yes">
					<val>Entrar depois</val>
				</str>
			</set>
			
			<set name="post_grace">
				<str name="title" translate="yes">
					<val>Entrada necessária</val>
				</str>			
				<str name="message" translate="yes">
					<val>Antes de utilizar este software novamente, será necessário entrar com o seu ID da Adobe para registrar o {0}.</val>
				</str>
				<str name="benefit" translate="yes">
					<val>Seu ID da Adobe fornece uma maneira fácil de acessar os seus números de série, o Adobe Creative Cloud e a comunidade Adobe.com.</val>
				</str>
				<str name="userEmail" translate="yes">
					<val>Você entrará com a ID da Adobe {0}.</val>
				</str>
				<str name="notYou" translate="yes">
					<val>(Não é sua ID da Adobe?)</val>
				</str>
				<str name="signInNow" translate="yes">
					<val>Entrar agora</val>
				</str>
				<str name="signIn" translate="yes">
					<val>Entrar</val>
				</str>
				<str name="signInLater" translate="yes">
					<val>Entrar depois</val>
				</str>
			</set>
		
			<set name="post_bonus">
				<str name="title" translate="yes">
					<val>Entrada necessária</val>
				</str>			
				<str name="message" translate="yes">
					<val>Não é possível usar o {0} sem entrar com o seu ID da Adobe para fazer o registro.</val>
				</str>
				<str name="benefit" translate="yes">
					<val>Seu ID da Adobe fornece uma maneira fácil de acessar os seus números de série, o Adobe Creative Cloud e a comunidade Adobe.com.</val>
				</str>
				<str name="userEmail" translate="yes">
					<val>Você entrará com a ID da Adobe {0}.</val>
				</str>
				<str name="notYou" translate="yes">
					<val>(Não é sua ID da Adobe?)</val>
				</str>
				<str name="signInNow" translate="yes">
					<val>Entrar agora</val>
				</str>
				<str name="signIn" translate="yes">
					<val>Entrar</val>
				</str>
				<str name="quit" translate="yes">
					<val>Fechar</val>
				</str>
			</set>
		
			<set name="go_online_grace">
				<str name="title" translate="yes">
					<val>Entrada necessária</val>
				</str>			
				<str name="message" translate="yes">
					<val>Conecte-se à Internet. É necessário entrar com seu ID da Adobe para registrar o {0} em até {1}, caso contrário, o produto deixará de funcionar.</val>
				</str>
				<str name="benefit" translate="yes">
					<val>Seu ID da Adobe fornece uma maneira fácil de acessar os seus números de série, o Adobe Creative Cloud e a comunidade Adobe.com.</val>
				</str>
				<str name="userEmail" translate="yes">
					<val>Você entrará com a ID da Adobe {0}.</val>
				</str>
				<str name="notYou" translate="yes">
					<val>(Não é sua ID da Adobe?)</val>
				</str>
				<str name="noInternet" translate="yes">
					<val>Está com dificuldades para conectar-se à Internet?</val>
				</str>
				<str name="signInNow" translate="yes">
					<val>Entrar agora</val>
				</str>
				<str name="signIn" translate="yes">
					<val>Entrar</val>
				</str>
				<str name="signInLater" translate="yes">
					<val>Entrar depois</val>
				</str>
			</set>
		
			<set name="go_online_post_grace">
				<str name="title" translate="yes">
					<val>Entrada necessária</val>
				</str>			
				<str name="message" translate="yes">
					<val>Antes de utilizar este software novamente, será necessário entrar com o seu ID da Adobe para registrar o {0}.</val>
				</str>
				<str name="benefit" translate="yes">
					<val>Seu ID da Adobe fornece uma maneira fácil de acessar os seus números de série, o Adobe Creative Cloud e a comunidade Adobe.com.</val>
				</str>
				<str name="userEmail" translate="yes">
					<val>Você entrará com a ID da Adobe {0}.</val>
				</str>
				<str name="notYou" translate="yes">
					<val>(Não é sua ID da Adobe?)</val>
				</str>
				<str name="noInternet" translate="yes">
					<val>Está com dificuldades para conectar-se à Internet?</val>
				</str>
				<str name="signInNow" translate="yes">
					<val>Entrar agora</val>
				</str>
				<str name="signIn" translate="yes">
					<val>Entrar</val>
				</str>
				<str name="signInLater" translate="yes">
					<val>Entrar depois</val>
				</str>
			</set>
		
			<set name="go_online_post_bonus">
				<str name="title" translate="yes">
					<val>Entrada necessária</val>
				</str>			
				<str name="message" translate="yes">
					<val>Não é possível usar o {0} sem entrar com o seu ID da Adobe para fazer o registro.</val>
				</str>
				<str name="benefit" translate="yes">
					<val>Seu ID da Adobe fornece uma maneira fácil de acessar os seus números de série, o Adobe Creative Cloud e a comunidade Adobe.com.</val>
				</str>
				<str name="userEmail" translate="yes">
					<val>Você entrará com a ID da Adobe {0}.</val>
				</str>
				<str name="noInternet" translate="yes">
					<val>Está com dificuldades para conectar-se à Internet?</val>
				</str>
				<str name="notYou" translate="yes">
					<val>(Não é sua ID da Adobe?)</val>
				</str>
				<str name="signInNow" translate="yes">
					<val>Entrar agora</val>
				</str>
				<str name="signIn" translate="yes">
					<val>Entrar</val>
				</str>
				<str name="quit" translate="yes">
					<val>Fechar</val>
				</str>
			</set>
		</set>
	</set>
	
	
	<set name="registerOptional">
		<set name="serial">
			<str name="title" translate="yes">
				<val>Registrar o produto</val>
			</str>			
			<str name="paragraphOneText" translate="yes">
				<val>Registre o software {0} usando sua ID da Adobe.</val>
			</str>
			<str name="paragraphOneTextWithAdobeID" translate="yes">
				<val>Registre o software {0} usando sua ID da Adobe:</val>
			</str>
			<str name="paragraphTwoHeader" translate="yes">
				<val>Ao registrar o produto, você poderá:</val>
			</str>
			<str name="pointOne" translate="yes">
				<val>Obter acesso ao suporte técnico</val>
			</str>
			<str name="pointTwo" translate="yes">
				<val>Manter o registro do número de série</val>
			</str>
			<str name="pointThree" translate="yes">
				<val>Ser o primeiro a receber atualizações e notificações do produto {0}.</val>
			</str>
			<str name="pointFour" translate="yes">
				<val>Receba um {0}benefício gratuito{1} pelo registro.</val>
			</str>
			<str name="complementaryBenefitsLink" translate="yes">
				<val>https://www.adobe.com/go/benefit_br</val>
			</str>
			<str name="notYou" translate="yes">
				<val>(Não é você?)</val>
			</str>
			<str name="neverCheckBoxText" translate="yes">
				<val>Não mostrar esta mensagem novamente</val>
			</str>
			<str name="registerNow" translate="yes">
				<val>Registrar agora</val>
			</str>
			<str name="skip" translate="yes">
				<val>Pular</val>
			</str>
		</set>
	</set>
	
	<set name="trialLaunch">
		<str name="title" translate="yes">
			<val>{0} — Avaliação</val>
		</str>
		
		<set name="start">
			<str name="info" translate="yes">
				<val>Você pode usar esta versão de avaliação do produto por {0} dias.</val>
			</str>
			<str name="info_day" translate="yes">
				<val>Você pode usar esta versão de avaliação do produto por {0} dia.</val>
			</str>
			<str name="additionalInfo" translate="yes">
				<val>Para continuar a usar o produto {0} após o período de avaliação, compre o software.</val>
			</str>
		</set>
		
		<set name="grace">
			<str name="info" translate="yes">
				<val>Sua versão de avaliação expirará em {0} dias.</val>
			</str>
			<str name="info_day" translate="yes">
				<val>Sua versão de avaliação expirará em {0} dia.</val>
			</str>
			<str name="additionalInfo" translate="yes">
				<val>Para continuar a usar o produto {0} após o período de avaliação, compre o software.</val>
			</str>
		</set>
		
		<set name="bonus">
			<str name="info" translate="yes">
				<val>Última inicialização da versão de avaliação</val>
			</str>
			<str name="additionalInfo" translate="yes">
				<val>Sua versão de avaliação expirou, mas você poderá usar o produto {0} mais uma vez apenas.</val>
			</str>
			<str name="bonusInfo" translate="yes">
				<val>Para continuar a usar o software {0}, compre-o.</val>
			</str>
		</set>
		
		<set name="expired">
			<str name="info" translate="yes">
				<val>Sua versão de avaliação expirou.</val>
			</str>
			<str name="additionalInfo" translate="yes">
				<val>Para continuar a usar o software {0}, compre-o.</val>
			</str>
		</set>
		
		<str name="daysRemaining" translate="yes">
			<val>Dias restantes</val>
		</str>
		<str name="dayRemaining" translate="yes">
			<val>Dia restante</val>
		</str>
		<str name="buy" translate="yes">
			<val>Comprar agora</val>
		</str>
		<str name="buyLink" translate="no">
			<val>http://www.adobe.com/go/buy</val>
		</str>
		<str name="continue" translate="yes">
			<val>Continuar c/ versão de avaliação</val>
		</str>
		<str name="startTrial" translate="yes">
			<val>Iniciar versão de avaliação</val>
		</str>
		<str name="enterSerial" translate="yes">
			<val>Licenciar este software</val>
		</str>		
	</set>
	
	<set name="deactivate">
		<str name="title" translate="yes">
			<val>Desativar</val>
		</str>
		<str name="title_Fail" translate="yes">
			<val>Falha na desativação</val>
		</str>
		<str name="infoSubscription" translate="yes">
			<val>A desativação do aplicativo não altera sua assinatura. Para modificar sua assinatura, visite o {0}Gerenciador de assinaturas{1}.</val>
		</str>
		<str name="infoSubscriptionCCMTeam" translate="yes">
			<val>Desativar o aplicativo não modifica sua assinatura.</val>
		</str>
		<str name="message" translate="yes">
			<val>A desativação permite que você ative seus produtos Adobe em outro computador, desde que esteja agindo de acordo com o {0}Contrato de licença de software{1}. Certifique-se de estar conectado à Internet antes da desativação. Você poderá reativar o produto neste computador ao inserir seu número de série novamente.</val>
		</str>
		<str name="messageSubscription" translate="yes">
			<val>A desativação permite que você ative seus produtos Adobe em outro computador, desde que esteja agindo de acordo com o {0}Contrato de licença de software{1}. Certifique-se de estar conectado à Internet antes da desativação.</val>
		</str>
		<str name="deActivationMsgError" translate="yes">
			<val>Se este problema persistir, entre em contato com o {0}Suporte ao cliente{1}. {2}</val>
		</str>
		<str name="customerSupportLink" translate="yes">
			<val>http://www.adobe.com/go/customer_support_br</val>
		</str>
		<str name="eula_Link" translate="yes">
			<val>http://www.adobe.com/go/eulas_br</val>
		</str>
		<str name="subscriptionManagerLink" translate="no">
			<val>http://www.creative.adobe.com/go/account</val>
		</str>
		<str name="failure" translate="yes">
			<val>Falha na desativação. Tente novamente.</val>
		</str>
		<str name="deactivate" translate="yes">
			<val>Desativar</val>
		</str>		
		<str name="cancel" translate="yes">
			<val>Cancelar</val>
		</str>
		<str name="continue" translate="yes">
			<val>Continuar</val>
		</str>
		
		<str name="offline" translate="yes">
			<val>Conecte-se à Internet e tente novamente</val>
		</str>		
		<str name="offlineMsg" translate="yes">
			<val>Não é possível desativar. Verifique se está conectado à Internet e tente novamente. Se o problema persistir, entre em contato com o {0}Suporte ao cliente{1}.</val>
		</str>	
		<str name="customerSupportLink" translate="yes">
			<val>http://www.adobe.com/go/customer_support_br</val>
		</str>
	</set>
	
	<set name="trialFailed">
		<str name="title" translate="yes">
			<val>Falha ao iniciar a versão de avaliação</val>
		</str>
		<str name="warning" translate="yes">
			<val>A licença não funciona mais.</val>
		</str>
		<str name="message" translate="yes">
			<val>Ocorreu um problema com a licença deste produto. Reinstale o produto e tente novamente. Se o problema persistir após a reinstalação, entre em contato com o {0}Suporte ao cliente{1} para obter ajuda.</val>
		</str>
		<str name="customerSupportLink" translate="yes">
			<val>http://www.adobe.com/go/customer_support_br</val>
		</str>
		<str name="close" translate="yes">
			<val>Fechar</val>
		</str>
		<str name="enterSerial" translate="yes">
			<val>Licenciar este software</val>
		</str>
	</set>
	
	<set name="validateSerial">
		<str name="title" translate="yes">
			<val>Validação do número de série</val>
		</str>
		
		<set name="grace">
			<str name="message" translate="yes">
				<val>Conecte-se à Internet para validar seu número de série. Você tem {0} para validá-lo; caso contrário, o software deixará de funcionar.</val>
			</str>
		</set>
		
		<set name="post_grace">
			<str name="message" translate="yes">
				<val>Conecte-se à Internet para validar seu número de série. Essa conexão será necessária na próxima inicialização do software; caso contrário, ele não funcionará.</val>
			</str>
		</set>
		
		<set name="post_bonus">
			<str name="message" translate="yes">
				<val>Conecte-se à Internet para validar seu número de série. Este software não opera sem a ativação e a validação do número de série. É necessário conectar-se à Internet para continuar.</val>
			</str>
		</set>
		
		<str name="noInternet" translate="yes">
			<val>Está com dificuldades para conectar-se à Internet?</val>
		</str>
		<str name="validate" translate="yes">
			<val>Validar</val>
		</str>
		<str name="connectLater" translate="yes">
			<val>Conectar depois</val>
		</str>
		<str name="quit" translate="yes">
			<val>Fechar</val>
		</str>
	</set>

	<set name="deactivateSuccess">
		<str name="title" translate="yes">
			<val>Desativação bem-sucedida</val>
		</str>
		<str name="message" translate="yes">
			<val>Agora você pode usar o serviço {0} em outro computador. Para usar o serviço {0} novamente neste computador, reinsira um número de série válido ou selecione Versão de avaliação e insira sua ID da Adobe associada à sua assinatura.</val>
		</str>
		<str name="close" translate="yes">
			<val>Fechar</val>
		</str>	
	</set>
	
	<set name="offlineScrim">
		<str name="title" translate="yes">
			<val>Conecte-se à Internet e tente novamente</val>
		</str>
		<str name="message" translate="yes">
			<val>O computador parece estar offline. Uma conexão com a Internet é necessária. Conecte-se à Internet e tente novamente. Se o problema persistir, entre em contato com o {0}Serviço de atendimento ao cliente{1}.</val>
		</str>
		<str name="offlineActivationMsg" translate="yes">
			<val>Se este computador não pode acessar a Internet, consulte {0} em um dispositivo com acesso à Internet para obter mais detalhes.</val>
		</str>
		<str name="offlineActivationLink" translate="yes">
			<val>http://www.adobe.com/go/getactivated_br</val>
		</str>
		<str name="customerSupportLink" translate="yes">
			<val>http://www.adobe.com/go/customer_support_br</val>
		</str>
		<str name="retry" translate="yes">
			<val>Repetir</val>
		</str>
		<str name="connectLater" translate="yes">
			<val>Conectar depois</val>
		</str>
		<str name="cancel" translate="yes">
			<val>Cancelar</val>
		</str>
	</set>
	
	<set name="dspEntitlementOfflineScrim">
		<str name="title" translate="yes">
			<val>Uma conexão com a Internet é necessária para as assinaturas</val>
		</str>
		<str name="message" translate="yes">
			<val>É necessário ter uma conexão com a Internet para iniciar uma assinatura. Se você tiver uma assinatura, conecte-se à Internet e selecione Tentar novamente.</val>
		</str>
		<str name="serialInfo" translate="yes">
			<val>Se você tiver um número de série, selecione Inserir número de série para continuar.</val>
		</str>
		<str name="retry" translate="yes">
			<val>Tentar novamente</val>
		</str>
		<str name="enterSerialNumber" translate="yes">
			<val>Inserir número de série</val>
		</str>
		<str name="cancel" translate="yes">
			<val>Voltar</val>
		</str>
	</set>
	
	<set name="screenLoading">
		<str name="loading" translate="yes">
			<val>Carregando...</val>
		</str>
		<str name="validatingSerial" translate="yes">
			<val>Validando número de série. Isso pode demorar alguns segundos...</val>
		</str>
	</set>
	
	<set name="overActivation">
		<str name="title" translate="yes">
			<val>Número de série</val>
		</str>
		<str name="stepMessage" translate="yes">
			<val>O número de série {0} já está sendo usado pelo número máximo permitido de computadores. Você precisa desativar outro computador dentro de {1} dias para usar este produto.</val>
		</str>
		<str name="stepMessageOneDay" translate="yes">
			<val>O número de série {0} já está sendo usado pelo número máximo permitido de computadores. Você precisa desativar outro computador dentro de 1 dia para usar este produto.</val>
		</str>
		<str name="stepMessageBonusLaunch" translate="yes">
			<val>O número de série {0} já está sendo usado pelo número máximo permitido de computadores. Você deve desativar outro computador ou fornecer outro número de série válido para usar o produto {1} novamente neste computador.</val>
		</str>
		<str name="radioButton1" translate="yes">
			<val>Tente novamente a ativação. Já desativei um dos meus computadores.</val>
		</str>
		<str name="radioButton2" translate="yes">
			<val>Forneça um número de série diferente.</val>
		</str>
		<str name="continue" translate="yes">
			<val>Continuar</val>
		</str>
	</set>
	
	<set name="activationFailure">
		<str name="title" translate="yes">
			<val>Falha na ativação</val>
		</str>
		<str name="activationStepError" translate="yes">
			<val>Não foi possível ativar a {0}</val>
		</str>
		<str name="activationMsgError" translate="yes">
			<val>Verifique suas configurações de conexão com a Internet e tente novamente. Se o problema persistir, entre em contato com o {0}Suporte ao cliente{1}. {2}</val>
		</str>
		<str name="customerSupportLink" translate="yes">
			<val>http://www.adobe.com/go/customer_support_br</val>
		</str>
		<str name="close" translate="yes">
			<val>Fechar</val>
		</str>
		<str name="retry" translate="yes">
			<val>Tentar novamente</val>
		</str>
	</set>
	<set name="activationRequired">
		<str name="title" translate="yes">
			<val>Ativação necessária</val>
		</str>
		<str name="activationMsgOneDay" translate="yes">
			<val>Conecte-se à Internet. É necessário ativar o software {0} em até um dia, caso contrário, o produto deixará de funcionar.</val>
		</str>
		<str name="activationMsg" translate="yes">
			<val>Conecte-se à Internet. É necessário ativar o software {0} em até {1} dias, caso contrário, o produto deixará de funcionar.</val>
		</str>
		<str name="activationMsgBonus" translate="yes">
			<val>Conecte-se à Internet. É necessário ativar o software {0} hoje, caso contrário, o produto deixará de funcionar.</val>
		</str>
		<str name="activateLater" translate="yes">
			<val>Ativar mais tarde</val>
		</str>
		<str name="retry" translate="yes">
			<val>Ativar agora</val>
		</str>
	</set>
	
	<set name="confirmationDialog">
		<str name="title" translate="yes">
			<val>Fechar</val>
		</str>
		<str name="message" translate="yes">
			<val>Tem certeza de que deseja sair?</val>
		</str>
		<str name="primaryButtonLabel" translate="yes">
			<val>Sim</val>
		</str>
		<str name="secondaryButtonLabel" translate="yes">
			<val>Não</val>
		</str>
	</set>
	
	<set name="inAppTrials">
		<str name="loading" translate="yes">
			<val>Carregando...</val>
		</str>
		<str name="title" translate="yes">
			<val>{0} — Avaliação</val>
		</str>
		<str name="continue" translate="yes">
			<val>Continuar c/ versão de avaliação</val>
		</str>
		<str name="startTrial" translate="yes">
			<val>Iniciar versão de avaliação</val>
		</str>
		<str name="enterSerial" translate="yes">
			<val>Licenciar este software</val>
		</str>
		<str name="privacySettings" translate="yes">
			<val>Configurações de privacidade</val>
		</str>
		<str name="tutorialsList" translate="yes">
			<val>{0} de {1}</val>
		</str>
		<str name="videoLoadingError" translate="yes">
			<val>Erro ao carregar o vídeo.</val>
		</str>
		<str name="tryAgain" translate="yes">
			<val>Tentar novamente</val>
		</str>
		<str name="exitFullScreen" translate="yes">
			<val>Pressione Esc para sair do modo de tela inteira.</val>
		</str>
		<str name="okay" translate="yes">
			<val>OK</val>
		</str>
		<str name="cancel" translate="yes">
			<val>Cancelar</val>
		</str>
		<str name="privacyText" translate="yes">
			<val>Poderemos solicitar o fornecimento de informações opcionais, como seu nível de experiência no software, para que possamos adaptar o conteúdo para você.</val>
		</str>
		<str name="privacyPolicyText" translate="yes">
			<val>Para obter informações sobre dados que coletamos sobre seu uso do produto e como a Adobe usa esses dados, inclusive como divulgamos produtos de acordo com seus interesses, {0}clique aqui{1} e leia a {2}Política de privacidade online da Adobe{3}</val>
		</str>
		<str name="optInText" translate="yes">
			<val>Desative a exibição de conteúdo de teste personalizado. Nenhum conteúdo personalizado será apresentado na próxima vez que você iniciar a versão de teste.</val>
		</str>
		<str name="privacyPortalLink" translate="yes">
			<val>http://www.adobe.com/go/adobe_privacy_portal_br</val>
		</str>
		<str name="privacyPolicyLink" translate="yes">
			<val>http://www.adobe.com/go/privacy_br</val>
		</str>		
		
	</set>
	
	<set name="noInternetConnection">
		<str name="title" translate="yes">
			<val>Sem conexão com a Internet.</val>
		</str>
		<str name="para1" translate="yes">
			<val>Não é possível detectar uma conexão com a Internet neste computador.</val>
		</str>
		<str name="para2" translate="yes">
			<val>A ativação e o registro são etapas obrigatórias e devem ser concluídas dentro de {0} dias. Se este computador puder ser conectado à Internet, o processo levará apenas alguns minutos.</val>
		</str>
		<str name="para2_day" translate="yes">
			<val>A ativação e o registro são etapas obrigatórias e devem ser concluídas dentro de 1 dia. Se este computador puder ser conectado à Internet, o processo levará apenas alguns minutos.</val>
		</str>
		<str name="para2_end" translate="yes">
			<val>A ativação e o registro são etapas obrigatórias e devem ser concluídas. Se este computador puder ser conectado à Internet, o processo levará apenas alguns minutos.</val>
		</str>
		<str name="para2_optional" translate="yes">
			<val>A ativação é uma etapa obrigatória e deve ser concluída em {0} dias. Se este computador puder ser conectado à Internet, o processo levará apenas alguns minutos.</val>
		</str>
		<str name="para2_day_optional" translate="yes">
			<val>A ativação é uma etapa obrigatória e deve ser concluída em 1 dia. Se este computador puder ser conectado à Internet, o processo levará apenas alguns minutos.</val>
		</str>
		<str name="para2_end_optional" translate="yes">
			<val>A ativação é uma etapa obrigatória e deve ser concluída. Se este computador puder ser conectado à Internet, o processo levará apenas alguns minutos.</val>
		</str>
		<str name="para3" translate="yes">
			<val>Se este computador não consegue se conectar à Internet, clique em Ativação off-line. Você precisará de um dispositivo com acesso à Internet e do número de série do produto para ativar seu software off-line.</val>
		</str>
		<str name="para3_optional" translate="yes">
			<val>Se este computador não puder jamais ser conectado à Internet, clique em Ativação offline. Você precisará de um dispositivo que possa ser conectado à Internet e do número de série do produto para concluir o processo de ativação offline.</val>
		</str>
		<str name="hyperlinkText" translate="yes">
			<val>Este computador está conectado à Internet. Não sei qual é o problema.</val>
		</str>
		<str name="hyperlinkTooltipText" translate="yes">
			<val>Entre em contato com seu administrador ou ligue para o Suporte ao cliente da Adobe.</val>
		</str>
		<str name="offlineActivate" translate="yes">
			<val>Ativação offline</val>
		</str>
		<str name="back" translate="yes">
			<val>Voltar</val>
		</str>
	</set>
	
	<set name="offlineActivation">
		<str name="title" translate="yes">
			<val>Ativação offline</val>
		</str>
		<set name="StepError">
			<str name="requestCodeExpired" translate="yes">
				<val>O código de solicitação {0} expirou. Siga as etapas abaixo para concluir a ativação offline.</val>
			</str>
			<str name="requestCodeGenError" translate="yes">
				<val>Não foi possível gerar um código de solicitação. Tente novamente.</val>
			</str>
		</set>
		<str name="para1" translate="yes">
			<val>1. Clique em Gerar código de solicitação abaixo. O código é específico do computador e é válido por 72 horas. Se você não concluir o processo dentro de 72 horas, bastará solicitar um novo código.</val>
		</str>
		<str name="para2" translate="yes">
			<val>2. Use seu dispositivo conectado à Internet para acessar Adobe.com/go/getactivated_br.</val>
		</str>
		<str name="para3" translate="yes">
			<val>3. Digite o código da etapa 1 e seu número de série quando solicitados no site. Isso gerará um Código de resposta.</val>
		</str>
		<str name="para4" translate="yes">
			<val>4. Insira o Código de resposta em seu computador off-line e clique em Ativar.</val>
		</str>
		<str name="para5" translate="yes">
			<val>Clique em Voltar para ativar seu software on-line.</val>
		</str>
		<str name="hyperlinkText" translate="yes">
			<val>Quero conectar-me à Internet para concluir a ativação mais rapidamente.</val>
		</str>
		<str name="back" translate="yes">
			<val>Voltar</val>
		</str>
		<str name="activateLater" translate="yes">
			<val>Ativar mais tarde</val>
		</str>
		<str name="quit" translate="yes">
			<val>Sair</val>
		</str>
		<str name="generateRequestCode" translate="yes">
			<val>Gerar código de solicitação</val>
		</str>
		<str name="customerSupportLink" translate="yes">
			<val>http://www.adobe.com/go/customer_support_br</val>
		</str>
	</set>
	
	<set name="offlineActivationCode">
		<str name="title" translate="yes">
			<val>Ativação offline</val>
		</str>
		<set name="StepError">
			<str name="invalidResponseCode" translate="yes">
				<val>O código de resposta digitado é inválido. Digite-o novamente.</val>
			</str>
			<str name="requestCodeExpired" translate="yes">
				<val>O código de solicitação {0} expirou. Siga as etapas abaixo para concluir a ativação offline.</val>
			</str>
			<str name="verifyError" translate="yes">
				<val>Não foi possível verificar o código de resposta digitado. Tente novamente.</val>
			</str>
		</set>
		<str name="requestCode" translate="yes">
			<val>Código de solicitação:</val>
		</str>
		<str name="para1" translate="yes">
			<val>Você tem {0} para obter um código de resposta de www.adobe.com/go/getactivated_br e digitá-lo abaixo.</val>
		</str>
		<str name="responseCode" translate="yes">
			<val>Código de resposta:</val>
		</str>
		<str name="hyperlinkText" translate="yes">
			<val>Quero conectar-me à Internet para concluir a ativação mais rapidamente.</val>
		</str>
		<str name="back" translate="yes">
			<val>Voltar</val>
		</str>
		<str name="activateLater" translate="yes">
			<val>Ativar mais tarde</val>
		</str>
		<str name="quit" translate="yes">
			<val>Sair</val>
		</str>
		<str name="activate" translate="yes">
			<val>Ativar</val>
		</str>
		<str name="hour" translate="yes">
			<val>hora</val>
		</str>
		<str name="hours" translate="yes">
			<val>horas</val>
		</str>
		<str name="customerSupportLink" translate="yes">
			<val>http://www.adobe.com/go/customer_support_br</val>
		</str>
	</set>
	
	<set name="offlineActivationComplete">
		<str name="title" translate="yes">
			<val>Ativação offline concluída</val>
		</str>
		<str name="message" translate="yes">
			<val>O {0} foi ativado com êxito e está pronto para uso.</val>
		</str>
		<str name="close" translate="yes">
			<val>Fechar</val>
		</str>
		<str name="launch" translate="yes">
			<val>Iniciar</val>
		</str>
	</set>
	
	<set name="unableToActivate">
		<str name="title" translate="yes">
			<val>Falha na ativação</val>
		</str>
		<str name="warning" translate="yes">
			<val>Não foi possível ativar a {0}</val>
		</str>
		<str name="para1" translate="yes">
			<val>Para utilizar o produto, é necessário ativá-lo.</val>
		</str>
		<str name="para2" translate="yes">
			<val>Você deve estar conectado à Internet para utilizar este produto. Verifique as configurações de conexão e selecione Tentar novamente.</val>
		</str>
		<str name="tryAgain" translate="yes">
			<val>Tentar novamente</val>
		</str>
		<str name="close" translate="yes">
			<val>Fechar</val>
		</str>
		<str name="noInternet" translate="yes">
			<val>Está com dificuldades para conectar-se à Internet?</val>
		</str>
	</set>
	
	<set name="dspSubscriptionActivated">
		<str name="title" translate="yes">
			<val>Obrigado</val>
		</str>
		<str name="message" translate="yes">
			<val>{0} será licenciado para {1}. Clique em Continuar para utilizar o software.</val>
		</str>
		<str name="close" translate="yes">
			<val>Continuar</val>
		</str>
	</set>
	
	<set name="dspOverActivation">
		<str name="title" translate="yes">
			<val>Nº máximo de ativações excedido</val>
		</str>
		<str name="warning" translate="yes">
			<val>Não foi possível ativar a {0}.</val>
		</str>
		<str name="message" translate="yes">
			<val>Já existem duas assinaturas ativas com essa ID da Adobe em dois dispositivos, que é o número máximo permitido. Selecione Continuar para desativar os outros dispositivos e ativar a assinatura neste computador ou selecione Licenciar este software para entrar com uma ID da Adobe diferente.</val>
		</str>
		<str name="activationPolicy" translate="yes">
			<val>{0}Política de ativação{1}</val>
		</str>
		<str name="activationPolicyLink" translate="yes">
			<val>http://www.adobe.com/go/activation_br</val>
		</str>
		<str name="licenseThisSoftware" translate="yes">
			<val>Licenciar este software</val>
		</str>
		<str name="continue" translate="yes">
			<val>Continuar</val>
		</str>
	</set>
	
	<set name="dspAdobeIDMismatch">
		<str name="title" translate="yes">
			<val>Tentar novamente</val>
		</str>
		<str name="warning" translate="yes">
			<val>A ID da Adobe não corresponde</val>
		</str>
		<str name="message" translate="yes">
			<val>A ID da Adobe com a qual você entrou não corresponde à ID da Adobe associada a esta assinatura. Entre com a ID da Adobe correta.</val>
		</str>
		<str name="back" translate="yes">
			<val>Voltar</val>
		</str>
		<str name="quit" translate="yes">
			<val>Fechar</val>
		</str>
	</set>
	
	<set name="dspSubscriptionExpired">
		<str name="title" translate="yes">
			<val>Renove sua assinatura</val>
		</str>
		<str name="message" translate="yes">
			<val>Vá até o {0}Gerenciador de assinaturas{1} para renovar a sua assinatura da {2} e continuar usando o produto sem interrupções. Se você tiver renovado sua assinatura agora, aguarde 15 minutos e tente novamente.</val>
		</str>
		<str name="messageCCMTeamPara1" translate="yes">
			<val>Contate o administrador para renovar a assinatura e continuar a usar o produto.</val>
		</str>
		<str name="messageCCMTeamPara2" translate="yes">
			<val>Se a assinatura já tiver sido renovada, aguarde 15 minutos e tente novamente.</val>
		</str>
		<str name="signedInMessage" translate="yes">
			<val>Você entrou com a ID da Adobe: {0}. Para entrar com uma ID da Adobe diferente, selecione Licenciar este software.</val>
		</str>
		<str name="subscriptionManagerLink" translate="no">
			<val>http://www.creative.adobe.com/go/account</val>
		</str>
		<str name="tryAgain" translate="yes">
			<val>Tentar novamente</val>
		</str>
		<str name="close" translate="yes">
			<val>Fechar</val>
		</str>
		<str name="licenseThisSoftware" translate="yes">
			<val>Licenciar este software</val>
		</str>
	</set>
	
	<set name="dspCheckGenericError">
		<str name="title" translate="yes">
			<val>Tentar novamente</val>
		</str>
		<str name="warning" translate="yes">
			<val>Não é possível iniciar sua assinatura do {0}.</val>
		</str>
		<str name="message" translate="yes">
			<val>Aguarde alguns minutos e tente novamente.</val>
		</str>
		<str name="tryAgain" translate="yes">
			<val>Tentar novamente</val>
		</str>
		<str name="quit" translate="yes">
			<val>Fechar</val>
		</str>
	</set>
	
	<set name="dspSubscriptionVerified">
		<str name="title" translate="yes">
			<val>Obrigado</val>
		</str>
		<str name="message" translate="yes">
			<val>Sua assinatura do software {0} está ativa. Clique em Continuar para utilizar o produto.</val>
		</str>
		<str name="continue" translate="yes">
			<val>Continuar</val>
		</str>
	</set>
	
	<set name="dspSubscriptionReactivation">
		<str name="title" translate="yes">
			<val>Entrada necessária</val>
		</str>
		<str name="message" translate="yes">
			<val>Nossos registros mostram que essa assinatura já está ativada em outra máquina. Para ativar {0} nesta máquina, forneça sua ID da Adobe.</val>
		</str>
		<str name="signIn" translate="yes">
			<val>Entrar</val>
		</str>
		<str name="quit" translate="yes">
			<val>Fechar</val>
		</str>
	</set>
	
	<set name="dspReminder">
		<set name="ccInfoReminder">
			<str name="title" translate="yes">
				<val>Lembrete de assinatura</val>
			</str>
			<str name="message" translate="yes">
				<val>Sua assinatura expirará em breve.</val>
			</str>
			<str name="info" translate="yes">
				<val>Nossos registros indicam que um cartão de crédito não foi associado a esta assinatura. Vá até o {0}Gerenciador de assinaturas{1} e forneça um cartão de crédito para renovar a sua assinatura do {2} e continuar usando o produto sem interrupções.</val>
			</str>
			<str name="infoCCMTeam" translate="yes">
				<val>Contate o administrador para garantir acesso contínuo ao produto.</val>
			</str>
		</set>
		
		<set name="graceReminder">
			<str name="title" translate="yes">
				<val>Assinatura expirada</val>
			</str>
			<str name="message" translate="yes">
				<val>Sua assinatura do software {0} expirou.</val>
			</str>
			<str name="info" translate="yes">
				<val>Vá até o {0}Gerenciador de assinaturas{1} para renovar a sua assinatura da {2} e continuar usando o produto sem interrupções. Você tem um curto período de tolerância para renovar sua assinatura, após o qual não poderá mais acessar este produto.</val>
			</str>
			<str name="infoCCMTeam" translate="yes">
				<val>Contate o administrador para renovar a assinatura e continuar usando o produto sem interrupções. Após o vencimento da assinatura, você terá um período de carência para renová-la antes de perder o acesso ao produto.</val>
			</str>
		</set>
		
		<str name="subscriptionManagerLink" translate="no">
			<val>http://www.creative.adobe.com/go/account</val>
		</str>
		<str name="offline" translate="yes">
			<val>Não é possível conectar-se à Internet. Verifique as configurações de conexão e escolha Tentar novamente.</val>
		</str>
		<str name="subscriptionPolicy" translate="yes">
			<val>{0}Política de assinatura{1}</val>
		</str>
		<str name="subscriptionPolicyLink" translate="yes">
			<val>http://www.adobe.com/go/subscription_policy_br</val>
		</str>
		<str name="daysRemaining" translate="yes">
			<val>Dias restantes</val>
		</str>
		<str name="dayRemaining" translate="yes">
			<val>Dia restante</val>
		</str>
		<str name="continue" translate="yes">
			<val>Continuar</val>
		</str>
		<str name="tryAgain" translate="yes">
			<val>Tentar novamente</val>
		</str>
	</set>
	
	<set name="dspSuspended">
		<set name="activationSuspended">
			<str name="title" translate="yes">
				<val>Falha na ativação</val>
			</str>
			<str name="warning" translate="yes">
				<val>Não foi possível ativar a {0}.</val>
			</str>
			<str name="message" translate="yes">
				<val>A data de seu sistema não corresponde à data de nosso servidor. A data do seu sistema pode estar até três dias atrás da data do servidor da Adobe ({0}).</val>
			</str>
			<str name="info" translate="yes">
				<val>Verifique as configurações de data no computador e tente novamente. Se o problema persistir, entre em contato com o {0}Suporte ao cliente{1}.</val>
			</str>
		</set>
		
		<set name="subscriptionSuspended">
			<str name="title" translate="yes">
				<val>Suspensão de assinatura</val>
			</str>
			<str name="warning" translate="yes">
				<val>A assinatura do {0} foi suspensa.</val>
			</str>
			<str name="message" translate="yes">
				<val>A data de seu sistema não corresponde à data de nosso servidor. A data do seu sistema pode estar até três dias atrás da data do servidor da Adobe ({0}).</val>
			</str>
			<str name="info" translate="yes">
				<val>Verifique as configurações de data no computador e tente novamente. Se o problema persistir, entre em contato com o {0}Suporte ao cliente{1}.</val>
			</str>
		</set>
		
		<set name="subscriptionWindback">
			<str name="title" translate="yes">
				<val>Suspensão de assinatura</val>
			</str>
			<str name="warning" translate="yes">
				<val>A assinatura do {0} foi suspensa.</val>
			</str>
			<str name="message" translate="yes">
				<val>A date e hora do sistema estão incorretas. Ajuste o relógio para a hora atual e selecione Tentar novamente. Se o problema persistir, entre em contato com o {0}Suporte ao cliente{1}.</val>
			</str>
		</set>
		
		<str name="customerSupportLink" translate="yes">
			<val>http://www.adobe.com/go/customer_support_br</val>
		</str>
		<str name="activationPolicy" translate="yes">
			<val>{0}Exibir Política de ativação{1}</val>
		</str>
		<str name="activationPolicyLink" translate="yes">
			<val>http://www.adobe.com/go/activation_br</val>
		</str>
		<str name="subscriptionPolicy" translate="yes">
			<val>{0}Política de assinatura{1}</val>
		</str>
		<str name="subscriptionPolicyLink" translate="yes">
			<val>http://www.adobe.com/go/subscription_policy_br</val>
		</str>
		<str name="quit" translate="yes">
			<val>Fechar</val>
		</str>
		<str name="tryAgain" translate="yes">
			<val>Tentar novamente</val>
		</str>
	</set>
	
	<set name="dateTimeFormats">
		<str name="dateFormat_Long" translate="yes">
			<val>{1}  de  {0}  de  {2}</val>
		</str>
	</set>

	<set name="monthsFull">
		<str name="1" translate="yes">
			<val>jan.</val>
		</str>
		<str name="2" translate="yes">
			<val>fev.</val>
		</str>
		<str name="3" translate="yes">
			<val>mar.</val>
		</str>
		<str name="4" translate="yes">
			<val>abr.</val>
		</str>
		<str name="5" translate="yes">
			<val>mai.</val>
		</str>
		<str name="6" translate="yes">
			<val>jun.</val>
		</str>
		<str name="7" translate="yes">
			<val>jul.</val>
		</str>
		<str name="8" translate="yes">
			<val>ago.</val>
		</str>
		<str name="9" translate="yes">
			<val>set.</val>
		</str>
		<str name="10" translate="yes">
			<val>out.</val>
		</str>
		<str name="11" translate="yes">
			<val>nov.</val>
		</str>
		<str name="12" translate="yes">
			<val>dez.</val>
		</str>
	</set>
	
	<set name="dsp_IMSBusyScrim">
		<str name="WaitAMoment" translate="yes">
			<val>Aguarde....</val>
		</str>
	</set>
	
	<set name="dspSubscriptionRevoked">
		<str name="title" translate="yes">
			<val>Suspensão de assinatura</val>
		</str>
		<str name="warning" translate="yes">
			<val>A assinatura do software {0} foi suspensa.</val>
		</str>
		<str name="message" translate="yes">
			<val>A licença da assinatura não é mais válida ou foi cancelada. Entre em contato com o {0}Suporte ao cliente{1}.</val>
		</str>
		<str name="subscriptionPolicy" translate="yes">
			<val>{0}Política de assinatura{1}</val>
		</str>
		<str name="subscriptionPolicyLink" translate="yes">
			<val>http://www.adobe.com/go/subscription_policy_br</val>
		</str>
		<str name="customerSupportLink" translate="yes">
			<val>http://www.adobe.com/go/customer_support_br</val>
		</str>
		<str name="quit" translate="yes">
			<val>Sair</val>
		</str>
	</set>
	
	<set name="isoToLanguage">
		<str name="ar_AE" translate="no"><val>العربية</val></str>
		<str name="en_GB" translate="no"><val>English (International)</val></str> 
		<str name="en_INT" translate="no"><val>English (International)</val></str> 
		<str name="fr_CA" translate="no"><val>Français canadien</val></str>
		<str name="es_QM" translate="no"><val>Español (Middle East)</val></str>
		<str name="es_LA" translate="no"><val>Español de América Latina</val></str>
		<str name="es_NA" translate="no"><val>Español Norteamericano</val></str>
		<str name="bg_BG" translate="no"><val>Български</val></str>
		<str name="lv_LV" translate="no"><val>Latviešu</val></str>
		<str name="et_EE" translate="no"><val>Eesti</val></str>
		<str name="hr_HR" translate="no"><val>hrvatski</val></str>
		<str name="sl_SI" translate="no"><val>slovenščina</val></str>
		<str name="sk_SK" translate="no"><val>Slovenčina</val></str>
		<str name="th_TH" translate="no"><val>ภาษาไทย</val></str> 
		<str name="vi_VN" translate="no"><val>Việt</val></str>
		<str name="en_XC" translate="no"><val>English (Central Europe)</val></str> 
		<str name="en_XM" translate="no"><val>English (Middle East)</val></str>
		<str name="fr_XM" translate="no"><val>Français Oriental Moyen</val></str>
		<str name="sq_AL" translate="no"><val>Shqip</val></str> 
		<str name="ar_SA" translate="no"><val>العربية</val></str>
		<str name="be_BY" translate="no"><val>Беларуская</val></str> 
		<str name="ca_ES" translate="no"><val>Català</val></str> 
		<str name="hi_IN" translate="no"><val>हिन्दी</val></str>
		<str name="is_IS" translate="no"><val>Íslenska</val></str> 
		<str name="lt_LT" translate="no"><val>Lietuvių</val></str>
		<str name="mk_MK" translate="no"><val>македонски</val></str>
		<str name="nn_NO" translate="no"><val>Norsk (Nynorsk)</val></str>
		<str name="pt_PT" translate="no"><val>Português de Portugal</val></str> 
		<str name="sh_YU" translate="no"><val>Srpsko-Hrvatski</val></str> 
		<str name="sr_YU" translate="no"><val>Cрпски</val></str> 
		<str name="kk_KZ" translate="no"><val>Қазақ</val></str>
		<str name="az_AZ" translate="no"><val>Azərbaycan dili</val></str> 
		<str name="es_MX" translate="no"><val>Español (América Latina)</val></str>
		<str name="no_NO" translate="no"><val>Norwegian</val></str> 
		<str name="cs_CZ" translate="no"><val>Česky</val></str>
		<str name="de_DE" translate="no"><val>Deutsch</val></str>
		<str name="el_GR" translate="no"><val>Ελληνικά</val></str>
		<str name="en_US" translate="no"><val>English (North America)</val></str> 
		<str name="es_ES" translate="no"><val>Español</val></str> 
		<str name="fr_FR" translate="no"><val>Français</val></str>
		<str name="he_IL" translate="no"><val>עברית</val></str> 
		<str name="hu_HU" translate="no"><val>Magyar</val></str> 
		<str name="it_IT" translate="no"><val>Italiano</val></str>
		<str name="ja_JP" translate="no"><val>日本語</val></str>
		<str name="ko_KR" translate="no"><val>한국어</val></str>
		<str name="nl_NL" translate="no"><val>Nederlands</val></str>
		<str name="pl_PL" translate="no"><val>Polski</val></str>
		<str name="ro_RO" translate="no"><val>Română</val></str>
		<str name="ru_RU" translate="no"><val>Pусский</val></str>
		<str name="sv_SE" translate="no"><val>Svenska</val></str>
		<str name="tr_TR" translate="no"><val>Türkçe</val></str>
		<str name="uk_UA" translate="no"><val>Українська</val></str>
		<str name="zh_CN" translate="no"><val>简体中文</val></str>
		<str name="zh_TW" translate="no"><val>繁體中文</val></str>
		<str name="da_DK" translate="no"><val>Dansk</val></str>
		<str name="fi_FI" translate="no"><val>Suomi</val></str>
		<str name="nb_NO" translate="no"><val>Norsk (Bokmål)</val></str> 
		<str name="pt_BR" translate="no"><val>Português do Brasil</val></str>
		<str name="en_AE" translate="no"><val>English يدعم العربية</val></str> 
		<str name="en_IL" translate="no"><val>English תומך עברית</val></str> 
		<str name="fr_MA" translate="no"><val>Français (Maroc)</val></str>
	</set>
		
</asf>
