<?xml version='1.0' encoding='utf-8'?>
<!DOCTYPE asf SYSTEM "http://ns.adobe.com/asf/asf_1_0.dtd" >
<asf xmlns="http://ns.adobe.com/asf" locale="da_DK" version="1.0">

	<set name="ButtonLabel">
		<str name="Yes" translate="yes">
			<val>Ja</val>
		</str>
		<str name="No" translate="yes">
			<val>Nej</val>
		</str>
		<str name="Accept" translate="yes">
			<val>Accepter</val>
		</str>
		<str name="Install" translate="yes">
			<val>Installer</val>
		</str>
		<str name="Uninstall" translate="yes">
			<val>Afinstaller</val>
		</str>
		<str name="OK" translate="yes">
			<val>OK</val>
		</str>
		<str name="Continue" translate="yes">
			<val>Fortsæt</val>
		</str>
		<str name="Back" translate="yes">
			<val>Tilbage</val>
		</str>
		<str name="Cancel" translate="yes">
			<val>Annuller</val>
		</str>
        <str name="Close" translate="yes">
            <val>Luk</val>
        </str>
		<str name="Quit" translate="yes">
			<val>Afslut</val>
		</str>
		<str name="SignIn" translate="yes">
			<val>Log på</val>
		</str>
		<str name="SignInNow" translate="yes">
			<val>Log på nu</val>
		</str>
		<str name="SignInLater" translate="yes">
			<val>Log på senere</val>
		</str>
		<str name="StartAgain" translate="yes">
			<val>Start igen</val>
		</str>
		<str name="Retry" translate="yes">
			<val>Prøv igen</val>
		</str>
		<str name="Verify" translate="yes">
			<val>Bekræft</val>
		</str>
		<str name="ConnectLater" translate="yes">
			<val>Opret forbindelse senere</val>
		</str>
	</set>
	
	<set name="DialogueTitle">
		<str name="Quit" translate="yes">
			<val>Afslut</val>
		</str>
	</set>

	<set name="Welcome">
		<str name="Title" translate="yes">
			<val>Velkommen</val>
		</str>
		<str name="OptionOne" translate="yes">
			<val>Installer med et serienummer</val>
		</str>
		<str name="OptionOneInfo" translate="yes">
			<val>Jeg har et serienummer.</val>
		</str>
		<str name="OptionTwo" translate="yes">
			<val>Start mit abonnement</val>
		</str>
		<str name="OptionTwoInfo" translate="yes">
			<val>Jeg har et abonnement.</val>
		</str>
		<str name="OptionThree" translate="yes">
			<val>Installer en prøveversion</val>
		</str>
		<str name="OptionThreeInfo" translate="yes">
			<val>Jeg ønsker at prøve {0} i en begrænset periode.</val>
		</str>
		<set name="MBLS">
			<str name="OptionOne" translate="yes">
				<val>Installer</val>
			</str>
			<str name="OptionOneInfo" translate="yes">
				<val>Jeg har købt</val>
			</str>
			<str name="OptionTwo" translate="yes">
				<val>Prøv</val>
			</str>
			<str name="OptionTwoInfo" translate="yes">
				<val>Jeg ønsker at prøve {0} i en begrænset periode</val>
			</str>
		</set>
	</set>
	
	<set name="EULA">
		<str name="Title" translate="yes">
			<val>Adobe-softwarelicensaftale</val>
		</str>
		<str name="Para1" translate="yes">
			<val>Aftalen bestemmer din installation og brug af {0}-produkter, der omfatter denne software. Du kan se de aftaler, du har accepteret indtil videre, på www.adobe.com/go/myaccount_dk.</val>
		</str>
	</set>

	<set name="Register">
		<str name="Title" translate="yes">
			<val>Du skal logge på</val>
		</str>
		<set name="Trial">
			<str name="FirstTime" translate="yes">
				<val>Log på med dit Adobe-id for at starte din prøveversion af {0}.</val>
			</str>
			<str name="Subsequent" translate="yes">
				<val>Vi registrerer nu prøveversionen med dit Adobe-id: {0}.</val>
			</str>
			<set name="TnC">
				<str name="Title" translate="yes">
					<val>Vilkår og betingelser for prøvesoftware.</val>
				</str>
				<str name="Paragraph1" translate="yes">
					<val>Vi beder dig muligvis om at opgive valgfrie oplysninger, så vi kan skræddersy indholdet til dig. Du kan når som helst deaktivere det tilpassede indhold ved at gå til Indstillinger for beskyttelse af personlige oplysninger på det skærmbillede, hvor du tilpasser din oplevelse af prøveversionen.</val>
				</str>
				<str name="Paragraph2" translate="yes">
					<val>Du kan finde oplysninger om de data, vi indsamler om din brug af produktet, og hvordan Adobe bruger disse data, herunder hvordan vi tilpasser materialet til dine interesser, ved at {0}klikke her{1} for at se {2}Adobes politik for beskyttelse af personlige oplysninger{3}.</val>
				</str>
			</set>
			<set name="EntitlementInTrial">
				<str name="Title" translate="yes">
					<val>Gyldig licens fundet</val>
				</str>
				<str name="Para1" translate="yes">
					<val>Du har valgt en prøve, men du har adgang til den fulde version af denne software med dit Adobe-id {0}. God fornøjelse med den licenserede kopi af softwaren efter denne installation.</val>
				</str>
				<str name="Para2" translate="yes">
					<val>Tryk på Fortsæt for at installere.</val>
				</str>
				<str name="DiffAdobeID" translate="yes">
					<val>Har du et andet Adobe-id?</val>
				</str>
			</set>						
		</set>
		<set name="Serial">
			<str name="Paragraph1" translate="yes">
				<val>Dit serienummer til {0} er valideret.</val>
			</str>
			<str name="Paragraph2" translate="yes">
				<val>Du skal logge på for at installere dette produkt og registrere det under dit Adobe-id. Dit Adobe-id giver nem adgang til dine serienumre, Adobe Creative Cloud og vores Community på Adobe.com/dk.</val>
			</str>
			<str name="SubsequentParagraph3" translate="yes">
				<val>Du bliver logget på med Adobe-id: {0}.</val>
			</str>
		</set>
		<set name="MBLS">
			<str name="Paragraph1" translate="yes">
				<val>Du skal være logget på med et Adobe-id for at kunne installere dette produkt. Med dit Adobe-id får du også nem adgang til Adobe Creative Cloud og de forskellige grupper på Adobe.com.</val>
			</str>
			<set name="Offline">
				<str name="Title" translate="yes">
					<val>Opret forbindelse til internettet, og prøv igen</val>
				</str>
				<set name="Install">
					<str name="Paragraph1" translate="yes">
						<val>Du skal bruge en internetforbindelse for at kunne starte et abonnement. Hvis du har et abonnement, skal du oprette forbindelse til internettet og vælge Prøv igen.</val>
					</str>
					<str name="Paragraph2" translate="yes">
						<val>Hvis du har et serienummer og ikke kan oprette forbindelse til internettet nu, skal du vælge Opret forbindelse senere. Du skal validere dit serienummer inden for 7 dage, ellers holder softwaren op med at virke. Hvis denne computer ikke kan få adgang til internettet, kan du få mere at vide på {0} via en enhed med internetforbindelse.</val>
					</str>
				</set>
				<set name="Trial">
					<str name="Paragraph1" translate="yes">
						<val>Din computer ser ud til at være offline, og derfor er der ikke forbindelse til internettet. Der kræves forbindelse til internettet. Opret forbindelse til internettet, og prøv igen. Hvis problemet fortsætter, skal du kontakte {0}Kundesupport{1}.</val>
					</str>
				</set>
			</set>
		</set>
		<str name="NotYou" translate="yes">
			<val>(Er det ikke dit Adobe-id?)</val>
		</str>
		<set name="Subscription">
			<set name="FirstTime">
				<str name="Paragraph" translate="yes">
					<val>Vi logger dig nu på med dit Adobe-id for at få adgang til dit abonnement.</val>
				</str>
			</set>
			<set name="Subsequent">
				<str name="Title" translate="yes">
					<val>Kontroller dit abonnement</val>
				</str>
				<str name="Paragraph" translate="yes">
					<val>Du skal bekræfte dit abonnement ved hjælp af dit Adobe-id: {0}.</val>
				</str>
				<str name="Paragraph2" translate="yes">
					<val>Vi vil være sikker på, at du får alle de rigtige apps.</val>
				</str>
			</set>
			<set name="EntitlementCallScrim">
				<str name="WaitAMoment" translate="yes">
					<val>Vent et øjeblik...</val>
				</str>
			</set>
			
			<set name="OfflineScrim">
				<str name="Title" translate="yes">
					<val>Du skal have en internetforbindelse for at kunne starte dit abonnement.</val>
				</str>
				<str name="Message" translate="yes">
					<val>Sørg for at have forbindelse til internettet, og Klik på Prøv igen. Kontakt {0}Adobes kundesupport{1}, hvis problemet fortsætter.</val>
				</str>
			</set>
			
			<set name="NoSubscriptionFound">
	        	<str name="Title" translate="yes">
	        		<val>Der blev ikke fundet noget abonnement</val>
	        	</str>
	        	<str name="ParagraphOneText" translate="yes">
	        		<val>Vi kunne ikke finde et {0}{1}{2}-abonnement, som er knyttet til dette Adobe-id. Du kan købe et {3}nyt abonnement{4} eller klikke på Tilbage for at angive et andet Adobe-id. Hvis du har et abonnement og ikke kan få adgang til det, skal du kontakte {5}Kundesupport{6}.</val>
	        	</str>
	        	<str name="ParagraphTwoText" translate="yes">
	        		<val>Du kan også vælge at installere en prøveversion eller installere med et gyldigt serienummer ved at klikke på {0}Start igen{1}.</val>	
	        	</str>
	        </set>
		</set>
	</set>
	
	<set name="InstallOptions">
		<str name="Title" translate="yes">
			<val>Indstillinger</val>
		</str>
		<str name="SelectAppInfo" translate="yes">
			<val>Klik på et produktnavn for at tilpasse indstillingerne</val>
		</str>
		<str name="NoComponentInfo" translate="yes">
			<val>Der er ingen komponenter, som kan tilpasses.</val>
		</str>
		<str name="Components" translate="yes">
			<val>{0}-komponenter</val>
		</str>
		<str name="TotalInstall" translate="yes">
			<val>Samlet installation: {0}</val>
		</str>
		<str name="Language" translate="yes">
			<val>Sprog:</val>
		</str>
		<str name="Location" translate="yes">
			<val>Placering:</val>
		</str>
		<str name="Available" translate="yes">
			<val>{0} tilgængelig</val>
		</str>
		<str name="SpaceRequired" translate="yes">
			<val>Krævet plads: {0}</val>
		</str>
		<str name="SpaceWarning" translate="yes">
			<val>Krævet plads: {0}, tilgængelig: {1}</val>
		</str>
        <str name="InsufficientDiskSpace" translate="yes">
			<val>Der er ikke tilstrækkelig plads til at fuldføre installationen.</val>
        </str>
		<str name="DefaultDriveWarning" translate="yes">
			<val>Nogle filer bliver også installeret i {0}</val>
		</str>
		
		<set name="PayloadError">
			<str name="TrialInstall" translate="yes">
				<val>Dette produkt bliver installeret i en prøveversion.</val>
			</str>
			<str name="LicensedInstall" translate="yes">
				<val>En licenseret kopi af denne software vil blive installeret.</val>
			</str>
			<str name="AlreadyInstalled" translate="yes">
				<val>Der er fundet en tidligere installation af dette produkt. Dette produkt bliver installeret på den oprindelige placering.</val>
			</str>
			<set name="SystemRequirements">
				<set name="OS">
					<str name="Header" translate="yes">
						<val>Kravet til operativsystemet er ikke opfyldt.</val>
					</str>
					<str name="CurrentOS" translate="yes">
						<val>- Aktuelt operativsystem: {0} {1}</val>
					</str>
					<str name="MacRecommended" translate="yes">
						<val>- Mac OS {0} eller nyere anbefales.</val>
					</str>
					<str name="MacServer" translate="yes">
						<val>- Mac Server anbefales.</val>
					</str>
					<str name="WinNotRecommended" translate="yes">
						<val>- {0} anbefales ikke.</val>
					</str>
					<str name="SPRecommended" translate="yes">
						<val>- Service Pack {0} anbefales.</val>
					</str>
					<str name="64BitRecommended" translate="yes">
						<val>- 64-bit OS anbefales.</val>
					</str>
					<str name="32BitRecommended" translate="yes">
						<val>- 32-bit OS anbefales.</val>
					</str>
					<str name="MacRequired" translate="yes">
						<val>- Mac OS {0} eller nyere kræves.</val>
					</str>
					<str name="MacServerRequired" translate="yes">
						<val>- Mac Server kræves.</val>
					</str>
					<str name="WinNotRequired" translate="yes">
						<val>- {0} understøttes ikke.</val>
					</str>
					<str name="SPRequired" translate="yes">
						<val>- Servicepakke {0} kræves.</val>
					</str>
					<str name="64BitRequired" translate="yes">
						<val>- 64-bit operativsystem kræves.</val>
					</str>
					<str name="32BitRequired" translate="yes">
						<val>- 32-bit operativsystem kræves.</val>
					</str>
				</set>
				<str name="RAM" translate="yes">
					<val>{0} RAM anbefales.</val>
				</str>
				<str name="CPU" translate="yes">
					<val>Kravet til CPU er ikke opfyldt.</val>
				</str>
				<str name="ScreenResolution" translate="yes">
					<val>Der anbefales som minimum en skærmopløsning på {0}x{1}.</val>
				</str>
				<str name="Footer" translate="yes">
					<val>Klik på advarselsikonet for at få flere oplysninger.</val>
				</str>
			</set>
			<str name="Conflicting" translate="yes">
				<val>På denne computer findes en betaversion eller en version af {0}, der skaber konflikt. Versionen, som skaber konflikt, skal fjernes, før der installeres fra det aktuelle medie.</val>
			</str>
			<str name="AlreadyUpgraded" translate="yes">
				<val>En nyere version af dette produkt er allerede installeret</val>
			</str>
			<str name="Language" translate="yes">
				<val>Findes ikke for det valgte sprog</val>
			</str>
			<str name="RequiredDisabled" translate="yes">
				<val>Påkrævede komponenter er deaktiveret</val>
			</str>
		</set>
		
		<set name="InstallPathError">
			<str name="LongPath" translate="yes">
				<val>Den valgte installationssti er for lang.</val>
			</str>
			<str name="RootDrive" translate="yes">
				<val>Installation på roddrevet understøttes ikke.</val>
			</str>
			<str name="RemovableDrive" translate="yes">
				<val>Installation på et flytbart flashdrev understøttes ikke.</val>
			</str>
			<str name="MappedDrive" translate="yes">
				<val>Installation på et tilføjet netværksdrev understøttes ikke.</val>
			</str>
			<str name="CaseSensitive" translate="yes">
				<val>Installation på diskenheder, hvor der skelnes mellem store og små bogstaver, understøttes ikke.</val>
			</str>
			<str name="LockedPath" translate="yes">
				<val>Installation på en låst placering understøttes ikke.</val>
			</str>
			<str name="Generic" translate="yes">
				<val>Der kan ikke installeres på den valgte placering.</val>
			</str>
		</set>
		
		<set name="WorkflowNeedClose">
			<str name="Title" translate="yes">
				<val>Meddelelse</val>
			</str>
			<str name="Message" translate="yes">
				<val>Der kører andre forekomster af Adobe Application Manager i øjeblikket. Luk dem for at fortsætte.</val>
			</str>
		</set>
	</set>
	
	<set name="UninstallOptions">
		<str name="Title" translate="yes">
			<val>Afinstaller indstillinger</val>
		</str>
		<str name="RemovePreferences" translate="yes">
			<val>Fjern indstillinger</val>
		</str>
		<str name="ToolTipInfo" translate="yes">
			<val>Fjern beskeder, meddelelser, rapportering eller andre indstillinger for de valgte produkter.</val>
		</str>
	</set>
	
	<set name="Progress">
		<str name="MinutesRemaining" translate="yes">
			<val>Cirka {0} minutter tilbage</val>
		</str>
		<str name="MinuteRemaining" translate="yes">
			<val>Cirka {0} minut tilbage</val>
		</str>
		<str name="LTMinuteRemaining" translate="yes">
			<val>Mindre end et minut tilbage</val>
		</str>
		<str name="PctComplete" translate="yes">
			<val>({0}% fuldført)</val>
		</str>
		
		<set name="ConflictingProcess">
			<str name="Title" translate="yes">
				<val>Luk disse programmer for at fortsætte:</val>
			</str>
			<str name="SubText1" translate="yes">
				<val>Hvis denne meddelelse vises, selv efter du har lukket et program, kører nogle af programmets processer muligvis stadig i baggrunden. {0}Få mere at vide{1} om afslutning af baggrundsprocesser.</val>
			</str>
			<str name="BackgroundProcessesLink" translate="yes">
				<val>http://www.adobe.com/go/learn_bgprocesses_dk</val>
			</str>
			<str name="SubText2" translate="yes">
				<val>Liste over programmer, der skal lukkes:</val>
			</str>
		</set>
		
		<set name="DiskPrompt">
			<str name="Title" translate="yes">
				<val>Indsæt disk {0} for at fortsætte.</val>
			</str>
		</set>
		
		<set name="Install">
			<str name="Title" translate="yes">
				<val>Installer</val>
			</str>
			<str name="Preparing" translate="yes">
				<val>Forbereder installation...</val>
			</str>
			<str name="Currently" translate="yes">
				<val>Installerer i øjeblikket {0}</val>
			</str>
			<str name="Confirmation" translate="yes">
				<val>Vil du annullere installationen?</val>
			</str>
			
			<str name="AdministratorPrivileges" translate="yes">
				<val>Der kræves administratorrettigheder for at kunne installere. Log på som administrator.</val>
			</str>
		</set>
		<set name="Uninstall">
			<str name="Title" translate="yes">
				<val>Afinstaller</val>
			</str>
			<str name="Preparing" translate="yes">
				<val>Forbereder afinstallation...</val>
			</str>
			<str name="Currently" translate="yes">
				<val>Afinstallerer i øjeblikket {0}</val>
			</str>
			<str name="Confirmation" translate="yes">
				<val>Vil du annullere afinstallationen?</val>
			</str>
			
			<str name="AdministratorPrivileges" translate="yes">
				<val>Der kræves administratorrettigheder for at kunne afinstallere. Log på som administrator.</val>
			</str>
		</set>
	</set>
	
	<set name="Success">
		<set name="Install">
			<str name="Title" translate="yes">
				<val>Installationen er fuldført</val>
			</str>
			<str name="MyAdobeLink" translate="yes">
				<val>http://www.adobe.com/go/adobemembership_dk</val>
			</str>
			<str name="Link1Text" translate="yes">
				<val>Mit Adobe</val>
			</str>
			<str name="Link1" translate="yes">
				<val>http://www.adobe.com/go/adobemembership_dk</val>
			</str>
			<str name="Link2Text" translate="yes">
				<val>Videoselvstudier</val>
			</str>
			<str name="Link2" translate="yes">
				<val>http://www.adobe.com/go/adobetv_howto_dk</val>
			</str>
			<str name="AdditionalInfo" translate="yes">
				<val>Hvis du vil administrere dette program eller anden original Adobe-software, skal du gå til {0}.</val>
			</str>
			<str name="BtnLblLaunchNow" translate="yes">
				<val>Start nu</val>
			</str>
			<str name="BtnLblClose" translate="yes">
				<val>Luk</val>
			</str>
			<set name="PP">
				<str name="CompletedText" translate="yes">
					<val>{0} er installeret og er klar til brug.</val>
				</str>
				<str name="RestartText" translate="yes">
				<val>Det anbefales, at du genstarter systemet før brug.</val>
				</str>
			</set>
			<set name="Suite">
				<str name="CompletedText" translate="yes">
					<val>Disse programmer er klar til brug.</val>
				</str>
				<str name="RestartText" translate="yes">
				<val>Nogle af disse anbefaler, at systemet genstartes, inden du bruger dem.</val>
				</str>
			</set>
		</set>
		
		<set name="Uninstall">
			<str name="Title" translate="yes">
				<val>Afinstallationen er fuldført</val>
			</str>
			<str name="RestartText" translate="yes">
				<val>Genstart systemet.</val>
			</str>
			<set name="PP">
				<str name="CompletedText" translate="yes">
					<val>{0} er afinstalleret.</val>
				</str>
			</set>
			<set name="Suite">
				<str name="CompletedText" translate="yes">
					<val>Følgende programmer er afinstalleret.</val>
				</str>
			</set>
		</set>
	</set>
	
    <set name="DoneWithError">
	    <set name="Install">
	        <str name="Title" translate="yes">
	            <val>Installationen er fuldført</val>
	        </str>
	        <str name="CompleteText" translate="yes">
	            <val>Installationen er fuldført, og disse programmer er klar til brug.</val>
	        </str>
	        <str name="IncompleteWarning" translate="yes">
	            <val>Nogle elementer til følgende produkt(er) kunne ikke installeres.</val>
	        </str>
			<set name="PP">
				<str name="RestartText" translate="yes">
					<val>Det anbefales, at du genstarter systemet før brug.</val>
				</str>
			</set>
			<set name="Suite">
				<str name="RestartText" translate="yes">
					<val>Nogle af disse anbefaler, at systemet genstartes, inden du bruger dem.</val>
				</str>
			</set>
			<set name="Cancelled">
		        <str name="Title" translate="yes">
		            <val>Installationen er annulleret</val>
		        </str>
		        <str name="CompleteText" translate="yes">
	            	<val>Men følgende programmer blev installeret, før du trykkede på knappen Annuller. Du kan vælge at afinstallere disse programmer manuelt.</val>
		        </str>
	        </set>
            <str name="DiskSpaceText" translate="yes">
                <val>Utilstrækkelig diskplads. Frigør plads, og prøv at installere igen.</val>
            </str>
		</set>
	    <set name="Uninstall">
	        <str name="Title" translate="yes">
	            <val>Afinstallationen er fuldført</val>
	        </str>
	        <str name="CompleteText" translate="yes">
	            <val>Følgende programmer er afinstalleret</val>
	        </str>
	        <str name="IncompleteWarning" translate="yes">
	            <val>Nogle komponenter kunne ikke afinstalleres.</val>
	        </str>
	        <str name="CleanerToolText" translate="yes">
            	<val>Du kan hente og køre {0}Cleaner Tool{1}, hvis du vil foretage en komplet oprydning.</val>
        </str>
	    </set>
    </set>

    <set name="Failure">
	    <set name="Install">
	        <str name="Title" translate="yes">
	            <val>Installationen er ikke fuldført korrekt</val>
	        </str>
	        <str name="WarningText" translate="yes">
	            <val>Der opstod fejl under installationen.</val>
	        </str>
			<str name="InitializeTroubleshootingTips" translate="yes">
			    <val>Flere fejlfindingstip:{0}1. Genstart computeren.{0}2. Afslut alle programmer, herunder startelementer, antivirus- og firewallsoftware.{0}3. Start installationsprogrammet, og installer programmerne igen.</val>
            </str>
			<str name="TroubleshootingTips" translate="yes">
			    <val>Flere fejlfindingstip:{0}1. Genstart computeren.{0}2. Afslut alle programmer, herunder startelementer, antivirus- og firewallsoftware.{0}3. Luk dette vindue, og start installationsprogrammet igen for at geninstallere programmerne.</val>
            </str>
	        
	        <set name="Cancelled">
		        <str name="Title" translate="yes">
		            <val>Installationen er annulleret</val>
		        </str>
		        <str name="WarningText" translate="yes">
		            <val>Installationen blev annulleret. Prøv igen senere.</val>
		        </str>
	        </set>
	        
	        <set name="AGVFailure">
		        <str name="WarningText" translate="yes">
		            <val>Dette er ikke original Adobe-software</val>
		        </str>
		        <str name="ParagraphOneText" translate="yes">
					<val>Det produkt, du prøver at installere, er ikke original Adobe-software og er tilsyneladende forfalsket. {0}Rapporter piratkopiering{1}, eller kontakt {2}kundesupport{3} for at få hjælp.</val>
		        </str>
		        <str name="ReportPiracyLink" translate="yes">
		            <val>http://www.adobe.com/go/reportpiracy_dk</val>
		        </str>
	        </set>
	        
	        <set name="SyncFail">
	            <str name="WarningText" translate="yes">
	                <val>Der er inkonsistens i installationsdatabasen. Genstart computeren, og installer igen.</val>
	            </str>
	        </set>
	        
	        <set name="MSIRunning">
	            <str name="ParagraphOneText" translate="yes">
	                <val>Der kører i øjeblikket et andet installationsprogram, der skal lukkes, før du kan installere dette produkt. Luk andre installationsprogrammer.</val>
	            </str>
	        </set>
	        
	        <set name="DiskSpace">
	            <str name="ParagraphOneText" translate="yes">
	                <val>Utilstrækkelig diskplads. Frigør plads, og prøv at installere igen.</val>
	            </str>
	        </set>
	    </set>
	    
	    <set name="Uninstall">
	        <str name="Title" translate="yes">
	            <val>Afinstallationen er ikke udført korrekt</val>
	        </str>
	        <str name="WarningText" translate="yes">
	            <val>Der opstod fejl under afinstallationen.</val>
	        </str>
			<str name="InitializeTroubleshootingTips" translate="yes">
			    <val>Fejlfindingstip:{0}1. Genstart computeren.{0}2. Afslut alle programmer, herunder startelementer, antivirus- og firewallsoftware.{0}3. Fjern programmet igen.</val>
            </str>
	        <str name="TroubleshootingTips" translate="yes">
			    <val>Flere fejlfindingstip:{0}1. Genstart computeren.{0}2. Afslut alle programmer, herunder startelementer, antivirus- og firewallsoftware.{0}3. Fjern programmet igen.</val>
            </str>
            <str name="CleanerToolText" translate="yes">
            	<val>Du kan også hente og køre {0}Cleaner Tool{1}.</val>
        	</str>
        	<str name="MSIRunning" translate="yes">
	            <val>Der kører i øjeblikket et andet installationsprogram, der skal lukkes, før du kan afinstallere dette produkt. Luk andre installationsprogrammer.</val>
	        </str> 	        
	    </set>
	    
        <set name="InitializationFailed">
            <str name="Paragraph1" translate="yes">
                <val>Installationsprogrammet kunne ikke initialiseres. Det kan skyldes en manglende fil.</val>
            </str>
        </set>
        
        <set name="ConflictingPayload">
            <str name="Paragraph1" translate="yes">
                <val>På denne computer findes en betaversion eller en version af {0}, der skaber konflikt. Versionen, som skaber konflikt, skal fjernes, før der installeres fra det aktuelle medie.</val>
            </str>
        </set>
        
        <set name="x64BitOn32Bit">
            <str name="Paragraph1" translate="yes">
                <val>Dette produkt kan kun installeres på et 64-bit system.</val>
            </str>
        </set>
    </set>
    
	<set name="Common">
		<str name="DefaultProductName" translate="yes">
			<val>Adobe-produkt</val>
		</str>
		<str name="QuitConfirmation" translate="yes">
            <val>Vil du afslutte?</val>
        </str>
		
        <str name="ErrorSummaryText" translate="yes">
            <val>Du kan muligvis finde årsagen til problemet i {0}fejlloggen{1}.</val>
        </str>
        <str name="CustomerSupportText" translate="yes">
            <val>Hvis problemerne fortsætter, skal du kontakte {0}Kundesupport{1} for at få hjælp.</val>
        </str>
        <str name="CustomerSupportLink" translate="yes">
            <val>http://www.adobe.com/go/customer_support_dk</val>
        </str>
        <str name="NewSubscriptionLink" translate="yes">
        	<val>http://www.adobe.com/go/products_dk</val>
        </str>
        <str name="CleanerToolLink" translate="yes">
            <val>http://www.adobe.com/go/cscleanertool_dk</val>
        </str>
        
        <str name="SystemRequirementsLink" translate="yes">
            <val>http://www.adobe.com/go/cs_systemreqs_dk</val>
        </str>

		<str name="PrivacyPortalLink" translate="yes">
			<val>http://www.adobe.com/go/adobe_privacy_portal_dk</val>
		</str>
		
		<str name="PrivacyPolicyLink" translate="yes">
			<val>http://www.adobe.com/go/privacy_dk</val>
		</str>
		<str name="GetActivated" translate="yes">
			<val>http://www.adobe.com/go/getactivated_dk</val>
		</str>
		<str name="GB" translate="yes">
			<val>GB</val>
		</str>
		<str name="MB" translate="yes">
			<val>MB</val>
		</str>
		<str name="KB" translate="yes">
			<val>KB</val>
		</str>
		<str name="decimalSeparator" translate="yes">
			<val>.</val>
		</str>
		<str name="commaSeparator" translate="yes">
			<val>,</val>
		</str>
	</set>
	
	<set name="OSName">
		<str name="6.2.1" translate="no"><val>Windows Server 2012</val></str>
		<str name="6.2.0" translate="no"><val>Windows 8</val></str>
		<str name="Win8" translate="no"><val>Windows 8</val></str>
		<str name="Win7" translate="no"><val>Windows 7</val></str>
		<str name="Server2008R2" translate="no"><val>Windows Server 2008 R2</val></str>
		<str name="Vista" translate="no"><val>Windows Vista</val></str>
		<str name="Server2008" translate="no"><val>Windows Server 2008</val></str>
		<str name="Server2003" translate="no"><val>Windows Server 2003</val></str>
		<str name="XP" translate="no"><val>Windows XP</val></str>
		<str name="2000" translate="no"><val>Windows 2000</val></str>
		<str name="ME" translate="no"><val>Windows ME</val></str>
		<str name="98" translate="no"><val>Windows 98</val></str>
		<str name="NT4.0" translate="no"><val>Windows NT 4.0</val></str>
		<str name="95" translate="no"><val>Windows 95</val></str>
		<str name="UNKNOWN" translate="no"><val>Windows</val></str>
	</set>
	
	<set name="isoToLanguage">
		<str name="en_US" translate="no"><val>English (North America)</val></str>
		<str name="en_GB" translate="no"><val>English (International)</val></str>
		<str name="en_INT" translate="no"><val>English (International)</val></str>
		<str name="en_AE" translate="no"><val>English يدعم العربية</val></str>
		<str name="en_IL" translate="no"><val>English תומך עברית</val></str>
		<str name="en_XC" translate="no"><val>English (Central Europe)</val></str>
		<str name="en_XM" translate="no"><val>English (Middle East)</val></str>
		
		<str name="fr_FR" translate="no"><val>Français</val></str>
		<str name="fr_CA" translate="no"><val>Français (Canada)</val></str>
		<str name="fr_MA" translate="no"><val>Français (Maroc)</val></str>
		<str name="fr_XM" translate="no"><val>Français (Moyen-Orient)</val></str>
		
		<str name="es_ES" translate="no"><val>Español</val></str>
		<str name="es_MX" translate="no"><val>Español (América Latina)</val></str>
		<str name="es_LA" translate="no"><val>Español de América Latina</val></str>
		<str name="es_NA" translate="no"><val>Español Norteamericano</val></str>
		<str name="es_QM" translate="no"><val>Español (Middle East)</val></str>
		
		<str name="ar_AE" translate="no"><val>العربية</val></str>
		<str name="bg_BG" translate="no"><val>Български</val></str>
		<str name="lv_LV" translate="no"><val>Latviešu</val></str>
		<str name="et_EE" translate="no"><val>Eesti</val></str>
		<str name="hr_HR" translate="no"><val>hrvatski</val></str>
		<str name="sl_SI" translate="no"><val>slovenščina</val></str>
		<str name="sk_SK" translate="no"><val>slovenčina</val></str>
		<str name="th_TH" translate="no"><val>ภาษาไทย</val></str>
		<str name="vi_VN" translate="no"><val>Việt</val></str>
		<str name="sq_AL" translate="no"><val>Shqip</val></str>
		<str name="ar_SA" translate="no"><val>العربية</val></str>
		<str name="be_BY" translate="no"><val>Беларуская</val></str>
		<str name="ca_ES" translate="no"><val>Català</val></str>
		<str name="hi_IN" translate="no"><val>हिन्दी</val></str>
		<str name="is_IS" translate="no"><val>Íslenska</val></str>
		<str name="lt_LT" translate="no"><val>Lietuvių</val></str>
		<str name="mk_MK" translate="no"><val>македонски</val></str>
		<str name="nn_NO" translate="no"><val>Norsk (Nynorsk)</val></str>
		<str name="pt_PT" translate="no"><val>Português de Portugal</val></str>
		<str name="sh_YU" translate="no"><val>Srpsko-Hrvatski</val></str>
		<str name="sr_YU" translate="no"><val>Cрпски</val></str>
		<str name="kk_KZ" translate="no"><val>Қазақ</val></str>
		<str name="az_AZ" translate="no"><val>Azərbaycan dili</val></str>
		<str name="no_NO" translate="no"><val>Norwegian</val></str>
		<str name="cs_CZ" translate="no"><val>česky</val></str>
		<str name="de_DE" translate="no"><val>Deutsch</val></str>
		<str name="el_GR" translate="no"><val>Ελληνικά</val></str>
		<str name="he_IL" translate="no"><val>עברית</val></str>
		<str name="hu_HU" translate="no"><val>magyar</val></str>
		<str name="it_IT" translate="no"><val>Italiano</val></str>
		<str name="ja_JP" translate="no"><val>日本語</val></str>
		<str name="ko_KR" translate="no"><val>한국어</val></str>
		<str name="nl_NL" translate="no"><val>Nederlands</val></str>
		<str name="pl_PL" translate="no"><val>polski</val></str>
		<str name="ro_RO" translate="no"><val>Română</val></str>
		<str name="ru_RU" translate="no"><val>русский</val></str>
		<str name="sv_SE" translate="no"><val>Svenska</val></str>
		<str name="tr_TR" translate="no"><val>Türkçe</val></str>
		<str name="uk_UA" translate="no"><val>українська</val></str>
		<str name="zh_CN" translate="no"><val>简体中文</val></str>
		<str name="zh_TW" translate="no"><val>繁體中文</val></str>
		<str name="da_DK" translate="no"><val>Dansk</val></str>
		<str name="fi_FI" translate="no"><val>suomi</val></str>
		<str name="nb_NO" translate="no"><val>Norsk (Bokmål)</val></str>
		<str name="pt_BR" translate="no"><val>Português do Brasil</val></str>
	</set>

</asf>
