<?xml version='1.0' encoding='utf-8'?>
<!DOCTYPE asf SYSTEM "http://ns.adobe.com/asf/asf_1_0.dtd" >
<asf xmlns="http://ns.adobe.com/asf" locale="fi_FI" version="1.0">
	
	<set name="common">
		<str name="adobeProduct" translate="yes">
			<val>Adobe-tuote</val>
		</str>
		<str name="adobeTrial" translate="yes">
			<val>Adobe-tuotteen kokeiluversio</val>
		</str>
		<str name="actPolicy" translate="yes">
			<val>Adoben aktivointikäytäntö</val>
		</str>
		<str name="subEdition" translate="no">
			<val>Subscription Edition</val>
		</str>
		<str name="progressMessage" translate="yes">
			<val>Muodostaa yhteyttä...</val>
		</str>
	</set>
	
	<set name="provision">
		<str name="buy" translate="yes">
			<val>OSTA NYT</val>
		</str>			
		<str name="remain" translate="yes">
			<val>PÄIVÄÄ JÄLJELLÄ</val>
		</str>
		<str name="authAdobeID" translate="yes">
			<val>Vahvistetaan Adobe-tunnusta...</val>
		</str>
	</set>

	<set name="eula">
		<str name="eula" translate="yes">
			<val>Adobe-ohjelmiston käyttöoikeussopimus</val>
		</str>
		<str name="view" translate="yes">
			<val>Näyttötapa:</val>
		</str>
		<str name="accept" translate="yes">
			<val>HYVÄKSY</val>
		</str>
		<str name="decline" translate="yes">
			<val>HYLKÄÄ</val>
		</str>		
		<str name="quit" translate="yes">
			<val>LOPETA</val>
		</str>		
	</set>

	<set name="activate">
		<str name="title" translate="yes">
			<val>Aktivointi</val>
		</str>
		<str name="progress" translate="yes">
			<val>Aktivoidaan...</val>
		</str>			
		<str name="fail" translate="yes">
			<val>Aktivointi epäonnistui</val>
		</str>			
		<str name="contact" translate="yes">
			<val>Otamme yhteyttä Adobeen aktivoidaksemme ohjelmiston {0} antamallasi sarjanumerolla.</val>
		</str>
		<str name="contact_forced" translate="yes">
			<val>Muodostamme yhteyden Adobeen ja aktivoimme tuotteen {0} asennuksen.</val>
		</str>
		<str name="limit" translate="yes">
			<val>Ohjelmiston {0} aktivointiraja on saavutettu.</val>
		</str>	
		<str name="already" translate="yes">
			<val>Tämä sarjanumero on jo aktivoitu kahdessa tietokoneessa.</val>
		</str>
		<str name="alreadyError" translate="yes">
			<val>Tämä sarjanumero on jo aktivoitu kahdessa tietokoneessa. Korjaa tämä ongelma ennen jatkamista.</val>
		</str>
		<str name="retryOption" translate="yes">
			<val>Yritä aktivointia uudelleen. Toisen tietokoneen aktivointi on jo poistettu.</val>
		</str>
		<str name="subRetryOption" translate="yes">
			<val>Poista kaikkien tietokoneiden aktivointi ja yritä aktivointia uudelleen.</val>
		</str>	
		<str name="provide" translate="yes">
			<val>Anna tuotteelle toinen sarjanumero.</val>
		</str>	
		<str name="provideBlurb" translate="yes">
			<val>Ohjelmiston käyttäminen kokeiluversiona edellyttää Adobe-tunnusta.</val>
		</str>	
		<str name="serialBlurb" translate="yes">
			<val>Anna sarjanumero.</val>
		</str>	
		<str name="serialNumberMessage" translate="yes">
			<val>Tämän sarjanumeron käyttötarkoitus: {0}</val>
		</str>
		<str name="serialActivationMessage" translate="yes">
			<val>Ohjelmiston käyttöoikeussopimuksen mukaan ohjelmisto yritetään aktivoida automaattisesti Internetin kautta. Lisätietoja on osoitteessa {0}www.adobe.com/activation{1}.</val>
		</str>
		<str name="activationLink" translate="yes">
			<val>http://www.adobe.com/go/activation_fi</val>
		</str>
		<str name="buyWarning1" translate="yes">
			<val>Jos valitsit Muistuta myöhemmin, sinulla on {0} päivää aikaa korjata ongelma tai ohjelma lakkaa toimimasta.</val>
		</str>	
		<str name="buyWarning2" translate="yes">
			<val>Tämä on tuotteen viimeinen käyttökerta, kunnes ongelma on korjattu.</val>
		</str>	
		<str name="buyWarning3" translate="yes">
			<val>Sinun täytyy korjata tämä ongelma, ennen kuin voit jatkaa tuotteen käyttämistä.</val>
		</str>	
		<str name="buyWarningRefuse" translate="yes">
			<val>Jos valitsit Muistuta myöhemmin, sinun täytyy korjata tämä ongelma tuotteen seuraavan käynnistyskerran yhteydessä.</val>
		</str>	
		<str name="buyWarningRefuse2" translate="yes">
			<val>Sinun täytyy korjata tämä ongelma, ennen kuin voit käyttää tuotetta.</val>
		</str>
		<str name="learn" translate="yes">
			<val>Jos haluat lisätietoja aktivoinnista, lue {0}Adoben aktivointikäytäntö.{1}</val>
		</str>
		<str name="learnlink" translate="yes">
			<val>http://www.adobe.com/go/activation_fi</val>
		</str>
		<str name="invalid" translate="yes">
			<val>Virheellinen sarjanumero</val>
		</str>	
		<str name="sninvalid" translate="yes">
			<val>Tämä sarjanumero on virheellinen.</val>
		</str>	
		<str name="hasfailure" translate="yes">
			<val>Emme pystyneet aktivoimaan tuotettasi. Valitse Yritä uudelleen, jos haluat yrittää uudelleen. Lisätietoja löytyy {0}Adoben aktivointikäytännöstä.{1}</val>
		</str>
		<str name="hasfailure1" translate="yes">
			<val>Emme pystyneet aktivoimaan tuotettasi. Valitse Yritä uudelleen. Lisätietoja löytyy {0}Adoben aktivointikäytännöstä.{1}</val>
		</str>
		<str name="mustDeactivate" translate="yes">
			<val>Korjaa ongelma ja varmista tuotteen aktivointi poistamalla toisen aktivoidun kopion aktivointi.</val>
		</str>	
		<str name="howTo" translate="yes">
			<val>Kuinka aktivointi poistetaan:</val>
		</str>	
		<str name="deactivateInstruct" translate="yes">
			<val>Käynnistä yksi ohjelmiston {0} kopioista, napsauta Ohje-valikkoa ja valitse Poista aktivointi ja käynnistä sen jälkeen tämä kopio uudelleen. Jos olet jo poistanut aktivoinnin, yritä uudelleen.</val>
		</str>	
		<str name="errorCode" translate="yes">
			<val>Virhekoodi: {0}</val>
		</str>
		<str name="errorCode1" translate="yes">
			<val>Virhekoodi: #{0}</val>
		</str>
		<str name="success" translate="yes">
			<val>{0} on aktivoitu ja valmiina käyttöön.</val>
		</str>
		<str name="error" translate="yes">
			<val>Muodosta Internet-yhteys ja valitse Jatka</val>
		</str>			
		<str name="assist" translate="yes">
			<val>Yhteystuki</val>
		</str>
		<str name="assistlink" translate="yes">
			<val>http://www.adobe.com/go/activation_fi</val>
		</str>		
		<str name="try" translate="yes">
			<val>YRITÄ UUDELLEEN</val>
		</str>			
		<str name="later" translate="yes">
			<val>AKTIVOI MYÖHEMMIN</val>
		</str>			
		<str name="close" translate="yes">
			<val>SULJE</val>
		</str>
		<str name="quit" translate="yes">
			<val>LOPETA</val>
		</str>
		<str name="done" translate="yes">
			<val>VALMIS</val>
		</str>
		<str name="remind" translate="yes">
			<val>MUISTUTA MYÖHEMMIN</val>
		</str>
		<str name="continue" translate="yes">
			<val>JATKA</val>
		</str>
		<str name="retry" translate="yes">
			<val>YRITÄ UUDELLEEN</val>
		</str>
		<str name="back" translate="yes">
			<val>TAKAISIN</val>
		</str>			
		<str name="errCode" translate="yes">
			<val>Virhekoodi: </val>
		</str>
		<str name="unknownErr" translate="yes">
			<val>Tuntematon</val>
		</str>
		<str name="serialError" translate="yes">
			<val>Sarjanumero ei ole kelvollinen kyseiselle tuotteelle.</val>
		</str>
		<str name="denybuyLink" translate="no">
			<val>http://www.adobe.com/go/denybuy</val>
		</str>
	</set>

	<set name="inAppTrial">
		<str name="serial" translate="yes">
			<val>ANNA SARJANUMERO</val>
		</str>
		<str name="contentLoading" translate="yes">
			<val>Sisältöä ladataan...</val>
		</str>
	</set>
	
	<set name="privacy">
		<str name="title" translate="yes">
			<val>Yksityisyysasetukset</val>
		</str>
		<str name="content" translate="yes">
			<val>Adobe käyttää ohjelman latauksen ja tuotteen kokeiluversion käytön yhteydessä kerättyjä tietoja mukautetun käyttökokemuksen tarjoamiseen.{0}Lisäksi Adobe saattaa käyttää kerättyjä tietoja sisäisiin tarkoituksiin asiakkaan käyttökokemuksen arvioimiseksi ja parantamiseksi. Mitään tuotteen kokeiluversion käyttöön liittyviä henkilötietoja ei kerätä missään vaiheessa.{0}Jos haluat, että Adobe ei käytä tai kerää mitään kokeiluversion käyttöön liittyviä tietoja, voit poistaa ominaisuuden käytöstä valitsemalla alla olevan valintaruudun. Kun seuraavan kerran käynnistät kokeiluversion, siihen liittyviä tietoja ei kerätä ja mukautettua sisältöä ei käytetä.{0}Lisätietoja Adoben tietosuojakäytännöistä on {1}Online-tietosuojakäytännössä{2}.</val>
		</str>
		<str name="privacyLink" translate="yes">
			<val>http://www.adobe.com/go/privacy_fi</val>
		</str>
		<str name="request" translate="yes">
			<val>Poista mukautettu sisältö käytöstä.</val>
		</str>
		<str name="ok" translate="yes">
			<val>OK</val>
		</str>
		<str name="cancel" translate="yes">
			<val>PERUUTA</val>
		</str>
	</set>
	
	<set name="video">
		<str name="playAgain" translate="yes">
			<val>Toista uudelleen</val>
		</str>
		<str name="nextTut" translate="yes">
			<val>Seuraava</val>
		</str>
		<str name="loading" translate="yes">
			<val>Videota ladataan...</val>
		</str>
		<str name="error" translate="yes">
			<val>Virhe sisältöä ladattaessa\nYritä myöhemmin uudelleen.</val>
		</str>
		<str name="tryAgain" translate="yes">
			<val>Yritä uudelleen.</val>
		</str>
		<str name="escapeExit" translate="yes">
			<val>Poistu laajennetusta näyttötilasta painamalla ESC-näppäintä.</val>
		</str>
	</set>
	
	
	<set name="trial">
		<str name="title" translate="yes">
			<val>{0} -kok.versio </val>
		</str>
		<str name="back" translate="yes">
			<val>TAKAISIN</val>
		</str>
		<str name="serial" translate="yes">
			<val>Anna sarjanumero</val>
		</str>
		<str name="lang" translate="yes">
			<val>Kieli:</val>
		</str>	
		<str name="trial" translate="yes">
			<val>Jatka käyttöä kokeiluversiona</val>
		</str>
		<str name="continue" translate="yes">
			<val>JATKA KOKEILUA</val>
		</str>
		<str name="continueSerial" translate="yes">
			<val>JATKA</val>
		</str>
		<str name="start" translate="yes">
			<val>ALOITA KOKEILU</val>
		</str>
		<str name="cancel" translate="yes">
			<val>PERUUTA</val>
		</str>
		<str name="close" translate="yes">
			<val>SULJE</val>
		</str>
		<str name="quit" translate="yes">
			<val>LOPETA</val>
		</str>
		<str name="skip" translate="yes">
			<val>OHITA</val>
		</str>
		<str name="serialError" translate="yes">
			<val>Sarjanumero ei ole kelvollinen kyseiselle tuotteelle.</val>
		</str>
		<str name="instruct" translate="yes">
			<val>Tämän tuotteen kokeiluversion käyttäminen edellyttää Adobe-tunnusta. Kun olet käynnistänyt tuotteen kokeiluversion ensimmäisen kerran, sinulla on seitsemän päivää aikaa syöttää Adobe-tunnus.</val>
		</str>			
		<str name="locateTT" translate="yes">
			<val>Sarjanumero löytyy DVD-kotelon kääntöpuolelta, Adobe Open Options -käyttöoikeustodistuksesta tai Adobe.com Store -kaupasta saamastasi sähköpostikuitista (vain ladatut ostokset).</val>
		</str>
		<str name="one" translate="yes">
			<val>Voit käyttää tuotetta vielä kerran. Tämän käyttökerran jälkeen sinun on annettava sarjanumero ennen jatkamista.</val>
		</str>
		<str name="nomore" translate="yes">
			<val>Voit muuntaa tämän kokeiluversion ostamalla tuotteen ja antamalla sarjanumeron.</val>
		</str>
		<str name="license" translate="yes">
			<val>Adobe-ohjelmiston käyttöoikeussopimus</val>
		</str>	
		<str name="eulaLink" translate="yes">
			<val>http://www.adobe.com/go/eulas_fi</val>
		</str>		
		<str name="expire" translate="yes">
			<val>Kokeiluversion voimassaoloaika on päättynyt.</val>
		</str>			
		<str name="used" translate="yes">
			<val>Tämän sarjanumeron käyttötarkoitus: {0}</val>
		</str>			
		<str name="agree" translate="yes">
			<val>Ohjelmiston käyttöoikeussopimuksen mukaan ohjelmisto yritetään automaattisesti aktivoida Internetin kautta. Lisätietoja on osoitteessa {0}www.adobe.com/activation{1}.</val>
		</str>
		<str name="activationLink" translate="yes">
			<val>http://www.adobe.com/go/activation_fi</val>
		</str>
		<str name="buyLink" translate="no">
			<val>http://www.adobe.com/go/buy</val>
		</str>			
	</set>

	<set name="trialerror">
		<str name="warning" translate="yes">
			<val>Ongelma kokeilukäytössä.</val>
		</str>
		<str name="instruct" translate="yes">
			<val>Tuotteen {0} kokeilukäytön aloittamisessa ilmeni ongelmia. Jos haluat jatkaa tuotteen käyttöä, palaa takaisin ja anna sarjanumero.</val>
		</str>
	</set>

	<set name="deactivate">
		<str name="title" translate="yes">
			<val>Aktivoinnin poistaminen</val>
		</str>
		<str name="instruct" translate="yes">
			<val>Poistettuasi aktivoinnin voit aktivoida Adobe -tuotteesi toisessa tietokoneessa, mikäli toimit {0}ohjelmiston käyttöoikeussopimuksen{1} mukaisesti. Varmista, että olet yhteydessä Internetiin, ennen kuin poistat aktivoinnin.</val>
		</str>
		<str name="instructSubscription" translate="yes">
			<val>Aktivoinnin poistaminen ei peruuta tilausta. Voit muokata tilausta osoitteessa {0}adobe.com/fi{1}.</val>
		</str>
		<str name="subscriptionLink" translate="no">
			<val>http://www.adobe.com/go/subscriptionedition</val>
		</str>
		<str name="button1" translate="yes">
			<val>KESKEYTÄ AKTIVOINTI</val>
		</str>
		<str name="button2" translate="yes">
			<val>POISTA AKTIVOINTI PYSYVÄSTI</val>
		</str>
		<str name="tooltip1" translate="yes">
			<val>Poistaa aktivoinnin tuotteestasi poistamatta sarjanumeroa.</val>
		</str>
		<str name="tooltip2" translate="yes">
			<val>Poistaa aktivoinnin tuotteestasi ja poistaa sen sarjanumeron.</val>
		</str>	
		<str name="progress" translate="yes">
			<val>Aktivointia poistetaan</val>
		</str>
		<str name="success" translate="yes">
			<val>Aktivoinnin poistaminen onnistui.</val>
		</str>
		<str name="failure" translate="yes">
			<val>Aktivoinnin poistaminen ei onnistunut. Yritä uudelleen.</val>
		</str>
		<str name="retry" translate="yes">
			<val>YRITÄ UUDELLEEN</val>
		</str>	
		<str name="errorCode" translate="yes">
			<val>Virhekoodi: #{0}</val>
		</str>
		<str name="done" translate="yes">
			<val>VALMIS</val>
		</str>		
		<str name="continue" translate="yes">
			<val>JATKA</val>
		</str>		
		<str name="cancel" translate="yes">
			<val>PERUUTA</val>
		</str>	
	</set>

	<set name="upgrade">
		<str name="title" translate="yes">
			<val>Syötä sarjanumeropäivitys</val>
		</str>
		<str name="instruct1" translate="yes">
			<val>Antamasi sarjanumero on kelvollinen, mutta tietokoneelta ei löydy hyväksyttyä tuotetta.</val>
		</str>
		<str name="instruct2" translate="yes">
			<val>Jos haluat käyttää antamaasi sarjanumeroa päivitykseen, sinun täytyy omistaa jokin näistä hyväksytyistä tuotteista. Valitse omistamasi tuote ja syötä sen sarjanumero:</val>
		</str>
		<str name="serial" translate="yes">
			<val>Tämän tuotteen sarjanumero:</val>
		</str>
		<str name="selproduct" translate="yes">
			<val>Valitse tuote</val>
		</str>		
		<str name="trial" translate="yes">
			<val>ASENNA KOKEILUVERSIONA</val>
		</str>
		<str name="confirm" translate="yes">
			<val>Tämä sarjanumero vahvistaa kohteen {0}.</val>
		</str>
		<str name="second" translate="yes">
			<val>Tähän päivitykseen vaaditaan toinen hyväksytty tuote. Valitse toinen omistamasi tuote ja syötä sen sarjanumero:</val>
		</str>
		<str name="nogood" translate="yes">
			<val>Tämä sarjanumero ei liity hyväksyttyyn tuotteeseen. Kokeile toista sarjanumeroa.</val>
		</str>
		<str name="account" translate="yes">
			<val>Jos olet rekisteröinyt tuotteesi aiemmin, voit siirtyä {0}tilisivullesi{1}, josta löydät nykyiset sarjanumerosi.</val>
		</str>
		<str name="support" translate="yes">
			<val>Lisäohjeita saat ottamalla yhteyttä {0}asiakastukeen{1}.</val>
		</str>
		<str name="supportlink" translate="yes">
			<val>http://www.adobe.com/go/support_fi</val>
		</str>
		<str name="accountlink" translate="yes">
			<val>http://www.adobe.com/go/adobemembership_fi</val>
		</str>
		<str name="back" translate="yes">
			<val>TAKAISIN</val>
		</str>
		<str name="next" translate="yes">
			<val>SEURAAVA</val>
		</str>
	</set>
	
	<set name="upcode">
		<str name="header" translate="yes">
			<val>Anna päivityskoodisi.</val>
		</str>
		<str name="instruct1" translate="yes">
			<val>Välitä pyydettäessä seuraava koodi palveluvastaavallesi:</val>
		</str>
		<str name="challenge" translate="yes">
			<val>Haastekoodi</val>
		</str>
		<str name="instruct2" translate="yes">
			<val>Syötä palveluvastaavalta saamasi koodi:</val>
		</str>
		<str name="support" translate="yes">
			<val>Tukikoodi</val>
		</str>
		<str name="quit" translate="yes">
			<val>LOPETA</val>
		</str>
		<str name="next" translate="yes">
			<val>SEURAAVA</val>
		</str>
		<str name="supportError" translate="yes">
			<val>Virheellinen tukikoodi</val>
		</str>
	</set>
	
	<set name="error">
		<str name="title" translate="yes">
			<val>Tuotteen käyttöoikeus on lakannut toimimasta</val>
		</str>
		<str name="message" translate="yes">
			<val>Tuotetta ei tällä hetkellä voi käyttää. Korjaa ongelma poistamalla tuotteen asennus ja asentamalla tuote uudelleen tai pyytämällä apua järjestelmänvalvojalta tai Adoben asiakaspalvelusta.</val>
		</str>
		<str name="error" translate="yes">
			<val>Virhekoodi: </val>
		</str>
		<str name="quit" translate="yes">
			<val>LOPETA</val>
		</str>
	</set>
	
	<set name="confirm">
		<str name="sure" translate="yes">
			<val>Haluatko varmasti sulkea tämän valintaikkunan?</val>
		</str>
		<str name="subCheckOffline" translate="yes">
			<val>Yhteyden muodostus epäonnistui. Tarkista Internet-yhteys ja yritä uudelleen.</val>
		</str>
		<str name="yes" translate="yes">
			<val>KYLLÄ</val>
		</str>
		<str name="no" translate="yes">
			<val>EI</val>
		</str>
		<str name="quit" translate="yes">
			<val>Lopeta</val>
		</str>
		<str name="continue" translate="yes">
			<val>Jatka</val>
		</str>
		<str name="tryAgain" translate="yes">
			<val>YRITÄ UUDELLEEN</val>
		</str>
		<str name="back" translate="yes">
			<val>TAKAISIN</val>
		</str>
	</set>
	
	<set name="thanks">
		<str name="title" translate="yes">
			<val>Kiitos</val>
		</str>
		<str name="noservices" translate="yes">
			<val>Aloitusopas: Adobe-tuotteet</val>
		</str>
		<str name="services" translate="yes">
			<val>Aloitusopas: Adobe-tuotteet ja palvelut</val>
		</str>
		<str name="subscription_1_2" translate="no">
			<val>Getting Started with your CS5 Subscription</val>
		</str>
		<str name="trialRegWithoutServices" translate="yes">
			<val>Kiitos Adobe-tunnuksen antamisesta ja mielenkiinnostasi tähän tuotteeseen.</val>
		</str>
		<str name="trialRegWithServices" translate="yes">
			<val>Kun olet antanut Adobe-tunnuksen, voit kirjautua sisään Adobe CS Live -verkkopalveluihin kokeilukäytön ajan.</val>
		</str>
		<str name="regRegWithoutServices" translate="yes">
			<val>Annettuasi Adobe-tunnuksen olet rekisteröinyt ohjelmiston.</val>
		</str>
		<str name="regRegFailWithoutServices" translate="yes">
			<val>Tuotettasi ei voitu rekisteröidä. Yritä myöhemmin uudelleen.</val>
		</str>
		<str name="regRegFailWithServices" translate="yes">
			<val>Adobe CS Live -tilausta ei voitu aloittaa. Yritä myöhemmin uudelleen.</val>
		</str>
		<str name="regRegIDCreate" translate="yes">
			<val>Olemme rekisteröineet ohjelmistosi Adobe-tunnuksellasi. Pääset nyt käyttämään Adobe CS Live -palveluita.</val>
		</str>
		<str name="regRegIDUsed" translate="yes">
			<val>Kun olet antanut Adobe-tunnuksen, olet rekisteröinyt ohjelmistosi ja voit kirjautua sisään Adobe CS Live -verkkopalveluihin.</val>
		</str>
		<str name="regRegSubscription_1_2" translate="no">
			<val>We've used your Adobe ID to set up your subscription and establish CS Live services.</val>
		</str>
		<str name="regRegDSP" translate="yes">
			<val>Olemme aloittaneet {0} -tilauksen ja määrittäneet Adobe CS Live -online-palveluiden käytön Adobe-tunnuksellasi.</val>
		</str>
		<str name="userID" translate="yes">
			<val>Adobe-tunnuksesi on: {0}</val>
		</str>
		<str name="emailVerify" translate="yes">
			<val>Adobe CS Live -palveluiden käytön aloittaminen edellyttää sähköpostivahvistusta. Tarkista sähköpostiohjelmasi Saapuneet-kansio.</val>
		</str>
		<str name="profile" translate="yes">
			<val>Adobe-tunnuksesi profiili on melkein valmis. Viimeistele profiilisi {0}napsauttamalla tätä{1}.</val>
		</str>
		<str name="profilelink" translate="yes">
			<val>http://www.adobe.com/go/adobemembership_fi</val>
		</str>
		<str name="video1" translate="yes">
			<val>Näytä video-opetusohjelmat</val>
		</str>
		<str name="video2" translate="yes">
			<val>Tutustu Adobe CS LIVE -palveluihin</val>
		</str>
		<str name="video1link" translate="yes">
			<val>http://www.adobe.com/go/adobetv_howto</val>
		</str>
		<str name="video2link" translate="yes">
			<val>http://www.adobe.com/go/cslive_fi</val>
		</str>
		<str name="done" translate="yes">
			<val>VALMIS</val>
		</str>
	</set>
	
	<set name="claimResponse">
		<str name="code_" translate="yes">
			<val></val>
		</str>
		<str name="code_EXCEPTION_TRIAL_EXISTS_FOR_TRIALID" translate="yes">
			<val>Olet jo rekisteröitynyt Adobe CS Liveen. Jos haluat käyttää palveluja, kirjaudu sisään.</val>
		</str>
		<str name="code_EXCEPTION_TRIAL_SKU_LOOKUP_FAILED" translate="yes">
			<val>Adobe CS Live -tilausta ei voitu aloittaa. Yritä myöhemmin uudelleen.</val>
		</str>

		<str name="code_EXCEPTION_DECODE_FAILED" translate="yes">
			<val>Virheellinen sarjanumero. Adobe CS Live -tilausta ei voitu aloittaa.</val>
		</str>
		<str name="code_EXCEPTION_NO_SUCH_USER" translate="yes">
			<val>Adobe CS Live -tilausta ei voitu aloittaa. Yritä myöhemmin uudelleen.</val>
		</str>
		<str name="code_EXCEPTION_INVALID_DATA" translate="yes">
			<val>Adobe CS Live -tilausta ei voitu aloittaa. Yritä myöhemmin uudelleen.</val>
		</str>
		<str name="code_EXCEPTION_WCD_TIMEOUT" translate="yes">
			<val>Adobe CS Live -tilausta ei voitu aloittaa. Yritä myöhemmin uudelleen.</val>
		</str>
		<str name="code_EXCEPTION_AUTHENTICATION_TIMEOUT" translate="yes">
			<val>Adobe CS Live -tilausta ei voitu aloittaa. Yritä myöhemmin uudelleen.</val>
		</str>
		<str name="code_EXCEPTION_SNSERVER_TIMEOUT" translate="yes">
			<val>Adobe CS Live -tilausta ei voitu aloittaa. Yritä myöhemmin uudelleen.</val>
		</str>
		<str name="code_EXCEPTION_WCD_SESSION_TIMEOUT" translate="yes">
			<val>Adobe CS Live -tilausta ei voitu aloittaa. Yritä myöhemmin uudelleen.</val>
		</str>
		<str name="code_EXCEPTION_INTERNAL_TIMEOUT" translate="yes">
			<val>Adobe CS Live -tilausta ei voitu aloittaa. Yritä myöhemmin uudelleen.</val>
		</str>
		<str name="code_EXCEPTION_INTERNAL_SERVER_ERROR" translate="yes">
			<val>Adobe CS Live -tilausta ei voitu aloittaa. Yritä myöhemmin uudelleen.</val>
		</str>
		<str name="code_EXCEPTION_SUBSCRIPTION_ALREADY_CLAIMED" translate="yes">
			<val>Olet jo rekisteröitynyt Adobe CS Liveen. Jos haluat käyttää palveluja, kirjaudu sisään.</val>
		</str>
		<str name="code_EXCEPTION_CLAIM_ALREADY_PROCESSED" translate="yes">
			<val>Tähän sarjanumeroon on jo liitetty Adobe CS Live -tilaus. Jos haluat käyttää palveluja, kirjaudu sisään.</val>
		</str>
		<str name="code_ESS_TIMEOUT" translate="yes">
			<val>Adobe CS Live -tilausta ei voitu aloittaa. Yritä myöhemmin uudelleen.</val>
		</str>
		<str name="code_ESS_FAILURE" translate="yes">
			<val>Adobe CS Live -tilausta ei voitu aloittaa. Yritä myöhemmin uudelleen.</val>
		</str>
		<str name="code_EXCEPTION_SYSTEM_UNAVAILABLE_noService_time" translate="yes">
			<val>Adoben rekisteröitymispalvelimelle tehdään parhaillaan ylläpitotoimenpiteitä ja sen arvioidaan olevan jälleen käytettävissä kello {0}. Pahoittelemme tästä aiheutuvaa haittaa. Yritä edellä mainittuna aikana uudelleen.</val>
		</str>
		<str name="code_EXCEPTION_SYSTEM_UNAVAILABLE_noService_noTime" translate="yes">
			<val>Adoben rekisteröitymispalvelimelle tehdään parhaillaan ylläpitotoimenpiteitä. Pahoittelemme tästä aiheutuvaa haittaa. Yritä myöhemmin uudelleen.</val>
		</str>
		<str name="code_EXCEPTION_SYSTEM_UNAVAILABLE_Service_Time" translate="yes">
			<val>Adobe CS Liveen tehdään parhaillaan ylläpitotoimenpiteitä ja sen arvioidaan olevan jälleen käytettävissä kello {0}. Pahoittelemme tästä aiheutuvaa haittaa. Yritä edellä mainittuna aikana uudelleen.</val>
		</str>
		<str name="code_EXCEPTION_SYSTEM_UNAVAILABLE_Service_noTime" translate="yes">
			<val>Adobe CS Liveen tehdään parhaillaan ylläpitotoimenpiteitä. Pahoittelemme tästä aiheutuvaa haittaa. Yritä myöhemmin uudelleen.</val>
		</str>
	</set>
	
	<set name="dspClaimResponse">
		<str name="failureStatusHeading" translate="yes">
			<val>{0} -tilausta ei voida aloittaa</val>
		</str>
		
		<str name="supLinkLbl_EXCEPTION_DECODE_FAILED" translate="yes">
			<val>Ota yhteyttä asiakastukeen</val>
		</str>			
		<str name="supLinkLbl_EXCEPTION_NO_SUCH_USER" translate="yes">
			<val>Ota yhteyttä asiakastukeen</val>
		</str>		
		<str name="supLinkLbl_EXCEPTION_INVALID_DATA" translate="yes">
			<val>Ota yhteyttä asiakastukeen</val>
		</str>
		<str name="supLinkLbl_EXCEPTION_SKU_LOOKUP_FAILED" translate="yes">
			<val>Ota yhteyttä asiakastukeen</val>
		</str>		
		<str name="supLinkLbl_EXCEPTION_AUTHENTICATION_TIMEOUT" translate="yes">
			<val>Ota yhteyttä asiakastukeen</val>
		</str>
		<str name="supLinkLbl_EXCEPTION_SNSERVER_TIMEOUT" translate="yes">
			<val>Ota yhteyttä asiakastukeen</val>
		</str>
		<str name="supLinkLbl_EXCEPTION_INTERNAL_TIMEOUT" translate="yes">
			<val>Ota yhteyttä asiakastukeen</val>
		</str>
		<str name="supLinkLbl_EXCEPTION_INTERNAL_SERVER_ERROR" translate="yes">
			<val>Ota yhteyttä asiakastukeen</val>
		</str>
		<str name="supLinkLbl_EXCEPTION_SYSTEM_UNAVAILABLE_time" translate="yes">
			<val>Ota yhteyttä asiakastukeen</val>
		</str>
		<str name="supLinkLbl_EXCEPTION_SYSTEM_UNAVAILABLE" translate="yes">
			<val>Ota yhteyttä asiakastukeen</val>
		</str>
		<str name="supLinkLbl_EXCEPTION_COMPANY_CODE_MISMATCH" translate="yes">
			<val>Lisätietoja</val>
		</str>
		<str name="supLinkLbl_EXCEPTION_SUBSCRIPTION_ALREADY_CLAIMED_DIFF_ADOBEID" translate="yes">
			<val>Ota yhteyttä asiakastukeen</val>
		</str>
		<str name="supLinkLbl_ERROR_WITH_INFO" translate="yes">
			<val>Ota yhteyttä asiakastukeen</val>
		</str>
		<str name="supLinkLbl_GENERIC" translate="yes">
			<val>Ota yhteyttä asiakastukeen</val>
		</str>


		<str name="supLinkURL_EXCEPTION_DECODE_FAILED" translate="yes">
			<val>http://www.adobe.com/go/support_fi</val>
		</str>			
		<str name="supLinkURL_EXCEPTION_NO_SUCH_USER" translate="yes">
			<val>http://www.adobe.com/go/support_fi</val>
		</str>		
		<str name="supLinkURL_EXCEPTION_INVALID_DATA" translate="yes">
			<val>http://www.adobe.com/go/support_fi</val>
		</str>
		<str name="supLinkURL_EXCEPTION_SKU_LOOKUP_FAILED" translate="yes">
			<val>http://www.adobe.com/go/support_fi</val>
		</str>		
		<str name="supLinkURL_EXCEPTION_AUTHENTICATION_TIMEOUT" translate="yes">
			<val>http://www.adobe.com/go/support_fi</val>
		</str>
		<str name="supLinkURL_EXCEPTION_SNSERVER_TIMEOUT" translate="yes">
			<val>http://www.adobe.com/go/support_fi</val>
		</str>
		<str name="supLinkURL_EXCEPTION_INTERNAL_TIMEOUT" translate="yes">
			<val>http://www.adobe.com/go/support_fi</val>
		</str>
		<str name="supLinkURL_EXCEPTION_INTERNAL_SERVER_ERROR" translate="yes">
			<val>http://www.adobe.com/go/support_fi</val>
		</str>
		<str name="supLinkURL_EXCEPTION_SYSTEM_UNAVAILABLE_time" translate="yes">
			<val>http://www.adobe.com/go/support_fi</val>
		</str>
		<str name="supLinkURL_EXCEPTION_SYSTEM_UNAVAILABLE" translate="yes">
			<val>http://www.adobe.com/go/support_fi</val>
		</str>
		<str name="supLinkURL_EXCEPTION_COMPANY_CODE_MISMATCH" translate="yes">
			<val>http://www.adobe.com/go/subscription_learnmore_fi</val>
		</str>
		<str name="supLinkURL_EXCEPTION_SUBSCRIPTION_ALREADY_CLAIMED_DIFF_ADOBEID" translate="yes">
			<val>http://www.adobe.com/go/support_fi</val>
		</str>
		<str name="supLinkURL_ERROR_WITH_INFO" translate="yes">
			<val>http://www.adobe.com/go/support_fi</val>
		</str>
		<str name="supLinkURL_GENERIC" translate="yes">
			<val>http://www.adobe.com/go/support_fi</val>
		</str>
		
		
		<str name="code_EXCEPTION_DECODE_FAILED" translate="yes">
			<val>Valitse Sulje ja käynnistä sitten tuote uudelleen. Kun olet käynnistänyt tuotteen, saat kehotteen aloittaa tilauksen.</val>
		</str>			
		<str name="code_EXCEPTION_NO_SUCH_USER" translate="yes">
			<val>Valitse Sulje ja käynnistä sitten tuote uudelleen. Kun olet käynnistänyt tuotteen, saat kehotteen aloittaa tilauksen.</val>
		</str>		
		<str name="code_EXCEPTION_INVALID_DATA" translate="yes">
			<val>Valitse Sulje ja käynnistä sitten tuote uudelleen. Kun olet käynnistänyt tuotteen, saat kehotteen aloittaa tilauksen.</val>
		</str>
		<str name="code_EXCEPTION_SKU_LOOKUP_FAILED" translate="yes">
			<val>Valitse Sulje ja käynnistä sitten tuote uudelleen. Kun olet käynnistänyt tuotteen, saat kehotteen aloittaa tilauksen.</val>
		</str>		
		<str name="code_EXCEPTION_AUTHENTICATION_TIMEOUT" translate="yes">
			<val>Odota hetki ja yritä uudelleen.</val>
		</str>
		<str name="code_EXCEPTION_SNSERVER_TIMEOUT" translate="yes">
			<val>Odota hetki ja yritä uudelleen.</val>
		</str>
		<str name="code_EXCEPTION_INTERNAL_TIMEOUT" translate="yes">
			<val>Odota hetki ja yritä uudelleen.</val>
		</str>
		<str name="code_EXCEPTION_INTERNAL_SERVER_ERROR" translate="yes">
			<val>Odota hetki ja yritä uudelleen.</val>
		</str>
		<str name="code_EXCEPTION_SYSTEM_UNAVAILABLE_time" translate="yes">
			<val>Palvelimet ovat parhaillaan offline-tilassa ajoitettujen ylläpitotoimenpiteiden vuoksi. Pahoittelemme viivettä. Yritä uudelleen kello {0}.</val>
		</str>
		<str name="code_EXCEPTION_SYSTEM_UNAVAILABLE" translate="yes">
			<val>Palvelimet ovat parhaillaan offline-tilassa ajoitettujen ylläpitotoimenpiteiden vuoksi. Pahoittelemme viivettä. Yritä myöhemmin uudelleen.</val>
		</str>
		<str name="code_EXCEPTION_COMPANY_CODE_MISMATCH" translate="yes">
			<val>Maa, josta tämä tuote on ostettu, ei vastaa Adobe-tilillesi määritettyä maata. Yritä uudelleen jollakin toisella Adobe-tunnuksella.</val>
		</str>
		<str name="code_EXCEPTION_SUBSCRIPTION_ALREADY_CLAIMED_DIFF_ADOBEID" translate="yes">
			<val>Tiedoistamme ilmenee, että tämä tilaus on parhaillaan määritettynä jollekin toiselle Adobe-tunnukselle. Kirjaudu sisään Adobe-tunnuksella ja salasanalla, joilla olet ostanut tilauksen, ja yritä uudelleen. Jos tämä ongelma ei häviä, ota yhteys asiakastukeen.</val>
		</str>
		
		<str name="code_ESS_TIMEOUT" translate="yes">
			<val>Odota hetki ja yritä uudelleen.</val>
		</str>
		<str name="code_ESS_FAILURE" translate="yes">
			<val>Odota hetki ja yritä uudelleen.</val>
		</str>
		
		<str name="code_GENERIC" translate="yes">
			<val>Valitse Sulje ja käynnistä sitten tuote uudelleen. Kun olet käynnistänyt tuotteen, saat kehotteen aloittaa tilauksen.</val>
		</str>
	</set>
	
	<set name="bonus">
		<str name="instruct" translate="yes">
			<val>Tuotteen aktivointiin käytetty sarjanumero on vanhentunut. Tämä on viimeinen tilaisuutesi käynnistää tuote, ennen kuin sen aktivointi automaattisesti poistetaan. Jos haluat aktivoida tuotteen uudelleen, sinun on annettava uusi sarjanumero tai käynnistettävä kokeilujakso seuraavalla käynnistyskerralla.</val>
		</str>
		<str name="serial" translate="yes">
			<val>Tuotteen {0} sarjanumero</val>
		</str>
		<str name="purchase" translate="yes">
			<val>Voit ostaa uuden sarjanumeron osoitteesta Adobe.com.</val>
		</str>
		<str name="agree" translate="yes">
			<val>Ohjelmiston käyttöoikeussopimuksen mukaan ohjelmisto yritetään automaattisesti aktivoida Internetin kautta. Lisätietoja on osoitteessa {0}www.adobe.com/activation{1}.</val>
		</str>
		<str name="agreeLink" translate="yes">
			<val>http://www.adobe.com/go/activation_fi</val>
		</str>
		<str name="supportLink" translate="yes">
			<val>http://www.adobe.com/go/support_fi</val>
		</str>
	</set>	

	<set name="forced">
		<str name="title" translate="yes">
			<val>Aktivointi on pakollinen</val>
		</str>
		<str name="warning" translate="yes">
			<val>Tuotteen {0} aktivoiminen Internet-yhteyden kautta ei onnistu.</val>
		</str>
		<str name="instruct" translate="yes">
			<val>Järjestelmän suojaaminen tekaistulta tai haitalliselta koodilta edellyttää tuotteen käyttämiseen tarvittavaa aktivoimista, jolla myös varmistetaan, että ohjelmisto on aito. Jos haluat aktivoida tuotteen, varmista, että järjestelmä on yhteydessä Internetiin, tai toimi alla olevien vaiheiden mukaisesti.</val>
		</str>
		<str name="statement_days" translate="yes">
			<val>Sinulla on {0} päivää aikaa suorittaa aktivointi, ennen kuin tuotteesi poistetaan käytöstä.</val>
		</str>
		<str name="statement_last" translate="yes">
			<val>Tämä on tämän tuotteen viimeinen käynnistyskerta, ennen kuin tuote poistetaan käytöstä.</val>
		</str>
		<str name="statement_disabled" translate="yes">
			<val>Tämä tuote on poistettu käytöstä, koska sen aktivointi epäonnistui.</val>
		</str>
		<str name="rb1" translate="yes">
			<val>Tämä tietokone on nyt yhdistetty Internetiin. Yritä aktivointia uudelleen.</val>
		</str>
		<str name="rb2" translate="yes">
			<val>Tätä tietokonetta ei voi aktivoida Internetin kautta.</val>
		</str>
		<str name="rb3" translate="yes">
			<val>Yritä aktivoida Internetin kautta, kun käynnistän tämän sovelluksen seuraavan kerran.</val>
		</str>
		<str name="learn" translate="yes">
			<val>Lisätietoja Adoben aktivointikäytännöstä on osoitteessa {0}adobe.com/go/activation_fi{1}</val>
		</str>
		<str name="learnlink" translate="yes">
			<val>http://www.adobe.com/go/activation_fi</val>
		</str>
		<str name="next" translate="yes">
			<val>SEURAAVA</val>
		</str>
	</set>	

	<set name="phone">
		<str name="title" translate="yes">
			<val>Aktivointi on pakollinen</val>
		</str>
		<str name="instructRet" translate="yes">
			<val>Jos et pääse tältä tietokoneelta Internetiin, ota yhteyttä {0}asiakastukeen{1}.</val>
		</str>
		<str name="instructVol" translate="yes">
			<val>Pyydä järjestelmänvalvojaa ottamaan yhteyttä {0}asiakastukeen{1}, jos haluat aktivoida tämän tietokoneen.</val>
		</str>
		<str name="requireRet" translate="yes">
			<val>Ilmoita asiakaspalveluedustajalle seuraavat tiedot.</val>
		</str>
		<str name="requireVol" translate="yes">
			<val>Pyydä järjestelmänvalvojaa ilmoittamaan seuraavat tiedot asiakastukeen.</val>
		</str>
		<str name="problem" translate="yes">
			<val>Ongelma:</val>
		</str>
		<str name="license" translate="yes">
			<val>Käyttöoikeus:</val>
		</str>
		<str name="detail1" translate="yes">
			<val>Yksityiskohta 1:</val>
		</str>
		<str name="detail2" translate="yes">
			<val>Yksityiskohta 2:</val>
		</str>
		<str name="serialRet" translate="yes">
			<val>Anna asiakaspalveluedustajan mahdollisesti antama numero.</val>
		</str>
		<str name="serialVol" translate="yes">
			<val>Anna järjestelmänvalvojan mahdollisesti antama numero</val>
		</str>
		<str name="learn" translate="yes">
			<val>Lisätietoja Adoben aktivointikäytännöstä on osoitteessa {0}adobe.com/go/activation_fi{1}</val>
		</str>
		<str name="learnlink" translate="yes">
			<val>http://www.adobe.com/go/activation_fi</val>
		</str>
		<str name="back" translate="yes">
			<val>TAKAISIN</val>
		</str>
		<str name="done" translate="yes">
			<val>VALMIS</val>
		</str>
	</set>
	
	<set name="subWelcome_1_2">
		<str name="info" translate="no">
			<val>To launch your product you will need a subscription serial number. Click SUBSCRIBE NOW if you are new to Creative Suite Subscriptions.</val>
		</str>
		<str name="current" translate="no">
			<val>Current Subscribers</val>
		</str>
		<str name="currentInfo" translate="no">
			<val>If you already have a Design Premium CS5 Subscription Edition serial number, please click NEXT to enter it and begin. All current subscribers of Design Premium CS4 Subscription Edition should have received an upgrade serial number via email.</val>
		</str>
		<str name="setUp" translate="no">
			<val>Set up your new subscription account</val>
		</str>
		<str name="billing" translate="no">
			<val>Subscription billing and management is handled through eSellerate, a third party provider.</val>
		</str>
		<str name="subscribeNow" translate="no">
			<val>SUBSCRIBE NOW</val>
		</str>
		<str name="newPurchase" translate="no">
			<val>All newly purchased subscriptions include a coupon code (located on the back of your disk) that you will be able to redeem to receive your first month of subscription for free.</val>
		</str>
		<str name="next" translate="no">
			<val>NEXT</val>
		</str>
		<str name="quit" translate="no">
			<val>QUIT</val>
		</str>
	</set>

	<set name="subMain_1_2">
		<str name="subscribeNow" translate="no">
			<val>SUBSCRIBE NOW</val>
		</str>
		<str name="buyLink" translate="no">
			<val>http://www.esellerate.net</val>
		</str>
		<str name="subscriptionInfo" translate="no">
			<val>Subscription billing and management is handled through eSellerate, a third party provider.</val>
		</str>
		<str name="expiredInfo" translate="no">
			<val>To use the product you will need to purchase a subscription through eSellerate.</val>
		</str>
	</set>
	
	<set name="claimResponse_1_2">
		<str name="code_" translate="no">
			<val></val>
		</str>
		<str name="code_EXCEPTION_DECODE_FAILED" translate="no">
			<val>Invalid serial number. Could not start your CS5 Design Premium subscription.</val>
		</str>
		<str name="code_EXCEPTION_NO_SUCH_USER" translate="no">
			<val>Could not start your CS5 Design Premium subscription. Try again later.</val>
		</str>
		<str name="code_EXCEPTION_INVALID_DATA" translate="no">
			<val>Could not start your CS5 Design Premium subscription. Try again later.</val>
		</str>
		<str name="code_EXCEPTION_WCD_TIMEOUT" translate="no">
			<val>Could not start your CS5 Design Premium subscription. Try again later.</val>
		</str>
		<str name="code_EXCEPTION_SNSERVER_TIMEOUT" translate="no">
			<val>Could not start your CS5 Design Premium subscription. Try again later.</val>
		</str>
		<str name="code_EXCEPTION_WCD_SESSION_TIMEOUT" translate="no">
			<val>Could not start your CS5 Design Premium subscription. Try again later.</val>
		</str>
		<str name="code_EXCEPTION_INTERNAL_TIMEOUT" translate="no">
			<val>Could not start your CS5 Design Premium subscription. Try again later.</val>
		</str>
		<str name="code_EXCEPTION_INTERNAL_SERVER_ERROR" translate="no">
			<val>Could not start your CS5 Design Premium subscription. Try again later.</val>
		</str>
		<str name="code_ESS_TIMEOUT" translate="no">
			<val>Could not start your CS5 Design Premium subscription. Try again later.</val>
		</str>
		<str name="code_ESS_FAILURE" translate="no">
			<val>Could not start your CS5 Design Premium subscription. Try again later.</val>
		</str>
		<str name="code_EXCEPTION_SYSTEM_UNAVAILABLE" translate="no">
			<val>We are currently undergoing maintenance. We apologize for this inconvenience. Please try again later to start your subscription.</val>
		</str>
	</set>

	<set name="subError_1_2">
		<str name="associateFailed" translate="no">
			<val>We are unable to activate your product at this time. You can hit the Back button to try to activate the product again, or to attempt to launch the product in trial mode.</val>
		</str>
		<str name="associateFailed_ID" translate="no">
			<val>We are unable to activate your product at this time. You can hit the Back button to try to activate the product again.</val>
		</str>
		<str name="assocUserNotAuthErr" translate="no">
			<val>The Adobe ID you entered is different than the Adobe ID used to originally activate this subscription. You can hit the Back button to try to activate the product again using a different Adobe ID, or to activate the product using a new subscription serial number.</val>
		</str>
		<str name="assocUserNotAuthErr_ID" translate="no">
			<val>The Adobe ID you entered is different than the Adobe ID used to originally activate this subscription. You can hit the Back button to try to activate the product again using a different Adobe ID.</val>
		</str>
		<str name="checkEntitlementFailed" translate="no">
			<val>We are unable to activate your product at this time. Please try again later.</val>
		</str>
		<str name="disAllIntervalErr" translate="no">
			<val>You have exceeded the maximum number of deactivation attempts allowed in this time period. Please try again later.</val>
		</str>
	</set>

	<set name="subExpired_1_2">
		<str name="instruct_exp" translate="no">
			<val>The serial number you used to purchase this product has expired. If you did not intend to let your Design Premium subscription expire, please call Adobe Customer Care at 
1800-614-863 to resolve the issue.</val>
		</str>
		<str name="instruct_bonus" translate="no">
			<val>The serial number you used to purchase this product has expired. This is your last opportunity to launch the product before it is automatically deactivated. To reactivate, you must provide a new serial number now. If not, your next launch will start  in trial mode and you can provide a new serial number at that time. If you did not intend to let your Design Premium subscription expire, please call Adobe Customer Care at 1800-614-863 to resolve the issue.</val>
		</str>
		<str name="serial" translate="no">
			<val>Serial number for {0}</val>
		</str>
		<str name="purchase" translate="no">
			<val>You can purchase a new subscription serial number through eSellerate, a third party provider.</val>
		</str>
		<str name="back" translate="no">
			<val>BACK</val>
		</str>
		<str name="continue" translate="no">
			<val>CONTINUE</val>
		</str>
		<str name="subscribeNow" translate="no">
			<val>SUBSCRIBE NOW</val>
		</str>
	</set>
	
	<set name="subOverAct_1_2">
		<str name="disassociate" translate="no">
			<val>Deactivate all computers and retry activation. You will be able to reactivate on one of your other computers by logging in with your Adobe ID at product launch.</val>
		</str>
		<str name="provide" translate="no">
			<val>Provide another serial number for this product.</val>
		</str>
		<str name="subscribeNow" translate="no">
			<val>SUBSCRIBE NOW</val>
		</str>
		<str name="back" translate="no">
			<val>BACK</val>
		</str>
		<str name="continue" translate="no">
			<val>CONTINUE</val>
		</str>
	</set>
	
	<set name="subConErr_1_2">
		<str name="title" translate="no">
			<val>Verifying Subscription Status</val>
		</str>
		<str name="progress" translate="no">
			<val>Verifying Subscription Status...</val>
		</str>
		<str name="contact" translate="no">
			<val>We need to contact Adobe Servers every thirty days to validate the status of your Design Premium subscription. In order to conduct this validation you must be connected to the internet. After we have verified your status, you can disconnect from the internet.</val>
		</str>
		<str name="contactExp" translate="no">
			<val>We need to contact Adobe Servers every thirty days to validate the status of your Design Premium subscription. In order to conduct this validation you must be connected to the internet. After we have verified your status, you can disconnect from the internet. If you do not successfully connect to the internet, this will be the last time you will be able to launch your product offline.</val>
		</str>
		<str name="error" translate="no">
			<val>Please connect to the Internet, then press Continue</val>
		</str>			
		<str name="assist" translate="no">
			<val>Connection Support</val>
		</str>			
		<str name="continue" translate="no">
			<val>CONTINUE</val>
		</str>
		<str name="assistlink" translate="no">
			<val>http://www.adobe.com</val>
		</str>
		<str name="continue" translate="no">
			<val>CONTINUE</val>
		</str>
	</set>
	
	<set name="dspReminder">
		<str name="reminder" translate="yes">
			<val>Tilausmuistutus</val>
		</str>
		<str name="grace" translate="yes">
			<val>Tilaus umpeutunut</val>
		</str>
		<str name="infoReminder" translate="yes">
			<val>Tilauksesi päättyy pian.</val>
		</str>
		<str name="infoGrace" translate="yes">
			<val>{0} -tilauksesi on umpeutunut.</val>
		</str>
		<str name="offline" translate="yes">
			<val>Internet-yhteyttä ei voida muodostaa. Tarkista yhteysasetukset ja valitse Yritä uudelleen.</val>
		</str>
		<str name="reminderPeriod" translate="yes">
			<val>Tiedoistamme ilmenee, että tähän tilaustiliin ei ole liitetty luottokorttia. Valitse Uudista, jotta voit antaa luottokortin tiedot ja uusia tilauksen.</val>
		</str>
		<str name="reminderPeriodOffline" translate="yes">
			<val>Tiedoistamme ilmenee, että tähän tilaustiliin ei ole liitetty luottokorttia. Valitse Uudista, jotta voit antaa luottokortin tiedot ja uusia tilauksen.</val>
		</str>
		<str name="gracePeriod" translate="yes">
			<val>Valitse Uudista, jotta voit jatkaa tuotteen käyttöä keskeytyksettä. Voit uusia tilauksen lyhyen lisäjakson aikana. Tämän jälkeen et voi enää käyttää tätä tuotetta.</val>
		</str>
		<str name="gracePeriodOffline" translate="yes">
			<val>Tämän tuotteen käyttäminen edellyttää toimivaa Internet-yhteyttä. Voit uusia tilauksen lyhyen lisäjakson aikana. Tämän jälkeen et voi enää käyttää tätä tuotetta.</val>
		</str>
		<str name="bonusPeriod" translate="yes">
			<val>Valitse Uudista, jotta voit jatkaa tuotteen käyttöä keskeytyksettä. Et voi käyttää tuotetta enää, ellet uusi tilausta. Jos olet uusinut tilauksen äskettäin, odota vähintään 15 minuuttia ja käynnistä tuote uudelleen.</val>
		</str>
		<str name="viewPolicy" translate="yes">
			<val>Näytä tilauskäytäntö</val>
		</str>
		<str name="subPolicyLink" translate="yes">
			<val>http://www.adobe.com/go/subscription_policy_fi</val>
		</str>
		<str name="subscriptionLink" translate="no">
			<val>http://www.adobe.com/go/subscriptionedition</val>
		</str>
		<str name="daysRemain" translate="yes">
			<val>PÄIVÄÄ JÄLJELLÄ</val>
		</str>
		<str name="daysRemainAlternate" translate="yes">
			<val>PÄIVÄ JÄLJELLÄ</val>
		</str>
		<str name="later" translate="yes">
			<val>MUISTUTA MYÖHEMMIN</val>
		</str>
		<str name="continue" translate="yes">
			<val>JATKA</val>
		</str>
		<str name="tryAgain" translate="yes">
			<val>YRITÄ UUDELLEEN</val>
		</str>
		<str name="renew" translate="yes">
			<val>UUDISTA</val>
		</str>
	</set>
	
	<set name="dspExpired">
		<str name="title" translate="yes">
			<val>Tilaus umpeutunut</val>
		</str>
		<str name="renewOption" translate="yes">
			<val>Uudista {0} -tilaukseni</val>
		</str>
		<str name="renewMsg" translate="yes">
			<val>Valitse Uudista, jotta voit jatkaa tuotteen käyttöä keskeytyksettä. Jos olet juuri uusinut tilauksen, odota 15 minuuttia ja yritä sitten uudelleen.</val>
		</str>
		<str name="renewLinkText" translate="yes">
			<val>Uudista</val>
		</str>
		<str name="renewLink" translate="no">
			<val>http://www.adobe.com/go/subscriptionedition</val>
		</str>
		<str name="serialOption" translate="yes">
			<val>Anna uusi sarjanumero</val>
		</str>
		<str name="purchaseLinkText" translate="yes">
			<val>Osta Adobe-ohjelmisto</val>
		</str>
		<str name="serialError" translate="yes">
			<val>Sarjanumero ei ole kelvollinen kyseiselle tuotteelle.</val>
		</str>
		<str name="locateTT" translate="yes">
			<val>Sarjanumero löytyy DVD-kotelon kääntöpuolelta, Adobe Open Options -käyttöoikeustodistuksesta tai Adobe.com Store -kaupasta saamastasi sähköpostikuitista (vain ladatut ostokset).</val>
		</str>
		<str name="used" translate="yes">
			<val>Tämän sarjanumeron käyttötarkoitus: {0}</val>
		</str>			
		<str name="agree" translate="yes">
			<val>Ohjelmiston käyttöoikeussopimuksen mukaan ohjelmisto yritetään automaattisesti aktivoida Internetin kautta. Lisätietoja on osoitteessa {0}www.adobe.com/activation{1}.</val>
		</str>
		<str name="activationLink" translate="yes">
			<val>http://www.adobe.com/go/activation_fi</val>
		</str>
		<str name="continue" translate="yes">
			<val>JATKA</val>
		</str>
		<str name="tryAgain" translate="yes">
			<val>YRITÄ UUDELLEEN</val>
		</str>
		<str name="quit" translate="yes">
			<val>LOPETA</val>
		</str>
	</set>
	
	<set name="dspOverActivation">
		<str name="title" translate="yes">
			<val>Aktivointi</val>
		</str>
		<str name="limit" translate="yes">
			<val>{0} on jo aktivoitu toisessa koneessa</val>
		</str>
		<str name="alreadyActivated" translate="yes">
			<val>Tiedoistamme ilmenee, että tämä tuote on jo aktivoitu jossakin toisessa tietokoneessa. Aktivoi tilaus tässä tietokoneessa ja poista toisen tietokoneen aktivointi valitsemalla Seuraava.</val>
		</str>
		<str name="actPolicyLinkText" translate="yes">
			<val>Näytä aktivointikäytäntö</val>
		</str>
		<str name="actPolicyLink" translate="yes">
			<val>http://www.adobe.com/go/activation_fi</val>
		</str>
		<str name="quit" translate="yes">
			<val>LOPETA</val>
		</str>
		<str name="next" translate="yes">
			<val>SEURAAVA</val>
		</str>
	</set>
	
	<set name="dspUnableToActivate">
		<str name="title" translate="yes">
			<val>Aktivointi</val>
		</str>
		<str name="failureMessage" translate="yes">
			<val>Tuotetta {0} ei voida aktivoida</val>
		</str>
		<str name="labelHead" translate="yes">
			<val>Tämän tuotteen käyttäminen edellyttää tuoteaktivointia</val>
		</str>
		<str name="message" translate="yes">
			<val>Tämän tuotteen aktivoiminen edellyttää toimivaa Internet-yhteyttä. Tarkista yhteysasetukset ja valitse Yritä uudelleen.</val>
		</str>
		<str name="activationMessage" translate="yes">
			<val>Jos haluat lisätietoja aktivoinnista, lue {0}Adoben aktivointikäytäntö{1}.</val>
		</str>
		<str name="activationLink" translate="yes">
			<val>http://www.adobe.com/go/activation_fi</val>
		</str>
		<str name="quit" translate="yes">
			<val>LOPETA</val>
		</str>
		<str name="tryAgain" translate="yes">
			<val>YRITÄ UUDELLEEN</val>
		</str>
	</set>
	
	<set name="dspErrorTryAgain">
		<str name="title" translate="yes">
			<val>Yritä uudelleen</val>
		</str>
		<str name="header" translate="yes">
			<val>{0} -tilausta ei voida aloittaa</val>
		</str>
		
		<str name="checkEntitlementGenericError_Title" translate="yes">
			<val>{0} -tilausta ei voida aloittaa</val>
		</str>
		<str name="checkEntitlementGenericError_Message" translate="yes">
			<val>Odota hetki ja yritä uudelleen.</val>
		</str>
		<str name="checkEntitlementGenericError_LinkText" translate="yes">
			<val>Ota yhteyttä asiakastukeen</val>
		</str>
		<str name="checkEntitlementGenericError_Link" translate="yes">
			<val>http://www.adobe.com/go/support_fi</val>
		</str>
		<str name="checkEntitlementGenericError_Next" translate="yes">
			<val>YRITÄ UUDELLEEN</val>
		</str>
		<str name="checkEntitlementGenericError_Back" translate="yes">
			<val>SULJE</val>
		</str>
		
		<str name="checkEntitlementOfflineError_Title" translate="yes">
			<val>Et ole parhaillaan yhteydessä Internetiin</val>
		</str>
		<str name="checkEntitlementOfflineError_Message" translate="yes">
			<val>Tämän tuotteen käyttäminen edellyttää Internet-yhteyttä. Tarkista, että verkkoyhteys on aktiivinen, ja yritä uudelleen painiketta napsauttamalla. Jos tämä virhe ilmenee edelleen, ota yhteys asiakastukeen.</val>
		</str>
		<str name="checkEntitlementOfflineError_LinkText" translate="yes">
			<val>Ota yhteyttä asiakastukeen</val>
		</str>
		<str name="checkEntitlementOfflineError_Link" translate="yes">
			<val>http://www.adobe.com/go/support_fi</val>
		</str>
		<str name="checkEntitlementOfflineError_Next" translate="yes">
			<val>YRITÄ UUDELLEEN</val>
		</str>
		<str name="checkEntitlementOfflineError_Back" translate="yes">
			<val>TAKAISIN</val>
		</str>
		
		<str name="tryAgain" translate="yes">
			<val>YRITÄ UUDELLEEN</val>
		</str>
		<str name="close" translate="yes">
			<val>SULJE</val>
		</str>
	</set>
	
	<set name="dspVerified">
		<str name="title" translate="yes">
			<val>Kiitos</val>
		</str>
		<str name="verified" translate="yes">
			<val>{0} -tilaus on nyt aktiivinen. Valitse Jatka, jotta voit käyttää tuotetta.</val>
		</str>
		<str name="continue" translate="yes">
			<val>JATKA</val>
		</str>
	</set>
	
	<set name="calendar">
		<str name="remaining" translate="yes">
			<val>{0} päivää jäljellä</val>
		</str>
		<str name="remainingAlternate" translate="yes">
			<val>{0} päivä jäljellä</val>
		</str>
	</set>
	
	<set name="dspPrescreenResponse">
		<str name="header_NOT_ENABLED" translate="yes">
			<val>{0} -tilauksesi on umpeutunut.</val>
		</str>
		<str name="body_NOT_ENABLED" translate="yes">
			<val>Uusi tilaus tai valitse Takaisin, jos haluat antaa jonkin toisen sarjanumeron.</val>
		</str>
		<str name="linkText_NOT_ENABLED" translate="yes">
			<val>Uudista tilaukseni</val>
		</str>
		<str name="link_NOT_ENABLED" translate="no">
			<val>http://www.adobe.com/go/subscriptionedition</val>
		</str>
		<str name="header_OFFLINE" translate="yes">
			<val>Internet-yhteyttä ei voida muodostaa</val>
		</str>
		<str name="body_OFFLINE" translate="yes">
			<val>Tämän tuotteen käyttäminen edellyttää toimivaa Internet-yhteyttä. Tarkista yhteysasetukset ja valitse Yritä uudelleen. Jos havaitset edelleen ongelmia, ota yhteys asiakastukeen.</val>
		</str>
		<str name="linkText_OFFLINE" translate="yes">
			<val>Ota yhteyttä asiakastukeen</val>
		</str>
		<str name="link_OFFLINE" translate="yes">
			<val>http://www.adobe.com/go/support_fi</val>
		</str>
		<str name="header_GENERIC_ERROR" translate="yes">
			<val>{0} -tilausta ei voida aloittaa</val>
		</str>
		<str name="body_GENERIC_ERROR" translate="yes">
			<val>Odota hetki ja yritä uudelleen.</val>
		</str>
		<str name="linkText_GENERIC_ERROR" translate="yes">
			<val>Ota yhteyttä asiakastukeen</val>
		</str>
		<str name="link_GENERIC_ERROR" translate="yes">
			<val>http://www.adobe.com/go/support_fi</val>
		</str>
		<str name="back" translate="yes">
			<val>TAKAISIN</val>
		</str>
		<str name="tryAgain" translate="yes">
			<val>YRITÄ UUDELLEEN</val>
		</str>
	</set>
	
	<set name="dspSuspended">
		<str name="title_actSuspended" translate="yes">
			<val>Aktivointi</val>
		</str>
		<str name="header_actSuspended" translate="yes">
			<val>Tuotetta {0} ei voida aktivoida</val>
		</str>
		<str name="msg1_actSuspended" translate="yes">
			<val>Järjestelmäsi päivämäärä ei vastaa palvelimemme päivämäärää.</val>
		</str>
		<str name="msg2_actSuspended" translate="yes">
			<val>Adobe-palvelimen päivämäärä: {0}</val>
		</str>
		<str name="msg3_actSuspended" translate="yes">
			<val>Järjestelmäsi päivämäärä voi poiketa enintään kolme päivää Adobe-palvelimen päivämäärästä. Tarkista tietokoneesi päivämääräasetukset ja valitse Yritä uudelleen. Jos havaitset edelleen ongelmia, ota yhteys asiakastukeen.</val>
		</str>

		<str name="title_subSuspended" translate="yes">
			<val>Tilaus keskeytetty</val>
		</str>
		<str name="header_subSuspended" translate="yes">
			<val>{0} -tilauksesi on keskeytetty</val>
		</str>
		<str name="msg1_subSuspended" translate="yes">
			<val>Järjestelmäsi päivämäärä ei vastaa palvelimemme päivämäärää.</val>
		</str>
		<str name="msg2_subSuspended" translate="yes">
			<val>Adobe-palvelimen päivämäärä: {0}</val>
		</str>
		<str name="msg3_subSuspended" translate="yes">
			<val>Järjestelmäsi päivämäärä voi olla enintään kolme päivää Adobe-palvelimen päivämäärän edellä tai siitä jäljessä. Tarkista tietokoneesi päivämääräasetukset ja valitse Yritä uudelleen. Jos havaitset edelleen ongelmia, ota yhteys asiakastukeen.</val>
		</str>
		
		<str name="title_subWindback" translate="yes">
			<val>Tilaus keskeytetty</val>
		</str>
		<str name="header_subWindback" translate="yes">
			<val>{0} -tilauksesi on keskeytetty</val>
		</str>
		<str name="msg1_subWindback" translate="yes">
			<val>Järjestelmän päivämäärä ja kellonaika ovat mahdollisesti muuttuneet.</val>
		</str>
		<str name="msg3_subWindback" translate="yes">
			<val>Tarkista tietokoneesi päivämäärä- ja kellonaika-asetukset ja valitse Yritä uudelleen. Jos havaitset edelleen ongelmia, ota yhteys asiakastukeen.</val>
		</str>

		<str name="custSuppAsst" translate="yes">
			<val>Ota yhteyttä asiakastukeen</val>
		</str>
		<str name="supportlink" translate="yes">
			<val>http://www.adobe.com/go/support_fi</val>
		</str>
		<str name="actPolicyLinkText" translate="yes">
			<val>Näytä aktivointikäytäntö</val>
		</str>
		<str name="actPolicyLink" translate="yes">
			<val>http://www.adobe.com/go/activation_fi</val>
		</str>
		<str name="quit" translate="yes">
			<val>LOPETA</val>
		</str>
		<str name="tryAgain" translate="yes">
			<val>YRITÄ UUDELLEEN</val>
		</str>
	</set>
	
	<set name="dateTimeFormats">
		<str name="dateFormat_Long" translate="yes">
			<val>{1}. {0} {2}</val>
		</str>
	</set>

	<set name="monthsFull">
		<str name="1" translate="yes">
			<val>tammik.</val>
		</str>
		<str name="2" translate="yes">
			<val>helmik.</val>
		</str>
		<str name="3" translate="yes">
			<val>maalisk.</val>
		</str>
		<str name="4" translate="yes">
			<val>huhtik.</val>
		</str>
		<str name="5" translate="yes">
			<val>toukok.</val>
		</str>
		<str name="6" translate="yes">
			<val>kesäk.</val>
		</str>
		<str name="7" translate="yes">
			<val>heinäk.</val>
		</str>
		<str name="8" translate="yes">
			<val>elok.</val>
		</str>
		<str name="9" translate="yes">
			<val>syysk.</val>
		</str>
		<str name="10" translate="yes">
			<val>lokak.</val>
		</str>
		<str name="11" translate="yes">
			<val>marrask.</val>
		</str>
		<str name="12" translate="yes">
			<val>jouluk.</val>
		</str>
	</set>
	
	<set name="authProxy">
		<str name="instruct" translate="yes">
			<val>Anna välityspalvelimen käyttäjänimi ja salasana:</val>
		</str>
		<str name="username" translate="yes">
			<val>Käyttäjänimi:</val>
		</str>
		<str name="password" translate="yes">
			<val>Salasana:</val>
		</str>
		<str name="remember" translate="yes">
			<val>Muista salasanani</val>
		</str>
		<str name="fail" translate="yes">
			<val>Käyttäjän vahvistus epäonnistui. Tarkista käyttäjänimi ja salasana ja yritä uudelleen.</val>
		</str>
		<str name="ok" translate="yes">
			<val>OK</val>
		</str>
		<str name="cancel" translate="yes">
			<val>PERUUTA</val>
		</str>
	</set>

	<set name="isoToLanguage">
								<str name="ar_AE" translate="no"><val>العربية</val></str>
		<str name="en_GB" translate="no"><val>English (International)</val></str> 
		<str name="fr_CA" translate="no"><val>Français canadien</val></str>
		<str name="es_QM" translate="no"><val>Español (Middle East)</val></str>
		<str name="es_LA" translate="no"><val>Español de América Latina</val></str>
		<str name="es_NA" translate="no"><val>Español Norteamericano</val></str>
		<str name="bg_BG" translate="no"><val>Български</val></str>
		<str name="lv_LV" translate="no"><val>Latviešu</val></str>
		<str name="et_EE" translate="no"><val>Eesti</val></str>
		<str name="hr_HR" translate="no"><val>hrvatski</val></str>
		<str name="sl_SI" translate="no"><val>slovenščina</val></str>
		<str name="sk_SK" translate="no"><val>slovenčina</val></str>
		<str name="th_TH" translate="no"><val>ภาษาไทย</val></str> 
		<str name="vi_VN" translate="no"><val>Việt</val></str>
		<str name="en_XC" translate="no"><val>English (Central Europe)</val></str> 
		<str name="en_XM" translate="no"><val>English (Middle East)</val></str>
		<str name="fr_XM" translate="no"><val>Français Oriental Moyen</val></str>
		<str name="sq_AL" translate="no"><val>Shqip</val></str> 
								<str name="ar_SA" translate="no"><val>العربية</val></str>
		<str name="be_BY" translate="no"><val>Беларуская</val></str> 
		<str name="ca_ES" translate="no"><val>Català</val></str> 
								<str name="hi_IN" translate="no"><val>हिन्दी</val></str>
		<str name="is_IS" translate="no"><val>Íslenska</val></str> 
		<str name="lt_LT" translate="no"><val>Lietuvių</val></str>
		<str name="mk_MK" translate="no"><val>македонски</val></str>
		<str name="nn_NO" translate="no"><val>Norsk (Nynorsk)</val></str>
		<str name="pt_PT" translate="no"><val>Português de Portugal</val></str> 
		<str name="sh_YU" translate="no"><val>Srpsko-Hrvatski</val></str> 
		<str name="sr_YU" translate="no"><val>Cрпски</val></str> 
		<str name="kk_KZ" translate="no"><val>Қазақ</val></str>
		<str name="az_AZ" translate="no"><val>Azərbaycan dili</val></str> 
		<str name="es_MX" translate="no"><val>Español (América Latina)</val></str>
		<str name="no_NO" translate="no"><val>Norwegian</val></str> 
		<str name="cs_CZ" translate="no"><val>Česky</val></str>
		<str name="de_DE" translate="no"><val>Deutsch</val></str>
		<str name="el_GR" translate="no"><val>Ελληνικά</val></str>
		<str name="en_US" translate="no"><val>English (North America)</val></str> 
		<str name="es_ES" translate="no"><val>Español</val></str> 
		<str name="fr_FR" translate="no"><val>Français</val></str>
								<str name="he_IL" translate="no"><val>עברית</val></str> 
		<str name="hu_HU" translate="no"><val>Magyar</val></str> 
		<str name="it_IT" translate="no"><val>Italiano</val></str>
		<str name="ja_JP" translate="no"><val>日本語</val></str>
		<str name="ko_KR" translate="no"><val>한국어</val></str>
		<str name="nl_NL" translate="no"><val>Nederlands</val></str>
		<str name="pl_PL" translate="no"><val>Polski</val></str>
		<str name="ro_RO" translate="no"><val>Română</val></str>
		<str name="ru_RU" translate="no"><val>Pусский</val></str>
		<str name="sv_SE" translate="no"><val>Svenska</val></str>
		<str name="tr_TR" translate="no"><val>Türkçe</val></str>
		<str name="uk_UA" translate="no"><val>Українська</val></str>
		<str name="zh_CN" translate="no"><val>简体中文</val></str>
		<str name="zh_TW" translate="no"><val>繁體中文</val></str>
		<str name="da_DK" translate="no"><val>Dansk</val></str>
		<str name="fi_FI" translate="no"><val>Suomi</val></str>
		<str name="nb_NO" translate="no"><val>Norsk (Bokmål)</val></str> 
		<str name="pt_BR" translate="no"><val>Português do Brasil</val></str>
	</set>
		
</asf>
