<?xml version='1.0' encoding='utf-8'?>
<!DOCTYPE asf SYSTEM "http://ns.adobe.com/asf/asf_1_0.dtd" >
<asf xmlns="http://ns.adobe.com/asf" locale="cs_CZ" version="1.0">
	
	<set name="common">
		<str name="windowTitle" translate="yes">
			<val>Produkt společnosti Adobe</val>
		</str>
		<str name="day" translate="yes">
			<val>dne</val>
		</str>
		<str name="days" translate="yes">
			<val>dnů</val>
		</str>
	</set>
	
	<set name="eula">
		<str name="eula" translate="yes">
			<val>Licenční smlouva k softwaru Adobe</val>
		</str>
		<str name="productLineMsg" translate="yes">
			<val>Podmínky ve smlouvě jsou platné pro veškeré instalace a použití produktů {0}, které jsou součástí tohoto softwaru. Informace o doposud přijatých smlouvách naleznete na adrese {1}.</val>
		</str>
		<str name="eulaOnlineLink" translate="yes">
			<val>www.adobe.com/go/myaccount_cz</val>
		</str>
		<str name="eulaOnlineLinkGoURL" translate="yes">
			<val>http://www.adobe.com/go/adobemembership_cz</val>
		</str>
		<str name="accept" translate="yes">
			<val>Přijmout</val>
		</str>
		<str name="quit" translate="yes">
			<val>Konec</val>
		</str>		
	</set>

	<set name="register">
		<set name="trial">
			<set name="online">
				<str name="title" translate="yes">
					<val>Je vyžadováno přihlášení</val>
				</str>
				<str name="titleMenuSignIn" translate="yes">
					<val>Přihlášení</val>
				</str>
				<str name="message" translate="yes">
					<val>Přihlaste se pomocí svého identifikátoru Adobe ID.</val>
				</str>
				<str name="message_device" translate="yes">
					<val>Přihlaste se pomocí svého identifikátoru Adobe ID: {0}.</val>
				</str>
				<str name="notYou" translate="yes">
					<val>(Nejedná se o váš identifikátor Adobe ID?)</val>
				</str>
				<str name="signInNow" translate="yes">
					<val>Přihlásit se nyní</val>
				</str>
				<str name="signIn" translate="yes">
					<val>Přihlásit se</val>
				</str>
				<str name="termTitle" translate="yes">
					<val>Podmínky zkušební verze softwaru.</val>
				</str>
				<str name="termPara1" translate="yes">
					<val>Je možné, že vás požádáme o dobrovolné vyplnění informací, které použijeme k lepšímu přizpůsobení obsahu vašim potřebám. Prostřednictvím nabídky Nastavení ochrany osobních údajů na obrazovce zkušební verze můžete tento přizpůsobený obsah kdykoli vypnout.</val>
				</str>
				<str name="termPara2" translate="yes">
					<val>Informace o shromažďovaných datech týkajících se používání produktu a o způsobu, jak s nimi společnost Adobe nakládá, naleznete {0}na této stránce{1} a v dokumentu {2}Zásady ochrany osobních údajů online{3} vydaném společností Adobe.</val>
				</str>
				<str name="privacyPortalLink" translate="yes">
					<val>http://www.adobe.com/go/adobe_privacy_portal_cz</val>
				</str>
				<str name="privacyPolicyLink" translate="yes">
					<val>http://www.adobe.com/go/privacy_cz</val>
				</str>
			</set>
		</set>
		
		<set name="subscription">
			<str name="title" translate="yes">
				<val>Je vyžadováno přihlášení</val>
			</str>
			<str name="titleMenuSignIn" translate="yes">
				<val>Přihlášení</val>
			</str>			
			<str name="message" translate="yes">
				<val>Než bude možné používat tento produkt a využívat informace o vašem členství, je třeba se přihlásit pomocí identifikátoru Adobe ID.</val>
			</str>
			<str name="userEmail" translate="yes">
				<val>Přihlásíme vás pomocí identifikátoru Adobe ID: {0}.</val>
			</str>
			<str name="notYou" translate="yes">
				<val>(Nejedná se o váš identifikátor Adobe ID?)</val>
			</str>
			<str name="signInNow" translate="yes">
				<val>Přihlásit se nyní</val>
			</str>
			<str name="signIn" translate="yes">
				<val>Přihlásit se</val>
			</str>
			<str name="back" translate="yes">
				<val>Zpět</val>
			</str>
			<str name="signInLater" translate="yes">
				<val>Přihlásit se později</val>
			</str>
		</set>
		
		<set name="signInForValidation">
			<str name="title" translate="yes">
				<val>Je vyžadováno přihlášení</val>
			</str>	
			<str name="message" translate="yes">
				<val>K aktivaci produktu je zapotřebí se přihlásit prostřednictvím identifikátoru Adobe ID.</val>
			</str>
			<str name="benefit" translate="yes">
				<val>Než bude možné používat vaše členství a zaregistrovat produkt, je třeba zadat identifikátor Adobe ID.</val>
			</str>
			<str name="userEmail" translate="yes">
				<val>Budete přihlášeni pomocí identifikátoru Adobe ID: {0}.</val>
			</str>
			<str name="notYou" translate="yes">
				<val>(Nejedná se o váš identifikátor Adobe ID?)</val>
			</str>
			<str name="signInNow" translate="yes">
				<val>Přihlásit se nyní</val>
			</str>
			<str name="signIn" translate="yes">
				<val>Přihlásit se</val>
			</str>
			<str name="signInLater" translate="yes">
				<val>Přihlásit se později</val>
			</str>	
		</set>
		
		<set name="serial">
			<set name="grace">
				<str name="title" translate="yes">
					<val>Je vyžadováno přihlášení</val>
				</str>	
				<str name="titleMenuSignIn" translate="yes">
					<val>Přihlášení</val>
				</str>		
				<str name="message" translate="yes">
					<val>Během {1} je třeba se přihlásit pomocí identifikátoru Adobe ID a zaregistrovat produkt {0}. Pokud tak neučiníte, produkt přestane fungovat.</val>
				</str>
				<str name="benefit" translate="yes">
					<val>Než bude možné používat vaše členství a zaregistrovat produkt, je třeba zadat identifikátor Adobe ID.</val>
				</str>
				<str name="userEmail" translate="yes">
					<val>Budete přihlášeni pomocí identifikátoru Adobe ID: {0}.</val>
				</str>
				<str name="notYou" translate="yes">
					<val>(Nejedná se o váš identifikátor Adobe ID?)</val>
				</str>
				<str name="signInNow" translate="yes">
					<val>Přihlásit se nyní</val>
				</str>
				<str name="signIn" translate="yes">
					<val>Přihlásit se</val>
				</str>
				<str name="signInLater" translate="yes">
					<val>Přihlásit se později</val>
				</str>
				<str name="noInternet" translate="yes">
					<val>Máte potíže s připojením k internetu?</val>
				</str>
			</set>
			
			<set name="post_grace">
				<str name="title" translate="yes">
					<val>Je vyžadováno přihlášení</val>
				</str>	
				<str name="titleMenuSignIn" translate="yes">
					<val>Přihlášení</val>
				</str>	
				<str name="message" translate="yes">
					<val>Abyste mohli tento software dále používat, je třeba se přihlásit pomocí identifikátoru Adobe ID a zaregistrovat software {0}.</val>
				</str>
				<str name="benefit" translate="yes">
					<val>Než bude možné používat vaše členství a zaregistrovat produkt, je třeba zadat identifikátor Adobe ID.</val>
				</str>
				<str name="userEmail" translate="yes">
					<val>Budete přihlášeni pomocí identifikátoru Adobe ID: {0}.</val>
				</str>
				<str name="notYou" translate="yes">
					<val>(Nejedná se o váš identifikátor Adobe ID?)</val>
				</str>
				<str name="signInNow" translate="yes">
					<val>Přihlásit se nyní</val>
				</str>
				<str name="signIn" translate="yes">
					<val>Přihlásit se</val>
				</str>
				<str name="signInLater" translate="yes">
					<val>Přihlásit se později</val>
				</str>
			</set>
		
			<set name="post_bonus">
				<str name="title" translate="yes">
					<val>Je vyžadováno přihlášení</val>
				</str>	
				<str name="titleMenuSignIn" translate="yes">
					<val>Přihlášení</val>
				</str>		
				<str name="message" translate="yes">
					<val>Produkt {0} nelze používat, pokud se nepřihlásíte pomocí identifikátoru Adobe ID.</val>
				</str>
				<str name="benefit" translate="yes">
					<val>Než bude možné používat vaše členství a zaregistrovat produkt, je třeba zadat identifikátor Adobe ID.</val>
				</str>
				<str name="userEmail" translate="yes">
					<val>Budete přihlášeni pomocí identifikátoru Adobe ID: {0}.</val>
				</str>
				<str name="notYou" translate="yes">
					<val>(Nejedná se o váš identifikátor Adobe ID?)</val>
				</str>
				<str name="signInNow" translate="yes">
					<val>Přihlásit se nyní</val>
				</str>
				<str name="signIn" translate="yes">
					<val>Přihlásit se</val>
				</str>
				<str name="quit" translate="yes">
					<val>Ukončit</val>
				</str>
			</set>
		</set>
	
		<set name="exceptionScenarios">
			<set name="retail">
				<str name="title" translate="yes">
					<val>Přihlášení</val>
				</str>	
				<str name="message1" translate="yes">
					<val>Přihlaste se a zaregistrujte software ke svému identifikátoru Adobe ID.</val>
				</str>
				<str name="message2" translate="yes">
					<val>Identifikátor Adobe ID umožňuje snadný přístup k vašemu členství, službě Adobe Creative Cloud a komunitě na stránkách Adobe.com.</val>
				</str>		
				<str name="userEmail" translate="yes">
					<val>Nyní přihlásíme a zaregistrujeme tento software k vašemu identifikátoru Adobe ID: {0}.</val>
				</str>
				<str name="notYou" translate="yes">
					<val>(Nejedná se o váš identifikátor Adobe ID?)</val>
				</str>
				<str name="signInNow" translate="yes">
					<val>Přihlásit se nyní</val>
				</str>
				<str name="signIn" translate="yes">
					<val>Přihlásit se</val>
				</str>
			</set>		
			<set name="volume">
				<str name="title" translate="yes">
					<val>Přihlášení</val>
				</str>		
				<str name="message" translate="yes">
					<val>Identifikátor Adobe ID umožňuje snadný přístup k vašemu členství, službě Adobe Creative Cloud a komunitě na stránkách Adobe.com.</val>
				</str>		
				<str name="userEmail" translate="yes">
					<val>Přihlásíme vás pomocí identifikátoru Adobe ID: {0}.</val>
				</str>
				<str name="notYou" translate="yes">
					<val>(Nejedná se o váš identifikátor Adobe ID?)</val>
				</str>
				<str name="signInNow" translate="yes">
					<val>Přihlásit se nyní</val>
				</str>
				<str name="signIn" translate="yes">
					<val>Přihlásit se</val>
				</str>
			</set>
		</set>	
	</set>
	
	<set name="trialLaunch">
		<str name="title" translate="yes">
			<val>Zkušební verze aplikace {0}</val>
		</str>
		
		<set name="start">
			<str name="info" translate="yes">
				<val>Tento produkt si můžete vyzkoušet po dobu {0} dnů.</val>
			</str>
			<str name="info_day" translate="yes">
				<val>Tento produkt si můžete vyzkoušet po dobu {0} dne.</val>
			</str>
			<str name="additionalInfo" translate="yes">
				<val>Aby bylo možné software {0} používat i po vypršení zkušebního období, je nutné jej zakoupit.</val>
			</str>
		</set>
		
		<set name="grace">
			<str name="info" translate="yes">
				<val>Platnost zkušební verze vyprší za následující počet dní: {0}.</val>
			</str>
			<str name="info_day" translate="yes">
				<val>Platnost zkušební verze vyprší za {0} den.</val>
			</str>
			<str name="additionalInfo" translate="yes">
				<val>Aby bylo možné software {0} používat i po vypršení zkušebního období, je nutné jej zakoupit.</val>
			</str>
		</set>
		
		<set name="bonus">
			<str name="info" translate="yes">
				<val>Poslední spuštění zkušební verze</val>
			</str>
			<str name="additionalInfo" translate="yes">
				<val>Platnost zkušební verze vypršela, ale aplikaci {0} můžete ještě jednou naposledy použít.</val>
			</str>
			<str name="bonusInfo" translate="yes">
				<val>Aby bylo možné software {0} používat i nadále, je nutné jej zakoupit.</val>
			</str>
		</set>
		
		<set name="expired">
			<str name="info" translate="yes">
				<val>Platnost zkušební verze vypršela.</val>
			</str>
			<str name="additionalInfo" translate="yes">
				<val>Aby bylo možné software {0} používat i nadále, je nutné jej zakoupit.</val>
			</str>
		</set>
		
		<str name="daysRemaining" translate="yes">
			<val>zbývající dny</val>
		</str>
		<str name="dayRemaining" translate="yes">
			<val>den zbývá</val>
		</str>
		<str name="buy" translate="yes">
			<val>Zakoupit</val>
		</str>
		<str name="buyLink" translate="no">
			<val>http://www.adobe.com/go/buy</val>
		</str>
		<str name="join" translate="yes">
			<val>Připojit se</val>
		</str>
		<str name="joinLink" translate="yes">
			<val>http://www.adobe.com/go/cc_plans_cz</val>
		</str>
		<str name="continue" translate="yes">
			<val>Pokračovat se zkušební verzí</val>
		</str>
		<str name="startTrial" translate="yes">
			<val>Spustit zkušební verzi</val>
		</str>
		<str name="enterSerial" translate="yes">
			<val>Licence k tomuto softwaru</val>
		</str>		
	</set>
	
	<set name="deactivate">
		<str name="title" translate="yes">
			<val>Odhlášení</val>
		</str>
		<str name="title_Fail" translate="yes">
			<val>Odhlášení proběhlo neúspěšně</val>
		</str>
		<str name="infoSubscription" translate="yes">
			<val>Deaktivace aplikace váš odběr nezmění. Chcete-li stav odběru změnit, přejděte do {0}Správce odběru{1}.</val>
		</str>
		<str name="infoSubscriptionCCMTeam" translate="yes">
			<val>Deaktivace aplikace nemá vliv na vaše předplatné.</val>
		</str>
		<str name="adobeIDMessage" translate="yes">
			<val>Aktuálně jste přihlášeni pomocí identifikátoru {0}.</val>
		</str>
		<str name="message1" translate="yes">
			<val>Odhlášení vám umožňuje aktivovat produkty Adobe v jiném počítači nebo zařízení v souladu s {0}licenčním ujednáním k softwaru{1}. Před odhlášením se ujistěte, že jste připojeni k internetu.</val>
		</str>
		<str name="message2" translate="yes">
			<val>Pokud se odhlásíte, bude v tomto zařízení až do opětovného přihlášení deaktivován následující software.</val>
		</str>
		<str name="messageSubscription" translate="yes">
			<val>Deaktivace vám umožňuje aktivovat produkty Adobe v jiném počítači za předpokladu, že jednáte v souladu s {0}licenční smlouvou k softwaru{1}. Před deaktivací se ujistěte, že jste připojeni k internetu.</val>
		</str>
		<str name="deActivationMsgError" translate="yes">
			<val>Pokud tento problém přetrvává, obraťte se na {0}podporu zákazníků{1}. {2}</val>
		</str>
		<str name="customerSupportLink" translate="yes">
			<val>http://www.adobe.com/go/customer_support_cz</val>
		</str>
		<str name="eula_Link" translate="yes">
			<val>http://www.adobe.com/go/eulas_cz</val>
		</str>
		<str name="failure" translate="yes">
			<val>Deaktivace se nezdařila. Zkuste to znovu.</val>
		</str>
		<str name="deactivate" translate="yes">
			<val>Odhlásit se</val>
		</str>		
		<str name="cancel" translate="yes">
			<val>Zrušit</val>
		</str>
		<str name="continue" translate="yes">
			<val>Pokračovat</val>
		</str>
		
		<str name="offline" translate="yes">
			<val>Připojte se k internetu a zkuste to znovu</val>
		</str>		
		<str name="offlineMsg" translate="yes">
			<val>Nelze se odhlásit. Zkontrolujte, že jste připojeni k internetu, a zkuste to znovu. Pokud problém přetrvává, obraťte se na {0}podporu zákazníků{1}.</val>
		</str>	
		<str name="customerSupportLink" translate="yes">
			<val>http://www.adobe.com/go/customer_support_cz</val>
		</str>
	</set>
	
	<set name="trialFailed">
		<str name="title" translate="yes">
			<val>Spuštění zkušební verze se nezdařilo</val>
		</str>
		<str name="warning" translate="yes">
			<val>Licence přestala fungovat.</val>
		</str>
		<str name="message" translate="yes">
			<val>Vyskytl se problém s licencí k tomuto produktu. Nainstalujte tento produkt znovu a akci zopakujte. Pokud problém přetrvává i po opětovné instalaci, požádejte o pomoc {0}podporu zákazníků{1}.</val>
		</str>
		<str name="customerSupportLink" translate="yes">
			<val>http://www.adobe.com/go/customer_support_cz</val>
		</str>
		<str name="close" translate="yes">
			<val>Zavřít</val>
		</str>
		<str name="enterSerial" translate="yes">
			<val>Licence k tomuto softwaru</val>
		</str>
	</set>
	
	<set name="validateSerial">
		<str name="title" translate="yes">
			<val>Ověření sériového čísla</val>
		</str>
		
		<set name="grace">
			<str name="message" translate="yes">
				<val>Připojte se k internetu a ověřte tak své sériové číslo.</val>
			</str>
		</set>
		<str name="noInternet" translate="yes">
			<val>Máte potíže s připojením k internetu?</val>
		</str>
		<str name="validate" translate="yes">
			<val>Ověřit</val>
		</str>
		<str name="connectLater" translate="yes">
			<val>Připojit později</val>
		</str>
		<str name="quit" translate="yes">
			<val>Ukončit</val>
		</str>
	</set>
	
	<set name="offlineScrim">
		<str name="title" translate="yes">
			<val>Připojte se k internetu a opakujte pokus</val>
		</str>
		<str name="message" translate="yes">
			<val>Zdá se, že je počítač v režimu offline. Potřebujete internetové připojení. Připojte se k internetu a zkuste to znovu. Pokud tento problém potrvá, obraťte se na {0}podporu zákazníků{1}.</val>
		</str>
		<str name="offlineActivationMsg" translate="yes">
			<val>Pokud tento počítač nemá přístup k internetu, vyhledejte další informace na webu {0} pomocí zařízení s připojením k internetu.</val>
		</str>
		<str name="offlineActivationLink" translate="yes">
			<val>http://www.adobe.com/go/getactivated_cz</val>
		</str>
		<str name="customerSupportLink" translate="yes">
			<val>http://www.adobe.com/go/customer_support_cz</val>
		</str>
		<str name="retry" translate="yes">
			<val>Zkusit znovu</val>
		</str>
		<str name="connectLater" translate="yes">
			<val>Připojit později</val>
		</str>
		<str name="cancel" translate="yes">
			<val>Zrušit</val>
		</str>
	</set>
	
	<set name="dspEntitlementOfflineScrim">
		<str name="title" translate="yes">
			<val>Pro odběry je vyžadováno připojení k internetu</val>
		</str>
		<str name="message" translate="yes">
			<val>K zahájení odběru je potřeba připojení k internetu. Máte-li odběr, připojte se k internetu a vyberte možnost Zkusit znovu.</val>
		</str>
		<str name="serialInfo" translate="yes">
			<val>Máte-li sériové číslo, pokračujte výběrem možnosti Zadat sériové číslo.</val>
		</str>
		<str name="retry" translate="yes">
			<val>Zkusit znovu</val>
		</str>
		<str name="enterSerialNumber" translate="yes">
			<val>Zadat sériové číslo</val>
		</str>
		<str name="cancel" translate="yes">
			<val>Zpět</val>
		</str>
	</set>
	
	<set name="screenLoading">
		<str name="loading" translate="yes">
			<val>Načítání...</val>
		</str>
		<str name="validatingSerial" translate="yes">
			<val>Ověřování sériového čísla. Tato akce může trvat několik sekund...</val>
		</str>
		<str name="checkCall" translate="yes">
			<val>Probíhá ověřování licence online. Tento proces může chvíli trvat...</val>
		</str>
		<str name="autoprovisionTrial" translate="yes">
			<val>Ověřování softwarové licence…</val>
		</str>
		<str name="activation" translate="yes">
			<val>Probíhá ověřování licence k softwaru. Tento proces může chvíli trvat...</val>
		</str>
		<str name="dbaLicenseCheck" translate="yes">
			<val>Probíhá ověřování licence. Tento proces může chvíli trvat...</val>
		</str>
	</set>
	
	<set name="overActivation">
		<str name="title" translate="yes">
			<val>Sériové číslo</val>
		</str>
		<str name="stepMessage" translate="yes">
			<val>Sériové číslo {0} už používá maximální povolený počet počítačů. Chcete-li produkt používat, je nutné během {1} dnů deaktivovat jiný počítač.</val>
		</str>
		<str name="stepMessageOneDay" translate="yes">
			<val>Sériové číslo {0} už používá maximální povolený počet počítačů. Chcete-li produkt používat, je nutné během 1 dne deaktivovat jiný počítač.</val>
		</str>
		<str name="stepMessageBonusLaunch" translate="yes">
			<val>Sériové číslo {0} už používá maximální povolený počet počítačů. Abyste produkt {1} mohli i nadále v tomto počítači používat, musíte deaktivovat jiný počítač nebo zadat jiné platné sériové číslo.</val>
		</str>
		<str name="radioButton1" translate="yes">
			<val>Opakovat aktivaci. Jeden ze svých počítačů jsem už deaktivoval.</val>
		</str>
		<str name="radioButton2" translate="yes">
			<val>Zadejte jiné sériové číslo.</val>
		</str>
		<str name="continue" translate="yes">
			<val>Pokračovat</val>
		</str>
	</set>
	<set name="overActivationPOSA">
		<str name="title" translate="yes">
			<val>Překročili jste maximální počet aktivací</val>
		</str>
		<str name="warning" translate="yes">
			<val>Na tomto počítači nebo zařízení nelze software aktivovat.</val>
		</str>
		<str name="info" translate="yes">
			<val>Tento identifikátor Adobe ID {0} byl již použit k přihlášení a aktivaci softwaru na dvou různých počítačích nebo zařízeních.</val>
		</str>
		<str name="message" translate="yes">
			<val>Opakujte pokus poté, co během {0} dnů deaktivujete jeden z vašich dalších počítačů nebo zařízení. </val>
		</str>
		<str name="messageOneDay" translate="yes">
			<val>Opakujte pokus poté, co během 1 dne deaktivujete jeden z vašich dalších počítačů nebo zařízení. </val>
		</str>
		<str name="messageBonusLaunch" translate="yes">
			<val>Opakujte pokus poté, co obratem deaktivujete jeden z vašich dalších počítačů nebo zařízení. </val>
		</str>
		<str name="messageExpired" translate="yes">
			<val>Opakujte pokus poté, co obratem deaktivujete jeden z vašich dalších počítačů nebo zařízení.</val>
		</str>
		<str name="HaveAnotherAdobeID" translate="yes">
			<val>Využíváte jiný identifikátor Adobe ID?</val>
		</str>
		<str name="supportMessage" translate="yes">
			<val>Pokud potíže přetrvají, obraťte se na {0}podporu zákazníků{1}. </val>
		</str>
		<str name="customerSupportLink" translate="yes">
			<val>http://www.adobe.com/go/customer_support_cz</val>
		</str>
		<str name="retry" translate="yes">
			<val>Zkusit znovu</val>
		</str>
		<str name="cancel" translate="yes">
			<val>Zrušit</val>
		</str>
		<str name="quit" translate="yes">
			<val>Ukončit</val>
		</str>
	</set>
	
	<set name="activationFailure">
		<str name="title" translate="yes">
			<val>Aktivace se nezdařila</val>
		</str>
		<str name="activationStepError" translate="yes">
			<val>Produkt {0} nebylo možné aktivovat.</val>
		</str>
		<str name="activationMsgError" translate="yes">
			<val>Zkontrolujte nastavení připojení k internetu a zkuste to znovu. Pokud problém přetrvává, obraťte se na oddělení {0}podpory zákazníků{1}. {2}</val>
		</str>
		<str name="customerSupportLink" translate="yes">
			<val>http://www.adobe.com/go/customer_support_cz</val>
		</str>
		<str name="close" translate="yes">
			<val>Zavřít</val>
		</str>
		<str name="retry" translate="yes">
			<val>Zkusit znovu</val>
		</str>
	</set>
	<set name="activationRequired">
		<str name="title" translate="yes">
			<val>Vyžaduje se aktivace</val>
		</str>
		<str name="activationMsgOneDay" translate="yes">
			<val>Připojte se k internetu. Aktivaci produktu {0} je třeba provést během 1 dne, jinak produkt přestane fungovat.</val>
		</str>
		<str name="activationMsg" translate="yes">
			<val>Připojte se k internetu. Aktivaci produktu {0} je třeba provést během {1} dnů, jinak produkt přestane fungovat.</val>
		</str>
		<str name="activationMsgBonus" translate="yes">
			<val>Připojte se k internetu. Aktivaci produktu {0} je třeba provést dnes, jinak produkt přestane fungovat.</val>
		</str>
		<str name="activateLater" translate="yes">
			<val>Aktivovat později</val>
		</str>
		<str name="retry" translate="yes">
			<val>Aktivovat nyní</val>
		</str>
	</set>
	<set name="licenseMismatch">
			<str name="title" translate="yes">
				<val>Rozdílné licence</val>
			</str>
			<str name="warning" translate="yes">
				<val>Software nainstalovaný v tomto zařízení nabízí další funkce, které nejste při stávající licenci oprávněni využívat.</val>
			</str>
			<str name="message" translate="yes">
				<val>Pokud chcete tento software používat, stáhněte a nainstalujte podle následujícího postupu trvalou kopii tohoto produktu:</val>
			</str>
			<str name="point1" translate="yes">
				<val>1. Odinstalujte stávající produkt využívající předplatné licence</val>
			</str>
			<str name="point2" translate="yes">
				<val>2. Stáhněte produkt {0} ze stránek {1}www.adobe.com{2}</val>
			</str>
			<str name="point3" translate="yes">
				<val>3. Nainstalujte produkt {0} stažený z webu adobe.com</val>
			</str>
			<str name="ok" translate="yes">
				<val>OK</val>
			</str>
			<str name="adobeLnk" translate="yes">
				<val>http://www.adobe.com/go/downloads_cz</val>
			</str>
		</set>
	
	<set name="confirmationDialog">
		<str name="title" translate="yes">
			<val>Ukončit</val>
		</str>
		<str name="message" translate="yes">
			<val>Opravdu chcete okno zavřít?</val>
		</str>
		<str name="primaryButtonLabel" translate="yes">
			<val>Ano</val>
		</str>
		<str name="secondaryButtonLabel" translate="yes">
			<val>Ne</val>
		</str>
	</set>
	
	<set name="inAppTrials">
		<str name="loading" translate="yes">
			<val>Načítání...</val>
		</str>
		<str name="title" translate="yes">
			<val>Zkušební verze aplikace {0}</val>
		</str>
		<str name="continue" translate="yes">
			<val>Pokračovat se zkušební verzí</val>
		</str>
		<str name="startTrial" translate="yes">
			<val>Spustit zkušební verzi</val>
		</str>
		<str name="enterSerial" translate="yes">
			<val>Licence k tomuto softwaru</val>
		</str>
		<str name="privacySettings" translate="yes">
			<val>Nastavení soukromí</val>
		</str>
		<str name="tutorialsList" translate="yes">
			<val>{0} z {1}</val>
		</str>
		<str name="videoLoadingError" translate="yes">
			<val>Při načítání videa se vyskytla chyba.</val>
		</str>
		<str name="tryAgain" translate="yes">
			<val>Zkusit znovu</val>
		</str>
		<str name="exitFullScreen" translate="yes">
			<val>Stiskem klávesy ESC ukončíte režim Na celou obrazovku.</val>
		</str>
		<str name="okay" translate="yes">
			<val>OK</val>
		</str>
		<str name="cancel" translate="yes">
			<val>Zrušit</val>
		</str>
		<str name="privacyText" translate="yes">
			<val>Je možné, že vás požádáme o dobrovolné vyplnění informací, jako jsou například vaše zkušenosti se softwarem. Tyto informace využíváme k lepšímu přizpůsobení obsahu vašim potřebám.</val>
		</str>
		<str name="privacyPolicyText" translate="yes">
			<val>Informace o shromažďovaných datech týkajících se používání produktu a o způsobu, jak s nimi společnost Adobe nakládá, naleznete {0}na této stránce{1} a v dokumentu {2}Zásady ochrany osobních údajů online{3} vydaném společností Adobe.</val>
		</str>
		<str name="optInText" translate="yes">
			<val>Vypněte zobrazování přizpůsobeného zkušebního obsahu. Při příštím spuštění zkušební verze nebude přizpůsobený obsah zobrazen.</val>
		</str>
		<str name="privacyPortalLink" translate="yes">
			<val>http://www.adobe.com/go/adobe_privacy_portal_cz</val>
		</str>
		<str name="privacyPolicyLink" translate="yes">
			<val>http://www.adobe.com/go/privacy_cz</val>
		</str>		
		
	</set>
	
	<set name="noInternetConnection">
		<str name="title" translate="yes">
			<val>Připojení k internetu není k dispozici</val>
		</str>
		<str name="para1" translate="yes">
			<val>Na tomto počítači nebylo nalezeno žádné připojení k internetu.</val>
		</str>
		<str name="para2" translate="yes">
			<val>Do {0} dní je nutné provést aktivaci a registraci. Pokud je počítač připojen k internetu, bude tento proces trvat pouze několik minut.</val>
		</str>
		<str name="para2_day" translate="yes">
			<val>Do 1 dne je nutné provést aktivaci a registraci. Pokud je počítač připojen k internetu, bude tento proces trvat pouze několik minut.</val>
		</str>
		<str name="para2_end" translate="yes">
			<val>Je nutné provést aktivaci a registraci. Pokud je počítač připojen k internetu, bude tento proces trvat pouze několik minut.</val>
		</str>
		<str name="para2_optional" translate="yes">
			<val>Během {0} dní je nutné provést aktivaci. Pokud je počítač připojen k internetu, bude tento proces trvat pouze několik minut.</val>
		</str>
		<str name="para2_day_optional" translate="yes">
			<val>Během 1 dne je nutné provést aktivaci. Pokud je počítač připojen k internetu, bude tento proces trvat pouze několik minut.</val>
		</str>
		<str name="para2_end_optional" translate="yes">
			<val>Je nutné provést aktivaci. Pokud je počítač připojen k internetu, bude tento proces trvat pouze několik minut.</val>
		</str>
		<str name="para3" translate="yes">
			<val>Pokud nelze tento počítač připojit k internetu, klikněte na tlačítko Offline aktivace. K aktivaci softwaru offline budete potřebovat zařízení s připojením k internetu a sériové číslo produktu.</val>
		</str>
		<str name="para3_optional" translate="yes">
			<val>Pokud není možné tento počítač připojit k internetu, klikněte na tlačítko Offline aktivace. K dokončení procesu offline aktivace budete potřebovat jiné zařízení s připojením k internetu a sériové číslo produktu.</val>
		</str>
		<str name="hyperlinkText" translate="yes">
			<val>Tento počítač je připojen k internetu. Neznám příčinu potíží.</val>
		</str>
		<str name="hyperlinkTooltipText" translate="yes">
			<val>Obraťte se na svého správce nebo zavolejte na podporu zákazníků společnosti Adobe.</val>
		</str>
		<str name="offlineActivate" translate="yes">
			<val>Offline aktivace</val>
		</str>
		<str name="back" translate="yes">
			<val>Zpět</val>
		</str>
	</set>
	
	<set name="offlineActivation">
		<str name="title" translate="yes">
			<val>Offline aktivace</val>
		</str>
		<set name="StepError">
			<str name="requestCodeExpired" translate="yes">
				<val>Platnost kódu žádosti {0} vypršela. Offline aktivaci proveďte podle postupu uvedeného níže.</val>
			</str>
			<str name="requestCodeGenError" translate="yes">
				<val>Nepodařilo se vygenerovat kód žádosti. Zkuste to znovu.</val>
			</str>
		</set>
		<str name="para1" translate="yes">
			<val>1. Klikněte na níže uvedené tlačítko Vygenerovat kód žádosti. Kód je specifický pro daný počítač a bude platný po dobu 72 hodin. Jestliže nebude proces během 72 hodin dokončen, jednoduše požádejte o nový kód.</val>
		</str>
		<str name="para2" translate="yes">
			<val>2. Pomocí zařízení s připojením k internetu se připojte na stránku Adobe.com/go/getactivated_cz.</val>
		</str>
		<str name="para3" translate="yes">
			<val>3. Po zobrazení výzvy na stránce zadejte kód z kroku 1 a sériové číslo. Výsledkem bude vytvoření Ověřovacího kódu.</val>
		</str>
		<str name="para4" translate="yes">
			<val>4. Na offline počítači zadejte Ověřovací kód a klikněte na tlačítko Aktivovat.</val>
		</str>
		<str name="para5" translate="yes">
			<val>Kliknutím na tlačítko Zpět aktivujte software online.</val>
		</str>
		<str name="hyperlinkText" translate="yes">
			<val>Chci aktivovat rychleji, připojím se k internetu.</val>
		</str>
		<str name="back" translate="yes">
			<val>Zpět</val>
		</str>
		<str name="activateLater" translate="yes">
			<val>Aktivovat později</val>
		</str>
		<str name="quit" translate="yes">
			<val>Konec</val>
		</str>
		<str name="generateRequestCode" translate="yes">
			<val>Vygenerovat kód žádosti</val>
		</str>
		<str name="customerSupportLink" translate="yes">
			<val>http://www.adobe.com/go/customer_support_cz</val>
		</str>
	</set>
	
	<set name="offlineActivationCode">
		<str name="title" translate="yes">
			<val>Offline aktivace</val>
		</str>
		<set name="StepError">
			<str name="invalidResponseCode" translate="yes">
				<val>Zadaný ověřovací kód je neplatný. Zadejte ho znovu.</val>
			</str>
			<str name="requestCodeExpired" translate="yes">
				<val>Platnost kódu žádosti {0} vypršela. Offline aktivaci proveďte podle postupu uvedeného níže.</val>
			</str>
			<str name="verifyError" translate="yes">
				<val>Zadaný ověřovací kód se nepodařilo ověřit. Zkuste to znovu.</val>
			</str>
		</set>
		<str name="requestCode" translate="yes">
			<val>Kód žádosti:</val>
		</str>
		<str name="para1" translate="yes">
			<val>Na získání ověřovacího kódu z webu www.adobe.com/go/getactivated_cz a jeho zadání do níže zobrazeného pole máte {0}.</val>
		</str>
		<str name="responseCode" translate="yes">
			<val>Ověřovací kód:</val>
		</str>
		<str name="hyperlinkText" translate="yes">
			<val>Chci aktivovat rychleji, připojím se k internetu.</val>
		</str>
		<str name="back" translate="yes">
			<val>Zpět</val>
		</str>
		<str name="activateLater" translate="yes">
			<val>Aktivovat později</val>
		</str>
		<str name="quit" translate="yes">
			<val>Konec</val>
		</str>
		<str name="activate" translate="yes">
			<val>Aktivovat</val>
		</str>
		<str name="hour" translate="yes">
			<val>hodina</val>
		</str>
		<str name="hours" translate="yes">
			<val>hodin</val>
		</str>
		<str name="customerSupportLink" translate="yes">
			<val>http://www.adobe.com/go/customer_support_cz</val>
		</str>
	</set>
	
	<set name="offlineActivationComplete">
		<str name="title" translate="yes">
			<val>Offline aktivace byla dokončena</val>
		</str>
		<str name="message" translate="yes">
			<val>Software {0} byl úspěšně aktivován a je připraven k použití.</val>
		</str>
		<str name="close" translate="yes">
			<val>Zavřít</val>
		</str>
		<str name="launch" translate="yes">
			<val>Spustit</val>
		</str>
	</set>
	
	<set name="unableToActivate">
		<str name="title" translate="yes">
			<val>Aktivace se nezdařila</val>
		</str>
		<str name="warning" translate="yes">
			<val>Produkt {0} nebylo možné aktivovat.</val>
		</str>
		<str name="para1" translate="yes">
			<val>Aby bylo možné tento produkt používat, je nutné provést jeho aktivaci.</val>
		</str>
		<str name="para2" translate="yes">
			<val>K aktivaci tohoto produktu je zapotřebí funkční připojení k internetu. Zkontrolujte nastavení připojení a vyberte možnost Zkusit znovu.</val>
		</str>
		<str name="tryAgain" translate="yes">
			<val>Zkusit znovu</val>
		</str>
		<str name="close" translate="yes">
			<val>Zavřít</val>
		</str>
		<str name="noInternet" translate="yes">
			<val>Máte potíže s připojením k internetu?</val>
		</str>
	</set>
	
	<set name="dspSubscriptionActivated">
		<str name="title" translate="yes">
			<val>Děkujeme</val>
		</str>
		<str name="message" translate="yes">
			<val>Licence k produktu {0} bude přidělena k identifikátoru {1}. Po kliknutí na tlačítko Pokračovat můžete začít software používat.</val>
		</str>
		<str name="continue" translate="yes">
			<val>Pokračovat</val>
		</str>
	</set>
	<set name="dspSubscriptionActivatedForTrial">
		<str name="title" translate="yes">
			<val>Děkujeme</val>
		</str>
		<str name="message" translate="yes">
			<val>Blahopřejeme vám k zakoupení produktu {0} prostřednictvím identifikátoru Adobe ID {1}. Po kliknutí na možnost Pokračovat vám již bude k dispozici licencovaná kopie softwaru.</val>
		</str>
		<str name="continue" translate="yes">
			<val>Pokračovat</val>
		</str>
	</set>
	
	<set name="dspOverActivation">
		<str name="title" translate="yes">
			<val>Překročili jste maximální počet aktivací</val>
		</str>
		<str name="warning" translate="yes">
			<val>Produkt {0} nebylo možné aktivovat.</val>
		</str>
		<str name="message" translate="yes">
			<val>Odběr produktu pod tímto identifikátorem Adobe ID již je aktivní ve dvou zařízeních, což je maximální povolený počet. Chcete-li některé z těchto dvou zařízení deaktivovat a aktivovat odběr v aktuálním zařízení, vyberte možnost Pokračovat. Chcete-li se přihlásit pomocí jiného identifikátoru Adobe ID, vyberte možnost Licence k tomuto softwaru.</val>
		</str>
		<str name="activationPolicy" translate="yes">
			<val>{0}Zásady aktivace{1}</val>
		</str>
		<str name="activationPolicyLink" translate="yes">
			<val>http://www.adobe.com/go/activation_cz</val>
		</str>
		<str name="licenseThisSoftware" translate="yes">
			<val>Licence k tomuto softwaru</val>
		</str>
		<str name="continue" translate="yes">
			<val>Pokračovat</val>
		</str>
	</set>
	<set name="dspSignInFailedOA">
		<str name="title" translate="yes">
			<val>Pokus o přihlášení proběhl neúspěšně</val>
		</str>
		<str name="warning" translate="yes">
			<val>Na tomto počítači nebo zařízení se nelze přihlásit.</val>
		</str>
		<str name="message" translate="yes">
			<val>Tento identifikátor Adobe ID {0} byl již použit k aktivaci softwaru na dvou různých počítačích nebo zařízeních.</val>
		</str>
		<str name="radioButton1" translate="yes">
			<val>Pokus opakovat, již jsem se na jednom z nich odhlásil(a).</val>
		</str>
		<str name="radioButton2" translate="yes">
			<val>Odhlásit mě na všech ostatních počítačích nebo zařízeních.</val>
		</str>
		<str name="differentAdobeIDLink" translate="yes">
			<val>Využíváte jiný identifikátor Adobe ID?</val>
		</str>
		<str name="continue" translate="yes">
			<val>Pokračovat</val>
		</str>
	</set>
	<set name="subscriptionNotFound">
		<str name="title" translate="yes">
			<val>Nebyl nalezen žádný odběr</val>
		</str>
		<str name="message" translate="yes">
			<val>Nemohli jsme nalézt odběr k produktu {0} spojený s tímto identifikátorem Adobe ID. Podle potřeby můžete zakoupit {1}nový odběr{2}. Pokud odběr máte, ale nemůžete jej využívat, obraťte se na {3}podporu zákazníků{4}.</val>
		</str>
		<str name="messageTrial" translate="yes">
			<val>Podle potřeby můžete spustit také zkušební verzi tohoto produktu.</val>
		</str>
		<str name="messageTrialContinue" translate="yes">
			<val>Podle potřeby můžete také pokračovat ve zkušební verzi tohoto produktu.</val>
		</str>
		<str name="differentAdobeIDLink" translate="yes">
			<val>Využíváte jiný identifikátor Adobe ID?</val>
		</str>
		<str name="quit" translate="yes">
			<val>Ukončit</val>
		</str>
		<str name="startTrial" translate="yes">
			<val>Spustit zkušební verzi</val>
		</str>
		<str name="continueTrial" translate="yes">
			<val>Pokračovat se zkušební verzí</val>
		</str>
		<str name="NewSubscriptionLinkForCC" translate="yes">
        	<val>http://www.adobe.com/go/cc_plans_cz</val>
        </str>
        <str name="NewSubscriptionLinkForNonCC" translate="yes">
        	<val>http://www.adobe.com/go/products_cz</val>
        </str>
		<str name="customerSupportLink" translate="yes">
			<val>http://www.adobe.com/go/customer_support_cz</val>
		</str>
	</set>
	
	<set name="dspAdobeIDMismatch">
		<str name="title" translate="yes">
			<val>Zkusit znovu</val>
		</str>
		<str name="titleReactivationWF" translate="yes">
			<val>Pokus o přihlášení proběhl neúspěšně</val>
		</str>
		<str name="warning" translate="yes">
			<val>Neodpovídající identifikátor Adobe ID</val>
		</str>
		<str name="warningReactivationWF" translate="yes">
			<val>Na tomto počítači nebo zařízení nelze odběr aktivovat.</val>
		</str>
		<str name="message" translate="yes">
			<val>Identifikátor Adobe ID, s nímž jste se přihlásili, se neshoduje s identifikátorem Adobe ID, který se váže k tomuto odběru. Přihlaste se pomocí identifikátoru Adobe ID, který se váže k tomuto odběru.</val>
		</str>
		<str name="message1ReactivationWF" translate="yes">
			<val>Identifikátor Adobe ID, s nímž jste se přihlásili, se neshoduje s identifikátorem Adobe ID, který se váže k licenci pro stávající odběr na tomto počítači nebo zařízení.</val>
		</str>
		<str name="message2ReactivationWF" translate="yes">
			<val>Klikněte na tlačítko Zpět a přihlaste se pomocí identifikátoru Adobe ID spojeného s tímto odběrem. Případně klikněte na možnost Přihlásit později a při příštím spuštění softwaru se přihlaste pod jiným identifikátorem Adobe ID.</val>
		</str>
		<str name="back" translate="yes">
			<val>Zpět</val>
		</str>
		<str name="quit" translate="yes">
			<val>Ukončit</val>
		</str>
		<str name="signInLater" translate="yes">
			<val>Přihlásit se později</val>
		</str>
	</set>
	
	<set name="dspSubscriptionExpired">
		<str name="title" translate="yes">
			<val>Obnovit odběr</val>
		</str>
		<str name="message" translate="yes">
			<val>Přejděte do {0}Správce odběru{1} a obnovte odběr produktu {2}, abyste mohli produkt nadále používat bez přerušování. Pokud jste obnovení produktu právě provedli, vyčkejte 15 minut a zkuste to znovu.</val>
		</str>
		<str name="messageCCMTeamPara1" translate="yes">
			<val>Obraťte se na správce s požadavkem na obnovu odběru, abyste mohli bez přerušení pokračovat v používání produktu</val>
		</str>
		<str name="messageCCMTeamPara2" translate="yes">
			<val>Pokud již máte předplatné obnoveno, vyčkejte 15 minut a poté to zkuste znovu.</val>
		</str>
		<str name="signedInMessage" translate="yes">
			<val>Jste přihlášeni pod následujícím identifikátorem Adobe ID: {0}.</val>
		</str>
		<str name="subscriptionManagerLinkForCC" translate="yes">
			<val> http://www.adobe.com/go/cc_manage_act_cz</val>
		</str>
		<str name="subscriptionManagerLinkForNonCC" translate="yes">
			<val>http://www.adobe.com/go/subscriptionedition_cz</val>
		</str>
		<str name="tryAgain" translate="yes">
			<val>Zkusit znovu</val>
		</str>
		<str name="close" translate="yes">
			<val>Zavřít</val>
		</str>
		<str name="differentAdobeIDLink" translate="yes">
			<val>Využíváte jiný identifikátor Adobe ID?</val>
		</str>
		<str name="OfflineMessage" translate="yes">
			<val>Je nám líto, ale v tuto chvíli se nelze připojit k serveru Adobe. Kliknutím na tento {0}odkaz{1} můžete zkusit vyřešit potíže s připojením. Pokud potíže přetrvají, obraťte se na {2}podporu zákazníků{3}.</val>
		</str>
	</set>
	
	<set name="dspCheckGenericError">
		<str name="title" translate="yes">
			<val>Zkusit znovu</val>
		</str>
		<str name="warning" translate="yes">
			<val>Nelze zahájit váš odběr produktu {0}.</val>
		</str>
		<str name="message" translate="yes">
			<val>Chvíli vyčkejte a zkuste to znovu.</val>
		</str>
		<str name="tryAgain" translate="yes">
			<val>Zkusit znovu</val>
		</str>
		<str name="quit" translate="yes">
			<val>Ukončit</val>
		</str>
	</set>
	
	<set name="dspSubscriptionVerified">
		<str name="title" translate="yes">
			<val>Děkujeme</val>
		</str>
		<str name="message" translate="yes">
			<val>Váš odběr produktu {0} je nyní aktivní. Kliknutím na možnost Pokračovat můžete začít používat produkt.</val>
		</str>
		<str name="continue" translate="yes">
			<val>Pokračovat</val>
		</str>
	</set>
	
	<set name="dspSubscriptionReactivation">
		<str name="title" translate="yes">
			<val>Je vyžadováno přihlášení</val>
		</str>
		<str name="message" translate="yes">
			<val>Proběhlo vaše odhlášení z tohoto počítače nebo zařízení. Kliknutím na tlačítko Přihlásit se nyní můžete svoji licenci na tomto zařízení aktivovat. Pokud kliknete na tlačítko Pokračovat, přihlášení bude odloženo až na další spuštění.</val>
		</str>
		<str name="signInNow" translate="yes">
			<val>Přihlásit se nyní</val>
		</str>
		<str name="continue" translate="yes">
			<val>Pokračovat</val>
		</str>
	</set>
	
	<set name="dspReminder">
		<set name="ccInfoReminder">
			<str name="title" translate="yes">
				<val>Připomínka týkající se odběru</val>
			</str>
			<str name="message" translate="yes">
				<val>Platnost odběru již brzy vyprší.</val>
			</str>
			<str name="info" translate="yes">
				<val>Naše záznamy uvádí, že u tohoto účtu odběru nebyl uveden žádný způsob platby. Přejděte do {0}Správce odběru{1} a zadejte informace o způsobu platby, abyste obnovili odběr produktu {2} a mohli tak produkt nadále používat bez přerušování.</val>
			</str>
			<str name="infoCCMTeam" translate="yes">
				<val>Obraťte se na správce, abyste si zajistili trvalý přístup k tomuto produktu.</val>
			</str>
		</set>
		
		<set name="graceReminder">
			<str name="title" translate="yes">
				<val>Platnost odběru skončila</val>
			</str>
			<str name="message" translate="yes">
				<val>Platnost odběru produktu {0} vypršela.</val>
			</str>
			<str name="info" translate="yes">
				<val>Přejděte do {0}Správce odběru{1} a obnovte odběr produktu {2}, abyste mohli produkt nadále používat bez přerušování. Budete mít k dispozici krátkou lhůtu na obnovení odběru, po jejímž uplynutí již nebudete mít k tomuto produktu přístup.</val>
			</str>
			<str name="infoCCMTeam" translate="yes">
				<val>Obraťte se na správce s požadavkem na obnovu odběru, abyste mohli bez přerušení pokračovat v používání produktu. Na obnovu odběru máte k dispozici krátkou dobu odkladu, po jejímž uplynutí již nebude možné tento produkt používat.</val>
			</str>
		</set>
		<set name="monthlyGraceReminderOffline">
			<str name="title" translate="yes">
				<val>Je nám líto, ale v tuto chvíli se nelze připojit k serveru Adobe</val>
			</str>
			<str name="message" translate="yes">
				<val>Nezapomeňte, že potřebujeme ověřit platnost vašeho členství. Produkt {0} můžete využívat offline až do dne {1}, ale pokud se do této doby nepřipojíte k serveru Adobe, přestane produkt fungovat.</val>
			</str>
			<str name="info" translate="yes">
				<val>Kliknutím {0}zde{1} se můžete pokusit vyřešit potíže s připojením.</val>
			</str>
		</set>
		<set name="dailyGraceReminderOffline">
			<str name="title" translate="yes">
				<val>Je nám líto, ale v tuto chvíli se nelze připojit k serveru Adobe</val>
			</str>
			<str name="message" translate="yes">
				<val>Nezapomeňte, že potřebujeme ověřit platnost vašeho členství. Produkt {0} můžete využívat offline, ale pokud se do uvedené doby nepřipojíte k serveru Adobe, přestane produkt pracovat.</val>
			</str>
			<str name="info" translate="yes">
				<val>Kliknutím {0}zde{1} se můžete pokusit vyřešit potíže s připojením.</val>
			</str>
		</set>
		<set name="billingFailureReminder">
			<str name="title" translate="yes">
				<val>Zkontrolujte své fakturační údaje</val>
			</str>
			<str name="message" translate="yes">
				<val>Objevili jsme potíže s vaší poslední platbou za produkt {0}. Přejděte online k nastavení {1}Správa účtu{2} a ověřte fakturační údaje.</val>
			</str>
			<str name="info" translate="yes">
				<val>Pokud potíže během uvedené doby nevyřešíte, produkt {0} přestane pracovat.</val>
			</str>
			<str name="messageCCMTeam" translate="yes">
				<val>Objevili jsme potíže s vaší poslední platbou za produkt {0} pro týmy. Obraťte se na správce s žádostí o vyřešení potíží, nebo jste-li hlavním správcem vy, přejděte online k nastavení {1}Správa účtu{2}. Pokud potíže během uvedené doby nevyřešíte, produkt {0} přestane pracovat.</val>
			</str>
			<str name="offlineError" translate="yes">
				<val>Je nám líto, ale v tuto chvíli se nelze připojit k serveru Adobe a ověřit, zda jste vyřešili potíže s fakturací. Kliknutím na tento {0}odkaz{1} můžete zkusit vyřešit potíže s připojením.</val>
			</str>
		</set>
		<set name="billingFailureReminderCCT">
			<str name="title" translate="yes">
				<val>Platnost vašeho členství brzy vyprší</val>
			</str>
			<str name="warning" translate="yes">
				<val>Platnost vašeho členství ve službě Creative Cloud pro týmy brzy vyprší.</val>
			</str>
			<str name="message" translate="yes">
				<val>Neobdrželi jsme od vás platbu za členství ve službě Creative Cloud pro týmy. Kontaktujte správce a zkuste potíže vyřešit. Pokud jste hlavním správcem, přejděte na stránku {0}správy účtů{1}. Pokud potíže nevyřešíte do zobrazené doby, přestanete mít přístup ke službě Creative Cloud pro týmy.</val>
			</str>
			<str name="offlineError" translate="yes">
				<val>Je nám líto, ale v tuto chvíli se nelze připojit k serveru Adobe a ověřit, zda jste vyřešili potíže s fakturací. Kliknutím na tento {0}odkaz{1} můžete zkusit vyřešit potíže s připojením.</val>
			</str>
		</set>
		<set name="combinedSubIssueReminder">
			<str name="title" translate="yes">
				<val>Nedaří se nám ověřit vaše členství</val>
			</str>
			<str name="message" translate="yes">
				<val>Nacházíte se v režimu offline nebo došlo k potížím při fakturaci z vašeho účtu. Přejděte do režimu online a ověřte své fakturační údaje. V případě dalších otázek se obraťte na {0}podporu zákazníků{1}.</val>
			</str>
			<str name="messageCCMTeam1" translate="yes">
				<val>Nacházíte se v režimu offline nebo došlo k potížím při fakturaci z účtu pro váš tým. Obraťte se na správce a požádejte jej o vyřešení těchto potíží s fakturací.</val>
			</str>
			<str name="messageCCMTeam2" translate="yes">
				<val> V případě dalších otázek se obraťte na {0}podporu zákazníků{1}.</val>
			</str>
			<str name="offlineError" translate="yes">
				<val>Přejděte do režimu online, abychom mohli vyřešit vzniklé potíže, nebo kliknutím na tlačítko Pokračovat pokračujte v režimu offline a nechte si zobrazit připomenutí později.</val>
			</str>
		</set>
		
		<str name="subscriptionManagerLinkForCC" translate="yes">
			<val>http://www.adobe.com/go/cc_manage_act_cz</val>
		</str>
		<str name="subscriptionManagerLinkForNonCC" translate="yes">
			<val>http://www.adobe.com/go/subscriptionedition_cz</val>
		</str>
		<str name="offline" translate="yes">
			<val>Nelze se připojit k serveru Adobe. Zkontrolujte nastavení připojení a klikněte na možnost Zkusit znovu.</val>
		</str>
		<str name="subscriptionPolicy" translate="yes">
			<val>{0}Zásady odběru{1}</val>
		</str>
		<str name="subscriptionPolicyLink" translate="yes">
			<val>http://www.adobe.com/go/subscription_policy_cz</val>
		</str>
		<str name="customerSupportLink" translate="yes">
			<val>http://www.adobe.com/go/customer_support_cz</val>
		</str>
		<str name="offlineTroubleshootLink" translate="yes">
			<val>http://www.adobe.com/go/activation_network_issues_cz</val>
		</str>
		<str name="daysRemaining" translate="yes">
			<val>zbývající dny</val>
		</str>
		<str name="dayRemaining" translate="yes">
			<val>den zbývá</val>
		</str>
		<str name="continue" translate="yes">
			<val>Pokračovat</val>
		</str>
		<str name="tryAgain" translate="yes">
			<val>Zkusit znovu</val>
		</str>
		<str name="retry" translate="yes">
			<val>Zkusit znovu</val>
		</str>
		<str name="remindLater" translate="yes">
			<val>Připomenout později</val>
		</str>
		<str name="OK" translate="yes">
			<val>OK</val>
		</str>
	</set>
	
	<set name="dspSuspended">
		<set name="activationSuspended">
			<str name="title" translate="yes">
				<val>Aktivace se nezdařila</val>
			</str>
			<str name="warning" translate="yes">
				<val>Produkt {0} nebylo možné aktivovat.</val>
			</str>
			<str name="message" translate="yes">
				<val>Datum ve vašem systému neodpovídá datu na našem serveru. Datum ve vašem systému se může lišit až o tři dny oproti datu na serveru Adobe ({0}).</val>
			</str>
			<str name="info" translate="yes">
				<val>Zkontrolujte v počítači nastavení data a zkuste to znovu. Pokud problém přetrvává, obraťte se na {0}podporu zákazníků{1}.</val>
			</str>
		</set>
		
		<set name="subscriptionSuspended">
			<str name="title" translate="yes">
				<val>Odběr přerušen</val>
			</str>
			<str name="warning" translate="yes">
				<val>Odběr produktu {0} byl přerušen.</val>
			</str>
			<str name="message" translate="yes">
				<val>Datum ve vašem systému neodpovídá datu na našem serveru. Datum ve vašem systému se může lišit až o tři dny oproti datu na serveru Adobe ({0}).</val>
			</str>
			<str name="info" translate="yes">
				<val>Zkontrolujte v počítači nastavení data a zkuste to znovu. Pokud problém přetrvává, obraťte se na {0}podporu zákazníků{1}.</val>
			</str>
		</set>
		
		<set name="subscriptionWindback">
			<str name="title" translate="yes">
				<val>Odběr přerušen</val>
			</str>
			<str name="warning" translate="yes">
				<val>Odběr produktu {0} byl přerušen.</val>
			</str>
			<str name="message" translate="yes">
				<val>Systémové datum a čas není nastaveno správně. Nastavte systémové hodiny na aktuální čas a vyberte možnost Zkusit znovu. Pokud problém přetrvává, obraťte se na {0}podporu zákazníků{1}.</val>
			</str>
		</set>
		
		<str name="customerSupportLink" translate="yes">
			<val>http://www.adobe.com/go/customer_support_cz</val>
		</str>
		<str name="activationPolicy" translate="yes">
			<val>{0}Zobrazit zásady aktivace{1}</val>
		</str>
		<str name="activationPolicyLink" translate="yes">
			<val>http://www.adobe.com/go/activation_cz</val>
		</str>
		<str name="subscriptionPolicy" translate="yes">
			<val>{0}Zásady odběru{1}</val>
		</str>
		<str name="subscriptionPolicyLink" translate="yes">
			<val>http://www.adobe.com/go/subscription_policy_cz</val>
		</str>
		<str name="quit" translate="yes">
			<val>Ukončit</val>
		</str>
		<str name="tryAgain" translate="yes">
			<val>Zkusit znovu</val>
		</str>
	</set>
	
	<set name="dateTimeFormats">
		<str name="dateFormat_Long" translate="yes">
			<val>{1}. {0}. {2}</val>
		</str>
	</set>

	<set name="monthsFull">
		<str name="1" translate="yes">
			<val>led</val>
		</str>
		<str name="2" translate="yes">
			<val>úno</val>
		</str>
		<str name="3" translate="yes">
			<val>bře</val>
		</str>
		<str name="4" translate="yes">
			<val>dub</val>
		</str>
		<str name="5" translate="yes">
			<val>kvě</val>
		</str>
		<str name="6" translate="yes">
			<val>čvn</val>
		</str>
		<str name="7" translate="yes">
			<val>čvc</val>
		</str>
		<str name="8" translate="yes">
			<val>srp</val>
		</str>
		<str name="9" translate="yes">
			<val>zář</val>
		</str>
		<str name="10" translate="yes">
			<val>říj</val>
		</str>
		<str name="11" translate="yes">
			<val>lis</val>
		</str>
		<str name="12" translate="yes">
			<val>pro</val>
		</str>
	</set>
	
	<set name="dsp_IMSBusyScrim">
		<str name="WaitAMoment" translate="yes">
			<val>Chvíli vyčkejte...</val>
		</str>
	</set>
	
	<set name="dspSubscriptionRevoked">
		<str name="title" translate="yes">
			<val>Přerušení licence</val>
		</str>
		<str name="warning" translate="yes">
			<val>Licence k produktu {0} byla přerušena.</val>
		</str>
		<str name="message" translate="yes">
			<val>Licenční informace k identifikátoru {0} již nejsou platné nebo byly odvolány. Obraťte se na {1}podporu zákazníků{2}.</val>
		</str>
		<str name="subscriptionPolicy" translate="yes">
			<val>{0}Zásady pro odběr{1}{2}{3}Licenční ujednání k softwaru{4}</val>
		</str>
		<str name="subscriptionPolicyLink" translate="yes">
			<val>http://www.adobe.com/go/subscription_policy_cz</val>
		</str>
		<str name="eula_Link" translate="yes">
			<val>http://www.adobe.com/go/eulas_cz</val>
		</str>
		<str name="customerSupportLink" translate="yes">
			<val>http://www.adobe.com/go/customer_support_cz</val>
		</str>
		<str name="quit" translate="yes">
			<val>Ukončit</val>
		</str>
	</set>
	<set name="deviceBasedActivation">
		<set name="dbaLicenseExpiry">
			<str name="title" translate="yes">
				<val>Platnost licence vypršela</val>
			</str>
			<str name="message" translate="yes">
				<val>Produkt {0} na tomto zařízení uživatele {1} využívá volnou licenci. Pokud budete chtít produkt nerušeně používat i nadále, obraťte se na správce s žádostí o obnovení licence.</val>
			</str>
			<str name="info" translate="yes">
				<val>Pokud již byla licence obnovena, vyčkejte 15 minut a poté pokus opakujte.</val>
			</str>
			<str name="tryAgain" translate="yes">
				<val>Zkusit znovu</val>
			</str>
			<str name="close" translate="yes">
				<val>Zavřít</val>
			</str>
		</set>
	
		<set name="dbaLicenseRenewal">
			<str name="title" translate="yes">
				<val>Obnovit licenci</val>
			</str>
			<str name="message" translate="yes">
				<val>Pokud budete chtít produkt nerušeně používat i nadále, obraťte se na správce s žádostí o obnovení licence k produktu {0} na tomto zařízení z fondu pro nasazení {1}.</val>
			</str>
			<str name="info" translate="yes">
				<val>Pokud již byla licence obnovena, vyčkejte 15 minut a poté pokus opakujte.</val>
			</str>
			<str name="tryAgain" translate="yes">
				<val>Zkusit znovu</val>
			</str>
			<str name="quit" translate="yes">
				<val>Ukončit</val>
			</str>
		</set>
		<set name="dbaClockWindback">
			<str name="title" translate="yes">
				<val>Přerušení licence</val>
			</str>
			<str name="message" translate="yes">
				<val>Systémové datum a čas nejsou na tomto zařízení nastaveny správně. Nastavte systémové hodiny na aktuální čas a vyberte možnost Zkusit znovu. Pokud problém přetrvává, obraťte se na správce.</val>
			</str>
			<str name="warning" translate="yes">
				<val>Licence k produktu {0} byla přerušena.</val>
			</str>
			<str name="tryAgain" translate="yes">
				<val>Zkusit znovu</val>
			</str>
			<str name="close" translate="yes">
				<val>Zavřít</val>
			</str>
		</set>
		<set name="dbaClockMismatch">
			<str name="title" translate="yes">
				<val>Přerušení licence</val>
			</str>
			<str name="message" translate="yes">
				<val>Datum na tomto zařízení neodpovídá datu na našem serveru. Datum na tomto zařízení se může lišit až o tři dny oproti datu na serveru Adobe ({0}). </val>
			</str>
			<str name="warning" translate="yes">
				<val>Licence k produktu {0} byla přerušena.</val>
			</str>
			<str name="info" translate="yes">
				<val>Zkontrolujte nastavení data v tomto zařízení a vyberte možnost Zkusit znovu. Pokud problém přetrvává, obraťte se na správce.</val>
			</str>
			<str name="tryAgain" translate="yes">
				<val>Zkusit znovu</val>
			</str>
			<str name="quit" translate="yes">
				<val>Ukončit</val>
			</str>
		</set>
		<set name="dbaLicenseDenied">
			<str name="title" translate="yes">
				<val>Licence byla odepřena</val>
			</str>
			<str name="stepError" translate="yes">
				<val>Licence k produktu {0} na tomto zařízení byla odepřena.</val>
			</str>
			<str name="msgError" translate="yes">
				<val>Obraťte se na správce s žádostí o serializaci zařízení a jeho opětovné zapojení do fondu {0}. Pokud správce tento krok již dokončil, vyčkejte 15 minut a pokus opakujte.</val>
			</str>
			<str name="msgErrorPoolRemoved" translate="yes">
				<val>Obraťte se na správce s žádostí o serializaci zařízení. Pokud správce tento krok již dokončil, vyčkejte 15 minut a pokus opakujte.</val>
			</str>
			<str name="tryAgain" translate="yes">
				<val>Zkusit znovu</val>
			</str>
			<str name="close" translate="yes">
				<val>Zavřít</val>
			</str>
		</set>
		<set name="dbaActivationFailure">
			<str name="title" translate="yes">
				<val>Aktivace se nezdařila</val>
			</str>
			<str name="stepError" translate="yes">
				<val>Produkt {0} nebylo možné aktivovat.</val>
			</str>
			<str name="errorCode" translate="yes">
				<val>(Kód chyby: {0})</val>
			</str>
			<str name="msgError" translate="yes">
				<val>Pokud budete chtít používat produkt {0} na zařízení uživatele {1}, je nutné provést jeho aktivaci. K aktivaci tohoto produktu je zapotřebí funkční připojení k internetu. Zkontrolujte nastavení připojení a pokus opakujte.</val>
			</str>
			<str name="info" translate="yes">
				<val>Pokud problém přetrvává, obraťte se na správce.</val>
			</str>
			<str name="offlineError" translate="yes">
				<val>Je nám líto, ale v tuto chvíli se nelze k serveru Adobe připojit. Kliknutím na tento {0}odkaz{1} můžete zkusit vyřešit potíže s připojením.</val>
			</str>
			<str name="clockMismatchError" translate="yes">
				<val>Zkontrolujte nastavení data v tomto zařízení a vyberte možnost Zkusit znovu.</val>
			</str>
			<str name="tryAgain" translate="yes">
				<val>Zkusit znovu</val>
			</str>
			<str name="close" translate="yes">
				<val>Zavřít</val>
			</str>
		</set>
		<set name="dbaMonthlyGraceReminderOffline">
			<str name="title" translate="yes">
				<val>Je nám líto, ale v tuto chvíli se nelze připojit k serveru Adobe</val>
			</str>
			<str name="message" translate="yes">
				<val>Nezapomeňte, že potřebujeme ověřit platnost licence uživatele {0} na tomto zařízení. Produkt {1} můžete využívat offline až do dne {2}, ale pokud se do této doby nepřipojíte k internetu, přestane tento produkt fungovat.</val>
			</str>
			<str name="info" translate="yes">
				<val>Kliknutím {0}zde{1} se můžete pokusit vyřešit potíže s připojením.</val>
			</str>
			<str name="remindLater" translate="yes">
				<val>Připomenout později</val>
			</str>
			<str name="retry" translate="yes">
				<val>Zkusit znovu</val>
			</str>
		</set>
		<set name="dbaDailyGraceReminderOffline">
			<str name="title" translate="yes">
				<val>Je nám líto, ale v tuto chvíli se nelze připojit k serveru Adobe</val>
			</str>
			<str name="message" translate="yes">
				<val>Nezapomeňte, že potřebujeme ověřit platnost licence uživatele {0} na tomto zařízení. Produkt {1} můžete využívat offline, ale pokud se do uvedené doby nepřipojíte k internetu, přestane tento produkt fungovat.</val>
			</str>
			<str name="info" translate="yes">
				<val>Kliknutím {0}zde{1} se můžete pokusit vyřešit potíže s připojením.</val>
			</str>
			<str name="ok" translate="yes">
				<val>OK</val>
			</str>
			<str name="retry" translate="yes">
				<val>Zkusit znovu</val>
			</str>
		</set>
		<set name="dbaBonusLaunch">
			<str name="title" translate="yes">
				<val>Poslední spuštění</val>
			</str>
			<str name="message" translate="yes">
				<val>Produkt {0} na tomto zařízení uživatele {1} využívá volnou licenci. Produkt je nyní možné použít ještě jednou. Pokud budete chtít produkt používat i nadále, obraťte se na správce.</val>
			</str>
			<str name="ok" translate="yes">
				<val>OK</val>
			</str>
		</set>
		<set name="errorScenarios">
			<str name="licenseDeniedError" translate="yes">
				<val>S tímto zařízením není spojena žádná licence.</val>
			</str>
			<str name="clockWindbackError" translate="yes">
				<val>Zkontrolujte nastavení data v zařízení a vyberte možnost Zkusit znovu. Pokud problém přetrvává, obraťte se na správce.</val>
			</str>
			<str name="offlineError" translate="yes">
				<val>Je nám líto, ale v tuto chvíli se k serveru Adobe nelze připojit. Kliknutím na tento {0}odkaz{1} můžete zkusit vyřešit potíže s připojením. Pokud problém přetrvává, obraťte se na správce.</val>
			</str>
			<str name="checkCallErrorGeneric" translate="yes">
				<val>Během shromažďování licenčních údajů došlo k chybě. Zkuste to znovu později.</val>
			</str>
		</set>
		<str name="quit" translate="yes">
			<val>Ukončit</val>
		</str>
		<str name="daysRemaining" translate="yes">
			<val>zbývající dny</val>
		</str>
		<str name="dayRemaining" translate="yes">
			<val>den zbývá</val>
		</str>
		<str name="offlineTroubleshootLink" translate="yes">
			<val>http://www.adobe.com/go/activation_network_issues_cz</val>
		</str>
	</set>
	<set name="isoToLanguage">
		<str name="ar_AE" translate="no"><val>العربية</val></str>
		<str name="en_GB" translate="no"><val>English (International)</val></str> 
		<str name="en_INT" translate="no"><val>English (International)</val></str> 
		<str name="fr_CA" translate="no"><val>Français (Canada)</val></str>
		<str name="es_QM" translate="no"><val>Español (Middle East)</val></str>
		<str name="es_LA" translate="no"><val>Español de América Latina</val></str>
		<str name="es_NA" translate="no"><val>Español Norteamericano</val></str>
		<str name="bg_BG" translate="no"><val>Български</val></str>
		<str name="lv_LV" translate="no"><val>Latviešu</val></str>
		<str name="et_EE" translate="no"><val>Eesti</val></str>
		<str name="hr_HR" translate="no"><val>hrvatski</val></str>
		<str name="sl_SI" translate="no"><val>slovenščina</val></str>
		<str name="sk_SK" translate="no"><val>slovenčina</val></str>
		<str name="th_TH" translate="no"><val>ภาษาไทย</val></str> 
		<str name="vi_VN" translate="no"><val>Việt</val></str>
		<str name="en_XC" translate="no"><val>English (Central Europe)</val></str> 
		<str name="en_XM" translate="no"><val>English (Middle East)</val></str>
		<str name="fr_XM" translate="no"><val>Français (Moyen-Orient)</val></str>
		<str name="sq_AL" translate="no"><val>Shqip</val></str> 
		<str name="ar_SA" translate="no"><val>العربية</val></str>
		<str name="be_BY" translate="no"><val>Беларуская</val></str> 
		<str name="ca_ES" translate="no"><val>Català</val></str> 
		<str name="hi_IN" translate="no"><val>हिन्दी</val></str>
		<str name="is_IS" translate="no"><val>Íslenska</val></str> 
		<str name="lt_LT" translate="no"><val>Lietuvių</val></str>
		<str name="mk_MK" translate="no"><val>македонски</val></str>
		<str name="nn_NO" translate="no"><val>Norsk (Nynorsk)</val></str>
		<str name="pt_PT" translate="no"><val>Português de Portugal</val></str> 
		<str name="sh_YU" translate="no"><val>Srpsko-Hrvatski</val></str> 
		<str name="sr_YU" translate="no"><val>Cрпски</val></str> 
		<str name="kk_KZ" translate="no"><val>Қазақ</val></str>
		<str name="az_AZ" translate="no"><val>Azərbaycan dili</val></str> 
		<str name="es_MX" translate="no"><val>Español (América Latina)</val></str>
		<str name="no_NO" translate="no"><val>Norwegian</val></str> 
		<str name="cs_CZ" translate="no"><val>česky</val></str>
		<str name="de_DE" translate="no"><val>Deutsch</val></str>
		<str name="el_GR" translate="no"><val>Ελληνικά</val></str>
		<str name="en_US" translate="no"><val>English (North America)</val></str> 
		<str name="es_ES" translate="no"><val>Español</val></str> 
		<str name="fr_FR" translate="no"><val>Français</val></str>
		<str name="he_IL" translate="no"><val>עברית</val></str> 
		<str name="hu_HU" translate="no"><val>magyar</val></str>
		<str name="it_IT" translate="no"><val>Italiano</val></str>
		<str name="ja_JP" translate="no"><val>日本語</val></str>
		<str name="ko_KR" translate="no"><val>한국어</val></str>
		<str name="nl_NL" translate="no"><val>Nederlands</val></str>
		<str name="pl_PL" translate="no"><val>polski</val></str>
		<str name="ro_RO" translate="no"><val>Română</val></str>
		<str name="ru_RU" translate="no"><val>русский</val></str>
		<str name="sv_SE" translate="no"><val>Svenska</val></str>
		<str name="tr_TR" translate="no"><val>Türkçe</val></str>
		<str name="uk_UA" translate="no"><val>українська</val></str>
		<str name="zh_CN" translate="no"><val>简体中文</val></str>
		<str name="zh_TW" translate="no"><val>繁體中文</val></str>
		<str name="da_DK" translate="no"><val>Dansk</val></str>
		<str name="fi_FI" translate="no"><val>suomi</val></str>
		<str name="nb_NO" translate="no"><val>Norsk (Bokmål)</val></str> 
		<str name="pt_BR" translate="no"><val>Português do Brasil</val></str>
		<str name="en_AE" translate="no"><val>English يدعم العربية</val></str> 
		<str name="en_IL" translate="no"><val>English תומך עברית</val></str> 
		<str name="fr_MA" translate="no"><val>Français (Maroc)</val></str>
	</set>
		
</asf>
