<?xml version='1.0' encoding='utf-8'?>
<!DOCTYPE asf SYSTEM "http://ns.adobe.com/asf/asf_1_0.dtd" >
<asf xmlns="http://ns.adobe.com/asf" locale="de_DE" version="1.0">
	<set name="install">
		<str name="next" translate="yes">
			<val>WEITER</val>
		</str>
		<str name="back" translate="yes">
			<val>ZURÜCK</val>
		</str>
		<str name="exit" translate="yes">
			<val>BEENDEN</val>
		</str>
		<str name="quit" translate="yes">
			<val>BEENDEN</val>
		</str>
		<str name="stop" translate="yes">
			<val>ANHALTEN</val>
		</str>
		<str name="continue" translate="yes">
			<val>FORTFAHREN</val>
		</str>
		<str name="cancel" translate="yes">
			<val>ABBRECHEN</val>
		</str>
		<str name="tryAgain" translate="yes">
			<val>ERNEUT VERSUCHEN</val>
		</str>
		<str name="decline" translate="yes">
			<val>ABLEHNEN</val>
		</str>
		<str name="accept" translate="yes">
			<val>AKZEPTIEREN</val>
		</str>			
		<str name="create" translate="yes">
			<val>ADOBE-ID ERSTELLEN</val>
		</str>			
		<str name="info" translate="yes">
			<val>Weitere Informationen</val>
		</str>
		<str name="done" translate="yes">
			<val>FERTIG</val>
		</str>
		<str name="install" translate="yes">
			<val>INSTALLIEREN</val>
		</str>			
		<str name="uninstall" translate="yes">
			<val>DEINSTALLIEREN</val>
		</str>			
		<str name="btnOK" translate="yes">
			<val>OK</val>
		</str>
		<str name="yes" translate="yes">
			<val>JA</val>
		</str>
		<str name="no" translate="yes">
			<val>NEIN</val>
		</str>
		<str name="subscriptionEdition" translate="no">
			<val>Subscription Edition</val>
		</str>
	</set>
	
	<set name="welcome">
		<str name="welcome" translate="yes">
			<val>Willkommen</val>
		</str>
		<str name="product" translate="yes">
			<val>Installer für {0}</val>
		</str>
		<str name="view" translate="yes">
			<val>Anzeigen in:</val>
		</str>
		<str name="license" translate="yes">
			<val>Adobe-Software-Lizenzvereinbarung</val>
		</str>
		<str name="sure" translate="yes">
			<val>Möchten Sie wirklich beenden?</val>
		</str>
		<str name="AppTitleInstall" translate="yes">
			<val>Installer für {0}</val>
		</str>
		<str name="AppTitleUninstall" translate="yes">
			<val>UnInstaller für {0}</val>
		</str>
	</set>
	
	<set name="serial">
		<str name="welcome" translate="yes">
			<val>Seriennummer eingeben</val>
		</str>
		<str name="serial" translate="yes">
			<val>Seriennummer eingeben</val>
		</str>
		<str name="trial" translate="yes">
			<val>Als Testversion installieren</val>
		</str>
		<str name="lang" translate="yes">
			<val>Sprache:</val>
		</str>
		<str name="license" translate="yes">
			<val>Diese Seriennummer wird verwendet für: {0}</val>
		</str>
		<str name="selectLang" translate="yes">
			<val>Sprache wählen</val>
		</str>
		<str name="locateTT" translate="yes">
			<val>Ihre Seriennummer befindet sich auf der Rückseite der DVD-Hülle, auf Ihrem Adobe Open Options-Lizenzzertifikat (nur Massenbestellungen) oder in Ihrer E-Mail-Bestätigung des Adobe-Stores (nur Download-Käufe).</val>
		</str>
		<str name="invalid" translate="yes">
			<val>Die eingegebene Seriennummer ist für dieses Produkt nicht gültig.</val>
		</str>
		<str name="also" translate="yes">
			<val>Sie können nach der Installation auch eine Seriennummer eingeben.</val>
		</str>
		<str name="agree" translate="yes">
			<val>Entsprechend der Software-Lizenzvereinbarung versucht die Software automatisch, eine Aktivierung über das Internet vorzunehmen. Weitere Informationen finden Sie unter {0}www.adobe.com/de/activation{1}.</val>
		</str>
		<str name="agreeLink" translate="yes">
			<val>http://www.adobe.com/go/activation_de</val>
		</str>
		<str name="progressMessage" translate="yes">
			<val>Abonnementinformationen werden überprüft...</val>
		</str>
	</set>
	
	<set name="options">
		<str name="title" translate="yes">
			<val>Installationsoptionen</val>
		</str>
		<str name="unTitle" translate="yes">
			<val>Deinstallationsoptionen</val>
		</str>
		<str name="unInstruct" translate="yes">
			<val>Wenn Sie die Deinstallation des gesamten Produkts auswählen, können Sie gleichzeitig auch die Seriennummer deaktivieren.</val>
		</str>
		<str name="total" translate="yes">
			<val>Vollständige Installation:</val>
		</str>
		<str name="all" translate="yes">
			<val>Alle Komponenten</val>
		</str>
		<str name="loc" translate="yes">
			<val>Pfad:</val>
		</str>
		<str name="deactivate" translate="yes">
			<val>Deaktivieren</val>
		</str>
		<str name="deactivateTooltip1" translate="yes">
			<val>Mit der Deaktivierung können Sie Ihr Adobe-Produkt auf einem anderen Computer aktivieren. Dabei sind die Bestimmungen der Software-Lizenzvereinbarung einzuhalten. Stellen Sie vor der Deaktivierung eine Internetverbindung her.</val>
		</str>
		<str name="deactivateTooltip2" translate="yes">
			<val>Einzelne Komponenten können in einem lizenzierten Adobe-Produkt nicht deaktiviert werden. Wenn Sie Ihr Adobe-Produkt auf einem anderen Computer installieren und aktivieren möchten, müssen Sie zunächst das gesamte Produkt auf diesem Computer deaktivieren und deinstallieren.</val>
		</str>
		<str name="remove" translate="yes">
			<val>Voreinstellungen entfernen</val>
		</str>
		<str name="select" translate="yes">
			<val>Klicken Sie auf einen Produktnamen, um die Optionen anzupassen</val>
		</str>
		<str name="include" translate="yes">
			<val>Enthält:</val>
		</str>
		<str name="decimalSeparator" translate="yes">
			<val>,</val>
		</str>
		<str name="commaSeparator" translate="yes">
			<val>.</val>
		</str>
		<str name="browse" translate="yes">
			<val>Installationspfad auswählen</val>
		</str>
		<str name="reqs" translate="yes">
			 <val>Die Systemanforderungen für dieses Produkt wurden nicht erfüllt. {0}Weitere Informationen…{1}</val>
		</str>
		<str name="more" translate="yes">
			<val>Mehr</val>
		</str>		
		<str name="morelink" translate="yes">
			<val>http://www.adobe.com/go/cs_systemreqs_de</val>
		</str>
		<str name="infolink" translate="yes">
			<val>http://www.adobe.com/go/cs_shared_components_de</val>
		</str>
		<str name="available" translate="yes">
			<val>verfügbar</val>
		</str>
		<str name="recommend" translate="yes">
			<val>Empfohlen von:</val>
		</str>	
		<str name="required" translate="yes">
			<val>Erfordert von:</val>
		</str>
		<str name="GB" translate="yes">
			<val>GB</val>
		</str>
		<str name="MB" translate="yes">
			<val>MB</val>
		</str>
		<str name="KB" translate="yes">
			<val>KB</val>
		</str>
		<str name="already" translate="yes">
			<val>Bereits installiert</val>
		</str>
		
		<str name="again" translate="yes">
			<val>Wenn Sie eine der nachfolgenden Dateien erneut zur Installation auswählen, wird diese an ihrem derzeitigen Speicherort installiert.</val>
		</str>		
		<str name="uninstall" translate="yes">
			<val>DEINSTALLIEREN</val>
		</str>
		<str name="install" translate="yes">
			<val>INSTALLIEREN</val>
		</str>
		<str name="requirementError" translate="yes">
			<val>Systemanforderungen nicht erfüllt</val>
		</str>
		<str name="conflictError" translate="yes">
			<val>Eine Testversion dieses Produkts ist bereits installiert.</val>
		</str>
		<str name="upgradedError" translate="yes">
			<val>Eine neuere Version dieses Produkts ist bereits installiert.</val>
		</str>
		<str name="langNotPresent" translate="yes">
			<val>Für ausgewählte Sprache nicht verfügbar</val>
		</str>
		<str name="dependenciesNotEnabled" translate="yes">
			<val>Erforderliche Komponenten sind deaktiviert</val>
		</str>
		<str name="avail" translate="yes">
			<val>Speicherplatz:</val>
		</str>
		<str name="drive" translate="yes">
			<val>Laufwerk {0}</val>
		</str>
		<str name="sure" translate="yes">
			<val>Möchten Sie die Deinstallation wirklich abbrechen?</val>
		</str>
		<str name="browseErrorCaseSensitive" translate="yes">
			<val>Laufwerke, die zwischen Groß- und Kleinschreibung unterscheiden, werden nicht unterstützt.</val>
		</str>
		<str name="browseErrorMappedNetwork" translate="yes">
			<val>Installation auf zugewiesenen Netzwerklaufwerken wird nicht unterstützt.</val>
		</str>
		<str name="browseErrorRemovableDrive" translate="yes">
			<val>Installation auf externen Flash-Laufwerken wird nicht unterstützt.</val>
		</str>
		<str name="browseErrorTooLong" translate="yes">
			<val>Der Pfad für die Installation ist zu lang.</val>
		</str>
		<str name="browseErrorLockedPath" translate="yes">
			<val>Installation auf einer gesperrten Position wird nicht unterstützt.</val>
		</str>
		<str name="browseErrorGeneric" translate="yes">
			<val>Installation unter angegebenem Pfad nicht möglich.</val>
		</str>
		<str name="browseErrorRootDrive" translate="yes">
			<val>Installation auf einem Stammlaufwerk wird nicht unterstützt.</val>
		</str>
		<str name="diskSpaceTooltip" translate="yes">
			<val>Die Installation kann wegen unzureichendem Speicherplatz nicht abgeschlossen werden.</val>
		</str>
		<str name="diskSpaceOverlayError" translate="yes">
			<val>Für die ausgewählten Optionen ist nicht genügend Festplattenspeicher verfügbar. Wählen Sie eine Festplatte mit genügend Speicherplatz und führen Sie die Installation erneut aus.</val>
		</str>
		<str name="uninstallSubscriptionMessage" translate="yes">
			<val>Bei der Deinstallation von Anwendungen werden Ihre Abonnements nicht geändert. Den Abonnementstatus ändern Sie mit dem Abonnement-Manager. {0}Abonnementstatus ändern.{1}</val>
		</str>
		<str name="uninstallSubscriptionMessageLink" translate="no">
			<val>http://www.adobe.com/go/subscriptionedition</val>
		</str>
	</set>

	<set name="progress">
		<str name="title" translate="yes">
			<val>Installationsstatus</val>
		</str>
		<str name="doneErrors" translate="yes">
			<val>Installationsstatus</val>
		</str>
		<str name="curr" translate="yes">
			<val>Installation läuft...</val>
		</str> 
		<str name="unTitle" translate="yes">
			<val>Deinstallationsstatus</val>
		</str>
		<str name="unCurr" translate="yes">
			<val>Deinstallation läuft...</val>
		</str> 
		<str name="cancelling" translate="yes">
			<val>Installation wird abgebrochen...</val>
		</str>
		<str name="removingCache" translate="yes">
			<val>Zwischenspeicher wird geleert...</val>
		</str> 
		<str name="disc" translate="yes">
			<val>Datenträger</val>
		</str>		
		<str name="preparing" translate="yes"> 
			<val>Installation wird vorbereitet...</val>
		</str>
		<str name="preparingun" translate="yes"> 
			<val>Deinstallation wird vorbereitet...</val>
		</str>
		<str name="calculating" translate="yes"> 
			<val>Restzeit gesamt: Wird berechnet...</val>
		</str>
		<str name="calculatingun" translate="yes"> 
			<val>Restzeit: Wird berechnet...</val>
		</str>
		<str name="complete" translate="yes"> 
			<val>{0} % abgeschlossen</val>
		</str>
		<str name="remainTotal" translate="yes">
			<val>Restzeit gesamt: ca. {0} Minuten</val>
		</str>
		<str name="unRemainTotal" translate="yes">
			<val>Restzeit: ca. {0} Minuten</val>
		</str>
		<str name="remainTotalOneMin" translate="yes">
			<val>Restzeit gesamt: ca. {0} Minute</val>
		</str>
		<str name="unRemainTotalOneMin" translate="yes">
			<val>Restzeit: ca. {0} Minute</val>
		</str>
		<str name="remainMin" translate="yes">
			<val>Restzeit gesamt: Weniger als eine Minute</val>
		</str>
		<str name="unRemainMin" translate="yes">
			<val>Restzeit: Weniger als eine Minute</val>
		</str>
		<str name="remainDisc" translate="yes">
			<val>Zeit bis zum nächsten Datenträger: Ca. {0} Minuten</val>
		</str>				
		<str name="sure" translate="yes">
			<val>Möchten Sie die Installation wirklich abbrechen?</val>
		</str>
		<str name="incorrect" translate="yes">
			<val>Falscher Datenträger eingelegt. Versuchen Sie es erneut und klicken Sie auf 'Fertig'.</val>
		</str>
		<str name="insert" translate="yes">
			<val>Legen Sie Datenträger {0} ein, um fortzufahren.</val>
		</str>
		<str name="errorClose" translate="yes">
			<val>Schließen Sie die folgenden Anwendungen, um fortzufahren:</val>
		</str>
		<str name="contact" translate="yes">
			<val>Kontaktieren Sie den {0}Kunden-Support{1}, wenn Sie weitere Hilfe benötigen.</val>
		</str>
		<str name="supportLink" translate="no">
			<val>http://www.adobe.com/go/support_loganalyzer</val>
		</str>
		<str name="errorLater" translate="yes">
			<val>Wenn die Installation beim Neustart des Computers abgeschlossen werden soll, klicken Sie auf Später fertigstellen.</val>
		</str>
		<str name="finishLater" translate="yes">
			<val>Später fertigstellen</val>
		</str>
		<str name="cancelMsg" translate="yes">
			<val>Installation wurde abgebrochen.</val>
		</str>
		<str name="partial" translate="yes">
			<val>Einige Anwendungen wurden erfolgreich installiert, bei einigen sind jedoch Fehler aufgetreten.</val>
		</str>
		<str name="installProblems" translate="yes">
			<val>Bei der Installation sind Probleme aufgetreten.</val>
		</str>
		<str name="requiredFailWarning" translate="yes">
			<val>Möglicherweise konnten einige der erforderlichen Komponenten nicht installiert werden. Dies kann sich auf die Funktionen der installierten Anwendungen auswirken.</val>
		</str>
		<str name="helpTroubleshoot" translate="yes">
			<val>Hilfe bei der Behebung dieses Problems finden Sie unter {0}Problembehebung{1}.</val>
		</str>
		<str name="troubleshootTips" translate="yes">
			<val>Die folgenden Tipps können bei der Problembehebung hilfreich sein:</val>
		</str>
		<str name="tipOne" translate="yes">
			<val>1. Starten Sie den Computer neu.</val>
		</str>
		<str name="tipTwo" translate="yes">
			<val>2. Schließen Sie alle Anwendungen, einschließlich der Startsymbole, Virenchecks und Firewall-Software.</val>
		</str>
		<str name="tipThree" translate="yes">
			<val>3. Starten Sie das Installationsprogramm und installieren Sie die Anwendungen neu.</val>
		</str>
		<str name="errorLogText" translate="yes">
			<val>Wenn die Probleme bestehen bleiben, können Sie diese möglicherweise mithilfe der nachfolgenden Fehlerprotokolldatei ermitteln.</val>
		</str>
		<str name="customerSupport" translate="yes">
			<val>Wenden Sie sich unter Angabe der folgenden Informationen an den {0}Kunden-Support{1}.</val>
		</str>
		
		<str name="completely" translate="yes">
			<val>Folgende Anwendungen stehen zur Verfügung:</val>
		</str>
		<str name="incomplete" translate="yes">
			<val>Folgende Anwendungen müssen neu installiert werden:</val>
		</str>
		<str name="installed" translate="yes">
			<val>Installiert:</val>
		</str>
		<str name="notInstalled" translate="yes">
			<val>Nicht installiert:</val>
		</str>
		<str name="haserrors" translate="yes">
			<val>Bei der Installation sind Fehler aufgetreten.</val>
		</str>
		<str name="restart" translate="yes">
			<val>Versuchen Sie, Ihr System neu zu starten und eine erneute Installation vorzunehmen.</val>
		</str>
		<str name="timeRemaining" translate="yes">
			<val>Restzeit</val>
		</str>
		<str name="unDoneTitle" translate="yes">
			<val>Deinstallationsstatus</val>
		</str>
		<str name="unDoneWarning" translate="yes">
			<val>Einige Anwendungen wurden erfolgreich deinstalliert, bei einigen sind jedoch Fehler aufgetreten.</val>
		</str>
		<str name="unComplete" translate="yes">
			<val>Folgende Anwendungen wurden deinstalliert:</val>
		</str>
		<str name="unIncomplete" translate="yes">
			<val>Folgende Anwendungen wurden nicht deinstalliert:</val>
		</str>
		<str name="unInstruct" translate="yes">
			<val>Starten Sie Ihren Computer neu und versuchen Sie, eine erneute Deinstallation durchzuführen. Wenn das Problem weiterhin bestehen bleibt, laden Sie das {0}Adobe Creative Suite Cleaner Tool{1} herunter und führen Sie es aus.</val>
		</str>
		<str name="unPointWarning" translate="yes">
			<val>Bei der Deinstallation sind Fehler aufgetreten.</val>
		</str>		
		<str name="cleanScriptLink" translate="no">
			<val>http://www.adobe.com/go/cscleanertool</val>
		</str>
		<str name="deactivateWarning" translate="yes">
			<val>Stellen Sie zum Deaktivieren eine Internetverbindung her. Heben Sie ansonsten die Auswahl der Option „Deaktivieren“ auf dem vorherigen Bildschirm auf.</val>
		</str>
		<str name="deactivateFailureWarning" translate="yes">
			<val>Die Deaktivierung war nicht erfolgreich. Sie können mit der Deinstallation des Produkts fortfahren. Dies könnte jedoch dazu führen, dass das Produkt ohne vorherige Beendigung der Deaktivierung nicht mehr auf anderen Rechnern aktiviert werden kann.</val>
		</str>		
	</set>	 

	<set name="thanks">
		<str name="title" translate="yes">
			<val>Vielen Dank</val>
		</str>
		<str name="titleInsStatus" translate="yes">
			<val>Installationsstatus</val>
		</str>
		
		<str name="subtitle" translate="yes">
			<val>Die Installation ist abgeschlossen. Nehmen Sie die nächsten Schritte vor, um Ihre Software optimal nutzen zu können.</val>
		</str>
		<str name="subtitle1" translate="yes">
			<val>Die Installation ist abgeschlossen.</val>
		</str>
		<str name="subtitle2" translate="yes">
			<val>Nehmen Sie die nächsten Schritte vor, um Ihre Software optimal nutzen zu können.</val>
		</str>
		<str name="subtitleSubsClaimFail" translate="yes">
			<val>Aktivierung Ihres Abonnements für {0} nicht möglich</val>
		</str>
	
		
		<str name="unSubtitle" translate="yes">
			<val>Die folgenden Anwendungen wurden erfolgreich deinstalliert:</val>
		</str>

		<str name="unSubtitleNoProductList" translate="yes">
			<val>Die Deinstallation ist abgeschlossen.</val>
		</str>

		<str name="appsInstalledHeading" translate="yes">
			<val>Die folgenden Produkte wurden installiert</val>
		</str>
		<str name="appInstalledHeading" translate="yes">
			<val>Das folgende Produkt wurde installiert</val>
		</str>

		<str name="services" translate="yes">
			<val>Einführung: Adobe-Produkte und Services</val>
		</str>
		<str name="noservices" translate="yes">
			<val>Einführung: Adobe-Produkte</val>
		</str>
		<str name="successWithServices" translate="yes">
			<val>Wir haben Ihre Adobe-ID verwendet, um Ihre Software zu registrieren und einen Zugang zu den Adobe CS Live-Diensten einzurichten.</val>
		</str>
		<str name="successWithoutServices" translate="yes">
			<val>Durch die Eingabe einer Adobe-ID haben Sie Ihre Software registriert.</val>
		</str>
		<str name="emailVerify" translate="yes">
			<val>Vor der erstmaligen Nutzung der Adobe CS Live-Services ist eine E-Mail-Bestätigung erforderlich. Überprüfen Sie Ihren Posteingang.</val>
		</str>
		<str name="skippedWithServices" translate="yes">
			<val>Zum Registrieren Ihrer Software sowie zum Zugriff auf die Adobe CS Live-Dienste ist eine Adobe-ID erforderlich. Bei der Verwendung Ihrer Software werden Sie zur Eingabe Ihrer Adobe-ID aufgefordert.</val>
		</str>
		<str name="skippedWithoutServices" translate="yes">
			<val>Zum Registrieren Ihrer Software ist eine Adobe-ID erforderlich. Bei der Verwendung Ihrer Software werden Sie zur Eingabe Ihrer Adobe-ID aufgefordert.</val>
		</str>
		<str name="trialAdobeIDtext" translate="yes">
			<val>Um diese Software als Testversion zu verwenden, benötigen Sie eine Adobe-ID. Sie haben nach dem ersten Start der Testversion sieben Tage Zeit, um eine Adobe-ID einzugeben.</val>
		</str>
		<str name="idinfo" translate="yes">
			<val>Wir haben Ihre Adobe-ID verwendet, um Ihr Produkt zu registrieren und einen Zugang zu Adobe CS Live-Onlinediensten einzurichten.</val>
		</str>	
		<str name="id" translate="yes">
			<val>Ihr Produkt wird über Ihre Adobe-ID registriert.</val>
		</str>
		<str name="provided" translate="yes">
			<val>Durch die Eingabe Ihrer Adobe-ID haben Sie Ihr Produkt registriert.</val>
		</str>
		<str name="idservices" translate="yes">
			<val>Über Ihre Adobe-ID werden Ihre Produkte registriert und Ihr Adobe CS Live-Dienste-Abonnement eingerichtet.</val>
		</str>
		<str name="idis" translate="yes">
			<val>Ihre Adobe-ID ist: {0}</val>
		</str>
		<str name="idnew" translate="yes">
			<val>Ihre Adobe-ID ist: {0}</val>
		</str>
		
		<str name="email" translate="yes">
			<val>Es wurde soeben eine E-Mail an Ihre E-Mail-Adresse gesendet, um diese zu bestätigen. Vor der Verwendung der Adobe CS Live-Services ist eine Bestätigung erforderlich.</val>
		</str>
		<str name="videos" translate="yes">
			<val>Video-Schulungen anzeigen</val>
		</str>
		<str name="explore" translate="yes">
			<val>Adobe CS LIVE-Services entdecken</val>
		</str>
		<str name="videolink" translate="yes">
			<val>http://www.adobe.com/go/adobetv_howto_de</val>
		</str>		
		<str name="serviceslink" translate="yes">
			<val>http://www.adobe.com/go/cslive_de</val>
		</str>	
	</set> 
	
	
	<set name="upgrade">
		<str name="title" translate="yes">
			<val>Geben Sie ihr Seriennummer-Upgrade ein.</val>
		</str>
		<str name="instruct1" translate="yes">
			<val>Die eingegebene Seriennummer ist gültig, auf diesem Computer kann jedoch kein kompatibles Produkt gefunden werden.</val>
		</str>
		<str name="instruct2" translate="yes">
			<val>Zur Verwendung der für das Upgrade eingegebenen Seriennummer müssen Sie im Besitz eines der folgenden kompatiblen Produkte sein. Bitte wählen Sie Ihr Produkt aus und geben Sie dessen Seriennummer ein:</val>
		</str>
		<str name="serial" translate="yes">
			<val>Seriennummer des Produkts:</val>
		</str>
		<str name="trial" translate="yes">
			<val>ALS TESTVERSION INSTALLIEREN</val>
		</str>
		<str name="confirm" translate="yes">
			<val>Diese Seriennummer ist bestätigt {0}.</val>
		</str>
		<str name="second" translate="yes">
			<val>Für dieses Upgrade ist ein zweites kompatibles Produkt erforderlich. Wählen Sie nachfolgend das zweite Produkt aus und geben Sie dessen Seriennummer ein.</val>
		</str>
		<str name="selproduct" translate="yes">
			<val>Produkt auswählen</val>
		</str>
		<str name="nogood" translate="yes">
			<val>Diese Seriennummer gilt nicht für ein kompatibles Produkt. Geben Sie eine andere Nummer ein.</val>
		</str>
		<str name="account" translate="yes">
			<val>Wenn Sie bereits Produkte registriert haben, können Sie auf {0}Ihrer Kontoseite{1} bereits vorhandene Seriennummern suchen.</val>
		</str>
		<str name="support" translate="yes">
			<val>Kontaktieren Sie den {0}Kunden-Support{1}, wenn Sie weitere Hilfe benötigen.</val>
		</str>
		<str name="supportlink" translate="no">
			<val>http://www.adobe.com/go/support_loganalyzer</val>
		</str>
		<str name="accountlink" translate="yes">
			<val>http://www.adobe.com/go/adobemembership_de</val>
		</str>
	</set>
	
	<set name="upcode">
		<str name="header" translate="yes">
			<val>Geben Sie Ihren Upgrade-Code ein.</val>
		</str>
		<str name="instruct1" translate="yes">
			<val>Teilen Sie auf Anfrage Ihrem Kundendienstvertreter folgenden Code mit.</val>
		</str>
		<str name="challenge" translate="yes">
			<val>Challenge-Code</val>
		</str>
		<str name="instruct2" translate="yes">
			<val>Geben Sie den Code ein, den Ihnen Ihr Kundendienstvertreter mitteilt:</val>
		</str>
		<str name="support" translate="yes">
			<val>Support-Code</val>
		</str>
		<str name="codeError" translate="yes">
			<val>Ungültiger Support-Code</val>
		</str>
		
	</set>
	
	<set name="dvanote">
		<str name="header" translate="yes">
			<val>Wichtiger Hinweis</val>
		</str>
		<str name="warning32bit" translate="yes">
			<val>Auf diesem Computer wird ein 32-Bit-Betriebssystem ausgeführt. Adobe Premiere Pro CS5.5, Adobe Premiere Pro CS5, After Effects CS5.5 und After Effects CS5 können nur auf einem 64-Bit-Betriebssystem ausgeführt werden. Wenn Sie diese Anwendungen verwenden möchten, können Sie Ihr System entsprechend aktualisieren oder die 32-Bit-CS4-Versionen installieren. {0}Weitere Informationen{1} über Auswahl und Installation der CS4-Versionen</val>
		</str>
		<str name="learnMoreLink" translate="yes">
			<val>http://www.adobe.com/go/32bit_installation_de</val>
		</str>
	</set>

	<set name="nav">
		<str name="welcome" translate="yes">
			<val>WILLKOMMEN</val>
		</str>
		<str name="serial" translate="yes">
			<val>SERIENNUMMER</val>
		</str>
		<str name="id" translate="yes">
			<val>ADOBE-ID</val>
		</str>
		<str name="options" translate="yes">
			<val>OPTIONEN</val>
		</str>
		<str name="unoptions" translate="yes">
			<val>OPTIONEN</val>
		</str>
		<str name="install" translate="yes">
			<val>INSTALLIEREN</val>
		</str>
		<str name="uninstall" translate="yes">
			<val>DEINSTALLIEREN</val>
		</str>
		<str name="thanks" translate="yes">
			<val>FERTIG STELLEN</val>
		</str>
	</set>
	
	
	<set name="systemReq">
		<str name="ram" translate="yes">
			<val>{0} RAM empfohlen</val>
		</str>
		<str name="processor" translate="yes">
			<val>Prozessor {0} wird empfohlen</val>
		</str>
		<str name="osWin" translate="yes">
			<val>Windows {0} wird empfohlen</val>
		</str>
		<str name="osMac" translate="yes">
			<val>Mac {0} wird empfohlen</val>
		</str>
		<str name="screen" translate="yes">
			<val>Bildschirmauflösung {0} empfohlen</val>
		</str>
	</set>
	
	<set name="installErrorCode">
		<str name="code0" translate="yes">
			<val>Installation erfolgreich</val>
		</str>
		<str name="code6" translate="yes">
			<val>Fertig. Es sind Fehler aufgetreten.</val>
		</str>
		<str name="code7in" translate="yes">
			<val>Installation fehlgeschlagen</val>
		</str>
		<str name="code7un" translate="yes">
			<val>Deinstallation fehlgeschlagen</val>
		</str>
		<str name="code8" translate="yes">
			<val>Fertig. Um den Workflow abzuschließen, muss das System neu gestartet werden.</val>
		</str>
		<str name="code11" translate="yes">
			<val>Eine andere Instanz der Bereitstellung wird bereits ausgeführt</val>
		</str>
		<str name="code14" translate="yes">
			<val>Für die Installation sind Administratorrechte erforderlich.</val>
		</str>
		<str name="code14un" translate="yes">
			<val>Administratorrechte für Deinstallation erforderlich</val>
		</str>
		<str name="code19" translate="yes">
			<val>Widersprüchliche Prozesse werden ausgeführt</val>
		</str>
		<str name="code24" translate="yes">
			<val>Installation wurde abgebrochen</val>
		</str>
		<str name="code15" translate="yes">
			<val>Inkonstistenz in der Datenbank des Installers. Starten Sie Ihren Computer neu, und installieren Sie erneut.</val>
		</str>
		<str name="code31" translate="yes">
			<val>Für die ausgewählten Optionen ist nicht genügend Festplattenspeicher verfügbar. Wählen Sie eine Festplatte mit genügend Speicherplatz und führen Sie die Installation erneut aus.</val>
		</str>
		<str name="code9999" translate="yes">
			<val>Ein interner Fehler ist aufgetreten.</val>
		</str>
		<str name="internalError" translate="yes">
			<val>Das Setup-Programm ist bei der Installation auf einen Fehler ({0}) gestoßen. Starten Sie den Computer neu, und führen Sie den Vorgang erneut aus.</val>
		</str>
		<str name="uninternalError" translate="yes">
			<val>Das Setup-Programm ist bei der Deinstallation auf einen Fehler ({0}) gestoßen. Starten Sie den Computer neu, und führen Sie den Vorgang erneut aus.</val>
		</str>
	</set>
	
	<set name="prescreenResponse">
		<str name="header_NOT_ENABLED" translate="yes">
			<val>Ihr Abonnement für {0} ist abgelaufen</val>
		</str>
		<str name="body_NOT_ENABLED" translate="yes">
			<val>Verlängern Sie Ihr Abonnement oder wählen Sie „Zurück“ und installieren Sie das Produkt als Testversion.</val>
		</str>
		<str name="footerLinkText_NOT_ENABLED" translate="yes">
			<val>Abonnement verlängern</val>
		</str>
		<str name="footerLink_NOT_ENABLED" translate="no">
			<val>http://www.adobe.com/go/subscriptionedition</val>
		</str>
		
		<str name="header_OFFLINE" translate="yes">
			<val>Es kann keine Verbindung mit dem Internet hergestellt werden</val>
		</str>
		<str name="body_OFFLINE" translate="yes">
			<val>Sie benötigen eine funktionierende Internetverbindung, um dieses Produkt zu verwenden. Überprüfen Sie Ihre Verbindungseinstellungen und wählen Sie „Erneut versuchen“. Wenn weiterhin Probleme auftreten, wenden Sie sich an den Support oder wählen Sie „Zurück“, um das Produkt als Testversion zu installieren.</val>
		</str>
		<str name="footerLinkText_OFFLINE" translate="yes">
			<val>Support kontaktieren</val>
		</str>
		<str name="footerLink_OFFLINE" translate="yes">
			<val>http://www.adobe.com/go/support_de</val>
		</str>
		
		<str name="header_GENERIC_ERROR" translate="yes">
			<val>Aktivierung Ihres Abonnements für {0} nicht möglich</val>
		</str>
		<str name="body_GENERIC_ERROR" translate="yes">
			<val>Um die Installation abzuschließen, wählen Sie die Installation als Testversion. Nachdem Sie die Software installiert und die Anwendung gestartet haben, werden Sie aufgefordert, Ihr Abonnement zu aktivieren.</val>
		</str>
		<str name="footerLinkText_GENERIC_ERROR" translate="yes">
			<val>Support kontaktieren</val>
		</str>
		<str name="footerLink_GENERIC_ERROR" translate="yes">
			<val>http://www.adobe.com/go/support_de</val>
		</str>
	</set>
	
	<set name="subsClaimResponse">
		<str name="failureStatusHeading" translate="yes">
			<val>Aktivierung Ihres Abonnements für {0} nicht möglich</val>
		</str>
		<str name="successStatusHeading" translate="yes">
			<val>Erste Schritte: Adobe-Produkte und -Dienste</val>
		</str>
		
		<str name="adobeIDInfo" translate="yes">
			<val>Wir haben Ihre Adobe-ID verwendet, um Ihr Abonnement für {0} zu aktivieren und den Zugriff auf die Adobe CS Live-Dienste einzurichten.</val>
		</str>
		
		<str name="idis" translate="yes">
			<val>Ihre Adobe-ID ist: {0}</val>
		</str>
		<str name="idnew" translate="yes">
			<val>Ihre Adobe-ID ist: {0}</val>
		</str>
		
		<str name="emailVerify" translate="yes">
			<val>Für die Verwendung von Adobe CS Live-Dienste ist die E-Mail-Verifizierung erforderlich. Überprüfen Sie Ihren Posteingang.</val>
		</str>
		

		<str name="supLinkURL_EXCEPTION_DECODE_FAILED" translate="yes">
			<val>http://www.adobe.com/go/support_de</val>
		</str>			
		<str name="supLinkURL_EXCEPTION_NO_SUCH_USER" translate="yes">
			<val>http://www.adobe.com/go/support_de</val>
		</str>		
		<str name="supLinkURL_EXCEPTION_INVALID_DATA" translate="yes">
			<val>http://www.adobe.com/go/support_de</val>
		</str>
		<str name="supLinkURL_EXCEPTION_SKU_LOOKUP_FAILED" translate="yes">
			<val>http://www.adobe.com/go/support_de</val>
		</str>		
		<str name="supLinkURL_EXCEPTION_AUTHENTICATION_TIMEOUT" translate="yes">
			<val>http://www.adobe.com/go/support_de</val>
		</str>
		<str name="supLinkURL_EXCEPTION_SNSERVER_TIMEOUT" translate="yes">
			<val>http://www.adobe.com/go/support_de</val>
		</str>
		<str name="supLinkURL_EXCEPTION_INTERNAL_TIMEOUT" translate="yes">
			<val>http://www.adobe.com/go/support_de</val>
		</str>
		<str name="supLinkURL_EXCEPTION_INTERNAL_SERVER_ERROR" translate="yes">
			<val>http://www.adobe.com/go/support_de</val>
		</str>
		<str name="supLinkURL_EXCEPTION_SYSTEM_UNAVAILABLE_time" translate="yes">
			<val>http://www.adobe.com/go/support_de</val>
		</str>
		<str name="supLinkURL_EXCEPTION_SYSTEM_UNAVAILABLE" translate="yes">
			<val>http://www.adobe.com/go/support_de</val>
		</str>
		<str name="supLinkURL_EXCEPTION_COMPANY_CODE_MISMATCH" translate="yes">
			<val>http://www.adobe.com/go/subscription_learnmore_de</val>
		</str>
		<str name="supLinkURL_EXCEPTION_SUBSCRIPTION_ALREADY_CLAIMED_DIFF_ADOBEID" translate="yes">
			<val>http://www.adobe.com/go/support_de</val>
		</str>
		<str name="supLinkURL_ERROR_WITH_INFO" translate="yes">
			<val>http://www.adobe.com/go/support_de</val>
		</str>
		<str name="supLinkURL_GENERIC" translate="yes">
			<val>http://www.adobe.com/go/support_de</val>
		</str>
		
		
		<str name="supLinkLbl_EXCEPTION_DECODE_FAILED" translate="yes">
			<val>Support kontaktieren</val>
		</str>			
		<str name="supLinkLbl_EXCEPTION_NO_SUCH_USER" translate="yes">
			<val>Support kontaktieren</val>
		</str>		
		<str name="supLinkLbl_EXCEPTION_INVALID_DATA" translate="yes">
			<val>Support kontaktieren</val>
		</str>
		<str name="supLinkLbl_EXCEPTION_SKU_LOOKUP_FAILED" translate="yes">
			<val>Support kontaktieren</val>
		</str>		
		<str name="supLinkLbl_EXCEPTION_AUTHENTICATION_TIMEOUT" translate="yes">
			<val>Support kontaktieren</val>
		</str>
		<str name="supLinkLbl_EXCEPTION_SNSERVER_TIMEOUT" translate="yes">
			<val>Support kontaktieren</val>
		</str>
		<str name="supLinkLbl_EXCEPTION_INTERNAL_TIMEOUT" translate="yes">
			<val>Support kontaktieren</val>
		</str>
		<str name="supLinkLbl_EXCEPTION_INTERNAL_SERVER_ERROR" translate="yes">
			<val>Support kontaktieren</val>
		</str>
		<str name="supLinkLbl_EXCEPTION_SYSTEM_UNAVAILABLE_time" translate="yes">
			<val>Support kontaktieren</val>
		</str>
		<str name="supLinkLbl_EXCEPTION_SYSTEM_UNAVAILABLE" translate="yes">
			<val>Support kontaktieren</val>
		</str>
		<str name="supLinkLbl_EXCEPTION_SUBSCRIPTION_ALREADY_CLAIMED_DIFF_ADOBEID" translate="yes">
			<val>Support kontaktieren</val>
		</str>
		<str name="supLinkLbl_EXCEPTION_COMPANY_CODE_MISMATCH" translate="yes">
			<val>Weitere Informationen</val>
		</str>
		<str name="supLinkLbl_ERROR_WITH_INFO" translate="yes">
			<val>Support kontaktieren</val>
		</str>
		<str name="supLinkLbl_GENERIC" translate="yes">
			<val>Support kontaktieren</val>
		</str>
		
		
		<str name="code_EXCEPTION_DECODE_FAILED" translate="yes">
			<val>Beim Starten des Produkts werden Sie aufgefordert, Ihr Abonnement zu aktivieren.</val>
		</str>			
		<str name="code_EXCEPTION_NO_SUCH_USER" translate="yes">
			<val>Beim Starten des Produkts werden Sie aufgefordert, Ihr Abonnement zu aktivieren.</val>
		</str>		
		<str name="code_EXCEPTION_INVALID_DATA" translate="yes">
			<val>Beim Starten des Produkts werden Sie aufgefordert, Ihr Abonnement zu aktivieren.</val>
		</str>
		<str name="code_EXCEPTION_SKU_LOOKUP_FAILED" translate="yes">
			<val>Beim Starten des Produkts werden Sie aufgefordert, Ihr Abonnement zu aktivieren.</val>
		</str>		
		<str name="code_EXCEPTION_AUTHENTICATION_TIMEOUT" translate="yes">
			<val>Warten Sie einige Augenblicke und wiederholen Sie den Vorgang dann. Beim Starten des Produkts werden Sie aufgefordert, Ihr Abonnement zu aktivieren.</val>
		</str>
		<str name="code_EXCEPTION_SNSERVER_TIMEOUT" translate="yes">
			<val>Warten Sie einige Augenblicke und wiederholen Sie den Vorgang dann. Beim Starten des Produkts werden Sie aufgefordert, Ihr Abonnement zu aktivieren.</val>
		</str>
		<str name="code_EXCEPTION_INTERNAL_TIMEOUT" translate="yes">
			<val>Warten Sie einige Augenblicke und wiederholen Sie den Vorgang dann. Beim Starten des Produkts werden Sie aufgefordert, Ihr Abonnement zu aktivieren.</val>
		</str>
		<str name="code_EXCEPTION_INTERNAL_SERVER_ERROR" translate="yes">
			<val>Warten Sie einige Augenblicke und wiederholen Sie den Vorgang dann. Beim Starten des Produkts werden Sie aufgefordert, Ihr Abonnement zu aktivieren.</val>
		</str>
		<str name="code_EXCEPTION_SYSTEM_UNAVAILABLE_time" translate="yes">
			<val>Unsere Server sind derzeit aufgrund von Wartungsarbeiten offline. Entschuldigen Sie die Verzögerung. Versuchen Sie es erneut um {0}. Beim Starten des Produkts werden Sie aufgefordert, Ihr Abonnement zu aktivieren.</val>
		</str>
		<str name="code_EXCEPTION_SYSTEM_UNAVAILABLE" translate="yes">
			<val>Unsere Server sind derzeit aufgrund von Wartungsarbeiten offline. Entschuldigen Sie die Verzögerung. Beim Starten des Produkts werden Sie aufgefordert, Ihr Abonnement zu aktivieren.</val>
		</str>
		<str name="code_EXCEPTION_COMPANY_CODE_MISMATCH" translate="yes">
			<val>Das Land, in dem dieses Produkt erworben wurde, stimmt nicht mit dem in Ihrem Adobe-Account angegebenen Land überein. Beim Starten des Produkts werden Sie aufgefordert, sich mit einer anderen Adobe-ID anzumelden.</val>
		</str>
		<str name="code_EXCEPTION_SUBSCRIPTION_ALREADY_CLAIMED_DIFF_ADOBEID" translate="yes">
			<val>Laut unseren Aufzeichnungen ist dieses Abonnement derzeit einer anderen Adobe-ID zugewiesen. Sie werden beim Produktstart aufgefordert, sich mit einer anderen Adobe-ID anzumelden. Wenn das Problem bestehen bleibt, wenden Sie sich an den Support.</val>
		</str>
		<str name="code_ESS_TIMEOUT" translate="yes">
			<val>Warten Sie einige Augenblicke und wiederholen Sie den Vorgang dann. Beim Starten des Produkts werden Sie aufgefordert, Ihr Abonnement zu aktivieren.</val>
		</str>
		
		<str name="code_ESS_FAILURE" translate="yes">
			<val>Warten Sie einige Augenblicke und wiederholen Sie den Vorgang dann. Beim Starten des Produkts werden Sie aufgefordert, Ihr Abonnement zu aktivieren.</val>
		</str>
		
		<str name="code_GENERIC" translate="yes">
			<val>Beim Starten des Produkts werden Sie aufgefordert, Ihr Abonnement zu aktivieren.</val>
		</str>
	</set>
	
	<set name="claimResponse">
		<str name="code_" translate="yes">
			<val></val>
		</str>
		<str name="code_NonSaas_FAILURE" translate="yes">
			<val>Ihr Produkt konnte nicht registriert werden. Versuchen Sie es später erneut.</val>
		</str>
		<str name="code_EXCEPTION_DECODE_FAILED" translate="yes">
			<val>Ungültige Seriennummer. Ihr CS Live-Abonnement konnte nicht gestartet werden.</val>
		</str>
		<str name="code_EXCEPTION_NO_SUCH_USER" translate="yes">
			<val>Ihr Abonnement von Adobe CS Live konnte nicht gestartet werden. Versuchen Sie es später erneut.</val>
		</str>
		<str name="code_EXCEPTION_INVALID_DATA" translate="yes">
			<val>Ihr Abonnement von Adobe CS Live konnte nicht gestartet werden. Versuchen Sie es später erneut.</val>
		</str>
		<str name="code_EXCEPTION_WCD_TIMEOUT" translate="yes">
			<val>Ihr Abonnement von Adobe CS Live konnte nicht gestartet werden. Versuchen Sie es später erneut.</val>
		</str>
		<str name="code_EXCEPTION_AUTHENTICATION_TIMEOUT" translate="yes">
			<val>Ihr Abonnement von Adobe CS Live konnte nicht gestartet werden. Versuchen Sie es später erneut.</val>
		</str>
		<str name="code_EXCEPTION_SNSERVER_TIMEOUT" translate="yes">
			<val>Ihr Abonnement von Adobe CS Live konnte nicht gestartet werden. Versuchen Sie es später erneut.</val>
		</str>
		<str name="code_EXCEPTION_WCD_SESSION_TIMEOUT" translate="yes">
			<val>Ihr Abonnement von Adobe CS Live konnte nicht gestartet werden. Versuchen Sie es später erneut.</val>
		</str>
		<str name="code_ESS_TIMEOUT" translate="yes">
			<val>Ihr Abonnement von Adobe CS Live konnte nicht gestartet werden. Versuchen Sie es später erneut.</val>
		</str>
		<str name="code_ESS_FAILURE" translate="yes">
			<val>Ihr Abonnement von Adobe CS Live konnte nicht gestartet werden. Versuchen Sie es später erneut.</val>
		</str>
		<str name="code_EXCEPTION_INTERNAL_TIMEOUT" translate="yes">
			<val>Ihr Abonnement von Adobe CS Live konnte nicht gestartet werden. Versuchen Sie es später erneut.</val>
		</str>
		<str name="code_EXCEPTION_INTERNAL_SERVER_ERROR" translate="yes">
			<val>Ihr Abonnement von Adobe CS Live konnte nicht gestartet werden. Versuchen Sie es später erneut.</val>
		</str>
		<str name="code_EXCEPTION_SUBSCRIPTION_ALREADY_CLAIMED" translate="yes">
			<val>Sie haben sich bereits für Adobe CS Live registriert. Melden Sie sich an, um die Services zu nutzen.</val>
		</str>
		<str name="code_EXCEPTION_CLAIM_ALREADY_PROCESSED" translate="yes">
			<val>Dieser Seriennummer ist bereits ein Adobe CS Live-Abonnement zugewiesen. Melden Sie sich an, um die Services zu nutzen.</val>
		</str>
		<str name="code_EXCEPTION_SYSTEM_UNAVAILABLE_time" translate="yes">
			<val>Der Adobe Registrierungsserver wird derzeit gewartet und ist voraussichtlich um {0} wieder verfügbar. Wir bitten um Verständnis. Versuchen Sie es zu diesem Zeitpunkt noch einmal.</val>
		</str>
		<str name="code_EXCEPTION_SYSTEM_UNAVAILABLE" translate="yes">
			<val>Der Adobe Registrierungsserver wird derzeit gewartet. Wir bitten um Verständnis. Versuchen Sie es später erneut.</val>
		</str>
		<str name="code_EXCEPTION_SYSTEM_UNAVAILABLE_time_saas" translate="yes">
			<val>Adobe CS Live wird derzeit gewartet und ist voraussichtlich um {0} wieder verfügbar. Wir bitten um Verständnis. Versuchen Sie es zu diesem Zeitpunkt noch einmal.</val>
		</str>
		<str name="code_EXCEPTION_SYSTEM_UNAVAILABLE_saas" translate="yes">
			<val>Adobe CS Live wird derzeit gewartet. Wir bitten um Verständnis. Versuchen Sie es später erneut.</val>
		</str>
	</set>	
	
	<set name="alert">
		<str name="alertHeader" translate="yes">
			<val>Adobe Installer</val>
		</str>
		<str name="workflowCloseError" translate="yes">
			<val>Beim Schließen anderer Workflows sind Fehler aufgetreten. Schließen Sie sie, und klicken Sie auf 'Installieren', um die Installation erneut zu starten.</val>
		</str>
		<str name="workflowNeedCloseMessage" translate="yes">
			<val>Andere Instanzen von Adobe Application Manager werden ausgeführt und müssen geschlossen werden. Um fortzufahren, schließen Sie diese Instanzen.</val>
		</str>
		<str name="cancelMsg" translate="yes">
			<val>Möchten Sie den Vorgang wirklich abbrechen?</val>
		</str>
		<str name="payloadDataError" translate="yes">
			<val>Der Installer konnte nicht gestartet werden.</val>
		</str>
		<str name="payloadMappingError" translate="yes">
			<val>Der Installer konnte nicht gestartet werden.</val>
		</str>
		<str name="driverSystemRequirementError" translate="yes">
			<val>Die Systemanforderungen für dieses Produkt wurden nicht erfüllt.</val>
		</str>
		<str name="driverConflictError" translate="yes">
			<val>Auf diesem Computer ist eine Vorabversion oder eine in Konflikt stehende Version von {0} vorhanden. Vor der Installation vom aktuellen Datenträger muss die Version, die zu Konflikten führt, entfernt werden.</val>
		</str>
		<str name="eulaDeclineMsg" translate="yes">
			<val>Sie müssen zum Fortfahren der Adobe-Endbenutzer-Lizenzvereinbarung zustimmen. Möchten Sie wirklich ablehnen?</val>
		</str>
		<str name="authAdobeID" translate="yes">
			<val>Adobe-ID wird authentifiziert…</val>
		</str>
		<str name="sharedComponentMsgInstall" translate="yes">
			<val>Gemeinsame Komponenten werden installiert. Bitte warten... Je nach bereits installierten Komponenten kann dieser Vorgang einige Minuten dauern.</val>
		</str>
		<str name="sharedComponentMsgUninstall" translate="yes">
			<val>Gemeinsame Komponenten werden deinstalliert. Bitte warten... Je nach bereits installierten Komponenten kann dieser Vorgang einige Minuten dauern.</val>
		</str>
		<str name="diskPrompt" translate="yes">
			<val>Legen Sie den Datenträger {0} in Laufwerk {1} ein.</val>
		</str>
		<str name="noDriverError" translate="yes">
			<val>Treibernutzlast kann nicht ermittelt werden</val>
		</str>
		<str name="installerNotApplicable" translate="yes">
			<val>{0} kann nur auf einem 64-Bit-System installiert werden.</val>
		</str>
		<str name="deactivateMessage" translate="yes">
			<val>Deaktivierung wird durchgeführt. Bitte warten...</val>
		</str>
		<str name="deactivateFailMessage" translate="yes">
			<val>Das Produkt konnte nicht deaktiviert werden.</val>
		</str>
		<str name="restartMessage" translate="yes">
			<val>Ein Neustart des Computers wird empfohlen.</val>
		</str>
		
		<str name="connecting" translate="yes">
			<val>Verbindung wird hergestellt...</val>
		</str>
		
	</set>	
	
	
	<set name="isoToLanguage">
		<str name="ar_AE" translate="no"><val>العربية</val></str>
		<str name="en_GB" translate="no"><val>English (International)</val></str> 
		<str name="fr_CA" translate="no"><val>Français canadien</val></str>
		<str name="es_QM" translate="no"><val>Español (Middle East)</val></str>
		<str name="es_LA" translate="no"><val>Español de América Latina</val></str>
		<str name="es_NA" translate="no"><val>Español Norteamericano</val></str>
		<str name="bg_BG" translate="no"><val>Български</val></str>
		<str name="lv_LV" translate="no"><val>Latviešu</val></str>
		<str name="et_EE" translate="no"><val>Eesti</val></str>
		<str name="hr_HR" translate="no"><val>hrvatski</val></str>
		<str name="sl_SI" translate="no"><val>slovenščina</val></str>
		<str name="sk_SK" translate="no"><val>slovenčina</val></str>
		<str name="th_TH" translate="no"><val>ภาษาไทย</val></str> 
		<str name="vi_VN" translate="no"><val>Việt</val></str>
		<str name="en_XC" translate="no"><val>English (Central Europe)</val></str> 
		<str name="en_XM" translate="no"><val>English (Middle East)</val></str>
		<str name="fr_XM" translate="no"><val>Français Oriental Moyen</val></str>
		<str name="sq_AL" translate="no"><val>Shqip</val></str> 
		<str name="ar_SA" translate="no"><val>العربية</val></str>
		<str name="be_BY" translate="no"><val>Беларуская</val></str> 
		<str name="ca_ES" translate="no"><val>Català</val></str> 
		<str name="hi_IN" translate="no"><val>हिन्दी</val></str>
		<str name="is_IS" translate="no"><val>Íslenska</val></str> 
		<str name="lt_LT" translate="no"><val>Lietuvių</val></str>
		<str name="mk_MK" translate="no"><val>македонски</val></str>
		<str name="nn_NO" translate="no"><val>Norsk (Nynorsk)</val></str>
		<str name="pt_PT" translate="no"><val>Português de Portugal</val></str> 
		<str name="sh_YU" translate="no"><val>Srpsko-Hrvatski</val></str> 
		<str name="sr_YU" translate="no"><val>Cрпски</val></str> 
		<str name="kk_KZ" translate="no"><val>Қазақ</val></str>
		<str name="az_AZ" translate="no"><val>Azərbaycan dili</val></str> 
		<str name="es_MX" translate="no"><val>Español (América Latina)</val></str>
		<str name="no_NO" translate="no"><val>Norwegian</val></str> 
		<str name="cs_CZ" translate="no"><val>Česky</val></str>
		<str name="de_DE" translate="no"><val>Deutsch</val></str>
		<str name="el_GR" translate="no"><val>Ελληνικά</val></str>
		<str name="en_US" translate="no"><val>English (North America)</val></str> 
		<str name="es_ES" translate="no"><val>Español</val></str> 
		<str name="fr_FR" translate="no"><val>Français</val></str>
		<str name="he_IL" translate="no"><val>עברית</val></str> 
		<str name="hu_HU" translate="no"><val>Magyar</val></str> 
		<str name="it_IT" translate="no"><val>Italiano</val></str>
		<str name="ja_JP" translate="no"><val>日本語</val></str>
		<str name="ko_KR" translate="no"><val>한국어</val></str>
		<str name="nl_NL" translate="no"><val>Nederlands</val></str>
		<str name="pl_PL" translate="no"><val>Polski</val></str>
		<str name="ro_RO" translate="no"><val>Română</val></str>
		<str name="ru_RU" translate="no"><val>Pусский</val></str>
		<str name="sv_SE" translate="no"><val>Svenska</val></str>
		<str name="tr_TR" translate="no"><val>Türkçe</val></str>
		<str name="uk_UA" translate="no"><val>Українська</val></str>
		<str name="zh_CN" translate="no"><val>简体中文</val></str>
		<str name="zh_TW" translate="no"><val>繁體中文</val></str>
		<str name="da_DK" translate="no"><val>Dansk</val></str>
		<str name="fi_FI" translate="no"><val>Suomi</val></str>
		<str name="nb_NO" translate="no"><val>Norsk (Bokmål)</val></str> 
		<str name="pt_BR" translate="no"><val>Português do Brasil</val></str>
	</set>	
</asf>
