<?xml version='1.0' encoding='utf-8'?>
<!DOCTYPE asf SYSTEM "http://ns.adobe.com/asf/asf_1_0.dtd" >
<asf xmlns="http://ns.adobe.com/asf" locale="hu_HU" version="1.0">
	<set name="install">
		<str name="next" translate="yes">
			<val>TOVÁBB</val>
		</str>
		<str name="back" translate="yes">
			<val>VISSZA</val>
		</str>
		<str name="exit" translate="yes">
			<val>KILÉPÉS</val>
		</str>
		<str name="quit" translate="yes">
			<val>KILÉPÉS</val>
		</str>
		<str name="stop" translate="yes">
			<val>LEÁLLÍTÁS</val>
		</str>
		<str name="continue" translate="yes">
			<val>FOLYTATÁS</val>
		</str>
		<str name="cancel" translate="yes">
			<val>MÉGSE</val>
		</str>
		<str name="tryAgain" translate="yes">
			<val>ÚJRA</val>
		</str>
		<str name="decline" translate="yes">
			<val>ELUTASÍTÁS</val>
		</str>
		<str name="accept" translate="yes">
			<val>ELFOGADÁS</val>
		</str>			
		<str name="create" translate="yes">
			<val>ADOBE AZON. LÉTREHOZÁSA</val>
		</str>			
		<str name="info" translate="yes">
			<val>További információ</val>
		</str>
		<str name="done" translate="yes">
			<val>KÉSZ</val>
		</str>
		<str name="install" translate="yes">
			<val>TELEPÍTÉS</val>
		</str>			
		<str name="uninstall" translate="yes">
			<val>ELTÁVOLÍTÁS</val>
		</str>			
		<str name="btnOK" translate="yes">
			<val>OK</val>
		</str>
		<str name="yes" translate="yes">
			<val>IGEN</val>
		</str>
		<str name="no" translate="yes">
			<val>NEM</val>
		</str>
		<str name="subscriptionEdition" translate="no">
			<val>Subscription Edition</val>
		</str>
	</set>
	
	<set name="welcome">
		<str name="welcome" translate="yes">
			<val>Üdvözöljük!</val>
		</str>
		<str name="product" translate="yes">
			<val>{0} – telepítő</val>
		</str>
		<str name="view" translate="yes">
			<val>Megjelenítés nyelve:</val>
		</str>
		<str name="license" translate="yes">
			<val>Adobe Szoftverlicenc-szerződés</val>
		</str>
		<str name="sure" translate="yes">
			<val>Biztosan ki szeretne lépni?</val>
		</str>
		<str name="AppTitleInstall" translate="yes">
			<val>{0} – telepítő</val>
		</str>
		<str name="AppTitleUninstall" translate="yes">
			<val>{0} – eltávolító</val>
		</str>
	</set>
	
	<set name="serial">
		<str name="welcome" translate="yes">
			<val>Sorozatszám megadása</val>
		</str>
		<str name="serial" translate="yes">
			<val>Adja meg a sorozatszámot.</val>
		</str>
		<str name="trial" translate="yes">
			<val>A termék telepítése kipróbálásra.</val>
		</str>
		<str name="lang" translate="yes">
			<val>Nyelv:</val>
		</str>
		<str name="license" translate="yes">
			<val>A sorozatszámhoz rendelt termék: {0}</val>
		</str>
		<str name="selectLang" translate="yes">
			<val>Nyelv választása</val>
		</str>
		<str name="locateTT" translate="yes">
			<val>A sorozatszám a DVD tokjának hátoldalán vagy az Adobe Open Options licenctanúsítványon található (mennyiségi vásárlás esetén), illetve letöltéses vásárlás esetén az Adobe üzlettől kapott e-mail nyugtában olvasható.</val>
		</str>
		<str name="invalid" translate="yes">
			<val>Ez a sorozatszám nem érvényes ehhez a termékhez.</val>
		</str>
		<str name="also" translate="yes">
			<val>A telepítés után megadhatja a sorozatszámot is.</val>
		</str>
		<str name="agree" translate="yes">
			<val>A szoftverlicenc-szerződéssel összhangban a szoftver automatikusan megpróbálja aktiválni saját magát az interneten keresztül. A részleteket lásd: {0}www.adobe.com/activation{1}.</val>
		</str>
		<str name="agreeLink" translate="yes">
			<val>http://www.adobe.com/go/activation_hu</val>
		</str>
		<str name="progressMessage" translate="yes">
			<val>Az előfizetési állapot ellenőrzése...</val>
		</str>
	</set>
	
	<set name="options">
		<str name="title" translate="yes">
			<val>Telepítési lehetőségek</val>
		</str>
		<str name="unTitle" translate="yes">
			<val>Eltávolítási lehetőségek</val>
		</str>
		<str name="unInstruct" translate="yes">
			<val>Ha a teljes termék eltávolítását választja, egyúttal deaktiválhatja a sorozatszámot is.</val>
		</str>
		<str name="total" translate="yes">
			<val>A teljes telepítés:</val>
		</str>
		<str name="all" translate="yes">
			<val>Az összes összetevő</val>
		</str>
		<str name="loc" translate="yes">
			<val>Hely:</val>
		</str>
		<str name="deactivate" translate="yes">
			<val>Deaktiválás</val>
		</str>
		<str name="deactivateTooltip1" translate="yes">
			<val>A deaktiválás lehetővé teszi, hogy aktiválja Adobe-termékét egy másik számítógépen, amennyiben azt a szoftverlicenc-szerződéssel összhangban teszi. A deaktiválás megkezdése előtt győződjön meg arról, hogy kapcsolódik az internethez.</val>
		</str>
		<str name="deactivateTooltip2" translate="yes">
			<val>Egy licencelt Adobe termék egyes összetevői külön nem deaktiválhatók. Ha egy másik számítógépen szeretné telepíteni és aktiválni az Adobe-terméket, akkor először deaktiválja és távolítsa el a teljes terméket erről a számítógépről.</val>
		</str>
		<str name="remove" translate="yes">
			<val>Egyéni beállítások eltávolítása</val>
		</str>
		<str name="select" translate="yes">
			<val>A beállítások testre szabásához kattintson egy termék nevére.</val>
		</str>
		<str name="include" translate="yes">
			<val>Tartalma:</val>
		</str>
		<str name="decimalSeparator" translate="yes">
			<val>,</val>
		</str>
		<str name="commaSeparator" translate="yes">
			<val>,</val>
		</str>
		<str name="browse" translate="yes">
			<val>Telepítési hely kiválasztása tallózással</val>
		</str>
		<str name="reqs" translate="yes">
			 <val>A gép nem felel meg a minimális rendszerkövetelményeknek. {0}További információ...{1}</val>
		</str>
		<str name="more" translate="yes">
			<val>Továbbiak</val>
		</str>		
		<str name="morelink" translate="yes">
			<val>http://www.adobe.com/go/cs_systemreqs_hu</val>
		</str>
		<str name="infolink" translate="yes">
			<val>http://www.adobe.com/go/cs_shared_components_hu</val>
		</str>
		<str name="available" translate="yes">
			<val>elérhető</val>
		</str>
		<str name="recommend" translate="yes">
			<val>Javasolta:</val>
		</str>	
		<str name="required" translate="yes">
			<val>Szükséges a következőhöz:</val>
		</str>
		<str name="GB" translate="yes">
			<val>GB</val>
		</str>
		<str name="MB" translate="yes">
			<val>MB</val>
		</str>
		<str name="KB" translate="yes">
			<val>kB</val>
		</str>
		<str name="already" translate="yes">
			<val>Már telepítve</val>
		</str>
		
		<str name="again" translate="yes">
			<val>Ha az alábbi termékek bármelyikét kiválasztja újbóli telepítésre, a termék az adott fájl jelenlegi helyére lesz telepítve.</val>
		</str>		
		<str name="uninstall" translate="yes">
			<val>ELTÁVOLÍTÁS</val>
		</str>
		<str name="install" translate="yes">
			<val>TELEPÍTÉS</val>
		</str>
		<str name="requirementError" translate="yes">
			<val>A gép nem felel meg a minimális rendszerkövetelményeknek.</val>
		</str>
		<str name="conflictError" translate="yes">
			<val>Már telepítve van a termék egy kibocsátás előtti verziója.</val>
		</str>
		<str name="upgradedError" translate="yes">
			<val>Már telepítve van a termék egy újabb verziója.</val>
		</str>
		<str name="langNotPresent" translate="yes">
			<val>Nem érhető el a kiválasztott nyelven.</val>
		</str>
		<str name="dependenciesNotEnabled" translate="yes">
			<val>Szükséges összetevők vannak letiltva.</val>
		</str>
		<str name="avail" translate="yes">
			<val>Lemezterület:</val>
		</str>
		<str name="drive" translate="yes">
			<val>{0} meghajtó</val>
		</str>
		<str name="sure" translate="yes">
			<val>Biztosan meg szeretné szakítani az eltávolítást?</val>
		</str>
		<str name="browseErrorCaseSensitive" translate="yes">
			<val>A rendszer nem támogatja a kis- és nagybetűket megkülönböztető meghajtókat.</val>
		</str>
		<str name="browseErrorMappedNetwork" translate="yes">
			<val>A telepítés nem támogatott csatlakoztatott hálózati meghajtókon.</val>
		</str>
		<str name="browseErrorRemovableDrive" translate="yes">
			<val>A telepítés nem támogatott eltávolítható flash meghajtón.</val>
		</str>
		<str name="browseErrorTooLong" translate="yes">
			<val>A telepítéshez választott elérési út túl hosszú.</val>
		</str>
		<str name="browseErrorLockedPath" translate="yes">
			<val>A telepítés nem támogatott zárolt helyre.</val>
		</str>
		<str name="browseErrorGeneric" translate="yes">
			<val>Nem sikerült a telepítés a választott helyre.</val>
		</str>
		<str name="browseErrorRootDrive" translate="yes">
			<val>A telepítés nem támogatott a meghajtó gyökérmappájába.</val>
		</str>
		<str name="diskSpaceTooltip" translate="yes">
			<val>Nincs elegendő lemezterület a telepítés befejezéséhez.</val>
		</str>
		<str name="diskSpaceOverlayError" translate="yes">
			<val>A választott összetevők mérete meghaladja a merevlemezen rendelkezésre álló szabad terület mennyiségét. Válasszon egy elegendő területtel rendelkező meghajtót, és indítsa újra a telepítőt.</val>
		</str>
		<str name="uninstallSubscriptionMessage" translate="yes">
			<val>Az alkalmazások eltávolítása nem változtatja meg az előfizetéseit. Előfizetési állapotának megváltoztatásához keresse fel az előfizetés-kezelőt. {0}Az előfizetési állapot megváltoztatása{1}.</val>
		</str>
		<str name="uninstallSubscriptionMessageLink" translate="no">
			<val>http://www.adobe.com/go/subscriptionedition</val>
		</str>
	</set>

	<set name="progress">
		<str name="title" translate="yes">
			<val>A telepítés előrehaladása</val>
		</str>
		<str name="doneErrors" translate="yes">
			<val>A telepítés állapota</val>
		</str>
		<str name="curr" translate="yes">
			<val>Jelenleg telepítés alatt...</val>
		</str> 
		<str name="unTitle" translate="yes">
			<val>Az eltávolítás előrehaladása</val>
		</str>
		<str name="unCurr" translate="yes">
			<val>Jelenleg eltávolítás alatt...</val>
		</str> 
		<str name="cancelling" translate="yes">
			<val>Telepítés megszakítása...</val>
		</str>
		<str name="removingCache" translate="yes">
			<val>Gyorsítótár törlése...</val>
		</str> 
		<str name="disc" translate="yes">
			<val>Lemez</val>
		</str>		
		<str name="preparing" translate="yes"> 
			<val>A telepítés előkészítése folyamatban...</val>
		</str>
		<str name="preparingun" translate="yes"> 
			<val>Az eltávolítás előkészítése folyamatban...</val>
		</str>
		<str name="calculating" translate="yes"> 
			<val>Összes hátralevő idő: számítás folyamatban...</val>
		</str>
		<str name="calculatingun" translate="yes"> 
			<val>Hátralevő idő: számítás folyamatban...</val>
		</str>
		<str name="complete" translate="yes"> 
			<val>{0}% kész</val>
		</str>
		<str name="remainTotal" translate="yes">
			<val>Összesen körülbelül {0} perc van hátra.</val>
		</str>
		<str name="unRemainTotal" translate="yes">
			<val>Körülbelül {0} perc van hátra.</val>
		</str>
		<str name="remainTotalOneMin" translate="yes">
			<val>Összes hátralevő idő: körülbelül {0} perc</val>
		</str>
		<str name="unRemainTotalOneMin" translate="yes">
			<val>Hátralevő idő: körülbelül {0} perc</val>
		</str>
		<str name="remainMin" translate="yes">
			<val>Összesen kevesebb mint egy perc van hátra.</val>
		</str>
		<str name="unRemainMin" translate="yes">
			<val>Kevesebb mint egy perc van hátra.</val>
		</str>
		<str name="remainDisc" translate="yes">
			<val>Idő a következő lemezig: körülbelül {0} perc.</val>
		</str>				
		<str name="sure" translate="yes">
			<val>Biztosan meg szeretné szakítani a telepítést?</val>
		</str>
		<str name="incorrect" translate="yes">
			<val>Nem a megfelelő lemezt helyezte be. Próbálja meg újból, és kattintson a Kész gombra.</val>
		</str>
		<str name="insert" translate="yes">
			<val>A folytatáshoz helyezze be a(z) {0} lemezt.</val>
		</str>
		<str name="errorClose" translate="yes">
			<val>A folytatáshoz zárja be az összes alábbi alkalmazást:</val>
		</str>
		<str name="contact" translate="yes">
			<val>További segítségért forduljon az {0}ügyfélszolgálathoz{1}.</val>
		</str>
		<str name="supportLink" translate="no">
			<val>http://www.adobe.com/go/support_loganalyzer</val>
		</str>
		<str name="errorLater" translate="yes">
			<val>Ha a számítógép legközelebbi újraindításakor kívánja befejezni ezt a telepítést, kattintson a Befejezés később gombra.</val>
		</str>
		<str name="finishLater" translate="yes">
			<val>Befejezés később</val>
		</str>
		<str name="cancelMsg" translate="yes">
			<val>Megszakította a telepítést.</val>
		</str>
		<str name="partial" translate="yes">
			<val>Az alkalmazások egy része sikeresen települt,
de néhány alkalmazásnál hiba lépett fel.</val>
		</str>
		<str name="installProblems" translate="yes">
			<val>Problémák merültek fel a telepítéssel kapcsolatban.</val>
		</str>
		<str name="requiredFailWarning" translate="yes">
			<val>Egyes szükséges összetevőket esetleg nem sikerült telepíteni. Ez befolyásolhatja a telepített alkalmazások funkcióinak működését.</val>
		</str>
		<str name="helpTroubleshoot" translate="yes">
			<val>A probléma megoldásához nézze át a {0}Hibaelhárítási{1} információkat.</val>
		</str>
		<str name="troubleshootTips" translate="yes">
			<val>Ezek a hibaelhárítási tippek megoldhatják a problémát:</val>
		</str>
		<str name="tipOne" translate="yes">
			<val>1. Indítsa újra a számítógépet.</val>
		</str>
		<str name="tipTwo" translate="yes">
			<val>2. Zárja be az össze alkalmazást, beleértve az automatikusan induló programokat, a víruskeresőt és a tűzfalat.</val>
		</str>
		<str name="tipThree" translate="yes">
			<val>3. Indítsa el a telepítőt, és telepítse újra az alkalmazásokat.</val>
		</str>
		<str name="errorLogText" translate="yes">
			<val>Amennyiben a probléma nem szűnik meg, az alábbi hibanapló-fájl segítségére lehet az azonosításban.</val>
		</str>
		<str name="customerSupport" translate="yes">
			<val>Vegye fel a kapcsolatot az {0}ügyfélszolgálattal{1}, és adja meg ezeket a részleteket.</val>
		</str>
		
		<str name="completely" translate="yes">
			<val>Ezek az alkalmazások állnak készen a használatra:</val>
		</str>
		<str name="incomplete" translate="yes">
			<val>A következő alkalmazásokat újra kell telepíteni:</val>
		</str>
		<str name="installed" translate="yes">
			<val>Telepítve:</val>
		</str>
		<str name="notInstalled" translate="yes">
			<val>Nincs telepítve:</val>
		</str>
		<str name="haserrors" translate="yes">
			<val>A telepítés során hibák történtek.</val>
		</str>
		<str name="restart" translate="yes">
			<val>Próbálja újraindítani a rendszert és ismét elindítani a telepítést.</val>
		</str>
		<str name="timeRemaining" translate="yes">
			<val>Hátralevő idő</val>
		</str>
		<str name="unDoneTitle" translate="yes">
			<val>Az eltávolítás állapota</val>
		</str>
		<str name="unDoneWarning" translate="yes">
			<val>Az alkalmazások egy részét sikerült eltávolítani, de néhány alkalmazásnál hiba lépett fel.</val>
		</str>
		<str name="unComplete" translate="yes">
			<val>A következő alkalmazások eltávolítása történt meg:</val>
		</str>
		<str name="unIncomplete" translate="yes">
			<val>A következő alkalmazások eltávolítása nem teljes:</val>
		</str>
		<str name="unInstruct" translate="yes">
			<val>Próbálja újraindítani a számítógépet, majd ismét eltávolítani a szoftvert. Ha ez nem oldja meg a problémát, töltse le és futtassa az {0}Adobe Creative Suite eltávolítóeszközét{1}.</val>
		</str>
		<str name="unPointWarning" translate="yes">
			<val>Az eltávolítás során hibák történtek.</val>
		</str>		
		<str name="cleanScriptLink" translate="no">
			<val>http://www.adobe.com/go/cscleanertool</val>
		</str>
		<str name="deactivateWarning" translate="yes">
			<val>A deaktiváláshoz csatlakozzon az internethez. Ellenkező esetben törölje a Deaktiválás jelölőnégyzet jelölését az előző képernyőn.</val>
		</str>
		<str name="deactivateFailureWarning" translate="yes">
			<val>Nem sikerült a deaktiválás. Folytathatja a termék eltávolítását, de esetleg nem tudja majd aktiválni egy másik számítógépen a deaktiválás befejezése nélkül.</val>
		</str>		
	</set>	 

	<set name="thanks">
		<str name="title" translate="yes">
			<val>Köszönjük!</val>
		</str>
		<str name="titleInsStatus" translate="yes">
			<val>A telepítés állapota</val>
		</str>
		
		<str name="subtitle" translate="yes">
			<val>A telepítés befejeződött. A következő lépésekben megtudhatja, hogyan használhatja ki a szoftver által nyújtott lehetőségeket.</val>
		</str>
		<str name="subtitle1" translate="yes">
			<val>A telepítés befejeződött.</val>
		</str>
		<str name="subtitle2" translate="yes">
			<val>A következő lépésekben megtudhatja, hogyan használhatja ki a szoftver által nyújtott lehetőségeket.</val>
		</str>
		<str name="subtitleSubsClaimFail" translate="yes">
			<val>Nem sikerül megkezdeni a(z) {0} előfizetését</val>
		</str>
	
		
		<str name="unSubtitle" translate="yes">
			<val>Az alábbi alkalmazások eltávolítása sikeresen befejeződött:</val>
		</str>

		<str name="unSubtitleNoProductList" translate="yes">
			<val>Az eltávolítás befejeződött.</val>
		</str>

		<str name="appsInstalledHeading" translate="yes">
			<val>A következő termékek telepítése történt meg</val>
		</str>
		<str name="appInstalledHeading" translate="yes">
			<val>A következő termék telepítése történt meg</val>
		</str>

		<str name="services" translate="yes">
			<val>Az első lépések: Adobe termékek és szolgáltatások</val>
		</str>
		<str name="noservices" translate="yes">
			<val>Az első lépések: Adobe termékek</val>
		</str>
		<str name="successWithServices" translate="yes">
			<val>Adobe azonosítójával regisztrálta szoftverét, és beállította a hozzáférést az Adobe CS Live szolgáltatásokhoz.</val>
		</str>
		<str name="successWithoutServices" translate="yes">
			<val>Egy Adobe azonosító megadásával regisztrálta szoftverét.</val>
		</str>
		<str name="emailVerify" translate="yes">
			<val>Az Adobe CS Live szolgáltatások használata előtt szükség van e-mail címének ellenőrzésre. Nézze meg beérkezett leveleit.</val>
		</str>
		<str name="skippedWithServices" translate="yes">
			<val>Egy Adobe azonosító szükséges a szoftver regisztrálásához és az Adobe CS Live szolgáltatások eléréséhez. A rendszer emlékeztetni fogja az Adobe azonosító megadására a szoftver használatakor.</val>
		</str>
		<str name="skippedWithoutServices" translate="yes">
			<val>Egy Adobe azonosító szükséges a szoftver regisztrálásához. A rendszer emlékeztetni fogja az Adobe azonosító megadására a szoftver használatakor.</val>
		</str>
		<str name="trialAdobeIDtext" translate="yes">
			<val>Egy Adobe azonosító szükséges a szoftver próbaverzióként való használatához. A próbaverzió első elindítása után 7 napja van egy Adobe azonosító megadására.</val>
		</str>
		<str name="idinfo" translate="yes">
			<val>Adobe azonosítójával regisztrálta a terméket, és beállította a hozzáférést az Adobe CS Live szolgáltatásokhoz.</val>
		</str>	
		<str name="id" translate="yes">
			<val>Adobe azonosítójával regisztrálhatja a termékeket.</val>
		</str>
		<str name="provided" translate="yes">
			<val>Adobe azonosítójának megadásával regisztrálta a terméket.</val>
		</str>
		<str name="idservices" translate="yes">
			<val>Adobe azonosítójával regisztrálhatja a termékeket, és beállíthatja az Adobe CS Live szolgáltatásokra való ingyenes előfizetését.</val>
		</str>
		<str name="idis" translate="yes">
			<val>Adobe azonosítója: {0}</val>
		</str>
		<str name="idnew" translate="yes">
			<val>Adobe azonosítója: {0}</val>
		</str>
		
		<str name="email" translate="yes">
			<val>A rendszer egy e-mailt küldött Önnek az e-mail cím ellenőrzéséhez. Az Adobe CS Live szolgáltatások használata előtt szükség van az ellenőrzésre.</val>
		</str>
		<str name="videos" translate="yes">
			<val>Videobemutatók megtekintése</val>
		</str>
		<str name="explore" translate="yes">
			<val>Az Adobe CS LIVE szolgáltatások felfedezése</val>
		</str>
		<str name="videolink" translate="yes">
			<val>http://www.adobe.com/go/adobetv_howto</val>
		</str>		
		<str name="serviceslink" translate="yes">
			<val>http://www.adobe.com/go/cslive_hu</val>
		</str>	
	</set> 
	
	
	<set name="upgrade">
		<str name="title" translate="yes">
			<val>Frissítési sorozatszám megadása</val>
		</str>
		<str name="instruct1" translate="yes">
			<val>A megadott sorozatszám érvényes, de a hozzá tartozó termék nem található meg ezen a számítógépen.</val>
		</str>
		<str name="instruct2" translate="yes">
			<val>A frissítéshez megadott sorozatszám használatához rendelkeznie kell az egyik feljogosító termékkel. Válassza ki, hogy melyikkel, és írja be annak sorozatszámát:</val>
		</str>
		<str name="serial" translate="yes">
			<val>A termékhez tartozó sorozatszám:</val>
		</str>
		<str name="trial" translate="yes">
			<val>TELEPÍTÉS PRÓBAVERZIÓKÉNT</val>
		</str>
		<str name="confirm" translate="yes">
			<val>Ez a sorozatszám a következőt engedélyezi: {0}.</val>
		</str>
		<str name="second" translate="yes">
			<val>Ehhez a frissítéshez egy második feljogosító termék szükséges. Válassza ki a tulajdonában levő második terméket, és adja meg sorozatszámát:</val>
		</str>
		<str name="selproduct" translate="yes">
			<val>Termék kiválasztása</val>
		</str>
		<str name="nogood" translate="yes">
			<val>Ez a sorozatszám nem valamelyik feljogosító termékhez tartozik. Próbáljon egy másikat.</val>
		</str>
		<str name="account" translate="yes">
			<val>Ha korábban már regisztrált termékeket, akkor {0}saját fiókjának oldalán{1} megtalálhatja korábbi sorozatszámait.</val>
		</str>
		<str name="support" translate="yes">
			<val>További segítségért forduljon az {0}ügyfélszolgálathoz{1}.</val>
		</str>
		<str name="supportlink" translate="no">
			<val>http://www.adobe.com/go/support_loganalyzer</val>
		</str>
		<str name="accountlink" translate="yes">
			<val>http://www.adobe.com/go/adobemembership_hu</val>
		</str>
	</set>
	
	<set name="upcode">
		<str name="header" translate="yes">
			<val>Adja meg frissítési kódját.</val>
		</str>
		<str name="instruct1" translate="yes">
			<val>Kérésre adja meg az alábbi kódot az ügyfélszolgálati munkatársnak:</val>
		</str>
		<str name="challenge" translate="yes">
			<val>Kérdéskód</val>
		</str>
		<str name="instruct2" translate="yes">
			<val>Írja be az ügyfélszolgálati munkatárs által megadott kódot:</val>
		</str>
		<str name="support" translate="yes">
			<val>Támogatási kód</val>
		</str>
		<str name="codeError" translate="yes">
			<val>Érvénytelen támogatási kód</val>
		</str>
		
	</set>
	
	<set name="dvanote">
		<str name="header" translate="yes">
			<val>Fontos tudnivaló</val>
		</str>
		<str name="warning32bit" translate="yes">
			<val>Ezen a számítógépen egy 32 bites operációs rendszer fut. Az Adobe Premiere Pro CS5.5, az Adobe Premiere Pro CS5, az After Effects CS5.5 és az After Effects CS5 csak 64 bites operációs rendszeren működőképes. Az alkalmazások használatához modernizálhatja rendszerét, vagy telepítheti a 32 bites CS4-es verziókat. {0}További információ{1} a CS4-es verziók eléréséről és telepítéséről.</val>
		</str>
		<str name="learnMoreLink" translate="yes">
			<val>http://www.adobe.com/go/32bit_installation_hu</val>
		</str>
	</set>

	<set name="nav">
		<str name="welcome" translate="yes">
			<val>ÜDVÖZÖLJÜK!</val>
		</str>
		<str name="serial" translate="yes">
			<val>SOROZATSZÁM</val>
		</str>
		<str name="id" translate="yes">
			<val>ADOBE AZONOSÍTÓ</val>
		</str>
		<str name="options" translate="yes">
			<val>LEHETŐSÉGEK</val>
		</str>
		<str name="unoptions" translate="yes">
			<val>LEHETŐSÉGEK</val>
		</str>
		<str name="install" translate="yes">
			<val>TELEPÍTÉS</val>
		</str>
		<str name="uninstall" translate="yes">
			<val>ELTÁVOLÍTÁS</val>
		</str>
		<str name="thanks" translate="yes">
			<val>BEFEJEZÉS</val>
		</str>
	</set>
	
	
	<set name="systemReq">
		<str name="ram" translate="yes">
			<val>{0} RAM memória javasolt.</val>
		</str>
		<str name="processor" translate="yes">
			<val>{0} processzor javasolt.</val>
		</str>
		<str name="osWin" translate="yes">
			<val>Windows {0} rendszer javasolt.</val>
		</str>
		<str name="osMac" translate="yes">
			<val>Mac {0} rendszer javasolt.</val>
		</str>
		<str name="screen" translate="yes">
			<val>{0} képernyőfelbontás javasolt.</val>
		</str>
	</set>
	
	<set name="installErrorCode">
		<str name="code0" translate="yes">
			<val>Sikeres telepítés</val>
		</str>
		<str name="code6" translate="yes">
			<val>Befejeződött, de hibák történtek.</val>
		</str>
		<str name="code7in" translate="yes">
			<val>A telepítés sikertelen.</val>
		</str>
		<str name="code7un" translate="yes">
			<val>Az eltávolítás sikertelen.</val>
		</str>
		<str name="code8" translate="yes">
			<val>Kész. A munkafolyamat befejezéséhez újra kell indítani a rendszert.</val>
		</str>
		<str name="code11" translate="yes">
			<val>Már fut a rendszerbe állítás másik példánya.</val>
		</str>
		<str name="code14" translate="yes">
			<val>A telepítéshez rendszergazdai jogosultság szükséges.</val>
		</str>
		<str name="code14un" translate="yes">
			<val>Az eltávolításhoz rendszergazdai jogosultság szükséges.</val>
		</str>
		<str name="code19" translate="yes">
			<val>Ütköző folyamatok futnak.</val>
		</str>
		<str name="code24" translate="yes">
			<val>A telepítés megszakítva.</val>
		</str>
		<str name="code15" translate="yes">
			<val>Inkonzisztencia észlelhető a telepítési adatbázisban. Indítsa újra a számítógépet, és végezze el újból a telepítést.</val>
		</str>
		<str name="code31" translate="yes">
			<val>A választott összetevők mérete meghaladja a merevlemezen rendelkezésre álló szabad terület mennyiségét. Válasszon egy elegendő területtel rendelkező meghajtót, és indítsa újra a telepítőt.</val>
		</str>
		<str name="code9999" translate="yes">
			<val>Belső hiba történt.</val>
		</str>
		<str name="internalError" translate="yes">
			<val>A telepítő hibát ({0}) észlelt a telepítés során. Indítsa újra a számítógépet, és próbálja meg újból.</val>
		</str>
		<str name="uninternalError" translate="yes">
			<val>A telepítő hibát ({0}) észlelt az eltávolítás során. Indítsa újra a számítógépet, és próbálja meg újból.</val>
		</str>
	</set>
	
	<set name="prescreenResponse">
		<str name="header_NOT_ENABLED" translate="yes">
			<val>{0} előfizetése lejárt</val>
		</str>
		<str name="body_NOT_ENABLED" translate="yes">
			<val>Újítsa meg előfizetését, vagy válassza a Vissza gombot, és telepítse a terméket próbaverzióként.</val>
		</str>
		<str name="footerLinkText_NOT_ENABLED" translate="yes">
			<val>Előfizetésem megújítása</val>
		</str>
		<str name="footerLink_NOT_ENABLED" translate="no">
			<val>http://www.adobe.com/go/subscriptionedition</val>
		</str>
		
		<str name="header_OFFLINE" translate="yes">
			<val>Nem sikerül csatlakozni az internethez</val>
		</str>
		<str name="body_OFFLINE" translate="yes">
			<val>A termék használatához működő internetkapcsolat szükséges. Ellenőrizze kapcsolati beállításait, és válassza az Újra lehetőséget. Ha a probléma továbbra is jelentkezik, vegye fel a kapcsolatot az ügyféltámogatással, vagy válassza a Vissza gombot a termék próbaverziós telepítéséhez.</val>
		</str>
		<str name="footerLinkText_OFFLINE" translate="yes">
			<val>Ügyféltámogatás felkeresése</val>
		</str>
		<str name="footerLink_OFFLINE" translate="yes">
			<val>http://www.adobe.com/go/support_hu</val>
		</str>
		
		<str name="header_GENERIC_ERROR" translate="yes">
			<val>Nem sikerül megkezdeni a(z) {0} előfizetését</val>
		</str>
		<str name="body_GENERIC_ERROR" translate="yes">
			<val>A telepítés befejezéséhez válassza a termék próbaverziós telepítését. A szoftver telepítése és az alkalmazás elindítása után a rendszer felkéri az előfizetés megkezdésére.</val>
		</str>
		<str name="footerLinkText_GENERIC_ERROR" translate="yes">
			<val>Ügyféltámogatás felkeresése</val>
		</str>
		<str name="footerLink_GENERIC_ERROR" translate="yes">
			<val>http://www.adobe.com/go/support_hu</val>
		</str>
	</set>
	
	<set name="subsClaimResponse">
		<str name="failureStatusHeading" translate="yes">
			<val>Nem sikerül megkezdeni a(z) {0} előfizetését</val>
		</str>
		<str name="successStatusHeading" translate="yes">
			<val>Az első lépések: Az Adobe termékei és szolgáltatásai</val>
		</str>
		
		<str name="adobeIDInfo" translate="yes">
			<val>Adobe azonosítójával megkezdte a(z) {0} termékre való előfizetését, és beállította a hozzáférést az Adobe CS Live szolgáltatásokhoz.</val>
		</str>
		
		<str name="idis" translate="yes">
			<val>Adobe azonosítója: {0}</val>
		</str>
		<str name="idnew" translate="yes">
			<val>Adobe azonosítója: {0}</val>
		</str>
		
		<str name="emailVerify" translate="yes">
			<val>Az Adobe CS Live szolgáltatások használata előtt szükség van e-mail címének ellenőrzésre. Nézze meg beérkezett leveleit.</val>
		</str>
		

		<str name="supLinkURL_EXCEPTION_DECODE_FAILED" translate="yes">
			<val>http://www.adobe.com/go/support_hu</val>
		</str>			
		<str name="supLinkURL_EXCEPTION_NO_SUCH_USER" translate="yes">
			<val>http://www.adobe.com/go/support_hu</val>
		</str>		
		<str name="supLinkURL_EXCEPTION_INVALID_DATA" translate="yes">
			<val>http://www.adobe.com/go/support_hu</val>
		</str>
		<str name="supLinkURL_EXCEPTION_SKU_LOOKUP_FAILED" translate="yes">
			<val>http://www.adobe.com/go/support_hu</val>
		</str>		
		<str name="supLinkURL_EXCEPTION_AUTHENTICATION_TIMEOUT" translate="yes">
			<val>http://www.adobe.com/go/support_hu</val>
		</str>
		<str name="supLinkURL_EXCEPTION_SNSERVER_TIMEOUT" translate="yes">
			<val>http://www.adobe.com/go/support_hu</val>
		</str>
		<str name="supLinkURL_EXCEPTION_INTERNAL_TIMEOUT" translate="yes">
			<val>http://www.adobe.com/go/support_hu</val>
		</str>
		<str name="supLinkURL_EXCEPTION_INTERNAL_SERVER_ERROR" translate="yes">
			<val>http://www.adobe.com/go/support_hu</val>
		</str>
		<str name="supLinkURL_EXCEPTION_SYSTEM_UNAVAILABLE_time" translate="yes">
			<val>http://www.adobe.com/go/support_hu</val>
		</str>
		<str name="supLinkURL_EXCEPTION_SYSTEM_UNAVAILABLE" translate="yes">
			<val>http://www.adobe.com/go/support_hu</val>
		</str>
		<str name="supLinkURL_EXCEPTION_COMPANY_CODE_MISMATCH" translate="yes">
			<val>http://www.adobe.com/go/subscription_learnmore_hu</val>
		</str>
		<str name="supLinkURL_EXCEPTION_SUBSCRIPTION_ALREADY_CLAIMED_DIFF_ADOBEID" translate="yes">
			<val>http://www.adobe.com/go/support_hu</val>
		</str>
		<str name="supLinkURL_ERROR_WITH_INFO" translate="yes">
			<val>http://www.adobe.com/go/support_hu</val>
		</str>
		<str name="supLinkURL_GENERIC" translate="yes">
			<val>http://www.adobe.com/go/support_hu</val>
		</str>
		
		
		<str name="supLinkLbl_EXCEPTION_DECODE_FAILED" translate="yes">
			<val>Ügyféltámogatás felkeresése</val>
		</str>			
		<str name="supLinkLbl_EXCEPTION_NO_SUCH_USER" translate="yes">
			<val>Ügyféltámogatás felkeresése</val>
		</str>		
		<str name="supLinkLbl_EXCEPTION_INVALID_DATA" translate="yes">
			<val>Ügyféltámogatás felkeresése</val>
		</str>
		<str name="supLinkLbl_EXCEPTION_SKU_LOOKUP_FAILED" translate="yes">
			<val>Ügyféltámogatás felkeresése</val>
		</str>		
		<str name="supLinkLbl_EXCEPTION_AUTHENTICATION_TIMEOUT" translate="yes">
			<val>Ügyféltámogatás felkeresése</val>
		</str>
		<str name="supLinkLbl_EXCEPTION_SNSERVER_TIMEOUT" translate="yes">
			<val>Ügyféltámogatás felkeresése</val>
		</str>
		<str name="supLinkLbl_EXCEPTION_INTERNAL_TIMEOUT" translate="yes">
			<val>Ügyféltámogatás felkeresése</val>
		</str>
		<str name="supLinkLbl_EXCEPTION_INTERNAL_SERVER_ERROR" translate="yes">
			<val>Ügyféltámogatás felkeresése</val>
		</str>
		<str name="supLinkLbl_EXCEPTION_SYSTEM_UNAVAILABLE_time" translate="yes">
			<val>Ügyféltámogatás felkeresése</val>
		</str>
		<str name="supLinkLbl_EXCEPTION_SYSTEM_UNAVAILABLE" translate="yes">
			<val>Ügyféltámogatás felkeresése</val>
		</str>
		<str name="supLinkLbl_EXCEPTION_SUBSCRIPTION_ALREADY_CLAIMED_DIFF_ADOBEID" translate="yes">
			<val>Ügyféltámogatás felkeresése</val>
		</str>
		<str name="supLinkLbl_EXCEPTION_COMPANY_CODE_MISMATCH" translate="yes">
			<val>További információ</val>
		</str>
		<str name="supLinkLbl_ERROR_WITH_INFO" translate="yes">
			<val>Ügyféltámogatás felkeresése</val>
		</str>
		<str name="supLinkLbl_GENERIC" translate="yes">
			<val>Ügyféltámogatás felkeresése</val>
		</str>
		
		
		<str name="code_EXCEPTION_DECODE_FAILED" translate="yes">
			<val>A termék elindítása után a rendszer felkéri az előfizetés megkezdésére.</val>
		</str>			
		<str name="code_EXCEPTION_NO_SUCH_USER" translate="yes">
			<val>A termék elindítása után a rendszer felkéri az előfizetés megkezdésére.</val>
		</str>		
		<str name="code_EXCEPTION_INVALID_DATA" translate="yes">
			<val>A termék elindítása után a rendszer felkéri az előfizetés megkezdésére.</val>
		</str>
		<str name="code_EXCEPTION_SKU_LOOKUP_FAILED" translate="yes">
			<val>A termék elindítása után a rendszer felkéri az előfizetés megkezdésére.</val>
		</str>		
		<str name="code_EXCEPTION_AUTHENTICATION_TIMEOUT" translate="yes">
			<val>Várjon pár pillanatot, és próbálkozzon újra. A termék elindítása után a rendszer felkéri az előfizetés megkezdésére is.</val>
		</str>
		<str name="code_EXCEPTION_SNSERVER_TIMEOUT" translate="yes">
			<val>Várjon pár pillanatot, és próbálkozzon újra. A termék elindítása után a rendszer felkéri az előfizetés megkezdésére is.</val>
		</str>
		<str name="code_EXCEPTION_INTERNAL_TIMEOUT" translate="yes">
			<val>Várjon pár pillanatot, és próbálkozzon újra. A termék elindítása után a rendszer felkéri az előfizetés megkezdésére is.</val>
		</str>
		<str name="code_EXCEPTION_INTERNAL_SERVER_ERROR" translate="yes">
			<val>Várjon pár pillanatot, és próbálkozzon újra. A termék elindítása után a rendszer felkéri az előfizetés megkezdésére is.</val>
		</str>
		<str name="code_EXCEPTION_SYSTEM_UNAVAILABLE_time" translate="yes">
			<val>Kiszolgálóinkhoz jelenleg karbantartás miatt nem lehet kapcsolódni. Elnézését kérjük a késedelemért. Próbálja újra ekkor: {0}. A termék elindítása után a rendszer felkéri az előfizetés megkezdésére.</val>
		</str>
		<str name="code_EXCEPTION_SYSTEM_UNAVAILABLE" translate="yes">
			<val>Kiszolgálóinkhoz jelenleg karbantartás miatt nem lehet kapcsolódni. Elnézését kérjük a késedelemért. A termék elindítása után a rendszer felkéri az előfizetés megkezdésére.</val>
		</str>
		<str name="code_EXCEPTION_COMPANY_CODE_MISMATCH" translate="yes">
			<val>A termék megvásárlásának országa nem egyezik meg az Adobe fiókjában megadott országgal. A termék elindításakor a szoftver felkéri majd, hogy jelentkezzen be egy másik Adobe azonosítóval.</val>
		</str>
		<str name="code_EXCEPTION_SUBSCRIPTION_ALREADY_CLAIMED_DIFF_ADOBEID" translate="yes">
			<val>Nyilvántartásunk szerint ez az előfizetés jelenleg egy másik Adobe azonosítóhoz van hozzárendelve. A termék elindításakor a szoftver felkéri majd, hogy jelentkezzen be egy másik Adobe azonosítóval. Ha a probléma továbbra is fennáll, forduljon az ügyfélszolgálathoz.</val>
		</str>
		<str name="code_ESS_TIMEOUT" translate="yes">
			<val>Várjon pár pillanatot, és próbálkozzon újra. A termék elindítása után a rendszer felkéri az előfizetés megkezdésére is.</val>
		</str>
		
		<str name="code_ESS_FAILURE" translate="yes">
			<val>Várjon pár pillanatot, és próbálkozzon újra. A termék elindítása után a rendszer felkéri az előfizetés megkezdésére is.</val>
		</str>
		
		<str name="code_GENERIC" translate="yes">
			<val>A termék elindítása után a rendszer felkéri az előfizetés megkezdésére.</val>
		</str>
	</set>
	
	<set name="claimResponse">
		<str name="code_" translate="yes">
			<val></val>
		</str>
		<str name="code_NonSaas_FAILURE" translate="yes">
			<val>Most nem sikerült a termék regisztrálása. Próbálja újra később.</val>
		</str>
		<str name="code_EXCEPTION_DECODE_FAILED" translate="yes">
			<val>Érvénytelen sorozatszám. Nem sikerült megkezdeni CS Live előfizetését.</val>
		</str>
		<str name="code_EXCEPTION_NO_SUCH_USER" translate="yes">
			<val>Nem sikerült megkezdeni Adobe CS Live előfizetését. Próbálja újra később.</val>
		</str>
		<str name="code_EXCEPTION_INVALID_DATA" translate="yes">
			<val>Nem sikerült megkezdeni Adobe CS Live előfizetését. Próbálja újra később.</val>
		</str>
		<str name="code_EXCEPTION_WCD_TIMEOUT" translate="yes">
			<val>Nem sikerült megkezdeni Adobe CS Live előfizetését. Próbálja újra később.</val>
		</str>
		<str name="code_EXCEPTION_AUTHENTICATION_TIMEOUT" translate="yes">
			<val>Nem sikerült megkezdeni Adobe CS Live előfizetését. Próbálja újra később.</val>
		</str>
		<str name="code_EXCEPTION_SNSERVER_TIMEOUT" translate="yes">
			<val>Nem sikerült megkezdeni Adobe CS Live előfizetését. Próbálja újra később.</val>
		</str>
		<str name="code_EXCEPTION_WCD_SESSION_TIMEOUT" translate="yes">
			<val>Nem sikerült megkezdeni Adobe CS Live előfizetését. Próbálja újra később.</val>
		</str>
		<str name="code_ESS_TIMEOUT" translate="yes">
			<val>Nem sikerült megkezdeni Adobe CS Live előfizetését. Próbálja újra később.</val>
		</str>
		<str name="code_ESS_FAILURE" translate="yes">
			<val>Nem sikerült megkezdeni Adobe CS Live előfizetését. Próbálja újra később.</val>
		</str>
		<str name="code_EXCEPTION_INTERNAL_TIMEOUT" translate="yes">
			<val>Nem sikerült megkezdeni Adobe CS Live előfizetését. Próbálja újra később.</val>
		</str>
		<str name="code_EXCEPTION_INTERNAL_SERVER_ERROR" translate="yes">
			<val>Nem sikerült megkezdeni Adobe CS Live előfizetését. Próbálja újra később.</val>
		</str>
		<str name="code_EXCEPTION_SUBSCRIPTION_ALREADY_CLAIMED" translate="yes">
			<val>Már feliratkozott az Adobe CS Live rendszerbe. A szolgáltatások használatához jelentkezzen be.</val>
		</str>
		<str name="code_EXCEPTION_CLAIM_ALREADY_PROCESSED" translate="yes">
			<val>Ehhez a sorozatszámhoz már tartozik egy Adobe CS Live előfizetés. A szolgáltatások használatához jelentkezzen be.</val>
		</str>
		<str name="code_EXCEPTION_SYSTEM_UNAVAILABLE_time" translate="yes">
			<val>Az Adobe regisztrációs kiszolgálója jelenleg karbantartás alatt áll, és várhatóan a következő időpontban lesz elérhető: {0}. Elnézését kérjük a kellemetlenségért. Próbálja újra a megadott időpontban.</val>
		</str>
		<str name="code_EXCEPTION_SYSTEM_UNAVAILABLE" translate="yes">
			<val>Az Adobe regisztrációs kiszolgálója jelenleg karbantartás alatt áll. Elnézését kérjük a kellemetlenségért. Próbálja újra később.</val>
		</str>
		<str name="code_EXCEPTION_SYSTEM_UNAVAILABLE_time_saas" translate="yes">
			<val>Az Adobe CS Live jelenleg karbantartás alatt áll, és várhatóan a következő időpontban lesz elérhető: {0}. Elnézését kérjük a kellemetlenségért. Próbálja újra a megadott időpontban.</val>
		</str>
		<str name="code_EXCEPTION_SYSTEM_UNAVAILABLE_saas" translate="yes">
			<val>Az Adobe CS Live jelenleg karbantartás alatt áll. Elnézését kérjük a kellemetlenségért. Próbálja újra később.</val>
		</str>
	</set>	
	
	<set name="alert">
		<str name="alertHeader" translate="yes">
			<val>Adobe telepítő</val>
		</str>
		<str name="workflowCloseError" translate="yes">
			<val>Probléma merült fel más, nem rendszerbe állítási munkafolyamatok bezárásakor. Zárja be őket, majd a telepítés újrakezdéséhez kattintson a Telepítés gombra.</val>
		</str>
		<str name="workflowNeedCloseMessage" translate="yes">
			<val>Az Adobe Application Manager más példányai is futnak, amelyeket be kell zárni. A folytatáshoz zárja be ezeket a példányokat.</val>
		</str>
		<str name="cancelMsg" translate="yes">
			<val>Biztosan megszakítja a műveletet?</val>
		</str>
		<str name="payloadDataError" translate="yes">
			<val>A telepítő inicializálása sikertelen volt.</val>
		</str>
		<str name="payloadMappingError" translate="yes">
			<val>A telepítő inicializálása sikertelen volt.</val>
		</str>
		<str name="driverSystemRequirementError" translate="yes">
			<val>A számítógép nem felel meg a termék minimális rendszerkövetelményeinek.</val>
		</str>
		<str name="driverConflictError" translate="yes">
			<val>A számítógépen már megtalálható a(z) {0} egy összeférhetetlen vagy előzetes kiadású verziója. Az összeférhetetlen verziót távolítsa el, hogy telepíteni tudjon erről a hordozóról.</val>
		</str>
		<str name="eulaDeclineMsg" translate="yes">
			<val>A folytatáshoz el kell fogadnia az Adobe Végfelhasználói licencszerződést. Biztosan elutasítja a szerződést?</val>
		</str>
		<str name="authAdobeID" translate="yes">
			<val>Adobe azonosító hitelesítése...</val>
		</str>
		<str name="sharedComponentMsgInstall" translate="yes">
			<val>A megosztott összetevők telepítése folyamatban van, kis türelmet... A művelet a korábban telepített összetevőktől függően néhány percet vehet igénybe.</val>
		</str>
		<str name="sharedComponentMsgUninstall" translate="yes">
			<val>A megosztott összetevők eltávolítása folyamatban van, kis türelmet... A művelet a korábban telepített összetevőktől függően néhány percet vehet igénybe.</val>
		</str>
		<str name="diskPrompt" translate="yes">
			<val>Helyezze be a(z) {0} jelzésű lemezt a következő meghajtóba: {1}.</val>
		</str>
		<str name="noDriverError" translate="yes">
			<val>Az illesztőprogram modulja nem található.</val>
		</str>
		<str name="installerNotApplicable" translate="yes">
			<val>{0} csak 64 bites rendszeren telepíthető</val>
		</str>
		<str name="deactivateMessage" translate="yes">
			<val>Deaktiválás folyamatban, kis türelmet...</val>
		</str>
		<str name="deactivateFailMessage" translate="yes">
			<val>A termék deaktiválása sikertelen.</val>
		</str>
		<str name="restartMessage" translate="yes">
			<val>Javasolt a számítógép újraindítása.</val>
		</str>
		
		<str name="connecting" translate="yes">
			<val>Csatlakozás...</val>
		</str>
		
	</set>	
	
	
	<set name="isoToLanguage">
		<str name="ar_AE" translate="no"><val>العربية</val></str>
		<str name="en_GB" translate="no"><val>English (International)</val></str> 
		<str name="fr_CA" translate="no"><val>Français canadien</val></str>
		<str name="es_QM" translate="no"><val>Español (Middle East)</val></str>
		<str name="es_LA" translate="no"><val>Español de América Latina</val></str>
		<str name="es_NA" translate="no"><val>Español Norteamericano</val></str>
		<str name="bg_BG" translate="no"><val>Български</val></str>
		<str name="lv_LV" translate="no"><val>Latviešu</val></str>
		<str name="et_EE" translate="no"><val>Eesti</val></str>
		<str name="hr_HR" translate="no"><val>hrvatski</val></str>
		<str name="sl_SI" translate="no"><val>slovenščina</val></str>
		<str name="sk_SK" translate="no"><val>slovenčina</val></str>
		<str name="th_TH" translate="no"><val>ภาษาไทย</val></str> 
		<str name="vi_VN" translate="no"><val>Việt</val></str>
		<str name="en_XC" translate="no"><val>English (Central Europe)</val></str> 
		<str name="en_XM" translate="no"><val>English (Middle East)</val></str>
		<str name="fr_XM" translate="no"><val>Français Oriental Moyen</val></str>
		<str name="sq_AL" translate="no"><val>Shqip</val></str> 
		<str name="ar_SA" translate="no"><val>العربية</val></str>
		<str name="be_BY" translate="no"><val>Беларуская</val></str> 
		<str name="ca_ES" translate="no"><val>Català</val></str> 
		<str name="hi_IN" translate="no"><val>हिन्दी</val></str>
		<str name="is_IS" translate="no"><val>Íslenska</val></str> 
		<str name="lt_LT" translate="no"><val>Lietuvių</val></str>
		<str name="mk_MK" translate="no"><val>македонски</val></str>
		<str name="nn_NO" translate="no"><val>Norsk (Nynorsk)</val></str>
		<str name="pt_PT" translate="no"><val>Português de Portugal</val></str> 
		<str name="sh_YU" translate="no"><val>Srpsko-Hrvatski</val></str> 
		<str name="sr_YU" translate="no"><val>Cрпски</val></str> 
		<str name="kk_KZ" translate="no"><val>Қазақ</val></str>
		<str name="az_AZ" translate="no"><val>Azərbaycan dili</val></str> 
		<str name="es_MX" translate="no"><val>Español (América Latina)</val></str>
		<str name="no_NO" translate="no"><val>Norwegian</val></str> 
		<str name="cs_CZ" translate="no"><val>Česky</val></str>
		<str name="de_DE" translate="no"><val>Deutsch</val></str>
		<str name="el_GR" translate="no"><val>Ελληνικά</val></str>
		<str name="en_US" translate="no"><val>English (North America)</val></str> 
		<str name="es_ES" translate="no"><val>Español</val></str> 
		<str name="fr_FR" translate="no"><val>Français</val></str>
		<str name="he_IL" translate="no"><val>עברית</val></str> 
		<str name="hu_HU" translate="no"><val>Magyar</val></str> 
		<str name="it_IT" translate="no"><val>Italiano</val></str>
		<str name="ja_JP" translate="no"><val>日本語</val></str>
		<str name="ko_KR" translate="no"><val>한국어</val></str>
		<str name="nl_NL" translate="no"><val>Nederlands</val></str>
		<str name="pl_PL" translate="no"><val>Polski</val></str>
		<str name="ro_RO" translate="no"><val>Română</val></str>
		<str name="ru_RU" translate="no"><val>Pусский</val></str>
		<str name="sv_SE" translate="no"><val>Svenska</val></str>
		<str name="tr_TR" translate="no"><val>Türkçe</val></str>
		<str name="uk_UA" translate="no"><val>Українська</val></str>
		<str name="zh_CN" translate="no"><val>简体中文</val></str>
		<str name="zh_TW" translate="no"><val>繁體中文</val></str>
		<str name="da_DK" translate="no"><val>Dansk</val></str>
		<str name="fi_FI" translate="no"><val>Suomi</val></str>
		<str name="nb_NO" translate="no"><val>Norsk (Bokmål)</val></str> 
		<str name="pt_BR" translate="no"><val>Português do Brasil</val></str>
	</set>	
</asf>
