<?xml version='1.0' encoding='utf-8'?>
<!DOCTYPE asf SYSTEM "http://ns.adobe.com/asf/asf_1_0.dtd" >
<asf xmlns="http://ns.adobe.com/asf" locale="it_IT" version="1.0">
	<set name="install">
		<str name="next" translate="yes">
			<val>AVANTI</val>
		</str>
		<str name="back" translate="yes">
			<val>INDIETRO</val>
		</str>
		<str name="exit" translate="yes">
			<val>ESCI</val>
		</str>
		<str name="quit" translate="yes">
			<val>ESCI</val>
		</str>
		<str name="stop" translate="yes">
			<val>INTERROMPI</val>
		</str>
		<str name="continue" translate="yes">
			<val>CONTINUA</val>
		</str>
		<str name="cancel" translate="yes">
			<val>ANNULLA</val>
		</str>
		<str name="tryAgain" translate="yes">
			<val>RIPROVA</val>
		</str>
		<str name="decline" translate="yes">
			<val>RIFIUTO</val>
		</str>
		<str name="accept" translate="yes">
			<val>ACCETTO</val>
		</str>			
		<str name="create" translate="yes">
			<val>CREA ID ADOBE</val>
		</str>			
		<str name="info" translate="yes">
			<val>Altre informazioni</val>
		</str>
		<str name="done" translate="yes">
			<val>CHIUDI</val>
		</str>
		<str name="install" translate="yes">
			<val>INSTALLA</val>
		</str>			
		<str name="uninstall" translate="yes">
			<val>DISINSTALLA</val>
		</str>			
		<str name="btnOK" translate="yes">
			<val>OK</val>
		</str>
		<str name="yes" translate="yes">
			<val>SÌ</val>
		</str>
		<str name="no" translate="yes">
			<val>NO</val>
		</str>
		<str name="subscriptionEdition" translate="no">
			<val>Subscription Edition</val>
		</str>
	</set>
	
	<set name="welcome">
		<str name="welcome" translate="yes">
			<val>Benvenuti</val>
		</str>
		<str name="product" translate="yes">
			<val>Prog. inst. {0}</val>
		</str>
		<str name="view" translate="yes">
			<val>Visualizza in:</val>
		</str>
		<str name="license" translate="yes">
			<val>Contratto di licenza software Adobe</val>
		</str>
		<str name="sure" translate="yes">
			<val>Uscire?</val>
		</str>
		<str name="AppTitleInstall" translate="yes">
			<val>Prog. inst. {0}</val>
		</str>
		<str name="AppTitleUninstall" translate="yes">
			<val>Programma di disinstallazione di {0}</val>
		</str>
	</set>
	
	<set name="serial">
		<str name="welcome" translate="yes">
			<val>Immettere il numero di serie</val>
		</str>
		<str name="serial" translate="yes">
			<val>Fornire un numero di serie.</val>
		</str>
		<str name="trial" translate="yes">
			<val>Installare il prodotto in versione di prova.</val>
		</str>
		<str name="lang" translate="yes">
			<val>Lingua:</val>
		</str>
		<str name="license" translate="yes">
			<val>Questo numero di serie verrà utilizzato per: {0}</val>
		</str>
		<str name="selectLang" translate="yes">
			<val>Selezionare la lingua</val>
		</str>
		<str name="locateTT" translate="yes">
			<val>Il numero di serie si trova sul retro della custodia del DVD, sul certificato di licenza di Adobe Open Options (solo per acquisti di grandi volumi) o sulla ricevuta e-mail inviata dall'Adobe Store (solo per acquisti online).</val>
		</str>
		<str name="invalid" translate="yes">
			<val>Il numero di serie immesso non è valido per questo prodotto.</val>
		</str>
		<str name="also" translate="yes">
			<val>Potrete inoltre immettere un numero di serie dopo l'installazione.</val>
		</str>
		<str name="agree" translate="yes">
			<val>In conformità al Contratto di licenza software, il software tenterà di effettuare automaticamente l'attivazione via Internet. Per i dettagli, consultate la pagina {0}www.adobe.com/it/activation{1}.</val>
		</str>
		<str name="agreeLink" translate="yes">
			<val>http://www.adobe.com/go/activation_it</val>
		</str>
		<str name="progressMessage" translate="yes">
			<val>Verifica delle informazioni sull'abbonamento in corso...</val>
		</str>
	</set>
	
	<set name="options">
		<str name="title" translate="yes">
			<val>Opzioni di installazione</val>
		</str>
		<str name="unTitle" translate="yes">
			<val>Opzioni di disinstallazione</val>
		</str>
		<str name="unInstruct" translate="yes">
			<val>Se si sceglie di disinstallare l'intero prodotto, è anche possibile disattivare contemporaneamente il numero di serie.</val>
		</str>
		<str name="total" translate="yes">
			<val>Installazione totale:</val>
		</str>
		<str name="all" translate="yes">
			<val>Tutti i componenti</val>
		</str>
		<str name="loc" translate="yes">
			<val>Posizione:</val>
		</str>
		<str name="deactivate" translate="yes">
			<val>Disattiva</val>
		</str>
		<str name="deactivateTooltip1" translate="yes">
			<val>La disattivazione consente di attivare il prodotto Adobe su un altro computer, in conformità al Contratto di licenza software. Prima di procedere con la disattivazione, accertatevi di essere connessi a Internet.</val>
		</str>
		<str name="deactivateTooltip2" translate="yes">
			<val>Non potete disattivare i singoli componenti di un prodotto Adobe concesso in licenza. Per installare e attivare il prodotto Adobe concesso in licenza su un altro computer, dovete prima disinstallare e disattivare l'intero prodotto sul computer.</val>
		</str>
		<str name="remove" translate="yes">
			<val>Rimozione preferenze</val>
		</str>
		<str name="select" translate="yes">
			<val>Fare clic sul nome di un prodotto per personalizzare le opzioni</val>
		</str>
		<str name="include" translate="yes">
			<val>Include:</val>
		</str>
		<str name="decimalSeparator" translate="yes">
			<val>,</val>
		</str>
		<str name="commaSeparator" translate="yes">
			<val>,</val>
		</str>
		<str name="browse" translate="yes">
			<val>Cerca percorso di installazione</val>
		</str>
		<str name="reqs" translate="yes">
			 <val>Requisiti minimi di sistema non soddisfatti. {0}Altre informazioni...{1}</val>
		</str>
		<str name="more" translate="yes">
			<val>Altro</val>
		</str>		
		<str name="morelink" translate="yes">
			<val>http://www.adobe.com/go/cs_systemreqs_it</val>
		</str>
		<str name="infolink" translate="yes">
			<val>http://www.adobe.com/go/cs_shared_components_it</val>
		</str>
		<str name="available" translate="yes">
			<val>disponibili</val>
		</str>
		<str name="recommend" translate="yes">
			<val>Consigliato da:</val>
		</str>	
		<str name="required" translate="yes">
			<val>Richiesto da:</val>
		</str>
		<str name="GB" translate="yes">
			<val>GB</val>
		</str>
		<str name="MB" translate="yes">
			<val>MB</val>
		</str>
		<str name="KB" translate="yes">
			<val>KB</val>
		</str>
		<str name="already" translate="yes">
			<val>Già installato</val>
		</str>
		
		<str name="again" translate="yes">
			<val>Se si seleziona una delle opzioni seguenti per eseguire di nuovo l'installazione, il file verrà installato nella sua posizione corrente.</val>
		</str>		
		<str name="uninstall" translate="yes">
			<val>DISINSTALLA</val>
		</str>
		<str name="install" translate="yes">
			<val>INSTALLA</val>
		</str>
		<str name="requirementError" translate="yes">
			<val>Requisiti minimi di sistema non soddisfatti</val>
		</str>
		<str name="conflictError" translate="yes">
			<val>È già installata una versione prerelease del prodotto</val>
		</str>
		<str name="upgradedError" translate="yes">
			<val>È già installata una versione più recente del prodotto</val>
		</str>
		<str name="langNotPresent" translate="yes">
			<val>Non disponibile per la lingua selezionata</val>
		</str>
		<str name="dependenciesNotEnabled" translate="yes">
			<val>I componenti richiesti sono disabilitati</val>
		</str>
		<str name="avail" translate="yes">
			<val>Spazio su disco:</val>
		</str>
		<str name="drive" translate="yes">
			<val>Unità {0}</val>
		</str>
		<str name="sure" translate="yes">
			<val>Intendete annullare la disinstallazione?</val>
		</str>
		<str name="browseErrorCaseSensitive" translate="yes">
			<val>Le unità che fanno distinzione tra maiuscole e minuscole non sono supportate.</val>
		</str>
		<str name="browseErrorMappedNetwork" translate="yes">
			<val>L'installazione su unità di rete mappate non è supportata.</val>
		</str>
		<str name="browseErrorRemovableDrive" translate="yes">
			<val>L'installazione su unità flash rimovibili non è supportata.</val>
		</str>
		<str name="browseErrorTooLong" translate="yes">
			<val>Il percorso scelto per l'installazione è troppo lungo.</val>
		</str>
		<str name="browseErrorLockedPath" translate="yes">
			<val>L'installazione in un percorso bloccato non è supportata.</val>
		</str>
		<str name="browseErrorGeneric" translate="yes">
			<val>Impossibile eseguire l'installazione nel percorso specificato.</val>
		</str>
		<str name="browseErrorRootDrive" translate="yes">
			<val>L'installazione in un percorso di unità principale non è supportata.</val>
		</str>
		<str name="diskSpaceTooltip" translate="yes">
			<val>Spazio su disco insufficiente per completare l'installazione.</val>
		</str>
		<str name="diskSpaceOverlayError" translate="yes">
			<val>La dimensione delle opzioni selezionate supera lo spazio disponibile sul disco rigido. Scegliete un disco rigido con spazio sufficiente ed eseguite nuovamente il programma di installazione.</val>
		</str>
		<str name="uninstallSubscriptionMessage" translate="yes">
			<val>La disinstallazione delle applicazioni non modifica gli abbonamenti. Per modificare lo stato dell'abbonamento, visitate il gestore abbonamenti. {0}Cambia stato abbonamento{1}.</val>
		</str>
		<str name="uninstallSubscriptionMessageLink" translate="no">
			<val>http://www.adobe.com/go/subscriptionedition</val>
		</str>
	</set>

	<set name="progress">
		<str name="title" translate="yes">
			<val>Avanzamento dell'installazione</val>
		</str>
		<str name="doneErrors" translate="yes">
			<val>Stato dell'installazione</val>
		</str>
		<str name="curr" translate="yes">
			<val>Installazione in corso…</val>
		</str> 
		<str name="unTitle" translate="yes">
			<val>Avanzamento della disinstallazione</val>
		</str>
		<str name="unCurr" translate="yes">
			<val>Disinstallazione in corso…</val>
		</str> 
		<str name="cancelling" translate="yes">
			<val>Annullamento dell'installazione in corso...</val>
		</str>
		<str name="removingCache" translate="yes">
			<val>Rimozione cache in corso...</val>
		</str> 
		<str name="disc" translate="yes">
			<val>Disco</val>
		</str>		
		<str name="preparing" translate="yes"> 
			<val>Preparazione all'installazione...</val>
		</str>
		<str name="preparingun" translate="yes"> 
			<val>Preparazione alla disinstallazione...</val>
		</str>
		<str name="calculating" translate="yes"> 
			<val>Tempo totale restante: calcolo in corso...</val>
		</str>
		<str name="calculatingun" translate="yes"> 
			<val>Tempo restante: calcolo in corso...</val>
		</str>
		<str name="complete" translate="yes"> 
			<val>{0}% completata</val>
		</str>
		<str name="remainTotal" translate="yes">
			<val>Tempo totale restante: circa {0} minuti</val>
		</str>
		<str name="unRemainTotal" translate="yes">
			<val>Tempo restante: circa {0} minuti</val>
		</str>
		<str name="remainTotalOneMin" translate="yes">
			<val>Tempo totale restante: circa {0} minuto</val>
		</str>
		<str name="unRemainTotalOneMin" translate="yes">
			<val>Tempo restante: circa {0} minuto</val>
		</str>
		<str name="remainMin" translate="yes">
			<val>Tempo totale restante: meno di un minuto</val>
		</str>
		<str name="unRemainMin" translate="yes">
			<val>Tempo restante: meno di un minuto</val>
		</str>
		<str name="remainDisc" translate="yes">
			<val>Tempo restante fino al prossimo disco: circa {0} minuti</val>
		</str>				
		<str name="sure" translate="yes">
			<val>Intendete annullare l'installazione?</val>
		</str>
		<str name="incorrect" translate="yes">
			<val>È stato inserito un disco errato. Riprovare e fare clic su Chiudi.</val>
		</str>
		<str name="insert" translate="yes">
			<val>Inserite il Disco {0} per continuare</val>
		</str>
		<str name="errorClose" translate="yes">
			<val>Chiudete tutte le seguenti applicazioni per continuare:</val>
		</str>
		<str name="contact" translate="yes">
			<val>Contattate l'{0}assistenza clienti{1} per ulteriore supporto.</val>
		</str>
		<str name="supportLink" translate="no">
			<val>http://www.adobe.com/go/support_loganalyzer</val>
		</str>
		<str name="errorLater" translate="yes">
			<val>Per terminare l'installazione quando si riavvia il computer, fare clic su Termina dopo.</val>
		</str>
		<str name="finishLater" translate="yes">
			<val>Termina dopo</val>
		</str>
		<str name="cancelMsg" translate="yes">
			<val>Installazione annullata.</val>
		</str>
		<str name="partial" translate="yes">
			<val>Alcune applicazioni sono state installate correttamente, per altre applicazioni si sono verificati degli errori.</val>
		</str>
		<str name="installProblems" translate="yes">
			<val>Si sono verificati alcuni problemi con l'installazione</val>
		</str>
		<str name="requiredFailWarning" translate="yes">
			<val>È possibile che l'installazione di alcuni componenti richiesti non sia riuscita. Questo potrebbe influire sulla funzionalità delle applicazioni installate.</val>
		</str>
		<str name="helpTroubleshoot" translate="yes">
			<val>Per aiuto nella correzione del problema, vi consigliamo di rivedere le informazioni di {0}Risoluzione dei problemi{1}</val>
		</str>
		<str name="troubleshootTips" translate="yes">
			<val>Questi suggerimenti per la risoluzione dei problemi potrebbero correggere il problema:</val>
		</str>
		<str name="tipOne" translate="yes">
			<val>1. Riavviate il computer</val>
		</str>
		<str name="tipTwo" translate="yes">
			<val>2. Chiudete tutte le applicazioni inclusi gli elementi di avvio, il controllo antivirus e il software di firewall</val>
		</str>
		<str name="tipThree" translate="yes">
			<val>3. Avviate il programma di installazione e reinstallate le applicazioni</val>
		</str>
		<str name="errorLogText" translate="yes">
			<val>Se il problema persiste, il file di registro degli errori può aiutarvi ad identificarne la ragione.</val>
		</str>
		<str name="customerSupport" translate="yes">
			<val>Contattate l'{0}assistenza clienti{1} e fornite questi dettagli.</val>
		</str>
		
		<str name="completely" translate="yes">
			<val>Le seguenti applicazioni sono pronte per l'utilizzo:</val>
		</str>
		<str name="incomplete" translate="yes">
			<val>È necessario installare di nuovo le seguenti applicazioni:</val>
		</str>
		<str name="installed" translate="yes">
			<val>Installato:</val>
		</str>
		<str name="notInstalled" translate="yes">
			<val>Non installato:</val>
		</str>
		<str name="haserrors" translate="yes">
			<val>Si sono verificati errori durante l'installazione.</val>
		</str>
		<str name="restart" translate="yes">
			<val>Provate a riavviare il sistema e ripetere l'installazione.</val>
		</str>
		<str name="timeRemaining" translate="yes">
			<val>Tempo restante</val>
		</str>
		<str name="unDoneTitle" translate="yes">
			<val>Stato della disinstallazione</val>
		</str>
		<str name="unDoneWarning" translate="yes">
			<val>Alcune applicazioni sono state disinstallate correttamente, per altre applicazioni si sono verificati degli errori.</val>
		</str>
		<str name="unComplete" translate="yes">
			<val>Queste applicazioni sono state disinstallate:</val>
		</str>
		<str name="unIncomplete" translate="yes">
			<val>Queste applicazioni non sono state disinstallate:</val>
		</str>
		<str name="unInstruct" translate="yes">
			<val>Provate a riavviare il computer e a rieseguire nuovamente la disinstallazione. Se il problema persiste, scaricate ed eseguite {0}Adobe Creative Suite Cleaner Tool{1}.</val>
		</str>
		<str name="unPointWarning" translate="yes">
			<val>Si sono verificati errori durante la disinstallazione.</val>
		</str>		
		<str name="cleanScriptLink" translate="no">
			<val>http://www.adobe.com/go/cscleanertool</val>
		</str>
		<str name="deactivateWarning" translate="yes">
			<val>Per effettuare la disattivazione, connettetevi a Internet; in alternativa, deselezionate l'opzione Disattiva nella schermata precedente.</val>
		</str>
		<str name="deactivateFailureWarning" translate="yes">
			<val>Disattivazione non eseguita correttamente. Potete continuare la disinstallazione del prodotto, ma se non completate la disattivazione non potrete procedere all'attivazione su un altro computer.</val>
		</str>		
	</set>	 

	<set name="thanks">
		<str name="title" translate="yes">
			<val>Grazie</val>
		</str>
		<str name="titleInsStatus" translate="yes">
			<val>Stato dell'installazione</val>
		</str>
		
		<str name="subtitle" translate="yes">
			<val>Installazione completata. Effettuate i seguenti passaggi per poter utilizzare tutte le funzionalità del software.</val>
		</str>
		<str name="subtitle1" translate="yes">
			<val>Installazione completata.</val>
		</str>
		<str name="subtitle2" translate="yes">
			<val>Effettuate i seguenti passaggi per poter utilizzare tutte le funzionalità del software.</val>
		</str>
		<str name="subtitleSubsClaimFail" translate="yes">
			<val>Impossibile avviare l'abbonamento per {0}</val>
		</str>
	
		
		<str name="unSubtitle" translate="yes">
			<val>Le seguenti applicazioni sono state correttamente disinstallate:</val>
		</str>

		<str name="unSubtitleNoProductList" translate="yes">
			<val>Disinstallazione completata.</val>
		</str>

		<str name="appsInstalledHeading" translate="yes">
			<val>I seguenti prodotti sono stati installati</val>
		</str>
		<str name="appInstalledHeading" translate="yes">
			<val>Il seguente prodotto è stato installato</val>
		</str>

		<str name="services" translate="yes">
			<val>Guida introduttiva: prodotti e servizi Adobe</val>
		</str>
		<str name="noservices" translate="yes">
			<val>Guida introduttiva: prodotti Adobe</val>
		</str>
		<str name="successWithServices" translate="yes">
			<val>Il vostro ID Adobe è stato utilizzato per la registrazione del software e l'impostazione dell'accesso ai servizi Adobe CS Live.</val>
		</str>
		<str name="successWithoutServices" translate="yes">
			<val>Tramite l'ID Adobe avete registrato il vostro software.</val>
		</str>
		<str name="emailVerify" translate="yes">
			<val>La verifica dell'indirizzo e-mail è necessaria per iniziare ad utilizzare i servizi Adobe CS Live. Controllate la posta in arrivo.</val>
		</str>
		<str name="skippedWithServices" translate="yes">
			<val>L'ID Adobe è necessario per registrare il vostro software e accedere ai servizi Adobe CS Live. Durante l'utilizzo del software riceverete un promemoria che ricorda di fornire l'ID Adobe.</val>
		</str>
		<str name="skippedWithoutServices" translate="yes">
			<val>L'ID Adobe è necessario per registrare il vostro software. Durante l'utilizzo del software riceverete un promemoria che ricorda di fornire l'ID Adobe.</val>
		</str>
		<str name="trialAdobeIDtext" translate="yes">
			<val>Per utilizzare il software in versione di prova occorre un ID Adobe. Avete 7 giorni per immettere un ID Adobe, a partire dal primo avvio della versione di prova.</val>
		</str>
		<str name="idinfo" translate="yes">
			<val>L'ID Adobe è stato utilizzato per la registrazione del prodotto e l'impostazione dell'accesso ai servizi Adobe CS Live.</val>
		</str>	
		<str name="id" translate="yes">
			<val>L'ID Adobe consente di registrare i vostri prodotti.</val>
		</str>
		<str name="provided" translate="yes">
			<val>Tramite l'ID Adobe sono stati registrati i prodotti.</val>
		</str>
		<str name="idservices" translate="yes">
			<val>L'ID Adobe vi consente di registrare i vostri prodotti e di configurare l´abbonamento ai servizi gratuiti Adobe CS Live.</val>
		</str>
		<str name="idis" translate="yes">
			<val>ID Adobe: {0}</val>
		</str>
		<str name="idnew" translate="yes">
			<val>Il vostro ID Adobe è: {0}</val>
		</str>
		
		<str name="email" translate="yes">
			<val>È stata inviata un'e-mail di verifica dell'indirizzo. La verifica è necessaria per l'utilizzo dei servizi Adobe CS Live.</val>
		</str>
		<str name="videos" translate="yes">
			<val>Visualizza le esercitazioni video</val>
		</str>
		<str name="explore" translate="yes">
			<val>Esplora i servizi Adobe CS LIVE</val>
		</str>
		<str name="videolink" translate="yes">
			<val>http://www.adobe.com/go/adobetv_howto</val>
		</str>		
		<str name="serviceslink" translate="yes">
			<val>http://www.adobe.com/go/cslive_it</val>
		</str>	
	</set> 
	
	
	<set name="upgrade">
		<str name="title" translate="yes">
			<val>Immettere aggiornamento num. di serie</val>
		</str>
		<str name="instruct1" translate="yes">
			<val>Il numero di serie è valido ma non è possibile individuare un prodotto idoneo sul computer.</val>
		</str>
		<str name="instruct2" translate="yes">
			<val>Per utilizzare il numero di serie immesso per l'aggiornamento, occorre essere in possesso di uno dei seguenti prodotti idonei. Scegliete il prodotto di cui siete in possesso e immettete il numero di serie:</val>
		</str>
		<str name="serial" translate="yes">
			<val>Numero di serie per questo prodotto:</val>
		</str>
		<str name="trial" translate="yes">
			<val>INSTALLA VERSIONE DI VALUTAZIONE</val>
		</str>
		<str name="confirm" translate="yes">
			<val>Questo numero di serie conferma {0}. </val>
		</str>
		<str name="second" translate="yes">
			<val>L'aggiornamento richiede un secondo prodotto idoneo. Selezionate il secondo prodotto di cui siete in possesso e immettete il numero di serie:</val>
		</str>
		<str name="selproduct" translate="yes">
			<val>Selezionate un prodotto</val>
		</str>
		<str name="nogood" translate="yes">
			<val>Il numero di serie non è per un prodotto idoneo. Immettetene un altro.</val>
		</str>
		<str name="account" translate="yes">
			<val>Se in passato sono stati registrati altri prodotti, potete accedere alla vostra {0}pagina dell'account{1} per individuare i numeri di serie esistenti.</val>
		</str>
		<str name="support" translate="yes">
			<val>Contattate l'{0}assistenza clienti{1} per ulteriore supporto.</val>
		</str>
		<str name="supportlink" translate="no">
			<val>http://www.adobe.com/go/support_loganalyzer</val>
		</str>
		<str name="accountlink" translate="yes">
			<val>http://www.adobe.com/go/adobemembership_it</val>
		</str>
	</set>
	
	<set name="upcode">
		<str name="header" translate="yes">
			<val>Immettete il codice di aggiornamento.</val>
		</str>
		<str name="instruct1" translate="yes">
			<val>Quando richiesto, riportate il seguente codice al rappresentante dell'assistenza:</val>
		</str>
		<str name="challenge" translate="yes">
			<val>Codice di verifica</val>
		</str>
		<str name="instruct2" translate="yes">
			<val>Immettete il codice fornito dal rappresentante dell'assistenza:</val>
		</str>
		<str name="support" translate="yes">
			<val>Codice assistenza</val>
		</str>
		<str name="codeError" translate="yes">
			<val>Codice di assistenza non valido</val>
		</str>
		
	</set>
	
	<set name="dvanote">
		<str name="header" translate="yes">
			<val>Importante</val>
		</str>
		<str name="warning32bit" translate="yes">
			<val>Sul computer è in esecuzione un sistema operativo a 32 bit. Adobe Premiere Pro CS5.5, Adobe Premiere Pro CS5, After Effects CS5.5 e After Effects CS5 possono essere eseguiti solo su sistemi operativi a 64 bit. Se desiderate utilizzare queste applicazioni, potete aggiornare il sistema operativo o installare le versioni CS4 a 32 bit incluse. {0}Ulteriori informazioni{1} su come individuare e installare le versioni CS4.</val>
		</str>
		<str name="learnMoreLink" translate="yes">
			<val>http://www.adobe.com/go/32bit_installation_it</val>
		</str>
	</set>

	<set name="nav">
		<str name="welcome" translate="yes">
			<val>BENVENUTI</val>
		</str>
		<str name="serial" translate="yes">
			<val>NUMERO DI SERIE</val>
		</str>
		<str name="id" translate="yes">
			<val>ID ADOBE</val>
		</str>
		<str name="options" translate="yes">
			<val>OPZIONI</val>
		</str>
		<str name="unoptions" translate="yes">
			<val>OPZIONI</val>
		</str>
		<str name="install" translate="yes">
			<val>INSTALLA</val>
		</str>
		<str name="uninstall" translate="yes">
			<val>DISINSTALLA</val>
		</str>
		<str name="thanks" translate="yes">
			<val>TERMINA</val>
		</str>
	</set>
	
	
	<set name="systemReq">
		<str name="ram" translate="yes">
			<val>{0} di RAM consigliati</val>
		</str>
		<str name="processor" translate="yes">
			<val>Processore {0} consigliato</val>
		</str>
		<str name="osWin" translate="yes">
			<val>Windows {0} consigliato</val>
		</str>
		<str name="osMac" translate="yes">
			<val>Mac {0} consigliato</val>
		</str>
		<str name="screen" translate="yes">
			<val>Risoluzione dello schermo {0} consigliata</val>
		</str>
	</set>
	
	<set name="installErrorCode">
		<str name="code0" translate="yes">
			<val>Installazione completata</val>
		</str>
		<str name="code6" translate="yes">
			<val>Eseguito con errori</val>
		</str>
		<str name="code7in" translate="yes">
			<val>Installazione non riuscita</val>
		</str>
		<str name="code7un" translate="yes">
			<val>Disinstallazione non riuscita</val>
		</str>
		<str name="code8" translate="yes">
			<val>Completato. Per completare il flusso di lavoro è necessario un riavvio.</val>
		</str>
		<str name="code11" translate="yes">
			<val>È già in esecuzione un'altra istanza di distribuzione</val>
		</str>
		<str name="code14" translate="yes">
			<val>Per l'installazione sono necessari i privilegi di amministratore</val>
		</str>
		<str name="code14un" translate="yes">
			<val>Per effettuare la disinstallazione è necessario disporre di priviliegi di amministrazione</val>
		</str>
		<str name="code19" translate="yes">
			<val>Sono in esecuzione processi in conflitto</val>
		</str>
		<str name="code24" translate="yes">
			<val>Installazione annullata</val>
		</str>
		<str name="code15" translate="yes">
			<val>Incoerenza nel database del programma di installazione. Riavviate il computer ed eseguite nuovamente l'installazione.</val>
		</str>
		<str name="code31" translate="yes">
			<val>La dimensione delle opzioni selezionate supera lo spazio disponibile sul disco rigido. Scegliete un disco rigido con spazio sufficiente ed eseguite nuovamente il programma di installazione.</val>
		</str>
		<str name="code9999" translate="yes">
			<val>Si è verificato un errore interno</val>
		</str>
		<str name="internalError" translate="yes">
			<val>Il programma di installazione ha rilevato un errore ({0}) durante l'installazione. Riavviate il computer e riprovate.</val>
		</str>
		<str name="uninternalError" translate="yes">
			<val>Il programma di installazione ha rilevato un errore ({0}) durante la disinstallazione. Riavviate il computer e riprovate.</val>
		</str>
	</set>
	
	<set name="prescreenResponse">
		<str name="header_NOT_ENABLED" translate="yes">
			<val>L´abbonamento per {0} è scaduto.</val>
		</str>
		<str name="body_NOT_ENABLED" translate="yes">
			<val>Rinnovate l´abbonamento o scegliete Indietro e installate il prodotto come versione di prova.</val>
		</str>
		<str name="footerLinkText_NOT_ENABLED" translate="yes">
			<val>Rinnova l´abbonamento</val>
		</str>
		<str name="footerLink_NOT_ENABLED" translate="no">
			<val>http://www.adobe.com/go/subscriptionedition</val>
		</str>
		
		<str name="header_OFFLINE" translate="yes">
			<val>Impossibile connettersi a Internet</val>
		</str>
		<str name="body_OFFLINE" translate="yes">
			<val>Per usare questo prodotto è necessaria una connessione Internet funzionante. Controllate le impostazioni di connessione e scegliete Riprova. Se i problemi persistono, contattate l´assistenza clienti o scegliete Indietro per installare questo prodotto come versione di prova.</val>
		</str>
		<str name="footerLinkText_OFFLINE" translate="yes">
			<val>Contatta l´assistenza clienti</val>
		</str>
		<str name="footerLink_OFFLINE" translate="yes">
			<val>http://www.adobe.com/go/support_it</val>
		</str>
		
		<str name="header_GENERIC_ERROR" translate="yes">
			<val>Impossibile avviare l'abbonamento per {0}</val>
		</str>
		<str name="body_GENERIC_ERROR" translate="yes">
			<val>Per completare l´installazione, scegliete di installare questo prodotto come versione di prova. Dopo aver installato il software e avviato l´applicazione, verrà richiesto di avviare l´abbonamento.</val>
		</str>
		<str name="footerLinkText_GENERIC_ERROR" translate="yes">
			<val>Contatta l´assistenza clienti</val>
		</str>
		<str name="footerLink_GENERIC_ERROR" translate="yes">
			<val>http://www.adobe.com/go/support_it</val>
		</str>
	</set>
	
	<set name="subsClaimResponse">
		<str name="failureStatusHeading" translate="yes">
			<val>Impossibile avviare l'abbonamento per {0}</val>
		</str>
		<str name="successStatusHeading" translate="yes">
			<val>Guida introduttiva: prodotti e servizi Adobe</val>
		</str>
		
		<str name="adobeIDInfo" translate="yes">
			<val>Abbiamo utilizzato il vostro ID Adobe per avviare l´abbonamento per {0} e configurare l'accesso ai servizi Adobe CS Live.</val>
		</str>
		
		<str name="idis" translate="yes">
			<val>Il vostro ID Adobe è: {0}</val>
		</str>
		<str name="idnew" translate="yes">
			<val>Il vostro ID Adobe è: {0}</val>
		</str>
		
		<str name="emailVerify" translate="yes">
			<val>La verifica dell'indirizzo e-mail è necessaria per iniziare ad utilizzare i servizi Adobe CS Live. Controllate la posta in arrivo.</val>
		</str>
		

		<str name="supLinkURL_EXCEPTION_DECODE_FAILED" translate="yes">
			<val>http://www.adobe.com/go/support_it</val>
		</str>			
		<str name="supLinkURL_EXCEPTION_NO_SUCH_USER" translate="yes">
			<val>http://www.adobe.com/go/support_it</val>
		</str>		
		<str name="supLinkURL_EXCEPTION_INVALID_DATA" translate="yes">
			<val>http://www.adobe.com/go/support_it</val>
		</str>
		<str name="supLinkURL_EXCEPTION_SKU_LOOKUP_FAILED" translate="yes">
			<val>http://www.adobe.com/go/support_it</val>
		</str>		
		<str name="supLinkURL_EXCEPTION_AUTHENTICATION_TIMEOUT" translate="yes">
			<val>http://www.adobe.com/go/support_it</val>
		</str>
		<str name="supLinkURL_EXCEPTION_SNSERVER_TIMEOUT" translate="yes">
			<val>http://www.adobe.com/go/support_it</val>
		</str>
		<str name="supLinkURL_EXCEPTION_INTERNAL_TIMEOUT" translate="yes">
			<val>http://www.adobe.com/go/support_it</val>
		</str>
		<str name="supLinkURL_EXCEPTION_INTERNAL_SERVER_ERROR" translate="yes">
			<val>http://www.adobe.com/go/support_it</val>
		</str>
		<str name="supLinkURL_EXCEPTION_SYSTEM_UNAVAILABLE_time" translate="yes">
			<val>http://www.adobe.com/go/support_it</val>
		</str>
		<str name="supLinkURL_EXCEPTION_SYSTEM_UNAVAILABLE" translate="yes">
			<val>http://www.adobe.com/go/support_it</val>
		</str>
		<str name="supLinkURL_EXCEPTION_COMPANY_CODE_MISMATCH" translate="yes">
			<val>http://www.adobe.com/go/subscription_learnmore_it</val>
		</str>
		<str name="supLinkURL_EXCEPTION_SUBSCRIPTION_ALREADY_CLAIMED_DIFF_ADOBEID" translate="yes">
			<val>http://www.adobe.com/go/support_it</val>
		</str>
		<str name="supLinkURL_ERROR_WITH_INFO" translate="yes">
			<val>http://www.adobe.com/go/support_it</val>
		</str>
		<str name="supLinkURL_GENERIC" translate="yes">
			<val>http://www.adobe.com/go/support_it</val>
		</str>
		
		
		<str name="supLinkLbl_EXCEPTION_DECODE_FAILED" translate="yes">
			<val>Contatta l´assistenza clienti</val>
		</str>			
		<str name="supLinkLbl_EXCEPTION_NO_SUCH_USER" translate="yes">
			<val>Contatta l´assistenza clienti</val>
		</str>		
		<str name="supLinkLbl_EXCEPTION_INVALID_DATA" translate="yes">
			<val>Contatta l´assistenza clienti</val>
		</str>
		<str name="supLinkLbl_EXCEPTION_SKU_LOOKUP_FAILED" translate="yes">
			<val>Contatta l´assistenza clienti</val>
		</str>		
		<str name="supLinkLbl_EXCEPTION_AUTHENTICATION_TIMEOUT" translate="yes">
			<val>Contatta l´assistenza clienti</val>
		</str>
		<str name="supLinkLbl_EXCEPTION_SNSERVER_TIMEOUT" translate="yes">
			<val>Contatta l´assistenza clienti</val>
		</str>
		<str name="supLinkLbl_EXCEPTION_INTERNAL_TIMEOUT" translate="yes">
			<val>Contatta l´assistenza clienti</val>
		</str>
		<str name="supLinkLbl_EXCEPTION_INTERNAL_SERVER_ERROR" translate="yes">
			<val>Contatta l´assistenza clienti</val>
		</str>
		<str name="supLinkLbl_EXCEPTION_SYSTEM_UNAVAILABLE_time" translate="yes">
			<val>Contatta l´assistenza clienti</val>
		</str>
		<str name="supLinkLbl_EXCEPTION_SYSTEM_UNAVAILABLE" translate="yes">
			<val>Contatta l´assistenza clienti</val>
		</str>
		<str name="supLinkLbl_EXCEPTION_SUBSCRIPTION_ALREADY_CLAIMED_DIFF_ADOBEID" translate="yes">
			<val>Contatta l´assistenza clienti</val>
		</str>
		<str name="supLinkLbl_EXCEPTION_COMPANY_CODE_MISMATCH" translate="yes">
			<val>Ulteriori informazioni</val>
		</str>
		<str name="supLinkLbl_ERROR_WITH_INFO" translate="yes">
			<val>Contatta l´assistenza clienti</val>
		</str>
		<str name="supLinkLbl_GENERIC" translate="yes">
			<val>Contatta l´assistenza clienti</val>
		</str>
		
		
		<str name="code_EXCEPTION_DECODE_FAILED" translate="yes">
			<val>Una volta avviato il prodotto, verrà richiesto di avviare l´abbonamento.</val>
		</str>			
		<str name="code_EXCEPTION_NO_SUCH_USER" translate="yes">
			<val>Una volta avviato il prodotto, verrà richiesto di avviare l´abbonamento.</val>
		</str>		
		<str name="code_EXCEPTION_INVALID_DATA" translate="yes">
			<val>Una volta avviato il prodotto, verrà richiesto di avviare l´abbonamento.</val>
		</str>
		<str name="code_EXCEPTION_SKU_LOOKUP_FAILED" translate="yes">
			<val>Una volta avviato il prodotto, verrà richiesto di avviare l´abbonamento.</val>
		</str>		
		<str name="code_EXCEPTION_AUTHENTICATION_TIMEOUT" translate="yes">
			<val>Attendete alcuni minuti e riprovate. Una volta avviato il prodotto, verrà anche richiesto di avviare l´abbonamento.</val>
		</str>
		<str name="code_EXCEPTION_SNSERVER_TIMEOUT" translate="yes">
			<val>Attendete alcuni minuti e riprovate. Una volta avviato il prodotto, verrà anche richiesto di avviare l´abbonamento.</val>
		</str>
		<str name="code_EXCEPTION_INTERNAL_TIMEOUT" translate="yes">
			<val>Attendete alcuni minuti e riprovate. Una volta avviato il prodotto, verrà anche richiesto di avviare l´abbonamento.</val>
		</str>
		<str name="code_EXCEPTION_INTERNAL_SERVER_ERROR" translate="yes">
			<val>Attendete alcuni minuti e riprovate. Una volta avviato il prodotto, verrà anche richiesto di avviare l´abbonamento.</val>
		</str>
		<str name="code_EXCEPTION_SYSTEM_UNAVAILABLE_time" translate="yes">
			<val>I nostri server sono attualmente offline per una manutenzione pianificata. Ci scusiamo per il ritardo. Riprovate alle {0}. Una volta avviato il prodotto, verrà richiesto di avviare l´abbonamento.</val>
		</str>
		<str name="code_EXCEPTION_SYSTEM_UNAVAILABLE" translate="yes">
			<val>I nostri server sono attualmente offline per una manutenzione pianificata. Ci scusiamo per il ritardo. Una volta avviato il prodotto, verrà richiesto di avviare l´abbonamento.</val>
		</str>
		<str name="code_EXCEPTION_COMPANY_CODE_MISMATCH" translate="yes">
			<val>Il paese in cui è stato acquistato questo prodotto non corrisponde a quello specificato nell´account Adobe. Avviando il prodotto verrà richiesto di accedere con un ID Adobe diverso.</val>
		</str>
		<str name="code_EXCEPTION_SUBSCRIPTION_ALREADY_CLAIMED_DIFF_ADOBEID" translate="yes">
			<val>Questo abbonamento è attualmente assegnato a un ID Adobe diverso. All´avvio del prodotto verrà richiesto di accedere con un ID Adobe diverso. Se il problema persiste, contattate l'assistenza clienti.</val>
		</str>
		<str name="code_ESS_TIMEOUT" translate="yes">
			<val>Attendete alcuni minuti e riprovate. Una volta avviato il prodotto, verrà anche richiesto di avviare l´abbonamento.</val>
		</str>
		
		<str name="code_ESS_FAILURE" translate="yes">
			<val>Attendete alcuni minuti e riprovate. Una volta avviato il prodotto, verrà anche richiesto di avviare l´abbonamento.</val>
		</str>
		
		<str name="code_GENERIC" translate="yes">
			<val>Una volta avviato il prodotto, verrà richiesto di avviare l´abbonamento.</val>
		</str>
	</set>
	
	<set name="claimResponse">
		<str name="code_" translate="yes">
			<val></val>
		</str>
		<str name="code_NonSaas_FAILURE" translate="yes">
			<val>Impossibile registrare il vostro prodotto in questo momento. Riprovate più tardi.</val>
		</str>
		<str name="code_EXCEPTION_DECODE_FAILED" translate="yes">
			<val>Numero di serie non valido. Impossibile avviare la vostra sottoscrizione a CS Live.</val>
		</str>
		<str name="code_EXCEPTION_NO_SUCH_USER" translate="yes">
			<val>Impossibile avviare la vostra sottoscrizione ad Adobe CS Live. Riprovate più tardi.</val>
		</str>
		<str name="code_EXCEPTION_INVALID_DATA" translate="yes">
			<val>Impossibile avviare la vostra sottoscrizione ad Adobe CS Live. Riprovate più tardi.</val>
		</str>
		<str name="code_EXCEPTION_WCD_TIMEOUT" translate="yes">
			<val>Impossibile avviare la vostra sottoscrizione ad Adobe CS Live. Riprovate più tardi.</val>
		</str>
		<str name="code_EXCEPTION_AUTHENTICATION_TIMEOUT" translate="yes">
			<val>Impossibile avviare la vostra sottoscrizione ad Adobe CS Live. Riprovate più tardi.</val>
		</str>
		<str name="code_EXCEPTION_SNSERVER_TIMEOUT" translate="yes">
			<val>Impossibile avviare la vostra sottoscrizione ad Adobe CS Live. Riprovate più tardi.</val>
		</str>
		<str name="code_EXCEPTION_WCD_SESSION_TIMEOUT" translate="yes">
			<val>Impossibile avviare la vostra sottoscrizione ad Adobe CS Live. Riprovate più tardi.</val>
		</str>
		<str name="code_ESS_TIMEOUT" translate="yes">
			<val>Impossibile avviare la vostra sottoscrizione ad Adobe CS Live. Riprovate più tardi.</val>
		</str>
		<str name="code_ESS_FAILURE" translate="yes">
			<val>Impossibile avviare la vostra sottoscrizione ad Adobe CS Live. Riprovate più tardi.</val>
		</str>
		<str name="code_EXCEPTION_INTERNAL_TIMEOUT" translate="yes">
			<val>Impossibile avviare la vostra sottoscrizione ad Adobe CS Live. Riprovate più tardi.</val>
		</str>
		<str name="code_EXCEPTION_INTERNAL_SERVER_ERROR" translate="yes">
			<val>Impossibile avviare la vostra sottoscrizione ad Adobe CS Live. Riprovate più tardi.</val>
		</str>
		<str name="code_EXCEPTION_SUBSCRIPTION_ALREADY_CLAIMED" translate="yes">
			<val>Avete già effettuato la registrazione ad Adobe CS Live. Effettuate l'accesso per utilizzare i servizi.</val>
		</str>
		<str name="code_EXCEPTION_CLAIM_ALREADY_PROCESSED" translate="yes">
			<val>A questo numero di serie è già associata una sottoscrizione Adobe CS Live. Effettuate l'accesso per utilizzare i servizi.</val>
		</str>
		<str name="code_EXCEPTION_SYSTEM_UNAVAILABLE_time" translate="yes">
			<val>Il server di registrazione Adobe è attualmente in manutenzione; la riattivazione è prevista per le ore {0}. Ci scusiamo per l'inconveniente. Riprovate all'ora indicata.</val>
		</str>
		<str name="code_EXCEPTION_SYSTEM_UNAVAILABLE" translate="yes">
			<val>Il server di registrazione Adobe è attualmente in manutenzione. Ci scusiamo per l'inconveniente. Riprovate più tardi.</val>
		</str>
		<str name="code_EXCEPTION_SYSTEM_UNAVAILABLE_time_saas" translate="yes">
			<val>Adobe CS Live è attualmente in manutenzione; la riattivazione è prevista per le ore {0}. Ci scusiamo per l'inconveniente. Riprovate all'ora indicata.</val>
		</str>
		<str name="code_EXCEPTION_SYSTEM_UNAVAILABLE_saas" translate="yes">
			<val>Adobe CS Live è attualmente in manutenzione. Ci scusiamo per l'inconveniente. Riprovate più tardi.</val>
		</str>
	</set>	
	
	<set name="alert">
		<str name="alertHeader" translate="yes">
			<val>Programma di installazione Adobe</val>
		</str>
		<str name="workflowCloseError" translate="yes">
			<val>Si è verificato un problema durante la chiusura dei flussi di lavoro non di distribuzione. Chiuderli e fare clic su Installa per avviare nuovamente l'installazione.</val>
		</str>
		<str name="workflowNeedCloseMessage" translate="yes">
			<val>Sono in esecuzione altre istanze di Adobe Application Manager (Gestione applicazioni Adobe) che occorre chiudere. Per continuare, chiuderle.</val>
		</str>
		<str name="cancelMsg" translate="yes">
			<val>Annullare?</val>
		</str>
		<str name="payloadDataError" translate="yes">
			<val>Errore di inizializzazione del programma di installazione</val>
		</str>
		<str name="payloadMappingError" translate="yes">
			<val>Errore di inizializzazione del programma di installazione</val>
		</str>
		<str name="driverSystemRequirementError" translate="yes">
			<val>Il prodotto non soddisfa i requisiti minimi di sistema.</val>
		</str>
		<str name="driverConflictError" translate="yes">
			<val>Su questo computer è presente una versione di {0} non definitiva o in conflitto. È necessario rimuovere la versione in conflitto prima di eseguire l'installazione dal supporto corrente.</val>
		</str>
		<str name="eulaDeclineMsg" translate="yes">
			<val>Per continuare è necessario accettare il Contratto di licenza con l'utente finale di Adobe. Rifiutare?</val>
		</str>
		<str name="authAdobeID" translate="yes">
			<val>Autenticazione ID Adobe in corso...</val>
		</str>
		<str name="sharedComponentMsgInstall" translate="yes">
			<val>Installazione dei componenti condivisi. Attendere... Potrebbero essere necessari alcuni minuti, in base ai componenti installati in precedenza.</val>
		</str>
		<str name="sharedComponentMsgUninstall" translate="yes">
			<val>Disinstallazione dei componenti condivisi. Attendere... Potrebbero essere necessari alcuni minuti, in base ai componenti installati in precedenza.</val>
		</str>
		<str name="diskPrompt" translate="yes">
			<val>Inserire il disco con l'etichetta {0} nell'unità {1}</val>
		</str>
		<str name="noDriverError" translate="yes">
			<val>Impossibile trovare il payload del driver</val>
		</str>
		<str name="installerNotApplicable" translate="yes">
			<val>{0} può essere installato solo su sistemi a 64 bit</val>
		</str>
		<str name="deactivateMessage" translate="yes">
			<val>Disattivazione. Attendere...</val>
		</str>
		<str name="deactivateFailMessage" translate="yes">
			<val>Impossibile disattivare il prodotto.</val>
		</str>
		<str name="restartMessage" translate="yes">
			<val>Vi consigliamo di riavviare il computer.</val>
		</str>
		
		<str name="connecting" translate="yes">
			<val>Connessione...</val>
		</str>
		
	</set>	
	
	
	<set name="isoToLanguage">
		<str name="ar_AE" translate="no"><val>العربية</val></str>
		<str name="en_GB" translate="no"><val>English (International)</val></str> 
		<str name="fr_CA" translate="no"><val>Français canadien</val></str>
		<str name="es_QM" translate="no"><val>Español (Middle East)</val></str>
		<str name="es_LA" translate="no"><val>Español de América Latina</val></str>
		<str name="es_NA" translate="no"><val>Español Norteamericano</val></str>
		<str name="bg_BG" translate="no"><val>Български</val></str>
		<str name="lv_LV" translate="no"><val>Latviešu</val></str>
		<str name="et_EE" translate="no"><val>Eesti</val></str>
		<str name="hr_HR" translate="no"><val>hrvatski</val></str>
		<str name="sl_SI" translate="no"><val>slovenščina</val></str>
		<str name="sk_SK" translate="no"><val>slovenčina</val></str>
		<str name="th_TH" translate="no"><val>ภาษาไทย</val></str> 
		<str name="vi_VN" translate="no"><val>Việt</val></str>
		<str name="en_XC" translate="no"><val>English (Central Europe)</val></str> 
		<str name="en_XM" translate="no"><val>English (Middle East)</val></str>
		<str name="fr_XM" translate="no"><val>Français Oriental Moyen</val></str>
		<str name="sq_AL" translate="no"><val>Shqip</val></str> 
		<str name="ar_SA" translate="no"><val>العربية</val></str>
		<str name="be_BY" translate="no"><val>Беларуская</val></str> 
		<str name="ca_ES" translate="no"><val>Català</val></str> 
		<str name="hi_IN" translate="no"><val>हिन्दी</val></str>
		<str name="is_IS" translate="no"><val>Íslenska</val></str> 
		<str name="lt_LT" translate="no"><val>Lietuvių</val></str>
		<str name="mk_MK" translate="no"><val>македонски</val></str>
		<str name="nn_NO" translate="no"><val>Norsk (Nynorsk)</val></str>
		<str name="pt_PT" translate="no"><val>Português de Portugal</val></str> 
		<str name="sh_YU" translate="no"><val>Srpsko-Hrvatski</val></str> 
		<str name="sr_YU" translate="no"><val>Cрпски</val></str> 
		<str name="kk_KZ" translate="no"><val>Қазақ</val></str>
		<str name="az_AZ" translate="no"><val>Azərbaycan dili</val></str> 
		<str name="es_MX" translate="no"><val>Español (América Latina)</val></str>
		<str name="no_NO" translate="no"><val>Norwegian</val></str> 
		<str name="cs_CZ" translate="no"><val>Česky</val></str>
		<str name="de_DE" translate="no"><val>Deutsch</val></str>
		<str name="el_GR" translate="no"><val>Ελληνικά</val></str>
		<str name="en_US" translate="no"><val>English (North America)</val></str> 
		<str name="es_ES" translate="no"><val>Español</val></str> 
		<str name="fr_FR" translate="no"><val>Français</val></str>
		<str name="he_IL" translate="no"><val>עברית</val></str> 
		<str name="hu_HU" translate="no"><val>Magyar</val></str> 
		<str name="it_IT" translate="no"><val>Italiano</val></str>
		<str name="ja_JP" translate="no"><val>日本語</val></str>
		<str name="ko_KR" translate="no"><val>한국어</val></str>
		<str name="nl_NL" translate="no"><val>Nederlands</val></str>
		<str name="pl_PL" translate="no"><val>Polski</val></str>
		<str name="ro_RO" translate="no"><val>Română</val></str>
		<str name="ru_RU" translate="no"><val>Pусский</val></str>
		<str name="sv_SE" translate="no"><val>Svenska</val></str>
		<str name="tr_TR" translate="no"><val>Türkçe</val></str>
		<str name="uk_UA" translate="no"><val>Українська</val></str>
		<str name="zh_CN" translate="no"><val>简体中文</val></str>
		<str name="zh_TW" translate="no"><val>繁體中文</val></str>
		<str name="da_DK" translate="no"><val>Dansk</val></str>
		<str name="fi_FI" translate="no"><val>Suomi</val></str>
		<str name="nb_NO" translate="no"><val>Norsk (Bokmål)</val></str> 
		<str name="pt_BR" translate="no"><val>Português do Brasil</val></str>
	</set>	
</asf>
