<?xml version='1.0' encoding='utf-8'?>
<!DOCTYPE asf SYSTEM "http://ns.adobe.com/asf/asf_1_0.dtd" >
<asf xmlns="http://ns.adobe.com/asf" locale="uk_UA" version="1.0">
	
	<set name="common">
		<str name="windowTitle" translate="yes">
			<val>Продукт Adobe</val>
		</str>
		<str name="day" translate="yes">
			<val>дн.</val>
		</str>
		<str name="days" translate="yes">
			<val>дн.</val>
		</str>
	</set>
	
	<set name="eula">
		<str name="eula" translate="yes">
			<val>Ліцензійна угода щодо програмного забезпечення Adobe</val>
		</str>
		<str name="accept" translate="yes">
			<val>Прийняти</val>
		</str>
		<str name="quit" translate="yes">
			<val>Вихід</val>
		</str>		
	</set>

	<set name="register">
		<set name="trial">
			<set name="online">
				<str name="title" translate="yes">
					<val>Необхідно ввійти</val>
				</str>
				<str name="message" translate="yes">
					<val>Увійдіть за допомогою Adobe ID, щоб використовувати ознайомлювальну версію {0}.</val>
				</str>
				<str name="message_device" translate="yes">
					<val>Цю ознайомлювальну версію буде зареєстровано на ваш Adobe ID: {0}.</val>
				</str>
				<str name="notYou" translate="yes">
					<val>(Не ваш Adobe ID?)</val>
				</str>
				<str name="signInNow" translate="yes">
					<val>Увійти зараз</val>
				</str>
				<str name="signIn" translate="yes">
					<val>Увійти</val>
				</str>
				<str name="termTitle" translate="yes">
					<val>Умови та положення використання пробного програмного забезпечення.</val>
				</str>
				<str name="termPara1" translate="yes">
					<val>Вам може бути запропоновано надати нам додаткову інформацію, аби ми могли персоналізувати вміст відповідно до ваших потреб. Персоналізований вміст можна вимкнути у будь-який час, відкривши «Параметри конфіденційності» на екрані пробної версії.</val>
				</str>
				<str name="termPara2" translate="yes">
					<val>Щоб дізнатись, які дані стосовно використання вами продукту збирає Adobe та як їх використовує, у тому числі, як здійснює рекламні кампанії згідно з вашими інтересами, натисніть {0}це посилання{1} та ознайомтесь із {2}Онлайновою політикою конфіденційності Adobe{3}.</val>
				</str>
				<str name="privacyPortalLink" translate="yes">
					<val>http://www.adobe.com/go/adobe_privacy_portal_ua</val>
				</str>
				<str name="privacyPolicyLink" translate="yes">
					<val>http://www.adobe.com/go/privacy_ua</val>
				</str>
			</set>
		</set>
		
		<set name="subscription">
			<str name="title" translate="yes">
				<val>Необхідно ввійти</val>
			</str>			
			<str name="message" translate="yes">
				<val>Щоб користуватись цим продуктом і зареєструвати його під своїм Adobe ID, потрібно виконати вхід. Adobe ID надає зручний доступ до своїх серійних номерів, а також до послуги Adobe Creative Cloud і спільноти Adobe.com.</val>
			</str>
			<str name="userEmail" translate="yes">
				<val>Вхід буде виконано з таким Adobe ID: {0}.</val>
			</str>
			<str name="notYou" translate="yes">
				<val>(Не ваш Adobe ID?)</val>
			</str>
			<str name="signInNow" translate="yes">
				<val>Увійти зараз</val>
			</str>
			<str name="signIn" translate="yes">
				<val>Увійти</val>
			</str>
			<str name="back" translate="yes">
				<val>Назад</val>
			</str>
		</set>
		
		
		<set name="serial">
			<set name="grace">
				<str name="title" translate="yes">
					<val>Необхідно ввійти</val>
				</str>			
				<str name="message" translate="yes">
					<val>Увійдіть за допомогою Adobe ID, щоб зареєструвати {0}. Це необхідно зробити протягом {1}, інакше програма припинить працювати.</val>
				</str>
				<str name="benefit" translate="yes">
					<val>Adobe ID надає зручний спосіб отримувати доступ до серійних номерів, Adobe Creative Cloud і спільноти Adobe.com.</val>
				</str>
				<str name="userEmail" translate="yes">
					<val>Вхід буде виконано з таким Adobe ID: {0}.</val>
				</str>
				<str name="notYou" translate="yes">
					<val>(Не ваш Adobe ID?)</val>
				</str>
				<str name="signInNow" translate="yes">
					<val>Увійти зараз</val>
				</str>
				<str name="signIn" translate="yes">
					<val>Увійти</val>
				</str>
				<str name="signInLater" translate="yes">
					<val>Увійти пізніше</val>
				</str>
			</set>
			
			<set name="post_grace">
				<str name="title" translate="yes">
					<val>Необхідно ввійти</val>
				</str>			
				<str name="message" translate="yes">
					<val>Перед наступним використанням {0} необхідно ввійти за допомогою Adobe ID, щоб зареєструвати програму.</val>
				</str>
				<str name="benefit" translate="yes">
					<val>Adobe ID надає зручний спосіб отримувати доступ до серійних номерів, Adobe Creative Cloud і спільноти Adobe.com.</val>
				</str>
				<str name="userEmail" translate="yes">
					<val>Вхід буде виконано з таким Adobe ID: {0}.</val>
				</str>
				<str name="notYou" translate="yes">
					<val>(Не ваш Adobe ID?)</val>
				</str>
				<str name="signInNow" translate="yes">
					<val>Увійти зараз</val>
				</str>
				<str name="signIn" translate="yes">
					<val>Увійти</val>
				</str>
				<str name="signInLater" translate="yes">
					<val>Увійти пізніше</val>
				</str>
			</set>
		
			<set name="post_bonus">
				<str name="title" translate="yes">
					<val>Необхідно ввійти</val>
				</str>			
				<str name="message" translate="yes">
					<val>Щоб використовувати {0}, необхідно ввійти за допомогою Adobe ID для реєстрації.</val>
				</str>
				<str name="benefit" translate="yes">
					<val>Adobe ID надає зручний спосіб отримувати доступ до серійних номерів, Adobe Creative Cloud і спільноти Adobe.com.</val>
				</str>
				<str name="userEmail" translate="yes">
					<val>Вхід буде виконано з таким Adobe ID: {0}.</val>
				</str>
				<str name="notYou" translate="yes">
					<val>(Не ваш Adobe ID?)</val>
				</str>
				<str name="signInNow" translate="yes">
					<val>Увійти зараз</val>
				</str>
				<str name="signIn" translate="yes">
					<val>Увійти</val>
				</str>
				<str name="quit" translate="yes">
					<val>Вихід</val>
				</str>
			</set>
		
			<set name="go_online_grace">
				<str name="title" translate="yes">
					<val>Необхідно ввійти</val>
				</str>			
				<str name="message" translate="yes">
					<val>Підключіться до Інтернету. Увійдіть за допомогою Adobe ID, щоб зареєструвати {0}. Це необхідно зробити протягом {1}, інакше програма припинить працювати.</val>
				</str>
				<str name="benefit" translate="yes">
					<val>Adobe ID надає зручний спосіб отримувати доступ до серійних номерів, Adobe Creative Cloud і спільноти Adobe.com.</val>
				</str>
				<str name="userEmail" translate="yes">
					<val>Вхід буде виконано з таким Adobe ID: {0}.</val>
				</str>
				<str name="notYou" translate="yes">
					<val>(Не ваш Adobe ID?)</val>
				</str>
				<str name="noInternet" translate="yes">
					<val>Не вдається підключитися до Інтернету?</val>
				</str>
				<str name="signInNow" translate="yes">
					<val>Увійти зараз</val>
				</str>
				<str name="signIn" translate="yes">
					<val>Увійти</val>
				</str>
				<str name="signInLater" translate="yes">
					<val>Увійти пізніше</val>
				</str>
			</set>
		
			<set name="go_online_post_grace">
				<str name="title" translate="yes">
					<val>Необхідно ввійти</val>
				</str>			
				<str name="message" translate="yes">
					<val>Перед наступним використанням {0} необхідно ввійти за допомогою Adobe ID, щоб зареєструвати програму.</val>
				</str>
				<str name="benefit" translate="yes">
					<val>Adobe ID надає зручний спосіб отримувати доступ до серійних номерів, Adobe Creative Cloud і спільноти Adobe.com.</val>
				</str>
				<str name="userEmail" translate="yes">
					<val>Вхід буде виконано з таким Adobe ID: {0}.</val>
				</str>
				<str name="notYou" translate="yes">
					<val>(Не ваш Adobe ID?)</val>
				</str>
				<str name="noInternet" translate="yes">
					<val>Не вдається підключитися до Інтернету?</val>
				</str>
				<str name="signInNow" translate="yes">
					<val>Увійти зараз</val>
				</str>
				<str name="signIn" translate="yes">
					<val>Увійти</val>
				</str>
				<str name="signInLater" translate="yes">
					<val>Увійти пізніше</val>
				</str>
			</set>
		
			<set name="go_online_post_bonus">
				<str name="title" translate="yes">
					<val>Необхідно ввійти</val>
				</str>			
				<str name="message" translate="yes">
					<val>Щоб використовувати {0}, необхідно ввійти за допомогою Adobe ID для реєстрації.</val>
				</str>
				<str name="benefit" translate="yes">
					<val>Adobe ID надає зручний спосіб отримувати доступ до серійних номерів, Adobe Creative Cloud і спільноти Adobe.com.</val>
				</str>
				<str name="userEmail" translate="yes">
					<val>Вхід буде виконано з таким Adobe ID: {0}.</val>
				</str>
				<str name="noInternet" translate="yes">
					<val>Не вдається підключитися до Інтернету?</val>
				</str>
				<str name="notYou" translate="yes">
					<val>(Не ваш Adobe ID?)</val>
				</str>
				<str name="signInNow" translate="yes">
					<val>Увійти зараз</val>
				</str>
				<str name="signIn" translate="yes">
					<val>Увійти</val>
				</str>
				<str name="quit" translate="yes">
					<val>Вихід</val>
				</str>
			</set>
		</set>
	</set>
	
	
	<set name="registerOptional">
		<set name="serial">
			<str name="title" translate="yes">
				<val>Реєстрація продукту</val>
			</str>			
			<str name="paragraphOneText" translate="yes">
				<val>Зареєструйте {0} за допомогою свого ідентифікатора Adobe ID.</val>
			</str>
			<str name="paragraphOneTextWithAdobeID" translate="yes">
				<val>Зареєструйте {0} за допомогою свого ідентифікатора Adobe ID:</val>
			</str>
			<str name="paragraphTwoHeader" translate="yes">
				<val>Зареєструвавши продукт, ви зможете:</val>
			</str>
			<str name="pointOne" translate="yes">
				<val>Отримувати технічну підтримку</val>
			</str>
			<str name="pointTwo" translate="yes">
				<val>Мати свій серійний номер під рукою</val>
			</str>
			<str name="pointThree" translate="yes">
				<val>Своєчасно отримувати сповіщення й оновлення для {0}</val>
			</str>
			<str name="pointFour" translate="yes">
				<val>Отримати {0}додаткові переваги{1} за реєстрацію.</val>
			</str>
			<str name="complementaryBenefitsLink" translate="yes">
				<val>https://www.adobe.com/go/benefit_ua</val>
			</str>
			<str name="notYou" translate="yes">
				<val>(Не ви?)</val>
			</str>
			<str name="neverCheckBoxText" translate="yes">
				<val>Більше не показувати</val>
			</str>
			<str name="registerNow" translate="yes">
				<val>Зареєструвати зараз</val>
			</str>
			<str name="skip" translate="yes">
				<val>Пропустити</val>
			</str>
		</set>
	</set>
	
	<set name="trialLaunch">
		<str name="title" translate="yes">
			<val>Демо {0}</val>
		</str>
		
		<set name="start">
			<str name="info" translate="yes">
				<val>Залишилося {0} дн. ознайомлювального періоду.</val>
			</str>
			<str name="info_day" translate="yes">
				<val>Днів до завершення ознайомлювального періоду: {0}.</val>
			</str>
			<str name="additionalInfo" translate="yes">
				<val>Ви можете продовжувати користуватися {0} після завершення ознайомлювального терміну, придбавши програмне забезпечення.</val>
			</str>
		</set>
		
		<set name="grace">
			<str name="info" translate="yes">
				<val>Випробувальний термін закінчиться через {0} дн.</val>
			</str>
			<str name="info_day" translate="yes">
				<val>Випробувальний термін закінчиться через {0} день.</val>
			</str>
			<str name="additionalInfo" translate="yes">
				<val>Ви можете продовжувати користуватися {0} після завершення ознайомлювального терміну, придбавши програмне забезпечення.</val>
			</str>
		</set>
		
		<set name="bonus">
			<str name="info" translate="yes">
				<val>Останній ознайомлювальний запуск.</val>
			</str>
			<str name="additionalInfo" translate="yes">
				<val>Ознайомлювальний термін сплив, однак ви можете скористатися програмою {0} востаннє.</val>
			</str>
			<str name="bonusInfo" translate="yes">
				<val>Ви можете продовжувати користуватися {0}, придбавши програмне забезпечення.</val>
			</str>
		</set>
		
		<set name="expired">
			<str name="info" translate="yes">
				<val>Ознайомлювальний термін сплив.</val>
			</str>
			<str name="additionalInfo" translate="yes">
				<val>Ви можете продовжувати користуватися {0}, придбавши програмне забезпечення.</val>
			</str>
		</set>
		
		<str name="daysRemaining" translate="yes">
			<val>Днів до завершення:</val>
		</str>
		<str name="dayRemaining" translate="yes">
			<val>Залишилося днів</val>
		</str>
		<str name="buy" translate="yes">
			<val>Придбати зараз</val>
		</str>
		<str name="buyLink" translate="no">
			<val>http://www.adobe.com/go/buy</val>
		</str>
		<str name="continue" translate="yes">
			<val>Продовжити ознайомлення</val>
		</str>
		<str name="startTrial" translate="yes">
			<val>Розпочати ознайомлення</val>
		</str>
		<str name="enterSerial" translate="yes">
			<val>Отримати ліцензійну версію</val>
		</str>		
	</set>
	
	<set name="deactivate">
		<str name="title" translate="yes">
			<val>Деактивація</val>
		</str>
		<str name="title_Fail" translate="yes">
			<val>Помилка деактивації</val>
		</str>
		<str name="infoSubscription" translate="yes">
			<val>У разі деактивації програми підписка не змінюється. Щоб змінити підписку, перейдіть у {0}Диспетчер підписки{1}.</val>
		</str>
		<str name="infoSubscriptionCCMTeam" translate="yes">
			<val>У разі деактивації програми підписка не змінюється.</val>
		</str>
		<str name="message" translate="yes">
			<val>Деактивація дає змогу активувати продукти Adobe на іншому комп’ютері за умови дотримання положень {0}Ліцензійної угоди щодо програмного забезпечення{1}. Перед деактивацією переконайтеся, що комп’ютер підключено до Інтернету. Щоб повторно активувати продукт на цьому комп’ютері, потрібно ввести серійний номер.</val>
		</str>
		<str name="messageSubscription" translate="yes">
			<val>Деактивація дає змогу активувати продукти Adobe на іншому комп’ютері за умови дотримання положень {0}Ліцензійної угоди щодо програмного забезпечення{1}. Перед деактивацією переконайтеся, що комп’ютер підключено до Інтернету.</val>
		</str>
		<str name="deActivationMsgError" translate="yes">
			<val>Якщо проблема не зникне, зверніться до служби {0}підтримки клієнтів{1}. {2}</val>
		</str>
		<str name="customerSupportLink" translate="yes">
			<val>http://www.adobe.com/go/customer_support_ua</val>
		</str>
		<str name="eula_Link" translate="yes">
			<val>http://www.adobe.com/go/eulas_ua</val>
		</str>
		<str name="subscriptionManagerLinkForCC" translate="yes">
			<val> http://www.adobe.com/go/cc_manage_act_ua</val>
		</str>
		<str name="subscriptionManagerLinkForNonCC" translate="yes">
			<val>http://www.adobe.com/go/subscriptionedition_ua</val>
		</str>
		<str name="failure" translate="yes">
			<val>Помилка деактивації. Спробуйте ще раз.</val>
		</str>
		<str name="deactivate" translate="yes">
			<val>Деактивувати</val>
		</str>		
		<str name="cancel" translate="yes">
			<val>Скасувати</val>
		</str>
		<str name="continue" translate="yes">
			<val>Продовжити</val>
		</str>
		
		<str name="offline" translate="yes">
			<val>Підключіться до Інтернету та повторіть спробу</val>
		</str>		
		<str name="offlineMsg" translate="yes">
			<val>Помилка деактивації. Перевірте підключення до Інтернету та спробуйте ще раз. Якщо проблема не зникне, зверніться до служби {0}підтримки клієнтів{1}.</val>
		</str>	
		<str name="customerSupportLink" translate="yes">
			<val>http://www.adobe.com/go/customer_support_ua</val>
		</str>
	</set>
	
	<set name="trialFailed">
		<str name="title" translate="yes">
			<val>Ознайомлювальну версію не ініціалізовано</val>
		</str>
		<str name="warning" translate="yes">
			<val>Ліцензія більше не працює.</val>
		</str>
		<str name="message" translate="yes">
			<val>Не вдалося ліцензувати цей продукт. Перевстановіть цей продукт і повторіть спробу. Якщо проблема не зникне після перевстановлення, зверніться за допомогою до служби {0}підтримки клієнтів{1}.</val>
		</str>
		<str name="customerSupportLink" translate="yes">
			<val>http://www.adobe.com/go/customer_support_ua</val>
		</str>
		<str name="close" translate="yes">
			<val>Закрити</val>
		</str>
		<str name="enterSerial" translate="yes">
			<val>Отримати ліцензійну версію</val>
		</str>
	</set>
	
	<set name="validateSerial">
		<str name="title" translate="yes">
			<val>Перевірка серійного номера</val>
		</str>
		
		<set name="grace">
			<str name="message" translate="yes">
				<val>Підключіться до Інтернету, щоб перевірити серійний номер. Якщо перевірку не буде виконано протягом {0}, програма припинить працювати.</val>
			</str>
		</set>
		
		<set name="post_grace">
			<str name="message" translate="yes">
				<val>Підключіться до Інтернету, щоб перевірити серійний номер. Під час наступного запуску необхідно буде підключитися до Інтернету, інакше програма не працюватиме.</val>
			</str>
		</set>
		
		<set name="post_bonus">
			<str name="message" translate="yes">
				<val>Підключіться до Інтернету, щоб перевірити серійний номер. Програма не працюватиме без активації та перевірки серійного номера. Щоб продовжити, необхідно підключитися до Інтернету.</val>
			</str>
		</set>
		
		<str name="noInternet" translate="yes">
			<val>Не вдається підключитися до Інтернету?</val>
		</str>
		<str name="validate" translate="yes">
			<val>Перевірити</val>
		</str>
		<str name="connectLater" translate="yes">
			<val>Підключитися пізніше</val>
		</str>
		<str name="quit" translate="yes">
			<val>Вихід</val>
		</str>
	</set>

	<set name="deactivateSuccess">
		<str name="title" translate="yes">
			<val>Деактивацію виконано</val>
		</str>
		<str name="message" translate="yes">
			<val>Тепер ви можете використовувати {0} на іншому комп’ютері. Щоб згодом знову використовувати {0} на цьому комп’ютері, повторно введіть дійсний серійний номер або виберіть «Випробувати» та введіть ідентифікатор Adobe ID, пов’язаний із вашою підпискою.</val>
		</str>
		<str name="close" translate="yes">
			<val>Закрити</val>
		</str>	
	</set>
	
	<set name="offlineScrim">
		<str name="title" translate="yes">
			<val>Підключіться до Інтернету та повторіть спробу</val>
		</str>
		<str name="message" translate="yes">
			<val>Ваш комп’ютер не підключений до Інтернету. Для продовження роботи підключіться до Інтернету та повторіть спробу. Якщо проблема не зникне, зверніться за допомогою до служби {0}підтримки клієнтів{1}.</val>
		</str>
		<str name="offlineActivationMsg" translate="yes">
			<val>Якщо цей комп’ютер неможливо підключити до Інтернету, дізнайтеся більше на сторінці {0}, використовуючи пристрій із доступом до Інтернету.</val>
		</str>
		<str name="offlineActivationLink" translate="yes">
			<val>http://www.adobe.com/go/getactivated_ua</val>
		</str>
		<str name="customerSupportLink" translate="yes">
			<val>http://www.adobe.com/go/customer_support_ua</val>
		</str>
		<str name="retry" translate="yes">
			<val>Повторити</val>
		</str>
		<str name="connectLater" translate="yes">
			<val>Підключитися пізніше</val>
		</str>
		<str name="cancel" translate="yes">
			<val>Скасувати</val>
		</str>
	</set>
	
	<set name="dspEntitlementOfflineScrim">
		<str name="title" translate="yes">
			<val>Потрібне інтернет-з'єднання для підписки</val>
		</str>
		<str name="message" translate="yes">
			<val>Для оформлення підписки потрібне інтернет-з'єднання. Якщо у вас є підписка, підключіться до Інтернету та натисніть кнопку «Повторити».</val>
		</str>
		<str name="serialInfo" translate="yes">
			<val>Якщо у вас є серійний номер, натисніть кнопку «Ввести серійний номер», щоб продовжити.</val>
		</str>
		<str name="retry" translate="yes">
			<val>Повторити</val>
		</str>
		<str name="enterSerialNumber" translate="yes">
			<val>Ввести серійний номер</val>
		</str>
		<str name="cancel" translate="yes">
			<val>Назад</val>
		</str>
	</set>
	
	<set name="screenLoading">
		<str name="loading" translate="yes">
			<val>Завантаження...</val>
		</str>
		<str name="validatingSerial" translate="yes">
			<val>Триває перевірка серійного номера. Це може зайняти кілька секунд.</val>
		</str>
	</set>
	
	<set name="overActivation">
		<str name="title" translate="yes">
			<val>Серійний номер</val>
		</str>
		<str name="stepMessage" translate="yes">
			<val>Серійний номер {0} уже використовується на максимально дозволеній кількості комп’ютерів. Щоб використовувати цей продукт, деактивуйте інший комп’ютер протягом {1} днів.</val>
		</str>
		<str name="stepMessageOneDay" translate="yes">
			<val>Серійний номер {0} уже використовується на максимально дозволеній кількості комп’ютерів. Щоб використовувати цей продукт, деактивуйте інший комп’ютер протягом одного дня.</val>
		</str>
		<str name="stepMessageBonusLaunch" translate="yes">
			<val>Серійний номер {0} уже використовується на максимально дозволеній кількості комп’ютерів. Щоб використовувати {1} на цьому комп’ютері знову, деактивуйте інший комп’ютер або введіть відповідний серійний номер.</val>
		</str>
		<str name="radioButton1" translate="yes">
			<val>Повторити спробу активації. Один із комп’ютерів уже деактивовано.</val>
		</str>
		<str name="radioButton2" translate="yes">
			<val>Надати інший серійний номер.</val>
		</str>
		<str name="continue" translate="yes">
			<val>Продовжити</val>
		</str>
	</set>
	
	<set name="activationFailure">
		<str name="title" translate="yes">
			<val>Помилка активації</val>
		</str>
		<str name="activationStepError" translate="yes">
			<val>Не вдалося активувати {0}.</val>
		</str>
		<str name="activationMsgError" translate="yes">
			<val>Перевірте параметри підключення до Інтернету та спробуйте ще раз. Якщо проблема не зникне, зверніться до служби {0}підтримки клієнтів{1}. {2}</val>
		</str>
		<str name="customerSupportLink" translate="yes">
			<val>http://www.adobe.com/go/customer_support_ua</val>
		</str>
		<str name="close" translate="yes">
			<val>Закрити</val>
		</str>
		<str name="retry" translate="yes">
			<val>Повторити</val>
		</str>
	</set>
	<set name="activationRequired">
		<str name="title" translate="yes">
			<val>Потрібна активація</val>
		</str>
		<str name="activationMsgOneDay" translate="yes">
			<val>Підключіться до Інтернету. Необхідно активувати програму {0} протягом 1 дня, інакше вона припинить працювати.</val>
		</str>
		<str name="activationMsg" translate="yes">
			<val>Підключіться до Інтернету. Необхідно активувати програму {0} протягом {1} днів, інакше вона припинить працювати.</val>
		</str>
		<str name="activationMsgBonus" translate="yes">
			<val>Підключіться до Інтернету. Необхідно активувати програму {0} сьогодні, інакше вона припинить працювати.</val>
		</str>
		<str name="activateLater" translate="yes">
			<val>Активувати пізніше</val>
		</str>
		<str name="retry" translate="yes">
			<val>Активувати зараз</val>
		</str>
	</set>
	
	<set name="confirmationDialog">
		<str name="title" translate="yes">
			<val>Вихід</val>
		</str>
		<str name="message" translate="yes">
			<val>Дійсно вийти?</val>
		</str>
		<str name="primaryButtonLabel" translate="yes">
			<val>Так</val>
		</str>
		<str name="secondaryButtonLabel" translate="yes">
			<val>Ні</val>
		</str>
	</set>
	
	<set name="inAppTrials">
		<str name="loading" translate="yes">
			<val>Завантаження...</val>
		</str>
		<str name="title" translate="yes">
			<val>Демо {0}</val>
		</str>
		<str name="continue" translate="yes">
			<val>Продовжити ознайомлення</val>
		</str>
		<str name="startTrial" translate="yes">
			<val>Розпочати ознайомлення</val>
		</str>
		<str name="enterSerial" translate="yes">
			<val>Отримати ліцензійну версію</val>
		</str>
		<str name="privacySettings" translate="yes">
			<val>Параметри конфіденційності</val>
		</str>
		<str name="tutorialsList" translate="yes">
			<val>{0} із {1}</val>
		</str>
		<str name="videoLoadingError" translate="yes">
			<val>Не вдалося завантажити відео.</val>
		</str>
		<str name="tryAgain" translate="yes">
			<val>Спробувати ще раз</val>
		</str>
		<str name="exitFullScreen" translate="yes">
			<val>Натисніть кнопку Esc, щоб вийти з режиму «На весь екран».</val>
		</str>
		<str name="okay" translate="yes">
			<val>ОК</val>
		</str>
		<str name="cancel" translate="yes">
			<val>Скасувати</val>
		</str>
		<str name="privacyText" translate="yes">
			<val>Вам може бути запропоновано надати нам додаткову інформацію, як-от досвід роботи з програмним забезпеченням, аби персоналізувати вміст відповідно до ваших потреб.</val>
		</str>
		<str name="privacyPolicyText" translate="yes">
			<val>Щоб дізнатись, які дані стосовно використання вами продукту збирає Adobe та як їх використовує, у тому числі, як здійснює рекламні кампанії згідно з вашими інтересами, {0}натисніть це посилання{1} та ознайомтесь із {2}Онлайновою політикою конфіденційності Adobe{3}</val>
		</str>
		<str name="optInText" translate="yes">
			<val>Вимкніть відображення персоналізованого пробного вмісту. Під час наступного запуску пробної версії персоналізований вміст не відображатиметься.</val>
		</str>
		<str name="privacyPortalLink" translate="yes">
			<val>http://www.adobe.com/go/adobe_privacy_portal_ua</val>
		</str>
		<str name="privacyPolicyLink" translate="yes">
			<val>http://www.adobe.com/go/privacy_ua</val>
		</str>		
		
	</set>
	
	<set name="noInternetConnection">
		<str name="title" translate="yes">
			<val>Відсутнє інтернет-з'єднання</val>
		</str>
		<str name="para1" translate="yes">
			<val>На цьому комп'ютері не виявлено інтернет-з'єднання.</val>
		</str>
		<str name="para2" translate="yes">
			<val>Необхідно виконати активацію та реєстрацію протягом {0} днів. Якщо комп'ютер підключено до Інтернету, цей процес забере лише кілька хвилин.</val>
		</str>
		<str name="para2_day" translate="yes">
			<val>Потрібно виконати активацію та реєстрацію протягом 1 дня. Якщо комп'ютер підключено до Інтернету, цей процес забере лише кілька хвилин.</val>
		</str>
		<str name="para2_end" translate="yes">
			<val>Необхідно виконати активацію та реєстрацію. Якщо комп'ютер підключено до Інтернету, цей процес забере лише кілька хвилин.</val>
		</str>
		<str name="para2_optional" translate="yes">
			<val>Необхідно виконати активацію протягом {0} днів. Якщо комп’ютер можна підключити до Інтернету, цей процес забере лише кілька хвилин.</val>
		</str>
		<str name="para2_day_optional" translate="yes">
			<val>Необхідно виконати активацію протягом 1 дня. Якщо комп’ютер можна підключити до Інтернету, цей процес забере лише кілька хвилин.</val>
		</str>
		<str name="para2_end_optional" translate="yes">
			<val>Необхідно виконати активацію. Якщо комп’ютер можна підключити до Інтернету, цей процес забере лише кілька хвилин.</val>
		</str>
		<str name="para3" translate="yes">
			<val>Якщо на цьому комп'ютері не вдається встановити з'єднання з Інтернетом, виберіть варіант «Активація в автономному режимі». Для активації програмного забезпечення в автономному режимі знадобиться пристрій із доступом до Інтернету й серійний номер вашого продукту.</val>
		</str>
		<str name="para3_optional" translate="yes">
			<val>Якщо комп’ютер неможливо підключити до Інтернету, натисніть кнопку «Активація в автономному режимі». Для виконання активації в автономному режимі знадобиться пристрій, підключений до Інтернету, і серійний номер продукту.</val>
		</str>
		<str name="hyperlinkText" translate="yes">
			<val>Комп'ютер підключено до Інтернету. Не знаю, в чому проблема.</val>
		</str>
		<str name="hyperlinkTooltipText" translate="yes">
			<val>Зверніться до свого адміністратора або зв'яжіться зі службою підтримки клієнтів Adobe.</val>
		</str>
		<str name="offlineActivate" translate="yes">
			<val>Активація в автономному режимі</val>
		</str>
		<str name="back" translate="yes">
			<val>Назад</val>
		</str>
	</set>
	
	<set name="offlineActivation">
		<str name="title" translate="yes">
			<val>Активація в автономному режимі</val>
		</str>
		<set name="StepError">
			<str name="requestCodeExpired" translate="yes">
				<val>Термін дії коду запиту {0} сплив. Виконайте інструкції, наведені нижче, щоб завершити активацію в автономному режимі.</val>
			</str>
			<str name="requestCodeGenError" translate="yes">
				<val>Не вдалося створити код запиту. Спробуйте ще раз.</val>
			</str>
		</set>
		<str name="para1" translate="yes">
			<val>1. Натисніть нижче «Генерувати код запиту». Цей код є дійсним лише для одного комп'ютера протягом 72 годин. Якщо ви не зможете завершити цей процес протягом 72 годин, доведеться запитувати новий код.</val>
		</str>
		<str name="para2" translate="yes">
			<val>2. Використовуючи пристрій, підключений до Інтернету, зайдіть на сторінку Adobe.com/go/getactivated_ua.</val>
		</str>
		<str name="para3" translate="yes">
			<val>3. Введіть код, отриманий у кроці 1, та серійний номер у запропонованому місці на сайті. Буде згенеровано код відповіді.</val>
		</str>
		<str name="para4" translate="yes">
			<val>4. Введіть код відповіді на комп'ютері без доступу до Інтернету та натисніть «Активувати».</val>
		</str>
		<str name="para5" translate="yes">
			<val>Натисніть «Назад», щоб активувати програмне забезпечення в Інтернеті.</val>
		</str>
		<str name="hyperlinkText" translate="yes">
			<val>Хочу виконати активацію швидче, підключившись до Інтернету.</val>
		</str>
		<str name="back" translate="yes">
			<val>Назад</val>
		</str>
		<str name="activateLater" translate="yes">
			<val>Активувати пізніше</val>
		</str>
		<str name="quit" translate="yes">
			<val>Вийти</val>
		</str>
		<str name="generateRequestCode" translate="yes">
			<val>Генерувати код запиту</val>
		</str>
		<str name="customerSupportLink" translate="yes">
			<val>http://www.adobe.com/go/customer_support_ua</val>
		</str>
	</set>
	
	<set name="offlineActivationCode">
		<str name="title" translate="yes">
			<val>Активація в автономному режимі</val>
		</str>
		<set name="StepError">
			<str name="invalidResponseCode" translate="yes">
				<val>Введено недійсний код відповіді. Введіть ще раз.</val>
			</str>
			<str name="requestCodeExpired" translate="yes">
				<val>Термін дії коду запиту {0} сплив. Виконайте інструкції, наведені нижче, щоб завершити активацію в автономному режимі.</val>
			</str>
			<str name="verifyError" translate="yes">
				<val>Не вдалося підтвердити код відповіді. Спробуйте ще раз.</val>
			</str>
		</set>
		<str name="requestCode" translate="yes">
			<val>Код запиту:</val>
		</str>
		<str name="para1" translate="yes">
			<val>У вас є {0}, щоб отримати код відповіді з www.adobe.com/go/getactivated_ua та ввести його нижче.</val>
		</str>
		<str name="responseCode" translate="yes">
			<val>Код відповіді:</val>
		</str>
		<str name="hyperlinkText" translate="yes">
			<val>Хочу виконати активацію швидче, підключившись до Інтернету.</val>
		</str>
		<str name="back" translate="yes">
			<val>Назад</val>
		</str>
		<str name="activateLater" translate="yes">
			<val>Активувати пізніше</val>
		</str>
		<str name="quit" translate="yes">
			<val>Вийти</val>
		</str>
		<str name="activate" translate="yes">
			<val>Активувати</val>
		</str>
		<str name="hour" translate="yes">
			<val>година</val>
		</str>
		<str name="hours" translate="yes">
			<val>год.</val>
		</str>
		<str name="customerSupportLink" translate="yes">
			<val>http://www.adobe.com/go/customer_support_ua</val>
		</str>
	</set>
	
	<set name="offlineActivationComplete">
		<str name="title" translate="yes">
			<val>Активацію в автономному режимі виконано</val>
		</str>
		<str name="message" translate="yes">
			<val>Програма {0} успішно активована та готова до використання.</val>
		</str>
		<str name="close" translate="yes">
			<val>Закрити</val>
		</str>
		<str name="launch" translate="yes">
			<val>Запустити</val>
		</str>
	</set>
	
	<set name="unableToActivate">
		<str name="title" translate="yes">
			<val>Помилка активації</val>
		</str>
		<str name="warning" translate="yes">
			<val>Не вдалося активувати {0}.</val>
		</str>
		<str name="para1" translate="yes">
			<val>Щоб користуватися цим продуктом, потрібно активувати його.</val>
		</str>
		<str name="para2" translate="yes">
			<val>Для активації цього продукту потрібне належне інтернет-з'єднання. Перевірте параметри з'єднання та виберіть «Повторити».</val>
		</str>
		<str name="tryAgain" translate="yes">
			<val>Повторити</val>
		</str>
		<str name="close" translate="yes">
			<val>Закрити</val>
		</str>
		<str name="noInternet" translate="yes">
			<val>Не вдається підключитися до Інтернету?</val>
		</str>
	</set>
	
	<set name="dspSubscriptionActivated">
		<str name="title" translate="yes">
			<val>Підписку активовано</val>
		</str>
		<str name="message" translate="yes">
			<val>Дякуємо за підписку на {0}.</val>
		</str>
		<str name="close" translate="yes">
			<val>Закрити</val>
		</str>
	</set>
	
	<set name="dspOverActivation">
		<str name="title" translate="yes">
			<val>Ліміт активацій перевищено</val>
		</str>
		<str name="warning" translate="yes">
			<val>Не вдалося активувати {0}.</val>
		</str>
		<str name="message" translate="yes">
			<val>Підписка на цей продукт під цим Adobe ID уже активна на максимально дозволених 2 пристроях. Виберіть «Продовжити», щоб деактивувати підписку на інших пристроях і активувати на цьому пристрої, або виберіть «Отримати ліцензійну версію», щоб увійти під іншим Adobe ID.</val>
		</str>
		<str name="activationPolicy" translate="yes">
			<val>{0}Стратегія активації{1}</val>
		</str>
		<str name="activationPolicyLink" translate="yes">
			<val>http://www.adobe.com/go/activation_ua</val>
		</str>
		<str name="licenseThisSoftware" translate="yes">
			<val>Отримати ліцензійну версію</val>
		</str>
		<str name="continue" translate="yes">
			<val>Продовжити</val>
		</str>
	</set>
	
	<set name="dspAdobeIDMismatch">
		<str name="title" translate="yes">
			<val>Спробувати ще раз</val>
		</str>
		<str name="warning" translate="yes">
			<val>Не збігаються Adobe ID</val>
		</str>
		<str name="message" translate="yes">
			<val>Adobe ID, за допомогою якого було виконано вхід, не збігається з Adobe ID, пов'язаним із цією підпискою. Увійдіть за допомогою Adobe ID, пов'язаного з цією підпискою.</val>
		</str>
		<str name="back" translate="yes">
			<val>Назад</val>
		</str>
		<str name="quit" translate="yes">
			<val>Вихід</val>
		</str>
	</set>
	
	<set name="dspSubscriptionExpired">
		<str name="title" translate="yes">
			<val>Оновити підписку</val>
		</str>
		<str name="message" translate="yes">
			<val>Відкрийте {0}Диспетчер підписки{1}, щоб поновити підписку на {2} та продовжити використання продукту без переривань. Якщо ви щойно поновили підписку, зачекайте 15 хвилин і спробуйте ще раз.</val>
		</str>
		<str name="messageCCMTeamPara1" translate="yes">
			<val>Зверніться до адміністратора, щоб поновити підписку та продовжити користуватися цим продуктом.</val>
		</str>
		<str name="messageCCMTeamPara2" translate="yes">
			<val>Якщо підписку вже поновлено, зачекайте 15 хвилин і спробуйте ще раз.</val>
		</str>
		<str name="signedInMessage" translate="yes">
			<val>Ви ввійшли, використовуючи цей ідентифікатор Adobe ID: {0}. Якщо ви бажаєте ввійти під іншим Adobe ID, виберіть «Отримати ліцензійну версію».</val>
		</str>
		<str name="subscriptionManagerLinkForCC" translate="yes">
			<val> http://www.adobe.com/go/cc_manage_act_ua</val>
		</str>
		<str name="subscriptionManagerLinkForNonCC" translate="yes">
			<val>http://www.adobe.com/go/subscriptionedition_ua</val>
		</str>
		<str name="tryAgain" translate="yes">
			<val>Спробувати ще раз</val>
		</str>
		<str name="close" translate="yes">
			<val>Закрити</val>
		</str>
		<str name="licenseThisSoftware" translate="yes">
			<val>Отримати ліцензійну версію</val>
		</str>
	</set>
	
	<set name="dspCheckGenericError">
		<str name="title" translate="yes">
			<val>Спробувати ще раз</val>
		</str>
		<str name="warning" translate="yes">
			<val>Не вдалося оформити підписку на {0}.</val>
		</str>
		<str name="message" translate="yes">
			<val>Зачекайте кілька секунд і спробуйте ще раз.</val>
		</str>
		<str name="tryAgain" translate="yes">
			<val>Спробувати ще раз</val>
		</str>
		<str name="quit" translate="yes">
			<val>Вихід</val>
		</str>
	</set>
	
	<set name="dspSubscriptionVerified">
		<str name="title" translate="yes">
			<val>Дякуємо!</val>
		</str>
		<str name="message" translate="yes">
			<val>Підписку на {0} активовано. Натисніть кнопку «Продовжити», щоб почати користуватися продуктом.</val>
		</str>
		<str name="continue" translate="yes">
			<val>Продовжити</val>
		</str>
	</set>
	
	<set name="dspSubscriptionReactivation">
		<str name="title" translate="yes">
			<val>Необхідно ввійти</val>
		</str>
		<str name="message" translate="yes">
			<val>Відповідно до наших даних ця підписка вже активна на іншому комп’ютері. Щоб активувати {0} на цьому комп’ютері, виконайте вхід за допомогою свого ідентифікатора Adobe ID.</val>
		</str>
		<str name="signIn" translate="yes">
			<val>Увійти</val>
		</str>
		<str name="quit" translate="yes">
			<val>Вихід</val>
		</str>
	</set>
	
	<set name="dspReminder">
		<set name="ccInfoReminder">
			<str name="title" translate="yes">
				<val>Нагадування про підписку</val>
			</str>
			<str name="message" translate="yes">
				<val>Термін дії підписки скоро спливе.</val>
			</str>
			<str name="info" translate="yes">
				<val>Відповідно до наших даних, з цим обліковим записом підписки не пов'язано кредитну картку. Відкрийте {0}Диспетчер підписки{1} та надайте відомості про кредитну картку, щоб поновити підписку на {2} та продовжити використання продукту без переривань.</val>
			</str>
			<str name="infoCCMTeam" translate="yes">
				<val>Зверніться до адміністратора, щоб гарантувати постійний доступ до цього продукту.</val>
			</str>
		</set>
		
		<set name="graceReminder">
			<str name="title" translate="yes">
				<val>Термін дії підписки завершився</val>
			</str>
			<str name="message" translate="yes">
				<val>Термін дії підписки на {0} сплив.</val>
			</str>
			<str name="info" translate="yes">
				<val>Відкрийте {0}Диспетчер підписки{1}, щоб поновити підписку на {2} та продовжити використання продукту без переривань. У вас є невеликий пільговий період для поновлення підписки, після завершення якого більше не можна буде використовувати цей продукт.</val>
			</str>
			<str name="infoCCMTeam" translate="yes">
				<val>Зверніться до адміністратора, щоб поновити підписку та продовжити користуватися цим продуктом без переривань. Вам надається короткий період відстрочення для поновлення підписки, після завершення якого ви більше не зможете користуватися цим продуктом.</val>
			</str>
		</set>
		<set name="combinedSubIssueReminder">
			<str name="title" translate="yes">
				<val>Не вдається підтвердити ваше членство.</val>
			</str>
			<str name="message" translate="yes">
				<val>Відсутнє підключення до Інтернету або існує проблема з оплатою у вашому обліковому записі. Підключіться до Інтернету для керування обліковим записом і перевірки інформації про оплату. У разі виникнення проблем або питань звертайтеся до {0}служби підтримки клієнтів{1}.</val>
			</str>
			<str name="messageCCMTeam1" translate="yes">
				<val>Відсутнє підключення до Інтернету або існує проблема з оплатою в обліковому записі групи. Зверніться до свого адміністратора для вирішення проблеми з оплатою.</val>
			</str>
			<str name="messageCCMTeam2" translate="yes">
				<val> Якщо у вас є інші питання, зверніться до {0}служби підтримки клієнтів{1}.</val>
			</str>
			<str name="offlineError" translate="yes">
				<val>Підключіться до Інтернету, аби ми могли виправити проблему, або натисніть кнопку «Продовжити», щоби залишитись в автономному режимі та отримати нагадування від нас пізніше.</val>
			</str>
		</set>
		
		<str name="subscriptionManagerLinkForCC" translate="yes">
			<val> http://www.adobe.com/go/cc_manage_act_ua</val>
		</str>
		<str name="subscriptionManagerLinkForNonCC" translate="yes">
			<val>http://www.adobe.com/go/subscriptionedition_ua</val>
		</str>
		<str name="offline" translate="yes">
			<val>Не вдалося підключитися до Інтернету. Перевірте параметри з'єднання та виберіть «Спробувати ще раз».</val>
		</str>
		<str name="subscriptionPolicy" translate="yes">
			<val>{0}Стратегія підписки{1}</val>
		</str>
		<str name="subscriptionPolicyLink" translate="yes">
			<val>http://www.adobe.com/go/subscription_policy_ua</val>
		</str>
		<str name="customerSupportLink" translate="yes">
			<val>http://www.adobe.com/go/customer_support_ua</val>
		</str>
		<str name="daysRemaining" translate="yes">
			<val>Днів до завершення:</val>
		</str>
		<str name="dayRemaining" translate="yes">
			<val>Залишилося днів</val>
		</str>
		<str name="continue" translate="yes">
			<val>Продовжити</val>
		</str>
		<str name="tryAgain" translate="yes">
			<val>Спробувати ще раз</val>
		</str>
		<str name="retry" translate="yes">
			<val>Повторити</val>
		</str>
	</set>
	
	<set name="dspSuspended">
		<set name="activationSuspended">
			<str name="title" translate="yes">
				<val>Помилка активації</val>
			</str>
			<str name="warning" translate="yes">
				<val>Не вдалося активувати {0}.</val>
			</str>
			<str name="message" translate="yes">
				<val>Дата у вашій системі не збігається з датою на сервері. Дата системи може відрізнятися від дати сервера Adobe на три дні ({0}).</val>
			</str>
			<str name="info" translate="yes">
				<val>Перевірте параметри дати на своєму комп'ютері та спробуйте ще раз. Якщо проблема не зникне, зверніться до служби {0}підтримки клієнтів{1}.</val>
			</str>
		</set>
		
		<set name="subscriptionSuspended">
			<str name="title" translate="yes">
				<val>Підписку призупинено</val>
			</str>
			<str name="warning" translate="yes">
				<val>Підписку на {0} призупинено.</val>
			</str>
			<str name="message" translate="yes">
				<val>Дата у вашій системі не збігається з датою на сервері. Дата системи може відрізнятися від дати сервера Adobe на три дні ({0}).</val>
			</str>
			<str name="info" translate="yes">
				<val>Перевірте параметри дати на своєму комп'ютері та спробуйте ще раз. Якщо проблема не зникне, зверніться до служби {0}підтримки клієнтів{1}.</val>
			</str>
		</set>
		
		<set name="subscriptionWindback">
			<str name="title" translate="yes">
				<val>Підписку призупинено</val>
			</str>
			<str name="warning" translate="yes">
				<val>Підписку на {0} призупинено.</val>
			</str>
			<str name="message" translate="yes">
				<val>Дата й час системи установлені невірно. Установіть на годиннику системи поточний час і виберіть «Спробувати ще раз». Якщо проблема не зникне, зверніться за допомогою до служби {0}підтримки клієнтів{1}.</val>
			</str>
		</set>
		
		<str name="customerSupportLink" translate="yes">
			<val>http://www.adobe.com/go/customer_support_ua</val>
		</str>
		<str name="activationPolicy" translate="yes">
			<val>{0}Переглянути стратегію активації{1}</val>
		</str>
		<str name="activationPolicyLink" translate="yes">
			<val>http://www.adobe.com/go/activation_ua</val>
		</str>
		<str name="subscriptionPolicy" translate="yes">
			<val>{0}Стратегія підписки{1}</val>
		</str>
		<str name="subscriptionPolicyLink" translate="yes">
			<val>http://www.adobe.com/go/subscription_policy_ua</val>
		</str>
		<str name="quit" translate="yes">
			<val>Вихід</val>
		</str>
		<str name="tryAgain" translate="yes">
			<val>Спробувати ще раз</val>
		</str>
	</set>
	
	<set name="dateTimeFormats">
		<str name="dateFormat_Long" translate="yes">
			<val>{1} {0} {2}</val>
		</str>
	</set>

	<set name="monthsFull">
		<str name="1" translate="yes">
			<val>січ</val>
		</str>
		<str name="2" translate="yes">
			<val>лют</val>
		</str>
		<str name="3" translate="yes">
			<val>бер</val>
		</str>
		<str name="4" translate="yes">
			<val>кві</val>
		</str>
		<str name="5" translate="yes">
			<val>тра</val>
		</str>
		<str name="6" translate="yes">
			<val>чер</val>
		</str>
		<str name="7" translate="yes">
			<val>лип</val>
		</str>
		<str name="8" translate="yes">
			<val>сер</val>
		</str>
		<str name="9" translate="yes">
			<val>вер</val>
		</str>
		<str name="10" translate="yes">
			<val>жов</val>
		</str>
		<str name="11" translate="yes">
			<val>лис</val>
		</str>
		<str name="12" translate="yes">
			<val>гру</val>
		</str>
	</set>
	
	<set name="dsp_IMSBusyScrim">
		<str name="WaitAMoment" translate="yes">
			<val>Зачекайте...</val>
		</str>
	</set>
	
	<set name="dspSubscriptionRevoked">
		<str name="title" translate="yes">
			<val>Підписку призупинено</val>
		</str>
		<str name="warning" translate="yes">
			<val>Підписку на {0} призупинено.</val>
		</str>
		<str name="message" translate="yes">
			<val>Ліцензія на підписку більше недійсна або була відкликана. Зверніться до служби {0}підтримки клієнтів{1}.</val>
		</str>
		<str name="subscriptionPolicy" translate="yes">
			<val>{0}Стратегія підписки{1}</val>
		</str>
		<str name="subscriptionPolicyLink" translate="yes">
			<val>http://www.adobe.com/go/subscription_policy_ua</val>
		</str>
		<str name="customerSupportLink" translate="yes">
			<val>http://www.adobe.com/go/customer_support_ua</val>
		</str>
		<str name="quit" translate="yes">
			<val>Вийти</val>
		</str>
	</set>
	
	<set name="isoToLanguage">
		<str name="ar_AE" translate="no"><val>العربية</val></str>
		<str name="en_GB" translate="no"><val>English (International)</val></str> 
		<str name="en_INT" translate="no"><val>English (International)</val></str> 
		<str name="fr_CA" translate="no"><val>Français canadien</val></str>
		<str name="es_QM" translate="no"><val>Español (Middle East)</val></str>
		<str name="es_LA" translate="no"><val>Español de América Latina</val></str>
		<str name="es_NA" translate="no"><val>Español Norteamericano</val></str>
		<str name="bg_BG" translate="no"><val>Български</val></str>
		<str name="lv_LV" translate="no"><val>Latviešu</val></str>
		<str name="et_EE" translate="no"><val>Eesti</val></str>
		<str name="hr_HR" translate="no"><val>hrvatski</val></str>
		<str name="sl_SI" translate="no"><val>slovenščina</val></str>
		<str name="sk_SK" translate="no"><val>Slovenčina</val></str>
		<str name="th_TH" translate="no"><val>ภาษาไทย</val></str> 
		<str name="vi_VN" translate="no"><val>Việt</val></str>
		<str name="en_XC" translate="no"><val>English (Central Europe)</val></str> 
		<str name="en_XM" translate="no"><val>English (Middle East)</val></str>
		<str name="fr_XM" translate="no"><val>Français Oriental Moyen</val></str>
		<str name="sq_AL" translate="no"><val>Shqip</val></str> 
		<str name="ar_SA" translate="no"><val>العربية</val></str>
		<str name="be_BY" translate="no"><val>Беларуская</val></str> 
		<str name="ca_ES" translate="no"><val>Català</val></str> 
		<str name="hi_IN" translate="no"><val>हिन्दी</val></str>
		<str name="is_IS" translate="no"><val>Íslenska</val></str> 
		<str name="lt_LT" translate="no"><val>Lietuvių</val></str>
		<str name="mk_MK" translate="no"><val>македонски</val></str>
		<str name="nn_NO" translate="no"><val>Norsk (Nynorsk)</val></str>
		<str name="pt_PT" translate="no"><val>Português de Portugal</val></str> 
		<str name="sh_YU" translate="no"><val>Srpsko-Hrvatski</val></str> 
		<str name="sr_YU" translate="no"><val>Cрпски</val></str> 
		<str name="kk_KZ" translate="no"><val>Қазақ</val></str>
		<str name="az_AZ" translate="no"><val>Azərbaycan dili</val></str> 
		<str name="es_MX" translate="no"><val>Español (América Latina)</val></str>
		<str name="no_NO" translate="no"><val>Norwegian</val></str> 
		<str name="cs_CZ" translate="no"><val>Česky</val></str>
		<str name="de_DE" translate="no"><val>Deutsch</val></str>
		<str name="el_GR" translate="no"><val>Ελληνικά</val></str>
		<str name="en_US" translate="no"><val>English (North America)</val></str> 
		<str name="es_ES" translate="no"><val>Español</val></str> 
		<str name="fr_FR" translate="no"><val>Français</val></str>
		<str name="he_IL" translate="no"><val>עברית</val></str> 
		<str name="hu_HU" translate="no"><val>Magyar</val></str> 
		<str name="it_IT" translate="no"><val>Italiano</val></str>
		<str name="ja_JP" translate="no"><val>日本語</val></str>
		<str name="ko_KR" translate="no"><val>한국어</val></str>
		<str name="nl_NL" translate="no"><val>Nederlands</val></str>
		<str name="pl_PL" translate="no"><val>Polski</val></str>
		<str name="ro_RO" translate="no"><val>Română</val></str>
		<str name="ru_RU" translate="no"><val>Pусский</val></str>
		<str name="sv_SE" translate="no"><val>Svenska</val></str>
		<str name="tr_TR" translate="no"><val>Türkçe</val></str>
		<str name="uk_UA" translate="no"><val>Українська</val></str>
		<str name="zh_CN" translate="no"><val>简体中文</val></str>
		<str name="zh_TW" translate="no"><val>繁體中文</val></str>
		<str name="da_DK" translate="no"><val>Dansk</val></str>
		<str name="fi_FI" translate="no"><val>Suomi</val></str>
		<str name="nb_NO" translate="no"><val>Norsk (Bokmål)</val></str> 
		<str name="pt_BR" translate="no"><val>Português do Brasil</val></str>
		<str name="en_AE" translate="no"><val>English يدعم العربية</val></str> 
		<str name="en_IL" translate="no"><val>English תומך עברית</val></str> 
		<str name="fr_MA" translate="no"><val>Français (Maroc)</val></str>
	</set>
		
</asf>
