<?xml version='1.0' encoding='utf-8'?>
<!DOCTYPE asf SYSTEM "http://ns.adobe.com/asf/asf_1_0.dtd" >
<asf xmlns="http://ns.adobe.com/asf" locale="nl_NL" version="1.0">

	<set name="ButtonLabel">
		<str name="Yes" translate="yes">
			<val>Ja</val>
		</str>
		<str name="No" translate="yes">
			<val>Nee</val>
		</str>
		<str name="Accept" translate="yes">
			<val>Accepteren</val>
		</str>
		<str name="Install" translate="yes">
			<val>Installeren</val>
		</str>
		<str name="Uninstall" translate="yes">
			<val>Verwijderen</val>
		</str>
		<str name="OK" translate="yes">
			<val>OK</val>
		</str>
		<str name="Continue" translate="yes">
			<val>Doorgaan</val>
		</str>
		<str name="Back" translate="yes">
			<val>Vorige</val>
		</str>
		<str name="Cancel" translate="yes">
			<val>Annuleren</val>
		</str>
        <str name="Close" translate="yes">
            <val>Sluiten</val>
        </str>
		<str name="Quit" translate="yes">
			<val>Afsluiten</val>
		</str>
		<str name="SignIn" translate="yes">
			<val>Aanmelden</val>
		</str>
		<str name="SignInNow" translate="yes">
			<val>Nu aanmelden</val>
		</str>
		<str name="SignInLater" translate="yes">
			<val>Later aanmelden</val>
		</str>
		<str name="StartAgain" translate="yes">
			<val>Opnieuw starten</val>
		</str>
		<str name="Retry" translate="yes">
			<val>Opnieuw</val>
		</str>
		<str name="Verify" translate="yes">
			<val>Verifiëren</val>
		</str>
		<str name="ConnectLater" translate="yes">
			<val>Later verbinding maken</val>
		</str>
	</set>
	
	<set name="DialogueTitle">
		<str name="Quit" translate="yes">
			<val>Afsluiten</val>
		</str>
	</set>

	<set name="Welcome">
		<str name="Title" translate="yes">
			<val>Welkom</val>
		</str>
		<str name="OptionOne" translate="yes">
			<val>Installeren met een serienummer</val>
		</str>
		<str name="OptionOneInfo" translate="yes">
			<val>Ik heb een serienummer.</val>
		</str>
		<str name="OptionTwo" translate="yes">
			<val>Mijn abonnement starten</val>
		</str>
		<str name="OptionTwoInfo" translate="yes">
			<val>Ik heb een abonnement.</val>
		</str>
		<str name="OptionThree" translate="yes">
			<val>Installeren als proefversie</val>
		</str>
		<str name="OptionThreeInfo" translate="yes">
			<val>Ik wil {0} een beperkte tijd uitproberen.</val>
		</str>
		<set name="MBLS">
			<str name="OptionOne" translate="yes">
				<val>Installeren</val>
			</str>
			<str name="OptionOneInfo" translate="yes">
				<val>Ik heb dit product aangeschaft</val>
			</str>
			<str name="OptionTwo" translate="yes">
				<val>Uitproberen</val>
			</str>
			<str name="OptionTwoInfo" translate="yes">
				<val>Ik wil {0} een beperkte tijd uitproberen</val>
			</str>
		</set>
	</set>
	
	<set name="EULA">
		<str name="Title" translate="yes">
			<val>Softwarelicentieovereenkomst van Adobe</val>
		</str>
		<str name="Para1" translate="yes">
			<val>Deze overeenkomst beheerst uw installatie en gebruik van {0}-producten, waaronder deze software. U kunt op www.adobe.com/go/myaccount_nl de overeenkomsten doornemen die u tot nu toe hebt geaccepteerd.</val>
		</str>
	</set>

	<set name="Register">
		<str name="Title" translate="yes">
			<val>Aanmelden is vereist</val>
		</str>
		<set name="Trial">
			<str name="FirstTime" translate="yes">
				<val>Meld u aan met uw Adobe-id om uw proefversie van {0} te starten.</val>
			</str>
			<str name="Subsequent" translate="yes">
				<val>De proefversie wordt nu geregistreerd met uw Adobe-id: {0}.</val>
			</str>
			<set name="TnC">
				<str name="Title" translate="yes">
					<val>Voorwaarden voor proefversies van de software.</val>
				</str>
				<str name="Paragraph1" translate="yes">
					<val>Mogelijk vragen we u optionele informatie op te geven zodat we de inhoud specifiek op u kunnen afstemmen. U kunt deze aangepaste inhoud op elk moment uitschakelen bij de privacyinstellingen in het scherm voor uw ervaringen met de proefversie.</val>
				</str>
				<str name="Paragraph2" translate="yes">
					<val>Voor meer informatie over de gegevens die we verzamelen over uw gebruik van het product en de wijze waarop Adobe deze gegevens gebruikt, inclusief de wijze waarop wij inhoud afstemmen op uw interesses, klikt u {0}hier{1} en raadpleegt u het {2}Onlineprivacybeleid van Adobe{3}.</val>
				</str>
			</set>
			<set name="EntitlementInTrial">
				<str name="Title" translate="yes">
					<val>Geldige licentie gevonden</val>
				</str>
				<str name="Para1" translate="yes">
					<val>U hebt gekozen voor een proefversie, maar u hebt toegang tot de volledige versie van deze software voor uw Adobe-id {0}. Nadat deze installatie voltooid is, kunt u uw exemplaar met licentie van de software gebruiken.</val>
				</str>
				<str name="Para2" translate="yes">
					<val>Kies Doorgaan om te installeren.</val>
				</str>
				<str name="DiffAdobeID" translate="yes">
					<val>Hebt u een andere Adobe-id?</val>
				</str>
			</set>						
		</set>
		<set name="Serial">
			<str name="Paragraph1" translate="yes">
				<val>Uw serienummer voor {0} is gevalideerd.</val>
			</str>
			<str name="Paragraph2" translate="yes">
				<val>Aanmelding is vereist om dit product te installeren en te registeren met uw Adobe-id. Met uw Adobe-id hebt u eenvoudig toegang tot uw serienummers en tot Adobe Creative Cloud en de gemeenschap op Adobe.com/nl.</val>
			</str>
			<str name="SubsequentParagraph3" translate="yes">
				<val>U wordt aangemeld met Adobe-id: {0}.</val>
			</str>
		</set>
		<set name="MBLS">
			<str name="Paragraph1" translate="yes">
				<val>Aanmelding met een Adobe-id is vereist als u dit product wilt installeren. Met uw Adobe-id hebt u ook eenvoudig toegang tot een groot aantal onlineservices van Adobe en de gemeenschap op Adobe.com.</val>
			</str>
			<set name="Offline">
				<str name="Title" translate="yes">
					<val>Maak verbinding met internet en probeer het opnieuw</val>
				</str>
				<set name="Install">
					<str name="Paragraph1" translate="yes">
						<val>U hebt een internetverbinding nodig om een abonnement te starten. Als u een abonnement hebt, maakt u verbinding met internet en kiest u Opnieuw.</val>
					</str>
					<str name="Paragraph2" translate="yes">
						<val>Als u een serienummer hebt en momenteel geen verbinding kunt maken met internet, selecteert u Later verbinding maken. U moet uw serienummer binnen 7 dagen valideren, anders werkt uw software niet meer. Als u met deze computer geen verbinding met internet kunt maken, gaat u op een apparaat met internetverbinding naar {0} voor meer informatie.</val>
					</str>
				</set>
				<set name="Trial">
					<str name="Paragraph1" translate="yes">
						<val>Uw computer is offline waardoor een verbindingsfout is opgetreden. Een internetverbinding is vereist. Maak verbinding met internet en probeer het opnieuw. Neem contact op met de {0}Klantenondersteuning{1} als dit probleem zich blijft voordoen.</val>
					</str>
				</set>
			</set>
		</set>
		<str name="NotYou" translate="yes">
			<val>(Is dit niet uw Adobe-id?)</val>
		</str>
		<set name="Subscription">
			<set name="FirstTime">
				<str name="Paragraph" translate="yes">
					<val>U wordt nu aangemeld met de Adobe-id voor toegang tot uw abonnement.</val>
				</str>
			</set>
			<set name="Subsequent">
				<str name="Title" translate="yes">
					<val>Abonnement verifiëren</val>
				</str>
				<str name="Paragraph" translate="yes">
					<val>We moeten het abonnement verifiëren voor uw Adobe-id: {0}.</val>
				</str>
				<str name="Paragraph2" translate="yes">
					<val>We willen zeker weten dat u de juiste toepassingen krijgt.</val>
				</str>
			</set>
			<set name="EntitlementCallScrim">
				<str name="WaitAMoment" translate="yes">
					<val>Een ogenblik geduld...</val>
				</str>
			</set>
			
			<set name="OfflineScrim">
				<str name="Title" translate="yes">
					<val>U moet beschikken over een internetverbinding om uw abonnement te starten</val>
				</str>
				<str name="Message" translate="yes">
					<val>Controleer of u verbinding hebt met internet en klik op Opnieuw. Neem contact op met de {0}Adobe-klantenservice{1} als het probleem zich blijft voordoen.</val>
				</str>
			</set>
			
			<set name="NoSubscriptionFound">
	        	<str name="Title" translate="yes">
	        		<val>Geen abonnement gevonden</val>
	        	</str>
	        	<str name="ParagraphOneText" translate="yes">
	        		<val>We kunnen geen abonnement voor {0}{1}{2} vinden dat is gekoppeld aan deze Adobe-id. Schaf een {3}nieuw abonnement{4} aan of klik op Vorige om een andere Adobe-id in te voeren. Neem contact op met de {5}Klantenondersteuning{6} als u een abonnement hebt waartoe u geen toegang kunt krijgen.</val>
	        	</str>
	        	<str name="ParagraphTwoText" translate="yes">
	        		<val>U kunt ook op {0}Opnieuw starten{1} klikken en een proefversie installeren of de installatie uitvoeren met een geldig serienummer.</val>	
	        	</str>
	        </set>
		</set>
	</set>
	
	<set name="InstallOptions">
		<str name="Title" translate="yes">
			<val>Opties</val>
		</str>
		<str name="SelectAppInfo" translate="yes">
			<val>Klik op een productnaam om de opties aan te passen</val>
		</str>
		<str name="NoComponentInfo" translate="yes">
			<val>Er zijn geen componenten die kunnen worden aangepast.</val>
		</str>
		<str name="Components" translate="yes">
			<val>Componenten van {0}</val>
		</str>
		<str name="TotalInstall" translate="yes">
			<val>Totale installatie: {0}</val>
		</str>
		<str name="Language" translate="yes">
			<val>Taal:</val>
		</str>
		<str name="Location" translate="yes">
			<val>Locatie:</val>
		</str>
		<str name="Available" translate="yes">
			<val>{0} beschikbaar</val>
		</str>
		<str name="SpaceRequired" translate="yes">
			<val>Vereiste ruimte: {0}</val>
		</str>
		<str name="SpaceWarning" translate="yes">
			<val>Vereiste ruimte: {0}, beschikbaar: {1}</val>
		</str>
        <str name="InsufficientDiskSpace" translate="yes">
			<val>Onvoldoende schijfruimte om deze installatie te voltooien.</val>
        </str>
		<str name="DefaultDriveWarning" translate="yes">
			<val>Sommige bestanden worden ook geïnstalleerd in uw {0}</val>
		</str>
		
		<set name="PayloadError">
			<str name="TrialInstall" translate="yes">
				<val>Dit product wordt geïnstalleerd als proefversie.</val>
			</str>
			<str name="LicensedInstall" translate="yes">
				<val>Er wordt een exemplaar met licentie van deze software geïnstalleerd.</val>
			</str>
			<str name="AlreadyInstalled" translate="yes">
				<val>Er is een eerdere installatie van dit product aangetroffen. Dit product wordt geïnstalleerd op de oorspronkelijke locatie.</val>
			</str>
			<set name="SystemRequirements">
				<set name="OS">
					<str name="Header" translate="yes">
						<val>Voldoet niet aan de vereiste voor besturingssysteem.</val>
					</str>
					<str name="CurrentOS" translate="yes">
						<val>- Huidig besturingssysteem: {0} {1}</val>
					</str>
					<str name="MacRecommended" translate="yes">
						<val>- Mac OS {0} of hoger aanbevolen.</val>
					</str>
					<str name="MacServer" translate="yes">
						<val>- Mac Server aanbevolen.</val>
					</str>
					<str name="WinNotRecommended" translate="yes">
						<val>- {0} niet aanbevolen.</val>
					</str>
					<str name="SPRecommended" translate="yes">
						<val>- Service Pack {0} aanbevolen.</val>
					</str>
					<str name="64BitRecommended" translate="yes">
						<val>- 64-bits besturingssysteem aanbevolen.</val>
					</str>
					<str name="32BitRecommended" translate="yes">
						<val>- 32-bits besturingssysteem aanbevolen.</val>
					</str>
					<str name="MacRequired" translate="yes">
						<val>- Mac OS {0} of hoger vereist.</val>
					</str>
					<str name="MacServerRequired" translate="yes">
						<val>- Mac Server vereist.</val>
					</str>
					<str name="WinNotRequired" translate="yes">
						<val>- {0} wordt niet ondersteund.</val>
					</str>
					<str name="SPRequired" translate="yes">
						<val>- Service Pack {0} vereist.</val>
					</str>
					<str name="64BitRequired" translate="yes">
						<val>- 64-bits besturingssysteem vereist.</val>
					</str>
					<str name="32BitRequired" translate="yes">
						<val>- 32-bits besturingssysteem vereist.</val>
					</str>
				</set>
				<str name="RAM" translate="yes">
					<val>{0} RAM aanbevolen.</val>
				</str>
				<str name="CPU" translate="yes">
					<val>Voldoet niet aan de vereiste voor processor.</val>
				</str>
				<str name="ScreenResolution" translate="yes">
					<val>Schermresolutie van ten minste {0}x{1} aanbevolen.</val>
				</str>
				<str name="Footer" translate="yes">
					<val>Klik op het waarschuwingspictogram voor meer informatie.</val>
				</str>
			</set>
			<str name="Conflicting" translate="yes">
				<val>Deze computer bevat een conflicterende of pre-releaseversie van {0}. Verwijder de conflicterende versie voor u installeert vanaf de huidige media.</val>
			</str>
			<str name="AlreadyUpgraded" translate="yes">
				<val>Er is al een nieuwere versie van dit product geïnstalleerd</val>
			</str>
			<str name="Language" translate="yes">
				<val>Niet beschikbaar voor de geselecteerde taal</val>
			</str>
			<str name="RequiredDisabled" translate="yes">
				<val>De vereiste onderdelen zijn uitgeschakeld</val>
			</str>
		</set>
		
		<set name="InstallPathError">
			<str name="LongPath" translate="yes">
				<val>Het geselecteerde installatiepad is te lang.</val>
			</str>
			<str name="RootDrive" translate="yes">
				<val>Installatie in een hoofdmap van een station wordt niet ondersteund.</val>
			</str>
			<str name="RemovableDrive" translate="yes">
				<val>Installatie op een verwisselbaar flashstation wordt niet ondersteund.</val>
			</str>
			<str name="MappedDrive" translate="yes">
				<val>Installatie op een toegewezen netwerkstation wordt niet ondersteund.</val>
			</str>
			<str name="CaseSensitive" translate="yes">
				<val>Installatie op hoofdlettergevoelige volumes wordt niet ondersteund.</val>
			</str>
			<str name="LockedPath" translate="yes">
				<val>Installatie op een vergrendelde locatie wordt niet ondersteund.</val>
			</str>
			<str name="Generic" translate="yes">
				<val>Kan niet installeren op de geselecteerde locatie.</val>
			</str>
		</set>
		
		<set name="WorkflowNeedClose">
			<str name="Title" translate="yes">
				<val>Waarschuwing</val>
			</str>
			<str name="Message" translate="yes">
				<val>Er zijn andere exemplaren van Adobe Application Manager actief die moeten worden gesloten. Sluit deze exemplaren om door te gaan.</val>
			</str>
		</set>
	</set>
	
	<set name="UninstallOptions">
		<str name="Title" translate="yes">
			<val>Opties verwijderen</val>
		</str>
		<str name="RemovePreferences" translate="yes">
			<val>Voorkeuren verwijderen</val>
		</str>
		<str name="ToolTipInfo" translate="yes">
			<val>Meldingen, waarschuwingen, rapportage of andere voorkeuren verwijderen voor de geselecteerde producten.</val>
		</str>
	</set>
	
	<set name="Progress">
		<str name="MinutesRemaining" translate="yes">
			<val>Nog ongeveer {0} minuten resterend</val>
		</str>
		<str name="MinuteRemaining" translate="yes">
			<val>Nog ongeveer {0} minuut resterend</val>
		</str>
		<str name="LTMinuteRemaining" translate="yes">
			<val>Minder dan een minuut resterend</val>
		</str>
		<str name="PctComplete" translate="yes">
			<val>({0}% voltooid)</val>
		</str>
		
		<set name="ConflictingProcess">
			<str name="Title" translate="yes">
				<val>Sluit deze toepassingen om door te gaan:</val>
			</str>
			<str name="SubText1" translate="yes">
				<val>(Als dit bericht wordt weergegeven zelfs nadat u een toepassing hebt gesloten, worden sommige processen nog op de achtergrond uitgevoerd. {0}Meer informatie{1} over het stoppen van achtergrondprocessen.)</val>
			</str>
			<str name="BackgroundProcessesLink" translate="yes">
				<val>http://www.adobe.com/go/learn_bgprocesses_nl</val>
			</str>
			<str name="SubText2" translate="yes">
				<val>Lijst met toepassingen die moeten worden gesloten:</val>
			</str>
		</set>
		
		<set name="DiskPrompt">
			<str name="Title" translate="yes">
				<val>Plaats schijf {0} om door te gaan.</val>
			</str>
		</set>
		
		<set name="Install">
			<str name="Title" translate="yes">
				<val>Installeren</val>
			</str>
			<str name="Preparing" translate="yes">
				<val>Installatie voorbereiden...</val>
			</str>
			<str name="Currently" translate="yes">
				<val>{0} wordt geïnstalleerd</val>
			</str>
			<str name="Confirmation" translate="yes">
				<val>Weet u zeker dat u de installatie wilt annuleren?</val>
			</str>
			
			<str name="AdministratorPrivileges" translate="yes">
				<val>Beheerdersrechten zijn vereist voor installeren. Meld u aan als beheerder.</val>
			</str>
		</set>
		<set name="Uninstall">
			<str name="Title" translate="yes">
				<val>Verwijderen</val>
			</str>
			<str name="Preparing" translate="yes">
				<val>Verwijderen voorbereiden...</val>
			</str>
			<str name="Currently" translate="yes">
				<val>{0} wordt verwijderd</val>
			</str>
			<str name="Confirmation" translate="yes">
				<val>Weet u zeker dat u het verwijderen wilt annuleren?</val>
			</str>
			
			<str name="AdministratorPrivileges" translate="yes">
				<val>Beheerdersrechten zijn vereist voor verwijderen. Meld u aan als beheerder.</val>
			</str>
		</set>
	</set>
	
	<set name="Success">
		<set name="Install">
			<str name="Title" translate="yes">
				<val>Installatie is voltooid</val>
			</str>
			<str name="MyAdobeLink" translate="yes">
				<val>http://www.adobe.com/go/adobemembership_nl</val>
			</str>
			<str name="Link1Text" translate="yes">
				<val>Mijn Adobe</val>
			</str>
			<str name="Link1" translate="yes">
				<val>http://www.adobe.com/go/adobemembership_nl</val>
			</str>
			<str name="Link2Text" translate="yes">
				<val>Zelfstudievideo's</val>
			</str>
			<str name="Link2" translate="yes">
				<val>http://www.adobe.com/go/adobetv_howto_nl</val>
			</str>
			<str name="AdditionalInfo" translate="yes">
				<val>Ga naar {0} als u dit product of uw andere legitieme Adobe-software wilt beheren.</val>
			</str>
			<str name="BtnLblLaunchNow" translate="yes">
				<val>Nu starten</val>
			</str>
			<str name="BtnLblClose" translate="yes">
				<val>Sluiten</val>
			</str>
			<set name="PP">
				<str name="CompletedText" translate="yes">
					<val>{0} is geïnstalleerd en is klaar voor gebruik.</val>
				</str>
				<str name="RestartText" translate="yes">
				<val>U kunt de computer het beste eerst opnieuw opstarten voor u de software gaat gebruiken.</val>
				</str>
			</set>
			<set name="Suite">
				<str name="CompletedText" translate="yes">
					<val>U kunt deze toepassingen gebruiken.</val>
				</str>
				<str name="RestartText" translate="yes">
				<val>Voor sommige componenten kunt u de computer het beste eerst opnieuw opstarten voor u de software gaat gebruiken.</val>
				</str>
			</set>
		</set>
		
		<set name="Uninstall">
			<str name="Title" translate="yes">
				<val>Verwijderen is voltooid</val>
			</str>
			<str name="RestartText" translate="yes">
				<val>Start uw computer opnieuw op.</val>
			</str>
			<set name="PP">
				<str name="CompletedText" translate="yes">
					<val>{0} is verwijderd.</val>
				</str>
			</set>
			<set name="Suite">
				<str name="CompletedText" translate="yes">
					<val>De volgende toepassingen zijn verwijderd.</val>
				</str>
			</set>
		</set>
	</set>
	
    <set name="DoneWithError">
	    <set name="Install">
	        <str name="Title" translate="yes">
	            <val>Installatie is voltooid</val>
	        </str>
	        <str name="CompleteText" translate="yes">
	            <val>De installatie is voltooid en u kunt deze toepassingen gebruiken.</val>
	        </str>
	        <str name="IncompleteWarning" translate="yes">
	            <val>Sommige items voor de volgende producten zijn niet geïnstalleerd.</val>
	        </str>
			<set name="PP">
				<str name="RestartText" translate="yes">
					<val>U kunt de computer het beste eerst opnieuw opstarten voor u de software gaat gebruiken.</val>
				</str>
			</set>
			<set name="Suite">
				<str name="RestartText" translate="yes">
					<val>Voor sommige componenten kunt u de computer het beste eerst opnieuw opstarten voor u de software gaat gebruiken.</val>
				</str>
			</set>
			<set name="Cancelled">
		        <str name="Title" translate="yes">
		            <val>Installatie is geannuleerd</val>
		        </str>
		        <str name="CompleteText" translate="yes">
	            	<val>De volgende toepassingen zijn echter geïnstalleerd voordat u de installatie hebt geannuleerd. Deze toepassingen kunt u desgewenst handmatig verwijderen.</val>
		        </str>
	        </set>
            <str name="DiskSpaceText" translate="yes">
                <val>Onvoldoende schijfruimte; maak ruimte vrij en probeer opnieuw te installeren.</val>
            </str>
		</set>
	    <set name="Uninstall">
	        <str name="Title" translate="yes">
	            <val>Verwijderen is voltooid</val>
	        </str>
	        <str name="CompleteText" translate="yes">
	            <val>De volgende toepassingen zijn verwijderd</val>
	        </str>
	        <str name="IncompleteWarning" translate="yes">
	            <val>Sommige componenten zijn niet verwijderd.</val>
	        </str>
	        <str name="CleanerToolText" translate="yes">
            	<val>U kunt het {0}opschoningshulpprogramma{1} downloaden en uitvoeren om een volledige opschoning uit te voeren.</val>
        </str>
	    </set>
    </set>

    <set name="Failure">
	    <set name="Install">
	        <str name="Title" translate="yes">
	            <val>Installatie is mislukt</val>
	        </str>
	        <str name="WarningText" translate="yes">
	            <val>Er zijn fouten opgetreden tijdens het installeren.</val>
	        </str>
			<str name="InitializeTroubleshootingTips" translate="yes">
			    <val>Meer tips voor het oplossen van problemen:{0}1. Start de computer opnieuw op.{0}2. Sluit alle toepassingen af, inclusief opstartonderdelen en antivirus- en firewallsoftware.{0}3. Start de installatieprogramma en installeer de toepassingen opnieuw.</val>
            </str>
			<str name="TroubleshootingTips" translate="yes">
			    <val>Meer tips voor het oplossen van problemen:{0}1. Start de computer opnieuw op.{0}2. Sluit alle toepassingen af, inclusief opstartonderdelen en antivirus- en firewallsoftware.{0}3. Sluit dit venster en start het installatieprogramma opnieuw om de toepassingen nogmaals te installeren.</val>
            </str>
	        
	        <set name="Cancelled">
		        <str name="Title" translate="yes">
		            <val>Installatie is geannuleerd</val>
		        </str>
		        <str name="WarningText" translate="yes">
		            <val>Installatie is geannuleerd. Probeer het later opnieuw.</val>
		        </str>
	        </set>
	        
	        <set name="AGVFailure">
		        <str name="WarningText" translate="yes">
		            <val>Verificatie van legitieme Adobe-software is mislukt</val>
		        </str>
		        <str name="ParagraphOneText" translate="yes">
					<val>Het product dat u wilt installeren, is geen legitiem Adobe-softwareproduct en lijkt te zijn vervalst. {0}Meld softwarepiraterij{1} of neem contact op met de {2}klantenservice{3} voor verdere ondersteuning.</val>
		        </str>
		        <str name="ReportPiracyLink" translate="yes">
		            <val>http://www.adobe.com/go/reportpiracy_nl</val>
		        </str>
	        </set>
	        
	        <set name="SyncFail">
	            <str name="WarningText" translate="yes">
	                <val>Inconsistentie in de database van de installer. Start de computer opnieuw op en installeer opnieuw.</val>
	            </str>
	        </set>
	        
	        <set name="MSIRunning">
	            <str name="ParagraphOneText" translate="yes">
	                <val>Er is een ander installatieprogramma actief dat moet worden gesloten voor u dit product kunt installeren. Sluit de overige installatieprogramma's.</val>
	            </str>
	        </set>
	        
	        <set name="DiskSpace">
	            <str name="ParagraphOneText" translate="yes">
	                <val>Onvoldoende schijfruimte; maak ruimte vrij en probeer opnieuw te installeren.</val>
	            </str>
	        </set>
	    </set>
	    
	    <set name="Uninstall">
	        <str name="Title" translate="yes">
	            <val>Verwijderen is mislukt</val>
	        </str>
	        <str name="WarningText" translate="yes">
	            <val>Er zijn fouten opgetreden tijdens het verwijderen.</val>
	        </str>
			<str name="InitializeTroubleshootingTips" translate="yes">
			    <val>Tips voor het oplossen van problemen:{0}1. Start de computer opnieuw op.{0}2. Sluit alle toepassingen af, inclusief opstartonderdelen en antivirus- en firewallsoftware.{0}3. Verwijder de software opnieuw.</val>
            </str>
	        <str name="TroubleshootingTips" translate="yes">
			    <val>Meer tips voor het oplossen van problemen:{0}1. Start de computer opnieuw op.{0}2. Sluit alle toepassingen af, inclusief opstartonderdelen en antivirus- en firewallsoftware.{0}3. Verwijder de software opnieuw.</val>
            </str>
            <str name="CleanerToolText" translate="yes">
            	<val>U kunt ook het {0}opschoningshulpprogramma{1} downloaden en uitvoeren.</val>
        	</str>
        	<str name="MSIRunning" translate="yes">
	            <val>Er is een ander installatieprogramma actief dat moet worden gesloten voor u dit product kunt verwijderen. Sluit de overige installatieprogramma's.</val>
	        </str> 	        
	    </set>
	    
        <set name="InitializationFailed">
            <str name="Paragraph1" translate="yes">
                <val>Kan installer niet initialiseren. Mogelijk ontbreekt er een bestand.</val>
            </str>
        </set>
        
        <set name="ConflictingPayload">
            <str name="Paragraph1" translate="yes">
                <val>Deze computer bevat een conflicterende of pre-releaseversie van {0}. Verwijder de conflicterende versie voor u installeert vanaf de huidige media.</val>
            </str>
        </set>
        
        <set name="x64BitOn32Bit">
            <str name="Paragraph1" translate="yes">
                <val>U kunt dit product alleen installeren op een 64-bits systeem.</val>
            </str>
        </set>
    </set>
    
	<set name="Common">
		<str name="DefaultProductName" translate="yes">
			<val>Adobe-product</val>
		</str>
		<str name="QuitConfirmation" translate="yes">
            <val>Weet u zeker dat u wilt afsluiten?</val>
        </str>
		
        <str name="ErrorSummaryText" translate="yes">
            <val>Mogelijk kunt u het probleem vaststellen via het bestand met het {0}foutoverzicht{1}.</val>
        </str>
        <str name="CustomerSupportText" translate="yes">
            <val>Neem voor verdere ondersteuning contact op met de {0}Klantenondersteuning{1} als de problemen zich blijven voordoen.</val>
        </str>
        <str name="CustomerSupportLink" translate="yes">
            <val>http://www.adobe.com/go/customer_support_nl</val>
        </str>
        <str name="NewSubscriptionLink" translate="yes">
        	<val>http://www.adobe.com/go/products_nl</val>
        </str>
        <str name="CleanerToolLink" translate="yes">
            <val>http://www.adobe.com/go/cscleanertool_nl</val>
        </str>
        
        <str name="SystemRequirementsLink" translate="yes">
            <val>http://www.adobe.com/go/cs_systemreqs_nl</val>
        </str>

		<str name="PrivacyPortalLink" translate="yes">
			<val>http://www.adobe.com/go/adobe_privacy_portal_nl</val>
		</str>
		
		<str name="PrivacyPolicyLink" translate="yes">
			<val>http://www.adobe.com/go/privacy_nl</val>
		</str>
		<str name="GetActivated" translate="yes">
			<val>http://www.adobe.com/go/getactivated_nl</val>
		</str>
		<str name="GB" translate="yes">
			<val>GB</val>
		</str>
		<str name="MB" translate="yes">
			<val>MB</val>
		</str>
		<str name="KB" translate="yes">
			<val>kB</val>
		</str>
		<str name="decimalSeparator" translate="yes">
			<val>,</val>
		</str>
		<str name="commaSeparator" translate="yes">
			<val>.</val>
		</str>
	</set>
	
	<set name="OSName">
		<str name="6.2.1" translate="no"><val>Windows Server 2012</val></str>
		<str name="6.2.0" translate="no"><val>Windows 8</val></str>
		<str name="Win8" translate="no"><val>Windows 8</val></str>
		<str name="Win7" translate="no"><val>Windows 7</val></str>
		<str name="Server2008R2" translate="no"><val>Windows Server 2008 R2</val></str>
		<str name="Vista" translate="no"><val>Windows Vista</val></str>
		<str name="Server2008" translate="no"><val>Windows Server 2008</val></str>
		<str name="Server2003" translate="no"><val>Windows Server 2003</val></str>
		<str name="XP" translate="no"><val>Windows XP</val></str>
		<str name="2000" translate="no"><val>Windows 2000</val></str>
		<str name="ME" translate="no"><val>Windows ME</val></str>
		<str name="98" translate="no"><val>Windows 98</val></str>
		<str name="NT4.0" translate="no"><val>Windows NT 4.0</val></str>
		<str name="95" translate="no"><val>Windows 95</val></str>
		<str name="UNKNOWN" translate="no"><val>Windows</val></str>
	</set>
	
	<set name="isoToLanguage">
		<str name="en_US" translate="no"><val>English (North America)</val></str>
		<str name="en_GB" translate="no"><val>English (International)</val></str>
		<str name="en_INT" translate="no"><val>English (International)</val></str>
		<str name="en_AE" translate="no"><val>English يدعم العربية</val></str>
		<str name="en_IL" translate="no"><val>English תומך עברית</val></str>
		<str name="en_XC" translate="no"><val>English (Central Europe)</val></str>
		<str name="en_XM" translate="no"><val>English (Middle East)</val></str>
		
		<str name="fr_FR" translate="no"><val>Français</val></str>
		<str name="fr_CA" translate="no"><val>Français (Canada)</val></str>
		<str name="fr_MA" translate="no"><val>Français (Maroc)</val></str>
		<str name="fr_XM" translate="no"><val>Français (Moyen-Orient)</val></str>
		
		<str name="es_ES" translate="no"><val>Español</val></str>
		<str name="es_MX" translate="no"><val>Español (América Latina)</val></str>
		<str name="es_LA" translate="no"><val>Español de América Latina</val></str>
		<str name="es_NA" translate="no"><val>Español Norteamericano</val></str>
		<str name="es_QM" translate="no"><val>Español (Middle East)</val></str>
		
		<str name="ar_AE" translate="no"><val>العربية</val></str>
		<str name="bg_BG" translate="no"><val>Български</val></str>
		<str name="lv_LV" translate="no"><val>Latviešu</val></str>
		<str name="et_EE" translate="no"><val>Eesti</val></str>
		<str name="hr_HR" translate="no"><val>hrvatski</val></str>
		<str name="sl_SI" translate="no"><val>slovenščina</val></str>
		<str name="sk_SK" translate="no"><val>slovenčina</val></str>
		<str name="th_TH" translate="no"><val>ภาษาไทย</val></str>
		<str name="vi_VN" translate="no"><val>Việt</val></str>
		<str name="sq_AL" translate="no"><val>Shqip</val></str>
		<str name="ar_SA" translate="no"><val>العربية</val></str>
		<str name="be_BY" translate="no"><val>Беларуская</val></str>
		<str name="ca_ES" translate="no"><val>Català</val></str>
		<str name="hi_IN" translate="no"><val>हिन्दी</val></str>
		<str name="is_IS" translate="no"><val>Íslenska</val></str>
		<str name="lt_LT" translate="no"><val>Lietuvių</val></str>
		<str name="mk_MK" translate="no"><val>македонски</val></str>
		<str name="nn_NO" translate="no"><val>Norsk (Nynorsk)</val></str>
		<str name="pt_PT" translate="no"><val>Português de Portugal</val></str>
		<str name="sh_YU" translate="no"><val>Srpsko-Hrvatski</val></str>
		<str name="sr_YU" translate="no"><val>Cрпски</val></str>
		<str name="kk_KZ" translate="no"><val>Қазақ</val></str>
		<str name="az_AZ" translate="no"><val>Azərbaycan dili</val></str>
		<str name="no_NO" translate="no"><val>Norwegian</val></str>
		<str name="cs_CZ" translate="no"><val>česky</val></str>
		<str name="de_DE" translate="no"><val>Deutsch</val></str>
		<str name="el_GR" translate="no"><val>Ελληνικά</val></str>
		<str name="he_IL" translate="no"><val>עברית</val></str>
		<str name="hu_HU" translate="no"><val>magyar</val></str>
		<str name="it_IT" translate="no"><val>Italiano</val></str>
		<str name="ja_JP" translate="no"><val>日本語</val></str>
		<str name="ko_KR" translate="no"><val>한국어</val></str>
		<str name="nl_NL" translate="no"><val>Nederlands</val></str>
		<str name="pl_PL" translate="no"><val>polski</val></str>
		<str name="ro_RO" translate="no"><val>Română</val></str>
		<str name="ru_RU" translate="no"><val>русский</val></str>
		<str name="sv_SE" translate="no"><val>Svenska</val></str>
		<str name="tr_TR" translate="no"><val>Türkçe</val></str>
		<str name="uk_UA" translate="no"><val>українська</val></str>
		<str name="zh_CN" translate="no"><val>简体中文</val></str>
		<str name="zh_TW" translate="no"><val>繁體中文</val></str>
		<str name="da_DK" translate="no"><val>Dansk</val></str>
		<str name="fi_FI" translate="no"><val>suomi</val></str>
		<str name="nb_NO" translate="no"><val>Norsk (Bokmål)</val></str>
		<str name="pt_BR" translate="no"><val>Português do Brasil</val></str>
	</set>

</asf>
