<?xml version='1.0' encoding='utf-8'?>
<!DOCTYPE asf SYSTEM "http://ns.adobe.com/asf/asf_1_0.dtd" >
<asf xmlns="http://ns.adobe.com/asf" locale="ru_RU" version="1.0">
	<set name="install">
		<str name="next" translate="yes">
			<val>ДАЛЕЕ</val>
		</str>
		<str name="back" translate="yes">
			<val>НАЗАД</val>
		</str>
		<str name="exit" translate="yes">
			<val>ВЫХОД</val>
		</str>
		<str name="quit" translate="yes">
			<val>ОТМЕНА</val>
		</str>
		<str name="stop" translate="yes">
			<val>ОСТАНОВИТЬ</val>
		</str>
		<str name="continue" translate="yes">
			<val>ПРОДОЛЖИТЬ</val>
		</str>
		<str name="cancel" translate="yes">
			<val>ОТМЕНИТЬ</val>
		</str>
		<str name="tryAgain" translate="yes">
			<val>ПОВТОРИТЬ ПОПЫТКУ</val>
		</str>
		<str name="decline" translate="yes">
			<val>ОТКЛОНИТЬ</val>
		</str>
		<str name="accept" translate="yes">
			<val>ПРИНЯТЬ</val>
		</str>			
		<str name="create" translate="yes">
			<val>Создать Adobe ID</val>
		</str>			
		<str name="info" translate="yes">
			<val>Подробнее</val>
		</str>
		<str name="done" translate="yes">
			<val>ГОТОВО</val>
		</str>
		<str name="install" translate="yes">
			<val>УСТАНОВКА</val>
		</str>			
		<str name="uninstall" translate="yes">
			<val>УДАЛЕНИЕ</val>
		</str>			
		<str name="btnOK" translate="yes">
			<val>OK</val>
		</str>
		<str name="yes" translate="yes">
			<val>ДА</val>
		</str>
		<str name="no" translate="yes">
			<val>НЕТ</val>
		</str>
		<str name="subscriptionEdition" translate="no">
			<val>Subscription Edition</val>
		</str>
	</set>
	
	<set name="welcome">
		<str name="welcome" translate="yes">
			<val>Добро пожаловать</val>
		</str>
		<str name="product" translate="yes">
			<val>Установщик для {0}</val>
		</str>
		<str name="view" translate="yes">
			<val>Язык:</val>
		</str>
		<str name="license" translate="yes">
			<val>Лицензионное соглашение по ПО Adobe</val>
		</str>
		<str name="sure" translate="yes">
			<val>Вы действительно хотите выйти?</val>
		</str>
		<str name="AppTitleInstall" translate="yes">
			<val>Установщик для {0}</val>
		</str>
		<str name="AppTitleUninstall" translate="yes">
			<val>Средство удаления для {0}</val>
		</str>
	</set>
	
	<set name="serial">
		<str name="welcome" translate="yes">
			<val>Введите серийный номер</val>
		</str>
		<str name="serial" translate="yes">
			<val>Введите серийный номер.</val>
		</str>
		<str name="trial" translate="yes">
			<val>Установить ознакомительную версию.</val>
		</str>
		<str name="lang" translate="yes">
			<val>Язык:</val>
		</str>
		<str name="license" translate="yes">
			<val>Этот серийный номер будет использован для: {0}</val>
		</str>
		<str name="selectLang" translate="yes">
			<val>Выбрать язык</val>
		</str>
		<str name="locateTT" translate="yes">
			<val>Серийный номер указан сзади на коробке с DVD-диском, в лицензионном сертификате Adobe Open Options (только для корпоративного приобретения) или в электронном письме, полученном от магазина Adobe Store (только для продуктов, приобретенных и загруженных через Интернет).</val>
		</str>
		<str name="invalid" translate="yes">
			<val>Данный серийный номер недействителен для этого продукта.</val>
		</str>
		<str name="also" translate="yes">
			<val>Вы также сможете ввести серийный номер после установки.</val>
		</str>
		<str name="agree" translate="yes">
			<val>Согласно лицензионному соглашению программа предпринимает попытку автоматически выполнить активацию через Интернет. Подробные сведения см. на {0}www.adobe.com/activation{1}.</val>
		</str>
		<str name="agreeLink" translate="yes">
			<val>http://www.adobe.com/go/activation_ru</val>
		</str>
		<str name="progressMessage" translate="yes">
			<val>Выполняется проверка данных подписки...</val>
		</str>
	</set>
	
	<set name="options">
		<str name="title" translate="yes">
			<val>Параметры установки</val>
		</str>
		<str name="unTitle" translate="yes">
			<val>Параметры удаления</val>
		</str>
		<str name="unInstruct" translate="yes">
			<val>Если вы решили удалить весь продукт, вы можете также деактивировать его серийный номер.</val>
		</str>
		<str name="total" translate="yes">
			<val>Всего установлено:</val>
		</str>
		<str name="all" translate="yes">
			<val>Все компоненты</val>
		</str>
		<str name="loc" translate="yes">
			<val>Расположение:</val>
		</str>
		<str name="deactivate" translate="yes">
			<val>Деактивация</val>
		</str>
		<str name="deactivateTooltip1" translate="yes">
			<val>Деактивация позволяет вам активировать свой продукт Adobe на другом компьютере при условии, что вы не нарушаете Лицензионное соглашение по программному обеспечению. Перед деактивацией убедитесь, что вы подключены к Интернету.</val>
		</str>
		<str name="deactivateTooltip2" translate="yes">
			<val>Нельзя деактивировать отдельные компоненты как части лицензированного продукта Adobe. Чтобы установить и активировать свой продукт Adobe на другом компьютере, сначала деактивируйте и удалите весь продукт целиком на данном компьютере.</val>
		</str>
		<str name="remove" translate="yes">
			<val>Удалить установки</val>
		</str>
		<str name="select" translate="yes">
			<val>Нажмите название продукта, чтобы указать параметры установки</val>
		</str>
		<str name="include" translate="yes">
			<val>Включает:</val>
		</str>
		<str name="decimalSeparator" translate="yes">
			<val>,</val>
		</str>
		<str name="commaSeparator" translate="yes">
			<val>,</val>
		</str>
		<str name="browse" translate="yes">
			<val>Укажите папку установки</val>
		</str>
		<str name="reqs" translate="yes">
			 <val>Система не отвечает минимальным системным требованиям. {0}Подробнее...{1}</val>
		</str>
		<str name="more" translate="yes">
			<val>Подробнее</val>
		</str>		
		<str name="morelink" translate="yes">
			<val>http://www.adobe.com/go/cs_systemreqs_ru</val>
		</str>
		<str name="infolink" translate="yes">
			<val>http://www.adobe.com/go/cs_shared_components_ru</val>
		</str>
		<str name="available" translate="yes">
			<val>доступно</val>
		</str>
		<str name="recommend" translate="yes">
			<val>Рекомендовано:</val>
		</str>	
		<str name="required" translate="yes">
			<val>Требуется:</val>
		</str>
		<str name="GB" translate="yes">
			<val>ГБ</val>
		</str>
		<str name="MB" translate="yes">
			<val>МБ</val>
		</str>
		<str name="KB" translate="yes">
			<val>КБ</val>
		</str>
		<str name="already" translate="yes">
			<val>Уже установлено</val>
		</str>
		
		<str name="again" translate="yes">
			<val>Каждый выбранный компонент будет повторно установлен в папку, где в настоящий момент расположен файл компонента.</val>
		</str>		
		<str name="uninstall" translate="yes">
			<val>УДАЛЕНИЕ</val>
		</str>
		<str name="install" translate="yes">
			<val>УСТАНОВКА</val>
		</str>
		<str name="requirementError" translate="yes">
			<val>Система не отвечает мин. системным требованиям.</val>
		</str>
		<str name="conflictError" translate="yes">
			<val>Уже установлена предварительная версия данного продукта</val>
		</str>
		<str name="upgradedError" translate="yes">
			<val>Уже установлена более новая версия данного продукта</val>
		</str>
		<str name="langNotPresent" translate="yes">
			<val>Недоступно для выбранного языка</val>
		</str>
		<str name="dependenciesNotEnabled" translate="yes">
			<val>Отключены обязательные компоненты</val>
		</str>
		<str name="avail" translate="yes">
			<val>Место на диске:</val>
		</str>
		<str name="drive" translate="yes">
			<val>Диск {0}</val>
		</str>
		<str name="sure" translate="yes">
			<val>Отменить удаление?</val>
		</str>
		<str name="browseErrorCaseSensitive" translate="yes">
			<val>Диски с чувствительными к регистру именами не поддерживаются.</val>
		</str>
		<str name="browseErrorMappedNetwork" translate="yes">
			<val>Установка на подключенные сетевые диски не поддерживается.</val>
		</str>
		<str name="browseErrorRemovableDrive" translate="yes">
			<val>Установка на съемные флэш-диски не поддерживается.</val>
		</str>
		<str name="browseErrorTooLong" translate="yes">
			<val>Для установки выбран слишком длинный путь.</val>
		</str>
		<str name="browseErrorLockedPath" translate="yes">
			<val>Установка в заблокированное расположение не поддерживается.</val>
		</str>
		<str name="browseErrorGeneric" translate="yes">
			<val>Не удалось произвести установку в выбранное расположение.</val>
		</str>
		<str name="browseErrorRootDrive" translate="yes">
			<val>Установка в корневой каталог диска не поддерживается.</val>
		</str>
		<str name="diskSpaceTooltip" translate="yes">
			<val>Для завершения этой установки недостаточно места на диске.</val>
		</str>
		<str name="diskSpaceOverlayError" translate="yes">
			<val>Размер выбранных компонентов превышает доступное место на жестком диске. Выберите жесткий диск, на котором достаточно места, и заново запустите программу установки.</val>
		</str>
		<str name="uninstallSubscriptionMessage" translate="yes">
			<val>Удаление приложений не изменяет вашу подписку. Чтобы изменить состояние подписки, посетите диспетчер подписки. {0}Измените состояние подписки.{1}</val>
		</str>
		<str name="uninstallSubscriptionMessageLink" translate="no">
			<val>http://www.adobe.com/go/subscriptionedition</val>
		</str>
	</set>

	<set name="progress">
		<str name="title" translate="yes">
			<val>Ход выполнения установки</val>
		</str>
		<str name="doneErrors" translate="yes">
			<val>Состояние установки</val>
		</str>
		<str name="curr" translate="yes">
			<val>Выполняется установка...</val>
		</str> 
		<str name="unTitle" translate="yes">
			<val>Ход выполнения удаления</val>
		</str>
		<str name="unCurr" translate="yes">
			<val>Производится удаление...</val>
		</str> 
		<str name="cancelling" translate="yes">
			<val>Отмена установки...</val>
		</str>
		<str name="removingCache" translate="yes">
			<val>Удаление кэша...</val>
		</str> 
		<str name="disc" translate="yes">
			<val>Диск</val>
		</str>		
		<str name="preparing" translate="yes"> 
			<val>Подготовка к установке…</val>
		</str>
		<str name="preparingun" translate="yes"> 
			<val>Подготовка к удалению…</val>
		</str>
		<str name="calculating" translate="yes"> 
			<val>Общий остаток времени: вычисление…</val>
		</str>
		<str name="calculatingun" translate="yes"> 
			<val>Осталось времени: вычисление...</val>
		</str>
		<str name="complete" translate="yes"> 
			<val>Завершено {0}%</val>
		</str>
		<str name="remainTotal" translate="yes">
			<val>Всего времени осталось: примерно {0} мин.</val>
		</str>
		<str name="unRemainTotal" translate="yes">
			<val>Остаток времени: примерно {0} мин</val>
		</str>
		<str name="remainTotalOneMin" translate="yes">
			<val>Всего времени осталось: примерно {0} мин.</val>
		</str>
		<str name="unRemainTotalOneMin" translate="yes">
			<val>Осталось времени: примерно {0} мин.</val>
		</str>
		<str name="remainMin" translate="yes">
			<val>Общий остаток времени: меньше минуты</val>
		</str>
		<str name="unRemainMin" translate="yes">
			<val>Остаток времени: меньше минуты</val>
		</str>
		<str name="remainDisc" translate="yes">
			<val>Время до следующего диска: примерно {0} мин.</val>
		</str>				
		<str name="sure" translate="yes">
			<val>Действительно отменить установку?</val>
		</str>
		<str name="incorrect" translate="yes">
			<val>Вставлен неверный диск. Вставьте нужный диск и нажмите "Готово".</val>
		</str>
		<str name="insert" translate="yes">
			<val>Чтобы продолжить, вставьте диск {0}.</val>
		</str>
		<str name="errorClose" translate="yes">
			<val>Чтобы продолжить, закройте следующие приложения:</val>
		</str>
		<str name="contact" translate="yes">
			<val>За дополнительными инструкциями обратитесь в {0}службу поддержки{1}.</val>
		</str>
		<str name="supportLink" translate="no">
			<val>http://www.adobe.com/go/support_loganalyzer</val>
		</str>
		<str name="errorLater" translate="yes">
			<val>Чтобы завершить установку после перезагрузки компьютера, нажмите "Завершить позже".</val>
		</str>
		<str name="finishLater" translate="yes">
			<val>Завершить позже</val>
		</str>
		<str name="cancelMsg" translate="yes">
			<val>Установка была отменена.</val>
		</str>
		<str name="partial" translate="yes">
			<val>Часть приложений успешно установлены, но при установке некоторых возникли ошибки.</val>
		</str>
		<str name="installProblems" translate="yes">
			<val>В процессе установки возникли проблемы</val>
		</str>
		<str name="requiredFailWarning" translate="yes">
			<val>Возможно, не удалось установить некоторые обязательные компоненты. Это может повлиять на функциональность установленных приложений.</val>
		</str>
		<str name="helpTroubleshoot" translate="yes">
			<val>Для получения помощи в устранении данной проблемы просмотрите раздел {0}Поиск и устранение неисправностей{1}</val>
		</str>
		<str name="troubleshootTips" translate="yes">
			<val>В решении проблемы могут помочь следующие рекомендации по устранению неисправностей:</val>
		</str>
		<str name="tipOne" translate="yes">
			<val>1. Перезагрузите компьютер</val>
		</str>
		<str name="tipTwo" translate="yes">
			<val>2. Завершите работу всех приложений, включая автоматически запускаемые при старте системы, антивирусное ПО и брандмауэр</val>
		</str>
		<str name="tipThree" translate="yes">
			<val>3. Запустите программу установки и повторно установите приложения</val>
		</str>
		<str name="errorLogText" translate="yes">
			<val>Если проблема сохранится, идентифицировать ее может помочь указанный ниже файл журнала ошибок.</val>
		</str>
		<str name="customerSupport" translate="yes">
			<val>Обратитесь в {0}службу технической поддержки{1} и предоставьте им эти сведения.</val>
		</str>
		
		<str name="completely" translate="yes">
			<val>Следующие приложения готовы к использованию:</val>
		</str>
		<str name="incomplete" translate="yes">
			<val>Следующие приложения необходимо переустановить.</val>
		</str>
		<str name="installed" translate="yes">
			<val>Установлено:</val>
		</str>
		<str name="notInstalled" translate="yes">
			<val>Не установлено:</val>
		</str>
		<str name="haserrors" translate="yes">
			<val>Возникли ошибки при выполнении установки.</val>
		</str>
		<str name="restart" translate="yes">
			<val>Попробуйте перезапустить систему, а затем повторите попытку установки.</val>
		</str>
		<str name="timeRemaining" translate="yes">
			<val>Оставшееся время</val>
		</str>
		<str name="unDoneTitle" translate="yes">
			<val>Состояние удаления</val>
		</str>
		<str name="unDoneWarning" translate="yes">
			<val>Часть приложений успешно удалены, но при удалении некоторых возникли ошибки.</val>
		</str>
		<str name="unComplete" translate="yes">
			<val>Были удалены следующие приложения:</val>
		</str>
		<str name="unIncomplete" translate="yes">
			<val>Следующие приложения не были удалены:</val>
		</str>
		<str name="unInstruct" translate="yes">
			<val>Попробуйте перезагрузить компьютер и выполнить удаление повторно. Если проблема не будет разрешена, загрузите и запустите инструмент очистки из набора {0}Adobe Creative Suite{1}.</val>
		</str>
		<str name="unPointWarning" translate="yes">
			<val>В ходе удаления возникли ошибки.</val>
		</str>		
		<str name="cleanScriptLink" translate="no">
			<val>http://www.adobe.com/go/cscleanertool</val>
		</str>
		<str name="deactivateWarning" translate="yes">
			<val>Чтобы выполнить деактивацию, подключитесь к Интернету. В противном случае снимите флажок "Деактивировать" на предыдущем экране.</val>
		</str>
		<str name="deactivateFailureWarning" translate="yes">
			<val>Не удалось выполнить деактивацию. Удаление продукта можно продолжить, но его активация на другом компьютере до завершения деактивации может оказаться невозможной.</val>
		</str>		
	</set>	 

	<set name="thanks">
		<str name="title" translate="yes">
			<val>Спасибо!</val>
		</str>
		<str name="titleInsStatus" translate="yes">
			<val>Состояние установки</val>
		</str>
		
		<str name="subtitle" translate="yes">
			<val>Установка завершена. Приступайте к работе и получите максимум преимуществ от своего ПО.</val>
		</str>
		<str name="subtitle1" translate="yes">
			<val>Установка завершена.</val>
		</str>
		<str name="subtitle2" translate="yes">
			<val>Приступайте к работе и получите максимум преимуществ от своего ПО.</val>
		</str>
		<str name="subtitleSubsClaimFail" translate="yes">
			<val>Невозможно запустить подписку на {0}</val>
		</str>
	
		
		<str name="unSubtitle" translate="yes">
			<val>Следующие приложения успешно удалены:</val>
		</str>

		<str name="unSubtitleNoProductList" translate="yes">
			<val>Удаление завершено.</val>
		</str>

		<str name="appsInstalledHeading" translate="yes">
			<val>Установлены следующие продукты</val>
		</str>
		<str name="appInstalledHeading" translate="yes">
			<val>Установлен следующий продукт</val>
		</str>

		<str name="services" translate="yes">
			<val>Начало работы: продукты и службы Adobe</val>
		</str>
		<str name="noservices" translate="yes">
			<val>Начало работы: продукты и услуги Adobe</val>
		</str>
		<str name="successWithServices" translate="yes">
			<val>С помощью вашего Adobe ID мы зарегистрировали ваше программное обеспечение и настроили доступ к службам Adobe CS Live.</val>
		</str>
		<str name="successWithoutServices" translate="yes">
			<val>Указав Adobe ID, вы зарегистрировали свое ПО.</val>
		</str>
		<str name="emailVerify" translate="yes">
			<val>Подтверждение адреса электронной почты необходимо для начала использования служб Adobe CS Live. Проверьте папку входящей почты.</val>
		</str>
		<str name="skippedWithServices" translate="yes">
			<val>Adobe ID требуется для регистрации программного обеспечения и для доступа к службам Adobe CS Live. Вам будет предложено ввести Adobe ID при использовании ПО.</val>
		</str>
		<str name="skippedWithoutServices" translate="yes">
			<val>Adobe ID требуется для регистрации программного обеспечения. Вам будет предложено ввести Adobe ID при использовании ПО.</val>
		</str>
		<str name="trialAdobeIDtext" translate="yes">
			<val>Чтобы использовать это ПО в ознакомительном режиме, необходим Adobe ID. У вас есть 7 дней с момента первого запуска, чтобы ввести его.</val>
		</str>
		<str name="idinfo" translate="yes">
			<val>С помощью вашего Adobe ID мы зарегистрировали ваш продукт и настроили доступ к службам Adobe CS Live.</val>
		</str>	
		<str name="id" translate="yes">
			<val>Для регистрации ваших продуктов используется Adobe ID.</val>
		</str>
		<str name="provided" translate="yes">
			<val>Продукт был зарегистрирован для указанного Adobe ID.</val>
		</str>
		<str name="idservices" translate="yes">
			<val>Ваш Adobe ID используется для регистрации продуктов, а также для подписки на дополнительные службы Adobe CS Live.</val>
		</str>
		<str name="idis" translate="yes">
			<val>Ваш Adobe ID: {0}</val>
		</str>
		<str name="idnew" translate="yes">
			<val>Ваш Adobe ID: {0}</val>
		</str>
		
		<str name="email" translate="yes">
			<val>Мы отправили вам письмо для подтверждения данного адреса электронной почты. Подтверждение необходимо, чтобы начать использовать службы Adobe CS Live.</val>
		</str>
		<str name="videos" translate="yes">
			<val>Учебные видеоматериалы</val>
		</str>
		<str name="explore" translate="yes">
			<val>Откройте для себя службы Adobe CS LIVE</val>
		</str>
		<str name="videolink" translate="yes">
			<val>http://www.adobe.com/go/adobetv_howto</val>
		</str>		
		<str name="serviceslink" translate="yes">
			<val>http://www.adobe.com/go/cslive_ru</val>
		</str>	
	</set> 
	
	
	<set name="upgrade">
		<str name="title" translate="yes">
			<val>Введите серийный номер: обновление</val>
		</str>
		<str name="instruct1" translate="yes">
			<val>Введенный серийный номер действителен, но соответствующий продукт на данном компьютере не найден.</val>
		</str>
		<str name="instruct2" translate="yes">
			<val>Чтобы использовать введенный серийный номер для обновления, нужно владеть одним из соответствующих продуктов. Выберите принадлежащий вам продукт и введите его серийный номер:</val>
		</str>
		<str name="serial" translate="yes">
			<val>Серийный номер для этого продукта:</val>
		</str>
		<str name="trial" translate="yes">
			<val>УСТАНОВИТЬ ОЗНАКОМИТ. ВЕРСИЮ</val>
		</str>
		<str name="confirm" translate="yes">
			<val>Этот серийный номер подтверждает {0}.</val>
		</str>
		<str name="second" translate="yes">
			<val>Для этого обновления требуется второй соответствующий продукт. Выберите второй принадлежащий вам продукт и введите его серийный номер:</val>
		</str>
		<str name="selproduct" translate="yes">
			<val>Выберите продукт</val>
		</str>
		<str name="nogood" translate="yes">
			<val>Этот серийный номер не для соответствующего продукта. Введите другой номер.</val>
		</str>
		<str name="account" translate="yes">
			<val>Если вы ранее уже регистрировали продукты, то можете зайти на {0}страницу своей учетной записи{1} и найти свои действующие серийные номера.</val>
		</str>
		<str name="support" translate="yes">
			<val>За дополнительными инструкциями обратитесь в {0}службу поддержки{1}.</val>
		</str>
		<str name="supportlink" translate="no">
			<val>http://www.adobe.com/go/support_loganalyzer</val>
		</str>
		<str name="accountlink" translate="yes">
			<val>http://www.adobe.com/go/adobemembership_ru</val>
		</str>
	</set>
	
	<set name="upcode">
		<str name="header" translate="yes">
			<val>Введите свой код обновления.</val>
		</str>
		<str name="instruct1" translate="yes">
			<val>Если потребуется, передайте своему агенту по услугам следующий код:</val>
		</str>
		<str name="challenge" translate="yes">
			<val>Код-пароль</val>
		</str>
		<str name="instruct2" translate="yes">
			<val>Введите код, полученный от агента по услугам:</val>
		</str>
		<str name="support" translate="yes">
			<val>Код поддержки</val>
		</str>
		<str name="codeError" translate="yes">
			<val>Недопустимый код поддержки</val>
		</str>
		
	</set>
	
	<set name="dvanote">
		<str name="header" translate="yes">
			<val>Важное примечание</val>
		</str>
		<str name="warning32bit" translate="yes">
			<val>На данном компьютере установлена 32-разрядная ОС. Adobe Premiere Pro CS5.5, Adobe Premiere Pro CS5, After Effects CS5.5 и After Effects CS5 работают только в 64-разрядной системе. Для использования этих приложений необходимо обновить систему или установить 32-разрядные версии CS4. {0}Узнайте подробности{1} о том, где взять и как установить версии CS4.</val>
		</str>
		<str name="learnMoreLink" translate="yes">
			<val>http://www.adobe.com/go/32bit_installation_ru</val>
		</str>
	</set>

	<set name="nav">
		<str name="welcome" translate="yes">
			<val>ДОБРО ПОЖАЛОВАТЬ</val>
		</str>
		<str name="serial" translate="yes">
			<val>СЕРИЙНЫЙ НОМЕР</val>
		</str>
		<str name="id" translate="yes">
			<val>ADOBE ID</val>
		</str>
		<str name="options" translate="yes">
			<val>ПАРАМЕТРЫ</val>
		</str>
		<str name="unoptions" translate="yes">
			<val>ПАРАМЕТРЫ</val>
		</str>
		<str name="install" translate="yes">
			<val>УСТАНОВКА</val>
		</str>
		<str name="uninstall" translate="yes">
			<val>УДАЛЕНИЕ</val>
		</str>
		<str name="thanks" translate="yes">
			<val>ЗАВЕРШЕНИЕ</val>
		</str>
	</set>
	
	
	<set name="systemReq">
		<str name="ram" translate="yes">
			<val>Рекомендуется {0} оперативной памяти</val>
		</str>
		<str name="processor" translate="yes">
			<val>Рекомендуется процессор {0}</val>
		</str>
		<str name="osWin" translate="yes">
			<val>Рекомендуется Windows {0}</val>
		</str>
		<str name="osMac" translate="yes">
			<val>Рекомендуется Mac {0}</val>
		</str>
		<str name="screen" translate="yes">
			<val>Рекомендуется разрешение экрана {0}</val>
		</str>
	</set>
	
	<set name="installErrorCode">
		<str name="code0" translate="yes">
			<val>Установка произведена успешно</val>
		</str>
		<str name="code6" translate="yes">
			<val>Завершено с ошибками</val>
		</str>
		<str name="code7in" translate="yes">
			<val>Ошибка при установке</val>
		</str>
		<str name="code7un" translate="yes">
			<val>Ошибка при удалении</val>
		</str>
		<str name="code8" translate="yes">
			<val>Завершено. Для завершения процесса требуется перезагрузка системы</val>
		</str>
		<str name="code11" translate="yes">
			<val>Уже запущен другой экземпляр развертывания</val>
		</str>
		<str name="code14" translate="yes">
			<val>Для установки необходимы права администратора</val>
		</str>
		<str name="code14un" translate="yes">
			<val>Для удаления необходимы права администратора</val>
		</str>
		<str name="code19" translate="yes">
			<val>Запущены конфликтующие процессы</val>
		</str>
		<str name="code24" translate="yes">
			<val>Установка отменена</val>
		</str>
		<str name="code15" translate="yes">
			<val>Ошибка в базе данных программы установки. Перезагрузите компьютер и повторно выполните установку.</val>
		</str>
		<str name="code31" translate="yes">
			<val>Размер выбранных компонентов превышает доступное место на жестком диске. Выберите жесткий диск, на котором достаточно места, и заново запустите программу установки.</val>
		</str>
		<str name="code9999" translate="yes">
			<val>Возникла внутренняя ошибка</val>
		</str>
		<str name="internalError" translate="yes">
			<val>Во время установки произошла ошибка ({0}). Перезагрузите компьютер и повторите попытку.</val>
		</str>
		<str name="uninternalError" translate="yes">
			<val>Во время удаления произошла ошибка ({0}). Перезагрузите компьютер и повторите попытку.</val>
		</str>
	</set>
	
	<set name="prescreenResponse">
		<str name="header_NOT_ENABLED" translate="yes">
			<val>Срок действия подписки на {0} истек.</val>
		</str>
		<str name="body_NOT_ENABLED" translate="yes">
			<val>Обновите подписку или выберите «Назад» и установите продукт в качестве ознакомительной версии.</val>
		</str>
		<str name="footerLinkText_NOT_ENABLED" translate="yes">
			<val>Обновить подписку</val>
		</str>
		<str name="footerLink_NOT_ENABLED" translate="no">
			<val>http://www.adobe.com/go/subscriptionedition</val>
		</str>
		
		<str name="header_OFFLINE" translate="yes">
			<val>Невозможно подключиться к Интернету</val>
		</str>
		<str name="body_OFFLINE" translate="yes">
			<val>Для использования этого продукта необходимо действующее подключение к Интернету. Проверьте свое подключение и повторите попытку. Если проблема остается, свяжитесь со службой технической поддержки клиентов или нажмите кнопку «Назад», чтобы установить этот продукт в качестве ознакомительной версии.</val>
		</str>
		<str name="footerLinkText_OFFLINE" translate="yes">
			<val>Связаться со службой технической поддержки клиентов</val>
		</str>
		<str name="footerLink_OFFLINE" translate="yes">
			<val>http://www.adobe.com/go/support_ru</val>
		</str>
		
		<str name="header_GENERIC_ERROR" translate="yes">
			<val>Невозможно запустить подписку на {0}</val>
		</str>
		<str name="body_GENERIC_ERROR" translate="yes">
			<val>Для завершения установки выберите установку этого продукта в качестве ознакомительной версии. После установки и запуска приложения вам будет предложено оформить подписку.</val>
		</str>
		<str name="footerLinkText_GENERIC_ERROR" translate="yes">
			<val>Связаться со службой технической поддержки клиентов</val>
		</str>
		<str name="footerLink_GENERIC_ERROR" translate="yes">
			<val>http://www.adobe.com/go/support_ru</val>
		</str>
	</set>
	
	<set name="subsClaimResponse">
		<str name="failureStatusHeading" translate="yes">
			<val>Невозможно запустить подписку на {0}</val>
		</str>
		<str name="successStatusHeading" translate="yes">
			<val>Начало работы: продукты и услуги Adobe</val>
		</str>
		
		<str name="adobeIDInfo" translate="yes">
			<val>С помощью вашего Adobe ID мы запустили подписку на {0} и настроили доступ к службам Adobe CS Live.</val>
		</str>
		
		<str name="idis" translate="yes">
			<val>Ваш Adobe ID: {0}</val>
		</str>
		<str name="idnew" translate="yes">
			<val>Ваш Adobe ID: {0}</val>
		</str>
		
		<str name="emailVerify" translate="yes">
			<val>Подтверждение адреса электронной почты необходимо для начала использования служб Adobe CS Live. Проверьте папку входящей почты.</val>
		</str>
		

		<str name="supLinkURL_EXCEPTION_DECODE_FAILED" translate="yes">
			<val>http://www.adobe.com/go/support_ru</val>
		</str>			
		<str name="supLinkURL_EXCEPTION_NO_SUCH_USER" translate="yes">
			<val>http://www.adobe.com/go/support_ru</val>
		</str>		
		<str name="supLinkURL_EXCEPTION_INVALID_DATA" translate="yes">
			<val>http://www.adobe.com/go/support_ru</val>
		</str>
		<str name="supLinkURL_EXCEPTION_SKU_LOOKUP_FAILED" translate="yes">
			<val>http://www.adobe.com/go/support_ru</val>
		</str>		
		<str name="supLinkURL_EXCEPTION_AUTHENTICATION_TIMEOUT" translate="yes">
			<val>http://www.adobe.com/go/support_ru</val>
		</str>
		<str name="supLinkURL_EXCEPTION_SNSERVER_TIMEOUT" translate="yes">
			<val>http://www.adobe.com/go/support_ru</val>
		</str>
		<str name="supLinkURL_EXCEPTION_INTERNAL_TIMEOUT" translate="yes">
			<val>http://www.adobe.com/go/support_ru</val>
		</str>
		<str name="supLinkURL_EXCEPTION_INTERNAL_SERVER_ERROR" translate="yes">
			<val>http://www.adobe.com/go/support_ru</val>
		</str>
		<str name="supLinkURL_EXCEPTION_SYSTEM_UNAVAILABLE_time" translate="yes">
			<val>http://www.adobe.com/go/support_ru</val>
		</str>
		<str name="supLinkURL_EXCEPTION_SYSTEM_UNAVAILABLE" translate="yes">
			<val>http://www.adobe.com/go/support_ru</val>
		</str>
		<str name="supLinkURL_EXCEPTION_COMPANY_CODE_MISMATCH" translate="yes">
			<val>http://www.adobe.com/go/subscription_learnmore_ru</val>
		</str>
		<str name="supLinkURL_EXCEPTION_SUBSCRIPTION_ALREADY_CLAIMED_DIFF_ADOBEID" translate="yes">
			<val>http://www.adobe.com/go/support_ru</val>
		</str>
		<str name="supLinkURL_ERROR_WITH_INFO" translate="yes">
			<val>http://www.adobe.com/go/support_ru</val>
		</str>
		<str name="supLinkURL_GENERIC" translate="yes">
			<val>http://www.adobe.com/go/support_ru</val>
		</str>
		
		
		<str name="supLinkLbl_EXCEPTION_DECODE_FAILED" translate="yes">
			<val>Связаться со службой технической поддержки клиентов</val>
		</str>			
		<str name="supLinkLbl_EXCEPTION_NO_SUCH_USER" translate="yes">
			<val>Связаться со службой технической поддержки клиентов</val>
		</str>		
		<str name="supLinkLbl_EXCEPTION_INVALID_DATA" translate="yes">
			<val>Связаться со службой технической поддержки клиентов</val>
		</str>
		<str name="supLinkLbl_EXCEPTION_SKU_LOOKUP_FAILED" translate="yes">
			<val>Связаться со службой технической поддержки клиентов</val>
		</str>		
		<str name="supLinkLbl_EXCEPTION_AUTHENTICATION_TIMEOUT" translate="yes">
			<val>Связаться со службой технической поддержки клиентов</val>
		</str>
		<str name="supLinkLbl_EXCEPTION_SNSERVER_TIMEOUT" translate="yes">
			<val>Связаться со службой технической поддержки клиентов</val>
		</str>
		<str name="supLinkLbl_EXCEPTION_INTERNAL_TIMEOUT" translate="yes">
			<val>Связаться со службой технической поддержки клиентов</val>
		</str>
		<str name="supLinkLbl_EXCEPTION_INTERNAL_SERVER_ERROR" translate="yes">
			<val>Связаться со службой технической поддержки клиентов</val>
		</str>
		<str name="supLinkLbl_EXCEPTION_SYSTEM_UNAVAILABLE_time" translate="yes">
			<val>Связаться со службой технической поддержки клиентов</val>
		</str>
		<str name="supLinkLbl_EXCEPTION_SYSTEM_UNAVAILABLE" translate="yes">
			<val>Связаться со службой технической поддержки клиентов</val>
		</str>
		<str name="supLinkLbl_EXCEPTION_SUBSCRIPTION_ALREADY_CLAIMED_DIFF_ADOBEID" translate="yes">
			<val>Связаться со службой технической поддержки клиентов</val>
		</str>
		<str name="supLinkLbl_EXCEPTION_COMPANY_CODE_MISMATCH" translate="yes">
			<val>Подробнее</val>
		</str>
		<str name="supLinkLbl_ERROR_WITH_INFO" translate="yes">
			<val>Связаться со службой технической поддержки клиентов</val>
		</str>
		<str name="supLinkLbl_GENERIC" translate="yes">
			<val>Связаться со службой технической поддержки клиентов</val>
		</str>
		
		
		<str name="code_EXCEPTION_DECODE_FAILED" translate="yes">
			<val>После запуска приложения вам будет предложено оформить подписку.</val>
		</str>			
		<str name="code_EXCEPTION_NO_SUCH_USER" translate="yes">
			<val>После запуска приложения вам будет предложено оформить подписку.</val>
		</str>		
		<str name="code_EXCEPTION_INVALID_DATA" translate="yes">
			<val>После запуска приложения вам будет предложено оформить подписку.</val>
		</str>
		<str name="code_EXCEPTION_SKU_LOOKUP_FAILED" translate="yes">
			<val>После запуска приложения вам будет предложено оформить подписку.</val>
		</str>		
		<str name="code_EXCEPTION_AUTHENTICATION_TIMEOUT" translate="yes">
			<val>Подождите немного и повторите попытку. После запуска приложения вам будет предложено оформить подписку.</val>
		</str>
		<str name="code_EXCEPTION_SNSERVER_TIMEOUT" translate="yes">
			<val>Подождите немного и повторите попытку. После запуска приложения вам будет предложено оформить подписку.</val>
		</str>
		<str name="code_EXCEPTION_INTERNAL_TIMEOUT" translate="yes">
			<val>Подождите немного и повторите попытку. После запуска приложения вам будет предложено оформить подписку.</val>
		</str>
		<str name="code_EXCEPTION_INTERNAL_SERVER_ERROR" translate="yes">
			<val>Подождите немного и повторите попытку. После запуска приложения вам будет предложено оформить подписку.</val>
		</str>
		<str name="code_EXCEPTION_SYSTEM_UNAVAILABLE_time" translate="yes">
			<val>Наши серверы в настоящее время находятся на техническом обслуживании. Приносим извинения за задержку. Повторите попытку в {0}. После запуска приложения вам будет предложено оформить подписку.</val>
		</str>
		<str name="code_EXCEPTION_SYSTEM_UNAVAILABLE" translate="yes">
			<val>Наши серверы в настоящее время находятся на техническом обслуживании. Приносим извинения за задержку. После запуска приложения вам будет предложено оформить подписку.</val>
		</str>
		<str name="code_EXCEPTION_COMPANY_CODE_MISMATCH" translate="yes">
			<val>Страна покупки этого продукта не совпадает со страной, указанной в вашей учетной записи Adobe. После запуска продукта вам будет предложено войти с другим Adobe ID.</val>
		</str>
		<str name="code_EXCEPTION_SUBSCRIPTION_ALREADY_CLAIMED_DIFF_ADOBEID" translate="yes">
			<val>По нашим данным эта подписка в настоящее время назначена другому Adobe ID. При запуске продукта вам будет предложено войти с другим Adobe ID. Если проблема остается, свяжитесь со службой технической поддержки клиентов.</val>
		</str>
		<str name="code_ESS_TIMEOUT" translate="yes">
			<val>Подождите немного и повторите попытку. После запуска приложения вам будет предложено оформить подписку.</val>
		</str>
		
		<str name="code_ESS_FAILURE" translate="yes">
			<val>Подождите немного и повторите попытку. После запуска приложения вам будет предложено оформить подписку.</val>
		</str>
		
		<str name="code_GENERIC" translate="yes">
			<val>После запуска приложения вам будет предложено оформить подписку.</val>
		</str>
	</set>
	
	<set name="claimResponse">
		<str name="code_" translate="yes">
			<val></val>
		</str>
		<str name="code_NonSaas_FAILURE" translate="yes">
			<val>В настоящий момент не удалось зарегистрировать ваш продукт. Повторите попытку позже.</val>
		</str>
		<str name="code_EXCEPTION_DECODE_FAILED" translate="yes">
			<val>Недопустимый серийный номер. Не удалось запустить вашу подписку на CS Live.</val>
		</str>
		<str name="code_EXCEPTION_NO_SUCH_USER" translate="yes">
			<val>Не удалось запустить вашу подписку на Adobe CS Live. Повторите попытку позже.</val>
		</str>
		<str name="code_EXCEPTION_INVALID_DATA" translate="yes">
			<val>Не удалось запустить вашу подписку на Adobe CS Live. Повторите попытку позже.</val>
		</str>
		<str name="code_EXCEPTION_WCD_TIMEOUT" translate="yes">
			<val>Не удалось запустить вашу подписку на Adobe CS Live. Повторите попытку позже.</val>
		</str>
		<str name="code_EXCEPTION_AUTHENTICATION_TIMEOUT" translate="yes">
			<val>Не удалось запустить вашу подписку на Adobe CS Live. Повторите попытку позже.</val>
		</str>
		<str name="code_EXCEPTION_SNSERVER_TIMEOUT" translate="yes">
			<val>Не удалось запустить вашу подписку на Adobe CS Live. Повторите попытку позже.</val>
		</str>
		<str name="code_EXCEPTION_WCD_SESSION_TIMEOUT" translate="yes">
			<val>Не удалось запустить вашу подписку на Adobe CS Live. Повторите попытку позже.</val>
		</str>
		<str name="code_ESS_TIMEOUT" translate="yes">
			<val>Не удалось запустить вашу подписку на Adobe CS Live. Повторите попытку позже.</val>
		</str>
		<str name="code_ESS_FAILURE" translate="yes">
			<val>Не удалось запустить вашу подписку на Adobe CS Live. Повторите попытку позже.</val>
		</str>
		<str name="code_EXCEPTION_INTERNAL_TIMEOUT" translate="yes">
			<val>Не удалось запустить вашу подписку на Adobe CS Live. Повторите попытку позже.</val>
		</str>
		<str name="code_EXCEPTION_INTERNAL_SERVER_ERROR" translate="yes">
			<val>Не удалось запустить вашу подписку на Adobe CS Live. Повторите попытку позже.</val>
		</str>
		<str name="code_EXCEPTION_SUBSCRIPTION_ALREADY_CLAIMED" translate="yes">
			<val>Вы уже зарегистрировались в службе Adobe CS Live. Войдите в систему для использования служб.</val>
		</str>
		<str name="code_EXCEPTION_CLAIM_ALREADY_PROCESSED" translate="yes">
			<val>С этим серийным номером уже связана подписка на Adobe CS Live. Пожалуйста, зарегистрируйтесь для использования служб.</val>
		</str>
		<str name="code_EXCEPTION_SYSTEM_UNAVAILABLE_time" translate="yes">
			<val>Сервер регистрации Adobe в настоящее время находится на техническом обслуживании. Ожидаемое время начала работы – {0}. Приносим свои извинения за причиненные неудобства. Попробуйте зайти после указанного времени.</val>
		</str>
		<str name="code_EXCEPTION_SYSTEM_UNAVAILABLE" translate="yes">
			<val>Сервер регистрации Adobe в настоящее время находится на техническом обслуживании. Приносим свои извинения за причиненные неудобства. Попробуйте зайти позже.</val>
		</str>
		<str name="code_EXCEPTION_SYSTEM_UNAVAILABLE_time_saas" translate="yes">
			<val>Adobe CS Live в настоящее время находится на техническом обслуживании. Ожидаемое время начала работы – {0}. Приносим свои извинения за причиненные неудобства. Попробуйте зайти после указанного времени.</val>
		</str>
		<str name="code_EXCEPTION_SYSTEM_UNAVAILABLE_saas" translate="yes">
			<val>Adobe CS Live в настоящее время находится на техническом обслуживании. Приносим свои извинения за причиненные неудобства. Попробуйте зайти позже.</val>
		</str>
	</set>	
	
	<set name="alert">
		<str name="alertHeader" translate="yes">
			<val>Программа установки Adobe</val>
		</str>
		<str name="workflowCloseError" translate="yes">
			<val>Возникла проблема при закрытии рабочих процессов, не связанных с установкой. Закройте эти процессы и щелкните "Установить", чтобы начать установку заново</val>
		</str>
		<str name="workflowNeedCloseMessage" translate="yes">
			<val>Запущены другие экземпляры диспетчера приложений Adobe, которые необходимо закрыть. Закройте их, чтобы продолжить.</val>
		</str>
		<str name="cancelMsg" translate="yes">
			<val>Отменить?</val>
		</str>
		<str name="payloadDataError" translate="yes">
			<val>Не удалось запустить программу установки</val>
		</str>
		<str name="payloadMappingError" translate="yes">
			<val>Не удалось запустить программу установки</val>
		</str>
		<str name="driverSystemRequirementError" translate="yes">
			<val>Система не отвечает минимальным системным требованиям для этого продукта.</val>
		</str>
		<str name="driverConflictError" translate="yes">
			<val>На компьютере обнаружена конфликтующая или предыдущая версия продукта "{0}". Перед началом установки с текущего носителя необходимо удалить конфликтующую версию.</val>
		</str>
		<str name="eulaDeclineMsg" translate="yes">
			<val>Чтобы продолжить, необходимо принять Лицензионное соглашение Adobe с конечным пользователем. Вы действительно хотите отклонить соглашение?</val>
		</str>
		<str name="authAdobeID" translate="yes">
			<val>Аутентификация Adobe ID...</val>
		</str>
		<str name="sharedComponentMsgInstall" translate="yes">
			<val>Выполняется установка общих компонентов. Подождите… Это может занять несколько минут в зависимости от установленных ранее компонентов.</val>
		</str>
		<str name="sharedComponentMsgUninstall" translate="yes">
			<val>Выполняется удаление общих компонентов. Подождите… Это может занять несколько минут в зависимости от установленных ранее компонентов.</val>
		</str>
		<str name="diskPrompt" translate="yes">
			<val>Вставьте диск с маркировкой {0} в привод {1}</val>
		</str>
		<str name="noDriverError" translate="yes">
			<val>Невозможно найти установочный пакет драйвера</val>
		</str>
		<str name="installerNotApplicable" translate="yes">
			<val>{0} устанавливается только в 64-разрядной системе</val>
		</str>
		<str name="deactivateMessage" translate="yes">
			<val>Выполняется деактивация, подождите...</val>
		</str>
		<str name="deactivateFailMessage" translate="yes">
			<val>Не удается деактивировать продукт.</val>
		</str>
		<str name="restartMessage" translate="yes">
			<val>Рекомендуется перезагрузить компьютер.</val>
		</str>
		
		<str name="connecting" translate="yes">
			<val>Подключение...</val>
		</str>
		
	</set>	
	
	
	<set name="isoToLanguage">
		<str name="ar_AE" translate="no"><val>العربية</val></str>
		<str name="en_GB" translate="no"><val>English (International)</val></str> 
		<str name="fr_CA" translate="no"><val>Français canadien</val></str>
		<str name="es_QM" translate="no"><val>Español (Middle East)</val></str>
		<str name="es_LA" translate="no"><val>Español de América Latina</val></str>
		<str name="es_NA" translate="no"><val>Español Norteamericano</val></str>
		<str name="bg_BG" translate="no"><val>Български</val></str>
		<str name="lv_LV" translate="no"><val>Latviešu</val></str>
		<str name="et_EE" translate="no"><val>Eesti</val></str>
		<str name="hr_HR" translate="no"><val>hrvatski</val></str>
		<str name="sl_SI" translate="no"><val>slovenščina</val></str>
		<str name="sk_SK" translate="no"><val>slovenčina</val></str>
		<str name="th_TH" translate="no"><val>ภาษาไทย</val></str> 
		<str name="vi_VN" translate="no"><val>Việt</val></str>
		<str name="en_XC" translate="no"><val>English (Central Europe)</val></str> 
		<str name="en_XM" translate="no"><val>English (Middle East)</val></str>
		<str name="fr_XM" translate="no"><val>Français Oriental Moyen</val></str>
		<str name="sq_AL" translate="no"><val>Shqip</val></str> 
		<str name="ar_SA" translate="no"><val>العربية</val></str>
		<str name="be_BY" translate="no"><val>Беларуская</val></str> 
		<str name="ca_ES" translate="no"><val>Català</val></str> 
		<str name="hi_IN" translate="no"><val>हिन्दी</val></str>
		<str name="is_IS" translate="no"><val>Íslenska</val></str> 
		<str name="lt_LT" translate="no"><val>Lietuvių</val></str>
		<str name="mk_MK" translate="no"><val>македонски</val></str>
		<str name="nn_NO" translate="no"><val>Norsk (Nynorsk)</val></str>
		<str name="pt_PT" translate="no"><val>Português de Portugal</val></str> 
		<str name="sh_YU" translate="no"><val>Srpsko-Hrvatski</val></str> 
		<str name="sr_YU" translate="no"><val>Cрпски</val></str> 
		<str name="kk_KZ" translate="no"><val>Қазақ</val></str>
		<str name="az_AZ" translate="no"><val>Azərbaycan dili</val></str> 
		<str name="es_MX" translate="no"><val>Español (América Latina)</val></str>
		<str name="no_NO" translate="no"><val>Norwegian</val></str> 
		<str name="cs_CZ" translate="no"><val>Česky</val></str>
		<str name="de_DE" translate="no"><val>Deutsch</val></str>
		<str name="el_GR" translate="no"><val>Ελληνικά</val></str>
		<str name="en_US" translate="no"><val>English (North America)</val></str> 
		<str name="es_ES" translate="no"><val>Español</val></str> 
		<str name="fr_FR" translate="no"><val>Français</val></str>
		<str name="he_IL" translate="no"><val>עברית</val></str> 
		<str name="hu_HU" translate="no"><val>Magyar</val></str> 
		<str name="it_IT" translate="no"><val>Italiano</val></str>
		<str name="ja_JP" translate="no"><val>日本語</val></str>
		<str name="ko_KR" translate="no"><val>한국어</val></str>
		<str name="nl_NL" translate="no"><val>Nederlands</val></str>
		<str name="pl_PL" translate="no"><val>Polski</val></str>
		<str name="ro_RO" translate="no"><val>Română</val></str>
		<str name="ru_RU" translate="no"><val>Pусский</val></str>
		<str name="sv_SE" translate="no"><val>Svenska</val></str>
		<str name="tr_TR" translate="no"><val>Türkçe</val></str>
		<str name="uk_UA" translate="no"><val>Українська</val></str>
		<str name="zh_CN" translate="no"><val>简体中文</val></str>
		<str name="zh_TW" translate="no"><val>繁體中文</val></str>
		<str name="da_DK" translate="no"><val>Dansk</val></str>
		<str name="fi_FI" translate="no"><val>Suomi</val></str>
		<str name="nb_NO" translate="no"><val>Norsk (Bokmål)</val></str> 
		<str name="pt_BR" translate="no"><val>Português do Brasil</val></str>
	</set>	
</asf>
